spearman_rho,kendall_tau,exact_rank_agreement,top_rank_agreement,reference_top,comparison_top,repetition,assignment_seed,planning_horizon,weight_scheme
0.9746794344808963,0.9486832980505138,0,1,A1,A1,1,42,100.0,equal
0.9746794344808963,0.9486832980505138,0,1,A1,A1,1,42,100.0,criticality_heavy
0.9746794344808963,0.9486832980505138,0,1,A1,A1,1,42,100.0,throughput_heavy
0.9746794344808963,0.9486832980505138,0,1,A1,A1,1,42,100.0,severity_heavy
0.9999999999999999,1.0,1,1,A1,A1,1,42,125.0,equal
0.9999999999999999,1.0,1,1,A1,A1,1,42,125.0,criticality_heavy
0.9999999999999999,1.0,1,1,A1,A1,1,42,125.0,throughput_heavy
0.9999999999999999,1.0,1,1,A1,A1,1,42,125.0,severity_heavy
0.9999999999999999,1.0,1,1,A1,A1,1,42,150.0,equal
0.9999999999999999,1.0,1,1,A1,A1,1,42,150.0,criticality_heavy
0.9999999999999999,1.0,1,1,A1,A1,1,42,150.0,throughput_heavy
0.9999999999999999,1.0,1,1,A1,A1,1,42,150.0,severity_heavy
0.9746794344808963,0.9486832980505138,0,1,A3,A3,2,43,100.0,equal
0.9746794344808963,0.9486832980505138,0,1,A3,A3,2,43,100.0,criticality_heavy
0.9746794344808963,0.9486832980505138,0,1,A3,A3,2,43,100.0,throughput_heavy
0.9746794344808963,0.9486832980505138,0,1,A3,A3,2,43,100.0,severity_heavy
0.9999999999999999,1.0,1,1,A3,A3,2,43,125.0,equal
0.9999999999999999,1.0,1,1,A3,A3,2,43,125.0,criticality_heavy
0.9999999999999999,1.0,1,1,A3,A3,2,43,125.0,throughput_heavy
0.9999999999999999,1.0,1,1,A3,A3,2,43,125.0,severity_heavy
0.6,0.4,0,1,A3,A3,2,43,150.0,equal
0.7,0.6,0,1,A3,A3,2,43,150.0,criticality_heavy
0.6,0.4,0,1,A3,A3,2,43,150.0,throughput_heavy
0.6,0.4,0,1,A3,A3,2,43,150.0,severity_heavy
0.8720815992723809,0.7378647873726218,0,1,A2,A2,3,44,100.0,equal
0.8720815992723809,0.7378647873726218,0,1,A2,A2,3,44,100.0,criticality_heavy
0.8720815992723809,0.7378647873726218,0,1,A2,A2,3,44,100.0,throughput_heavy
0.8720815992723809,0.7378647873726218,0,1,A2,A2,3,44,100.0,severity_heavy
0.9999999999999999,1.0,1,1,A2,A2,3,44,125.0,equal
0.9999999999999999,1.0,1,1,A2,A2,3,44,125.0,criticality_heavy
0.9999999999999999,1.0,1,1,A2,A2,3,44,125.0,throughput_heavy
0.9999999999999999,1.0,1,1,A2,A2,3,44,125.0,severity_heavy
0.9999999999999999,1.0,1,1,A2,A2,3,44,150.0,equal
0.9999999999999999,1.0,1,1,A2,A2,3,44,150.0,criticality_heavy
0.9999999999999999,1.0,1,1,A2,A2,3,44,150.0,throughput_heavy
0.9999999999999999,1.0,1,1,A2,A2,3,44,150.0,severity_heavy
0.8947368421052632,0.7777777777777778,0,0,A5,A4,4,45,100.0,equal
1.0,1.0,1,1,A5,A5,4,45,100.0,criticality_heavy
1.0,1.0,1,1,A5,A5,4,45,100.0,throughput_heavy
0.8947368421052632,0.7777777777777778,0,0,A5,A4,4,45,100.0,severity_heavy
1.0,1.0,1,1,A5,A5,4,45,125.0,equal
1.0,1.0,1,1,A5,A5,4,45,125.0,criticality_heavy
1.0,1.0,1,1,A5,A5,4,45,125.0,throughput_heavy
1.0,1.0,1,1,A5,A5,4,45,125.0,severity_heavy
0.9746794344808964,0.9486832980505138,0,1,A5,A5,4,45,150.0,equal
0.9746794344808964,0.9486832980505138,0,1,A5,A5,4,45,150.0,criticality_heavy
0.9746794344808964,0.9486832980505138,0,1,A5,A5,4,45,150.0,throughput_heavy
0.9746794344808964,0.9486832980505138,0,1,A5,A5,4,45,150.0,severity_heavy
0.9999999999999999,1.0,1,1,A3,A3,5,46,100.0,equal
0.9999999999999999,1.0,1,1,A3,A3,5,46,100.0,criticality_heavy
0.9999999999999999,1.0,1,1,A3,A3,5,46,100.0,throughput_heavy
0.9999999999999999,1.0,1,1,A3,A3,5,46,100.0,severity_heavy
0.9999999999999999,1.0,1,1,A3,A3,5,46,125.0,equal
0.9999999999999999,1.0,1,1,A3,A3,5,46,125.0,criticality_heavy
0.9999999999999999,1.0,1,1,A3,A3,5,46,125.0,throughput_heavy
0.9999999999999999,1.0,1,1,A3,A3,5,46,125.0,severity_heavy
0.9999999999999999,1.0,1,1,A3,A3,5,46,150.0,equal
0.9999999999999999,1.0,1,1,A3,A3,5,46,150.0,criticality_heavy
0.9999999999999999,1.0,1,1,A3,A3,5,46,150.0,throughput_heavy
0.9999999999999999,1.0,1,1,A3,A3,5,46,150.0,severity_heavy
1.0,1.0,1,1,A3,A3,6,47,100.0,equal
1.0,1.0,1,1,A3,A3,6,47,100.0,criticality_heavy
1.0,1.0,1,1,A3,A3,6,47,100.0,throughput_heavy
1.0,1.0,1,1,A3,A3,6,47,100.0,severity_heavy
1.0,1.0,1,1,A3,A3,6,47,125.0,equal
1.0,1.0,1,1,A3,A3,6,47,125.0,criticality_heavy
1.0,1.0,1,1,A3,A3,6,47,125.0,throughput_heavy
1.0,1.0,1,1,A3,A3,6,47,125.0,severity_heavy
0.9746794344808964,0.9486832980505138,0,1,A3,A3,6,47,150.0,equal
0.9746794344808964,0.9486832980505138,0,1,A3,A3,6,47,150.0,criticality_heavy
0.9746794344808964,0.9486832980505138,0,1,A3,A3,6,47,150.0,throughput_heavy
0.9746794344808964,0.9486832980505138,0,1,A3,A3,6,47,150.0,severity_heavy
0.8720815992723809,0.7378647873726218,0,0,A2,A4,7,48,100.0,equal
0.8720815992723809,0.7378647873726218,0,0,A2,A4,7,48,100.0,criticality_heavy
0.8720815992723809,0.7378647873726218,0,0,A2,A4,7,48,100.0,throughput_heavy
0.8720815992723809,0.7378647873726218,0,0,A2,A4,7,48,100.0,severity_heavy
0.9999999999999999,1.0,1,1,A2,A2,7,48,125.0,equal
0.9999999999999999,1.0,1,1,A2,A2,7,48,125.0,criticality_heavy
0.9999999999999999,1.0,1,1,A2,A2,7,48,125.0,throughput_heavy
0.9999999999999999,1.0,1,1,A2,A2,7,48,125.0,severity_heavy
0.9999999999999999,1.0,1,1,A2,A2,7,48,150.0,equal
0.9999999999999999,1.0,1,1,A2,A2,7,48,150.0,criticality_heavy
0.9999999999999999,1.0,1,1,A2,A2,7,48,150.0,throughput_heavy
0.9999999999999999,1.0,1,1,A2,A2,7,48,150.0,severity_heavy
0.7181848464596079,0.5270462766947299,0,0,A2,A5,8,49,100.0,equal
0.7181848464596079,0.5270462766947299,0,0,A2,A5,8,49,100.0,criticality_heavy
0.7181848464596079,0.5270462766947299,0,0,A2,A5,8,49,100.0,throughput_heavy
0.7181848464596079,0.5270462766947299,0,0,A2,A5,8,49,100.0,severity_heavy
0.9999999999999999,1.0,1,1,A2,A2,8,49,125.0,equal
0.9999999999999999,1.0,1,1,A2,A2,8,49,125.0,criticality_heavy
0.9999999999999999,1.0,1,1,A2,A2,8,49,125.0,throughput_heavy
0.9999999999999999,1.0,1,1,A2,A2,8,49,125.0,severity_heavy
0.9999999999999999,1.0,1,1,A2,A2,8,49,150.0,equal
0.9999999999999999,1.0,1,1,A2,A2,8,49,150.0,criticality_heavy
0.9999999999999999,1.0,1,1,A2,A2,8,49,150.0,throughput_heavy
0.9999999999999999,1.0,1,1,A2,A2,8,49,150.0,severity_heavy
1.0,1.0,1,1,A4,A4,9,50,100.0,equal
1.0,1.0,1,1,A4,A4,9,50,100.0,criticality_heavy
1.0,1.0,1,1,A4,A4,9,50,100.0,throughput_heavy
1.0,1.0,1,1,A4,A4,9,50,100.0,severity_heavy
1.0,1.0,1,1,A4,A4,9,50,125.0,equal
1.0,1.0,1,1,A4,A4,9,50,125.0,criticality_heavy
1.0,1.0,1,1,A4,A4,9,50,125.0,throughput_heavy
1.0,1.0,1,1,A4,A4,9,50,125.0,severity_heavy
0.9746794344808964,0.9486832980505138,0,1,A4,A4,9,50,150.0,equal
0.8720815992723809,0.7378647873726218,0,0,A4,A5,9,50,150.0,criticality_heavy
0.8720815992723809,0.7378647873726218,0,0,A4,A5,9,50,150.0,throughput_heavy
0.9746794344808964,0.9486832980505138,0,1,A4,A4,9,50,150.0,severity_heavy
0.9746794344808963,0.9486832980505138,0,1,A3,A3,10,51,100.0,equal
0.9746794344808963,0.9486832980505138,0,1,A3,A3,10,51,100.0,criticality_heavy
0.9746794344808963,0.9486832980505138,0,1,A3,A3,10,51,100.0,throughput_heavy
0.9746794344808963,0.9486832980505138,0,1,A3,A3,10,51,100.0,severity_heavy
0.9999999999999999,1.0,1,1,A3,A3,10,51,125.0,equal
0.9999999999999999,1.0,1,1,A3,A3,10,51,125.0,criticality_heavy
0.9999999999999999,1.0,1,1,A3,A3,10,51,125.0,throughput_heavy
0.9999999999999999,1.0,1,1,A3,A3,10,51,125.0,severity_heavy
0.9999999999999999,1.0,1,1,A3,A3,10,51,150.0,equal
0.9999999999999999,1.0,1,1,A3,A3,10,51,150.0,criticality_heavy
0.9999999999999999,1.0,1,1,A3,A3,10,51,150.0,throughput_heavy
0.9999999999999999,1.0,1,1,A3,A3,10,51,150.0,severity_heavy
0.9746794344808963,0.9486832980505138,0,1,A1,A1,11,52,100.0,equal
0.9746794344808963,0.9486832980505138,0,1,A1,A1,11,52,100.0,criticality_heavy
0.9746794344808963,0.9486832980505138,0,1,A1,A1,11,52,100.0,throughput_heavy
0.9746794344808963,0.9486832980505138,0,1,A1,A1,11,52,100.0,severity_heavy
0.9999999999999999,1.0,1,1,A1,A1,11,52,125.0,equal
0.9999999999999999,1.0,1,1,A1,A1,11,52,125.0,criticality_heavy
0.9999999999999999,1.0,1,1,A1,A1,11,52,125.0,throughput_heavy
0.9999999999999999,1.0,1,1,A1,A1,11,52,125.0,severity_heavy
0.9999999999999999,1.0,1,1,A1,A1,11,52,150.0,equal
0.9999999999999999,1.0,1,1,A1,A1,11,52,150.0,criticality_heavy
0.9999999999999999,1.0,1,1,A1,A1,11,52,150.0,throughput_heavy
0.9999999999999999,1.0,1,1,A1,A1,11,52,150.0,severity_heavy
0.9746794344808963,0.9486832980505138,0,1,A5,A5,12,53,100.0,equal
0.9746794344808963,0.9486832980505138,0,1,A5,A5,12,53,100.0,criticality_heavy
0.9746794344808963,0.9486832980505138,0,1,A5,A5,12,53,100.0,throughput_heavy
0.9746794344808963,0.9486832980505138,0,1,A5,A5,12,53,100.0,severity_heavy
0.9999999999999999,1.0,1,1,A5,A5,12,53,125.0,equal
0.9999999999999999,1.0,1,1,A5,A5,12,53,125.0,criticality_heavy
0.9999999999999999,1.0,1,1,A5,A5,12,53,125.0,throughput_heavy
0.9999999999999999,1.0,1,1,A5,A5,12,53,125.0,severity_heavy
0.7,0.6,0,1,A5,A5,12,53,150.0,equal
0.7,0.6,0,1,A5,A5,12,53,150.0,criticality_heavy
0.7,0.6,0,1,A5,A5,12,53,150.0,throughput_heavy
0.7,0.6,0,1,A5,A5,12,53,150.0,severity_heavy
1.0,1.0,1,1,A2,A2,13,54,100.0,equal
1.0,1.0,1,1,A2,A2,13,54,100.0,criticality_heavy
1.0,1.0,1,1,A2,A2,13,54,100.0,throughput_heavy
1.0,1.0,1,1,A2,A2,13,54,100.0,severity_heavy
1.0,1.0,1,1,A2,A2,13,54,125.0,equal
1.0,1.0,1,1,A2,A2,13,54,125.0,criticality_heavy
1.0,1.0,1,1,A2,A2,13,54,125.0,throughput_heavy
1.0,1.0,1,1,A2,A2,13,54,125.0,severity_heavy
0.9746794344808964,0.9486832980505138,0,1,A2,A2,13,54,150.0,equal
0.9746794344808964,0.9486832980505138,0,1,A2,A2,13,54,150.0,criticality_heavy
0.9746794344808964,0.9486832980505138,0,1,A2,A2,13,54,150.0,throughput_heavy
0.9746794344808964,0.9486832980505138,0,1,A2,A2,13,54,150.0,severity_heavy
1.0,1.0,1,1,A1,A1,14,55,100.0,equal
1.0,1.0,1,1,A1,A1,14,55,100.0,criticality_heavy
1.0,1.0,1,1,A1,A1,14,55,100.0,throughput_heavy
1.0,1.0,1,1,A1,A1,14,55,100.0,severity_heavy
1.0,1.0,1,1,A1,A1,14,55,125.0,equal
1.0,1.0,1,1,A1,A1,14,55,125.0,criticality_heavy
1.0,1.0,1,1,A1,A1,14,55,125.0,throughput_heavy
1.0,1.0,1,1,A1,A1,14,55,125.0,severity_heavy
0.8720815992723809,0.7378647873726218,0,1,A1,A1,14,55,150.0,equal
0.8720815992723809,0.7378647873726218,0,1,A1,A1,14,55,150.0,criticality_heavy
0.8720815992723809,0.7378647873726218,0,1,A1,A1,14,55,150.0,throughput_heavy
0.9746794344808964,0.9486832980505138,0,1,A1,A1,14,55,150.0,severity_heavy
0.9746794344808963,0.9486832980505138,0,1,A1,A1,15,56,100.0,equal
0.9746794344808963,0.9486832980505138,0,1,A1,A1,15,56,100.0,criticality_heavy
0.9746794344808963,0.9486832980505138,0,1,A1,A1,15,56,100.0,throughput_heavy
0.9746794344808963,0.9486832980505138,0,1,A1,A1,15,56,100.0,severity_heavy
0.9999999999999999,1.0,1,1,A1,A1,15,56,125.0,equal
0.9999999999999999,1.0,1,1,A1,A1,15,56,125.0,criticality_heavy
0.9999999999999999,1.0,1,1,A1,A1,15,56,125.0,throughput_heavy
0.9999999999999999,1.0,1,1,A1,A1,15,56,125.0,severity_heavy
0.9999999999999999,1.0,1,1,A1,A1,15,56,150.0,equal
0.9999999999999999,1.0,1,1,A1,A1,15,56,150.0,criticality_heavy
0.9999999999999999,1.0,1,1,A1,A1,15,56,150.0,throughput_heavy
0.9999999999999999,1.0,1,1,A1,A1,15,56,150.0,severity_heavy
1.0,1.0,1,1,A3,A3,16,57,100.0,equal
1.0,1.0,1,1,A3,A3,16,57,100.0,criticality_heavy
1.0,1.0,1,1,A3,A3,16,57,100.0,throughput_heavy
1.0,1.0,1,1,A3,A3,16,57,100.0,severity_heavy
1.0,1.0,1,1,A3,A3,16,57,125.0,equal
1.0,1.0,1,1,A3,A3,16,57,125.0,criticality_heavy
1.0,1.0,1,1,A3,A3,16,57,125.0,throughput_heavy
1.0,1.0,1,1,A3,A3,16,57,125.0,severity_heavy
0.9746794344808964,0.9486832980505138,0,1,A3,A3,16,57,150.0,equal
0.9746794344808964,0.9486832980505138,0,1,A3,A3,16,57,150.0,criticality_heavy
0.8720815992723809,0.7378647873726218,0,1,A3,A3,16,57,150.0,throughput_heavy
0.9746794344808964,0.9486832980505138,0,1,A3,A3,16,57,150.0,severity_heavy
1.0,1.0,1,1,A2,A2,17,58,100.0,equal
1.0,1.0,1,1,A2,A2,17,58,100.0,criticality_heavy
1.0,1.0,1,1,A2,A2,17,58,100.0,throughput_heavy
1.0,1.0,1,1,A2,A2,17,58,100.0,severity_heavy
1.0,1.0,1,1,A2,A2,17,58,125.0,equal
1.0,1.0,1,1,A2,A2,17,58,125.0,criticality_heavy
1.0,1.0,1,1,A2,A2,17,58,125.0,throughput_heavy
1.0,1.0,1,1,A2,A2,17,58,125.0,severity_heavy
0.9746794344808964,0.9486832980505138,0,1,A2,A2,17,58,150.0,equal
0.9746794344808964,0.9486832980505138,0,1,A2,A2,17,58,150.0,criticality_heavy
0.9746794344808964,0.9486832980505138,0,1,A2,A2,17,58,150.0,throughput_heavy
0.9746794344808964,0.9486832980505138,0,1,A2,A2,17,58,150.0,severity_heavy
1.0,1.0,1,1,A1,A1,18,59,100.0,equal
1.0,1.0,1,1,A1,A1,18,59,100.0,criticality_heavy
1.0,1.0,1,1,A1,A1,18,59,100.0,throughput_heavy
1.0,1.0,1,1,A1,A1,18,59,100.0,severity_heavy
1.0,1.0,1,1,A1,A1,18,59,125.0,equal
1.0,1.0,1,1,A1,A1,18,59,125.0,criticality_heavy
1.0,1.0,1,1,A1,A1,18,59,125.0,throughput_heavy
1.0,1.0,1,1,A1,A1,18,59,125.0,severity_heavy
0.9746794344808964,0.9486832980505138,0,1,A1,A1,18,59,150.0,equal
0.9746794344808964,0.9486832980505138,0,1,A1,A1,18,59,150.0,criticality_heavy
0.9746794344808964,0.9486832980505138,0,1,A1,A1,18,59,150.0,throughput_heavy
0.9746794344808964,0.9486832980505138,0,1,A1,A1,18,59,150.0,severity_heavy
0.9746794344808963,0.9486832980505138,0,1,A3,A3,19,60,100.0,equal
0.9746794344808963,0.9486832980505138,0,1,A3,A3,19,60,100.0,criticality_heavy
0.9746794344808963,0.9486832980505138,0,1,A3,A3,19,60,100.0,throughput_heavy
0.9746794344808963,0.9486832980505138,0,1,A3,A3,19,60,100.0,severity_heavy
0.9999999999999999,1.0,1,1,A3,A3,19,60,125.0,equal
0.9999999999999999,1.0,1,1,A3,A3,19,60,125.0,criticality_heavy
0.9999999999999999,1.0,1,1,A3,A3,19,60,125.0,throughput_heavy
0.9999999999999999,1.0,1,1,A3,A3,19,60,125.0,severity_heavy
0.8999999999999998,0.8,0,1,A3,A3,19,60,150.0,equal
0.8999999999999998,0.8,0,1,A3,A3,19,60,150.0,criticality_heavy
0.9999999999999999,1.0,1,1,A3,A3,19,60,150.0,throughput_heavy
0.8999999999999998,0.8,0,1,A3,A3,19,60,150.0,severity_heavy
1.0,1.0,1,1,A5,A5,20,61,100.0,equal
1.0,1.0,1,1,A5,A5,20,61,100.0,criticality_heavy
1.0,1.0,1,1,A5,A5,20,61,100.0,throughput_heavy
1.0,1.0,1,1,A5,A5,20,61,100.0,severity_heavy
1.0,1.0,1,1,A5,A5,20,61,125.0,equal
1.0,1.0,1,1,A5,A5,20,61,125.0,criticality_heavy
1.0,1.0,1,1,A5,A5,20,61,125.0,throughput_heavy
1.0,1.0,1,1,A5,A5,20,61,125.0,severity_heavy
0.9746794344808964,0.9486832980505138,0,1,A5,A5,20,61,150.0,equal
0.9746794344808964,0.9486832980505138,0,1,A5,A5,20,61,150.0,criticality_heavy
0.9746794344808964,0.9486832980505138,0,1,A5,A5,20,61,150.0,throughput_heavy
0.9746794344808964,0.9486832980505138,0,1,A5,A5,20,61,150.0,severity_heavy
0.9746794344808963,0.9486832980505138,0,1,A3,A3,21,62,100.0,equal
0.9746794344808963,0.9486832980505138,0,1,A3,A3,21,62,100.0,criticality_heavy
0.9746794344808963,0.9486832980505138,0,1,A3,A3,21,62,100.0,throughput_heavy
0.9746794344808963,0.9486832980505138,0,1,A3,A3,21,62,100.0,severity_heavy
0.9999999999999999,1.0,1,1,A3,A3,21,62,125.0,equal
0.9999999999999999,1.0,1,1,A3,A3,21,62,125.0,criticality_heavy
0.9999999999999999,1.0,1,1,A3,A3,21,62,125.0,throughput_heavy
0.9999999999999999,1.0,1,1,A3,A3,21,62,125.0,severity_heavy
0.8999999999999998,0.8,0,1,A3,A3,21,62,150.0,equal
0.8999999999999998,0.8,0,1,A3,A3,21,62,150.0,criticality_heavy
0.8999999999999998,0.8,0,1,A3,A3,21,62,150.0,throughput_heavy
0.8999999999999998,0.8,0,1,A3,A3,21,62,150.0,severity_heavy
1.0,1.0,1,1,A3,A3,22,63,100.0,equal
1.0,1.0,1,1,A3,A3,22,63,100.0,criticality_heavy
1.0,1.0,1,1,A3,A3,22,63,100.0,throughput_heavy
1.0,1.0,1,1,A3,A3,22,63,100.0,severity_heavy
1.0,1.0,1,1,A3,A3,22,63,125.0,equal
1.0,1.0,1,1,A3,A3,22,63,125.0,criticality_heavy
1.0,1.0,1,1,A3,A3,22,63,125.0,throughput_heavy
1.0,1.0,1,1,A3,A3,22,63,125.0,severity_heavy
0.9746794344808964,0.9486832980505138,0,1,A3,A3,22,63,150.0,equal
0.9746794344808964,0.9486832980505138,0,1,A3,A3,22,63,150.0,criticality_heavy
0.9746794344808964,0.9486832980505138,0,1,A3,A3,22,63,150.0,throughput_heavy
0.9746794344808964,0.9486832980505138,0,1,A3,A3,22,63,150.0,severity_heavy
1.0,1.0,1,1,A3,A3,23,64,100.0,equal
1.0,1.0,1,1,A3,A3,23,64,100.0,criticality_heavy
1.0,1.0,1,1,A3,A3,23,64,100.0,throughput_heavy
1.0,1.0,1,1,A3,A3,23,64,100.0,severity_heavy
1.0,1.0,1,1,A3,A3,23,64,125.0,equal
1.0,1.0,1,1,A3,A3,23,64,125.0,criticality_heavy
1.0,1.0,1,1,A3,A3,23,64,125.0,throughput_heavy
1.0,1.0,1,1,A3,A3,23,64,125.0,severity_heavy
0.9746794344808964,0.9486832980505138,0,1,A3,A3,23,64,150.0,equal
0.9746794344808964,0.9486832980505138,0,1,A3,A3,23,64,150.0,criticality_heavy
0.9746794344808964,0.9486832980505138,0,1,A3,A3,23,64,150.0,throughput_heavy
0.9746794344808964,0.9486832980505138,0,1,A3,A3,23,64,150.0,severity_heavy
1.0,1.0,1,1,A3,A3,24,65,100.0,equal
1.0,1.0,1,1,A3,A3,24,65,100.0,criticality_heavy
1.0,1.0,1,1,A3,A3,24,65,100.0,throughput_heavy
1.0,1.0,1,1,A3,A3,24,65,100.0,severity_heavy
1.0,1.0,1,1,A3,A3,24,65,125.0,equal
1.0,1.0,1,1,A3,A3,24,65,125.0,criticality_heavy
1.0,1.0,1,1,A3,A3,24,65,125.0,throughput_heavy
1.0,1.0,1,1,A3,A3,24,65,125.0,severity_heavy
0.9746794344808964,0.9486832980505138,0,1,A3,A3,24,65,150.0,equal
0.9746794344808964,0.9486832980505138,0,1,A3,A3,24,65,150.0,criticality_heavy
0.9746794344808964,0.9486832980505138,0,1,A3,A3,24,65,150.0,throughput_heavy
0.9746794344808964,0.9486832980505138,0,1,A3,A3,24,65,150.0,severity_heavy
0.9746794344808963,0.9486832980505138,0,1,A2,A2,25,66,100.0,equal
0.9746794344808963,0.9486832980505138,0,1,A2,A2,25,66,100.0,criticality_heavy
0.9746794344808963,0.9486832980505138,0,1,A2,A2,25,66,100.0,throughput_heavy
0.9746794344808963,0.9486832980505138,0,1,A2,A2,25,66,100.0,severity_heavy
0.9999999999999999,1.0,1,1,A2,A2,25,66,125.0,equal
0.9999999999999999,1.0,1,1,A2,A2,25,66,125.0,criticality_heavy
0.9999999999999999,1.0,1,1,A2,A2,25,66,125.0,throughput_heavy
0.9999999999999999,1.0,1,1,A2,A2,25,66,125.0,severity_heavy
0.8999999999999998,0.8,0,1,A2,A2,25,66,150.0,equal
0.8999999999999998,0.8,0,1,A2,A2,25,66,150.0,criticality_heavy
0.8999999999999998,0.8,0,1,A2,A2,25,66,150.0,throughput_heavy
0.8999999999999998,0.8,0,1,A2,A2,25,66,150.0,severity_heavy
0.9746794344808963,0.9486832980505138,0,1,A2,A2,26,67,100.0,equal
0.9746794344808963,0.9486832980505138,0,1,A2,A2,26,67,100.0,criticality_heavy
0.9746794344808963,0.9486832980505138,0,1,A2,A2,26,67,100.0,throughput_heavy
0.9746794344808963,0.9486832980505138,0,1,A2,A2,26,67,100.0,severity_heavy
0.9999999999999999,1.0,1,1,A2,A2,26,67,125.0,equal
0.9999999999999999,1.0,1,1,A2,A2,26,67,125.0,criticality_heavy
0.9999999999999999,1.0,1,1,A2,A2,26,67,125.0,throughput_heavy
0.9999999999999999,1.0,1,1,A2,A2,26,67,125.0,severity_heavy
0.9999999999999999,1.0,1,1,A2,A2,26,67,150.0,equal
0.9999999999999999,1.0,1,1,A2,A2,26,67,150.0,criticality_heavy
0.9999999999999999,1.0,1,1,A2,A2,26,67,150.0,throughput_heavy
0.9999999999999999,1.0,1,1,A2,A2,26,67,150.0,severity_heavy
1.0,1.0,1,1,A3,A3,27,68,100.0,equal
1.0,1.0,1,1,A3,A3,27,68,100.0,criticality_heavy
1.0,1.0,1,1,A3,A3,27,68,100.0,throughput_heavy
1.0,1.0,1,1,A3,A3,27,68,100.0,severity_heavy
1.0,1.0,1,1,A3,A3,27,68,125.0,equal
0.8947368421052632,0.7777777777777778,0,0,A3,A2,27,68,125.0,criticality_heavy
0.8947368421052632,0.7777777777777778,0,0,A3,A2,27,68,125.0,throughput_heavy
1.0,1.0,1,1,A3,A3,27,68,125.0,severity_heavy
0.8720815992723809,0.7378647873726218,0,0,A3,A2,27,68,150.0,equal
0.8720815992723809,0.7378647873726218,0,0,A3,A2,27,68,150.0,criticality_heavy
0.8720815992723809,0.7378647873726218,0,0,A3,A2,27,68,150.0,throughput_heavy
0.9746794344808964,0.9486832980505138,0,1,A3,A3,27,68,150.0,severity_heavy
1.0,1.0,1,1,A1,A1,28,69,100.0,equal
1.0,1.0,1,1,A1,A1,28,69,100.0,criticality_heavy
1.0,1.0,1,1,A1,A1,28,69,100.0,throughput_heavy
1.0,1.0,1,1,A1,A1,28,69,100.0,severity_heavy
1.0,1.0,1,1,A1,A1,28,69,125.0,equal
1.0,1.0,1,1,A1,A1,28,69,125.0,criticality_heavy
1.0,1.0,1,1,A1,A1,28,69,125.0,throughput_heavy
1.0,1.0,1,1,A1,A1,28,69,125.0,severity_heavy
0.8720815992723809,0.7378647873726218,0,1,A1,A1,28,69,150.0,equal
0.8720815992723809,0.7378647873726218,0,1,A1,A1,28,69,150.0,criticality_heavy
0.8720815992723809,0.7378647873726218,0,1,A1,A1,28,69,150.0,throughput_heavy
0.8720815992723809,0.7378647873726218,0,1,A1,A1,28,69,150.0,severity_heavy
0.9746794344808963,0.9486832980505138,0,1,A2,A2,29,70,100.0,equal
0.9746794344808963,0.9486832980505138,0,1,A2,A2,29,70,100.0,criticality_heavy
0.9746794344808963,0.9486832980505138,0,1,A2,A2,29,70,100.0,throughput_heavy
0.9746794344808963,0.9486832980505138,0,1,A2,A2,29,70,100.0,severity_heavy
0.9999999999999999,1.0,1,1,A2,A2,29,70,125.0,equal
0.9999999999999999,1.0,1,1,A2,A2,29,70,125.0,criticality_heavy
0.9999999999999999,1.0,1,1,A2,A2,29,70,125.0,throughput_heavy
0.9999999999999999,1.0,1,1,A2,A2,29,70,125.0,severity_heavy
0.9999999999999999,1.0,1,1,A2,A2,29,70,150.0,equal
0.9999999999999999,1.0,1,1,A2,A2,29,70,150.0,criticality_heavy
0.9999999999999999,1.0,1,1,A2,A2,29,70,150.0,throughput_heavy
0.9999999999999999,1.0,1,1,A2,A2,29,70,150.0,severity_heavy
0.8947368421052632,0.7777777777777778,0,1,A3,A3,30,71,100.0,equal
0.8947368421052632,0.7777777777777778,0,1,A3,A3,30,71,100.0,criticality_heavy
0.8947368421052632,0.7777777777777778,0,1,A3,A3,30,71,100.0,throughput_heavy
0.8947368421052632,0.7777777777777778,0,1,A3,A3,30,71,100.0,severity_heavy
1.0,1.0,1,1,A3,A3,30,71,125.0,equal
1.0,1.0,1,1,A3,A3,30,71,125.0,criticality_heavy
1.0,1.0,1,1,A3,A3,30,71,125.0,throughput_heavy
1.0,1.0,1,1,A3,A3,30,71,125.0,severity_heavy
0.9746794344808964,0.9486832980505138,0,1,A3,A3,30,71,150.0,equal
0.9746794344808964,0.9486832980505138,0,1,A3,A3,30,71,150.0,criticality_heavy
0.9746794344808964,0.9486832980505138,0,1,A3,A3,30,71,150.0,throughput_heavy
0.9746794344808964,0.9486832980505138,0,1,A3,A3,30,71,150.0,severity_heavy
0.9746794344808963,0.9486832980505138,0,1,A2,A2,31,72,100.0,equal
0.9746794344808963,0.9486832980505138,0,1,A2,A2,31,72,100.0,criticality_heavy
0.9746794344808963,0.9486832980505138,0,1,A2,A2,31,72,100.0,throughput_heavy
0.9746794344808963,0.9486832980505138,0,1,A2,A2,31,72,100.0,severity_heavy
0.9999999999999999,1.0,1,1,A2,A2,31,72,125.0,equal
0.9999999999999999,1.0,1,1,A2,A2,31,72,125.0,criticality_heavy
0.9999999999999999,1.0,1,1,A2,A2,31,72,125.0,throughput_heavy
0.9999999999999999,1.0,1,1,A2,A2,31,72,125.0,severity_heavy
0.9999999999999999,1.0,1,1,A2,A2,31,72,150.0,equal
0.9999999999999999,1.0,1,1,A2,A2,31,72,150.0,criticality_heavy
0.9999999999999999,1.0,1,1,A2,A2,31,72,150.0,throughput_heavy
0.9999999999999999,1.0,1,1,A2,A2,31,72,150.0,severity_heavy
0.8720815992723809,0.7378647873726218,0,1,A3,A3,32,73,100.0,equal
0.8720815992723809,0.7378647873726218,0,1,A3,A3,32,73,100.0,criticality_heavy
0.8720815992723809,0.7378647873726218,0,1,A3,A3,32,73,100.0,throughput_heavy
0.8720815992723809,0.7378647873726218,0,1,A3,A3,32,73,100.0,severity_heavy
0.9999999999999999,1.0,1,1,A3,A3,32,73,125.0,equal
0.9999999999999999,1.0,1,1,A3,A3,32,73,125.0,criticality_heavy
0.9999999999999999,1.0,1,1,A3,A3,32,73,125.0,throughput_heavy
0.9999999999999999,1.0,1,1,A3,A3,32,73,125.0,severity_heavy
0.9999999999999999,1.0,1,1,A3,A3,32,73,150.0,equal
0.9999999999999999,1.0,1,1,A3,A3,32,73,150.0,criticality_heavy
0.9999999999999999,1.0,1,1,A3,A3,32,73,150.0,throughput_heavy
0.9999999999999999,1.0,1,1,A3,A3,32,73,150.0,severity_heavy
1.0,1.0,1,1,A1,A1,33,74,100.0,equal
1.0,1.0,1,1,A1,A1,33,74,100.0,criticality_heavy
1.0,1.0,1,1,A1,A1,33,74,100.0,throughput_heavy
1.0,1.0,1,1,A1,A1,33,74,100.0,severity_heavy
1.0,1.0,1,1,A1,A1,33,74,125.0,equal
1.0,1.0,1,1,A1,A1,33,74,125.0,criticality_heavy
1.0,1.0,1,1,A1,A1,33,74,125.0,throughput_heavy
1.0,1.0,1,1,A1,A1,33,74,125.0,severity_heavy
0.8720815992723809,0.7378647873726218,0,1,A1,A1,33,74,150.0,equal
0.9746794344808964,0.9486832980505138,0,1,A1,A1,33,74,150.0,criticality_heavy
0.9746794344808964,0.9486832980505138,0,1,A1,A1,33,74,150.0,throughput_heavy
0.8720815992723809,0.7378647873726218,0,1,A1,A1,33,74,150.0,severity_heavy
0.8207826816681234,0.7378647873726218,0,1,A3,A3,34,75,100.0,equal
0.8207826816681234,0.7378647873726218,0,1,A3,A3,34,75,100.0,criticality_heavy
0.8207826816681234,0.7378647873726218,0,1,A3,A3,34,75,100.0,throughput_heavy
0.8207826816681234,0.7378647873726218,0,1,A3,A3,34,75,100.0,severity_heavy
0.9999999999999999,1.0,1,1,A3,A3,34,75,125.0,equal
0.9999999999999999,1.0,1,1,A3,A3,34,75,125.0,criticality_heavy
0.9999999999999999,1.0,1,1,A3,A3,34,75,125.0,throughput_heavy
0.9999999999999999,1.0,1,1,A3,A3,34,75,125.0,severity_heavy
0.9999999999999999,1.0,1,1,A3,A3,34,75,150.0,equal
0.9999999999999999,1.0,1,1,A3,A3,34,75,150.0,criticality_heavy
0.9999999999999999,1.0,1,1,A3,A3,34,75,150.0,throughput_heavy
0.9999999999999999,1.0,1,1,A3,A3,34,75,150.0,severity_heavy
0.8947368421052632,0.7777777777777778,0,0,A2,A1,35,76,100.0,equal
0.8947368421052632,0.7777777777777778,0,0,A2,A1,35,76,100.0,criticality_heavy
0.8947368421052632,0.7777777777777778,0,0,A2,A1,35,76,100.0,throughput_heavy
0.8947368421052632,0.7777777777777778,0,0,A2,A1,35,76,100.0,severity_heavy
1.0,1.0,1,1,A2,A2,35,76,125.0,equal
1.0,1.0,1,1,A2,A2,35,76,125.0,criticality_heavy
1.0,1.0,1,1,A2,A2,35,76,125.0,throughput_heavy
1.0,1.0,1,1,A2,A2,35,76,125.0,severity_heavy
0.9746794344808964,0.9486832980505138,0,1,A2,A2,35,76,150.0,equal
0.9746794344808964,0.9486832980505138,0,1,A2,A2,35,76,150.0,criticality_heavy
0.9746794344808964,0.9486832980505138,0,1,A2,A2,35,76,150.0,throughput_heavy
0.9746794344808964,0.9486832980505138,0,1,A2,A2,35,76,150.0,severity_heavy
0.8720815992723809,0.7378647873726218,0,0,A1,A5,36,77,100.0,equal
0.8720815992723809,0.7378647873726218,0,0,A1,A5,36,77,100.0,criticality_heavy
0.8720815992723809,0.7378647873726218,0,0,A1,A5,36,77,100.0,throughput_heavy
0.9746794344808963,0.9486832980505138,0,1,A1,A1,36,77,100.0,severity_heavy
0.9999999999999999,1.0,1,1,A1,A1,36,77,125.0,equal
0.9999999999999999,1.0,1,1,A1,A1,36,77,125.0,criticality_heavy
0.8999999999999998,0.8,0,0,A1,A5,36,77,125.0,throughput_heavy
0.9999999999999999,1.0,1,1,A1,A1,36,77,125.0,severity_heavy
0.8999999999999998,0.8,0,1,A1,A1,36,77,150.0,equal
0.9999999999999999,1.0,1,1,A1,A1,36,77,150.0,criticality_heavy
0.9999999999999999,1.0,1,1,A1,A1,36,77,150.0,throughput_heavy
0.8999999999999998,0.8,0,1,A1,A1,36,77,150.0,severity_heavy
1.0,1.0,1,1,A1,A1,37,78,100.0,equal
1.0,1.0,1,1,A1,A1,37,78,100.0,criticality_heavy
1.0,1.0,1,1,A1,A1,37,78,100.0,throughput_heavy
1.0,1.0,1,1,A1,A1,37,78,100.0,severity_heavy
1.0,1.0,1,1,A1,A1,37,78,125.0,equal
1.0,1.0,1,1,A1,A1,37,78,125.0,criticality_heavy
1.0,1.0,1,1,A1,A1,37,78,125.0,throughput_heavy
1.0,1.0,1,1,A1,A1,37,78,125.0,severity_heavy
0.9746794344808964,0.9486832980505138,0,1,A1,A1,37,78,150.0,equal
0.9746794344808964,0.9486832980505138,0,1,A1,A1,37,78,150.0,criticality_heavy
0.9746794344808964,0.9486832980505138,0,1,A1,A1,37,78,150.0,throughput_heavy
0.9746794344808964,0.9486832980505138,0,1,A1,A1,37,78,150.0,severity_heavy
0.8999999999999998,0.8,0,1,A1,A1,38,79,100.0,equal
0.8999999999999998,0.8,0,1,A1,A1,38,79,100.0,criticality_heavy
0.8999999999999998,0.8,0,1,A1,A1,38,79,100.0,throughput_heavy
0.8999999999999998,0.8,0,1,A1,A1,38,79,100.0,severity_heavy
0.9999999999999999,1.0,1,1,A1,A1,38,79,125.0,equal
0.9999999999999999,1.0,1,1,A1,A1,38,79,125.0,criticality_heavy
0.9999999999999999,1.0,1,1,A1,A1,38,79,125.0,throughput_heavy
0.9999999999999999,1.0,1,1,A1,A1,38,79,125.0,severity_heavy
0.9999999999999999,1.0,1,1,A1,A1,38,79,150.0,equal
0.9999999999999999,1.0,1,1,A1,A1,38,79,150.0,criticality_heavy
0.9999999999999999,1.0,1,1,A1,A1,38,79,150.0,throughput_heavy
0.9999999999999999,1.0,1,1,A1,A1,38,79,150.0,severity_heavy
0.8207826816681234,0.7378647873726218,0,1,A2,A2,39,80,100.0,equal
0.8207826816681234,0.7378647873726218,0,1,A2,A2,39,80,100.0,criticality_heavy
0.8207826816681234,0.7378647873726218,0,1,A2,A2,39,80,100.0,throughput_heavy
0.8207826816681234,0.7378647873726218,0,1,A2,A2,39,80,100.0,severity_heavy
0.9999999999999999,1.0,1,1,A2,A2,39,80,125.0,equal
0.9999999999999999,1.0,1,1,A2,A2,39,80,125.0,criticality_heavy
0.9999999999999999,1.0,1,1,A2,A2,39,80,125.0,throughput_heavy
0.9999999999999999,1.0,1,1,A2,A2,39,80,125.0,severity_heavy
0.9999999999999999,1.0,1,1,A2,A2,39,80,150.0,equal
0.9999999999999999,1.0,1,1,A2,A2,39,80,150.0,criticality_heavy
0.9999999999999999,1.0,1,1,A2,A2,39,80,150.0,throughput_heavy
0.9999999999999999,1.0,1,1,A2,A2,39,80,150.0,severity_heavy
0.8947368421052632,0.7777777777777778,0,0,A1,A4,40,81,100.0,equal
0.8947368421052632,0.7777777777777778,0,0,A1,A4,40,81,100.0,criticality_heavy
0.8947368421052632,0.7777777777777778,0,0,A1,A4,40,81,100.0,throughput_heavy
0.8947368421052632,0.7777777777777778,0,0,A1,A4,40,81,100.0,severity_heavy
1.0,1.0,1,1,A1,A1,40,81,125.0,equal
1.0,1.0,1,1,A1,A1,40,81,125.0,criticality_heavy
1.0,1.0,1,1,A1,A1,40,81,125.0,throughput_heavy
1.0,1.0,1,1,A1,A1,40,81,125.0,severity_heavy
0.9746794344808964,0.9486832980505138,0,1,A1,A1,40,81,150.0,equal
0.9746794344808964,0.9486832980505138,0,1,A1,A1,40,81,150.0,criticality_heavy
0.9746794344808964,0.9486832980505138,0,1,A1,A1,40,81,150.0,throughput_heavy
0.9746794344808964,0.9486832980505138,0,1,A1,A1,40,81,150.0,severity_heavy
1.0,1.0,1,1,A5,A5,41,82,100.0,equal
1.0,1.0,1,1,A5,A5,41,82,100.0,criticality_heavy
1.0,1.0,1,1,A5,A5,41,82,100.0,throughput_heavy
1.0,1.0,1,1,A5,A5,41,82,100.0,severity_heavy
1.0,1.0,1,1,A5,A5,41,82,125.0,equal
1.0,1.0,1,1,A5,A5,41,82,125.0,criticality_heavy
1.0,1.0,1,1,A5,A5,41,82,125.0,throughput_heavy
1.0,1.0,1,1,A5,A5,41,82,125.0,severity_heavy
0.9746794344808964,0.9486832980505138,0,1,A5,A5,41,82,150.0,equal
0.9746794344808964,0.9486832980505138,0,1,A5,A5,41,82,150.0,criticality_heavy
0.9746794344808964,0.9486832980505138,0,1,A5,A5,41,82,150.0,throughput_heavy
0.9746794344808964,0.9486832980505138,0,1,A5,A5,41,82,150.0,severity_heavy
0.9746794344808963,0.9486832980505138,0,1,A2,A2,42,83,100.0,equal
0.9746794344808963,0.9486832980505138,0,1,A2,A2,42,83,100.0,criticality_heavy
0.9746794344808963,0.9486832980505138,0,1,A2,A2,42,83,100.0,throughput_heavy
0.9746794344808963,0.9486832980505138,0,1,A2,A2,42,83,100.0,severity_heavy
0.9999999999999999,1.0,1,1,A2,A2,42,83,125.0,equal
0.9999999999999999,1.0,1,1,A2,A2,42,83,125.0,criticality_heavy
0.9999999999999999,1.0,1,1,A2,A2,42,83,125.0,throughput_heavy
0.9999999999999999,1.0,1,1,A2,A2,42,83,125.0,severity_heavy
0.9999999999999999,1.0,1,1,A2,A2,42,83,150.0,equal
0.9999999999999999,1.0,1,1,A2,A2,42,83,150.0,criticality_heavy
0.9999999999999999,1.0,1,1,A2,A2,42,83,150.0,throughput_heavy
0.9999999999999999,1.0,1,1,A2,A2,42,83,150.0,severity_heavy
0.8947368421052632,0.7777777777777778,0,1,A1,A1,43,84,100.0,equal
0.8947368421052632,0.7777777777777778,0,1,A1,A1,43,84,100.0,criticality_heavy
0.8947368421052632,0.7777777777777778,0,1,A1,A1,43,84,100.0,throughput_heavy
0.8947368421052632,0.7777777777777778,0,1,A1,A1,43,84,100.0,severity_heavy
1.0,1.0,1,1,A1,A1,43,84,125.0,equal
1.0,1.0,1,1,A1,A1,43,84,125.0,criticality_heavy
1.0,1.0,1,1,A1,A1,43,84,125.0,throughput_heavy
0.8947368421052632,0.7777777777777778,0,1,A1,A1,43,84,125.0,severity_heavy
0.9746794344808964,0.9486832980505138,0,1,A1,A1,43,84,150.0,equal
0.9746794344808964,0.9486832980505138,0,1,A1,A1,43,84,150.0,criticality_heavy
0.9746794344808964,0.9486832980505138,0,1,A1,A1,43,84,150.0,throughput_heavy
0.9746794344808964,0.9486832980505138,0,1,A1,A1,43,84,150.0,severity_heavy
1.0,1.0,1,1,A1,A1,44,85,100.0,equal
1.0,1.0,1,1,A1,A1,44,85,100.0,criticality_heavy
1.0,1.0,1,1,A1,A1,44,85,100.0,throughput_heavy
0.8947368421052632,0.7777777777777778,0,1,A1,A1,44,85,100.0,severity_heavy
1.0,1.0,1,1,A1,A1,44,85,125.0,equal
1.0,1.0,1,1,A1,A1,44,85,125.0,criticality_heavy
1.0,1.0,1,1,A1,A1,44,85,125.0,throughput_heavy
1.0,1.0,1,1,A1,A1,44,85,125.0,severity_heavy
0.9746794344808964,0.9486832980505138,0,1,A1,A1,44,85,150.0,equal
0.9746794344808964,0.9486832980505138,0,1,A1,A1,44,85,150.0,criticality_heavy
0.9746794344808964,0.9486832980505138,0,1,A1,A1,44,85,150.0,throughput_heavy
0.9746794344808964,0.9486832980505138,0,1,A1,A1,44,85,150.0,severity_heavy
0.9746794344808963,0.9486832980505138,0,1,A3,A3,45,86,100.0,equal
0.9746794344808963,0.9486832980505138,0,1,A3,A3,45,86,100.0,criticality_heavy
0.9746794344808963,0.9486832980505138,0,1,A3,A3,45,86,100.0,throughput_heavy
0.9746794344808963,0.9486832980505138,0,1,A3,A3,45,86,100.0,severity_heavy
0.9999999999999999,1.0,1,1,A3,A3,45,86,125.0,equal
0.9999999999999999,1.0,1,1,A3,A3,45,86,125.0,criticality_heavy
0.9999999999999999,1.0,1,1,A3,A3,45,86,125.0,throughput_heavy
0.9999999999999999,1.0,1,1,A3,A3,45,86,125.0,severity_heavy
0.8999999999999998,0.8,0,1,A3,A3,45,86,150.0,equal
0.8999999999999998,0.8,0,1,A3,A3,45,86,150.0,criticality_heavy
0.8999999999999998,0.8,0,1,A3,A3,45,86,150.0,throughput_heavy
0.8999999999999998,0.8,0,1,A3,A3,45,86,150.0,severity_heavy
1.0,1.0,1,1,A1,A1,46,87,100.0,equal
1.0,1.0,1,1,A1,A1,46,87,100.0,criticality_heavy
1.0,1.0,1,1,A1,A1,46,87,100.0,throughput_heavy
1.0,1.0,1,1,A1,A1,46,87,100.0,severity_heavy
1.0,1.0,1,1,A1,A1,46,87,125.0,equal
1.0,1.0,1,1,A1,A1,46,87,125.0,criticality_heavy
1.0,1.0,1,1,A1,A1,46,87,125.0,throughput_heavy
1.0,1.0,1,1,A1,A1,46,87,125.0,severity_heavy
0.9746794344808964,0.9486832980505138,0,1,A1,A1,46,87,150.0,equal
0.9746794344808964,0.9486832980505138,0,1,A1,A1,46,87,150.0,criticality_heavy
0.9746794344808964,0.9486832980505138,0,1,A1,A1,46,87,150.0,throughput_heavy
0.9746794344808964,0.9486832980505138,0,1,A1,A1,46,87,150.0,severity_heavy
0.9746794344808963,0.9486832980505138,0,1,A3,A3,47,88,100.0,equal
0.9746794344808963,0.9486832980505138,0,1,A3,A3,47,88,100.0,criticality_heavy
0.9746794344808963,0.9486832980505138,0,1,A3,A3,47,88,100.0,throughput_heavy
0.9746794344808963,0.9486832980505138,0,1,A3,A3,47,88,100.0,severity_heavy
0.9999999999999999,1.0,1,1,A3,A3,47,88,125.0,equal
0.9999999999999999,1.0,1,1,A3,A3,47,88,125.0,criticality_heavy
0.8999999999999998,0.8,0,1,A3,A3,47,88,125.0,throughput_heavy
0.9999999999999999,1.0,1,1,A3,A3,47,88,125.0,severity_heavy
0.8999999999999998,0.8,0,1,A3,A3,47,88,150.0,equal
0.8999999999999998,0.8,0,1,A3,A3,47,88,150.0,criticality_heavy
0.8999999999999998,0.8,0,1,A3,A3,47,88,150.0,throughput_heavy
0.8999999999999998,0.8,0,1,A3,A3,47,88,150.0,severity_heavy
0.8947368421052632,0.7777777777777778,0,1,A1,A1,48,89,100.0,equal
0.8947368421052632,0.7777777777777778,0,1,A1,A1,48,89,100.0,criticality_heavy
0.8947368421052632,0.7777777777777778,0,1,A1,A1,48,89,100.0,throughput_heavy
0.8947368421052632,0.7777777777777778,0,1,A1,A1,48,89,100.0,severity_heavy
1.0,1.0,1,1,A1,A1,48,89,125.0,equal
1.0,1.0,1,1,A1,A1,48,89,125.0,criticality_heavy
1.0,1.0,1,1,A1,A1,48,89,125.0,throughput_heavy
0.8947368421052632,0.7777777777777778,0,1,A1,A1,48,89,125.0,severity_heavy
0.9746794344808964,0.9486832980505138,0,1,A1,A1,48,89,150.0,equal
0.9746794344808964,0.9486832980505138,0,1,A1,A1,48,89,150.0,criticality_heavy
0.9746794344808964,0.9486832980505138,0,1,A1,A1,48,89,150.0,throughput_heavy
0.9746794344808964,0.9486832980505138,0,1,A1,A1,48,89,150.0,severity_heavy
0.9746794344808963,0.9486832980505138,0,1,A5,A5,49,90,100.0,equal
0.9746794344808963,0.9486832980505138,0,1,A5,A5,49,90,100.0,criticality_heavy
0.9746794344808963,0.9486832980505138,0,1,A5,A5,49,90,100.0,throughput_heavy
0.9746794344808963,0.9486832980505138,0,1,A5,A5,49,90,100.0,severity_heavy
0.9999999999999999,1.0,1,1,A5,A5,49,90,125.0,equal
0.9999999999999999,1.0,1,1,A5,A5,49,90,125.0,criticality_heavy
0.9999999999999999,1.0,1,1,A5,A5,49,90,125.0,throughput_heavy
0.8999999999999998,0.8,0,0,A5,A2,49,90,125.0,severity_heavy
0.8999999999999998,0.8,0,0,A5,A2,49,90,150.0,equal
0.8999999999999998,0.8,0,0,A5,A2,49,90,150.0,criticality_heavy
0.8999999999999998,0.8,0,0,A5,A2,49,90,150.0,throughput_heavy
0.8999999999999998,0.8,0,0,A5,A2,49,90,150.0,severity_heavy
0.8947368421052632,0.7777777777777778,0,0,A1,A4,50,91,100.0,equal
0.8947368421052632,0.7777777777777778,0,0,A1,A4,50,91,100.0,criticality_heavy
0.8947368421052632,0.7777777777777778,0,0,A1,A4,50,91,100.0,throughput_heavy
0.8947368421052632,0.7777777777777778,0,0,A1,A4,50,91,100.0,severity_heavy
1.0,1.0,1,1,A1,A1,50,91,125.0,equal
1.0,1.0,1,1,A1,A1,50,91,125.0,criticality_heavy
1.0,1.0,1,1,A1,A1,50,91,125.0,throughput_heavy
1.0,1.0,1,1,A1,A1,50,91,125.0,severity_heavy
0.9746794344808964,0.9486832980505138,0,1,A1,A1,50,91,150.0,equal
0.9746794344808964,0.9486832980505138,0,1,A1,A1,50,91,150.0,criticality_heavy
0.9746794344808964,0.9486832980505138,0,1,A1,A1,50,91,150.0,throughput_heavy
0.9746794344808964,0.9486832980505138,0,1,A1,A1,50,91,150.0,severity_heavy
0.8999999999999998,0.8,0,0,A2,A1,51,92,100.0,equal
0.8999999999999998,0.8,0,0,A2,A1,51,92,100.0,criticality_heavy
0.8999999999999998,0.8,0,0,A2,A1,51,92,100.0,throughput_heavy
0.8999999999999998,0.8,0,0,A2,A1,51,92,100.0,severity_heavy
0.9999999999999999,1.0,1,1,A2,A2,51,92,125.0,equal
0.9999999999999999,1.0,1,1,A2,A2,51,92,125.0,criticality_heavy
0.9999999999999999,1.0,1,1,A2,A2,51,92,125.0,throughput_heavy
0.9999999999999999,1.0,1,1,A2,A2,51,92,125.0,severity_heavy
0.9999999999999999,1.0,1,1,A2,A2,51,92,150.0,equal
0.9999999999999999,1.0,1,1,A2,A2,51,92,150.0,criticality_heavy
0.9999999999999999,1.0,1,1,A2,A2,51,92,150.0,throughput_heavy
0.9999999999999999,1.0,1,1,A2,A2,51,92,150.0,severity_heavy
0.8947368421052632,0.7777777777777778,0,1,A2,A2,52,93,100.0,equal
0.8947368421052632,0.7777777777777778,0,1,A2,A2,52,93,100.0,criticality_heavy
0.8947368421052632,0.7777777777777778,0,1,A2,A2,52,93,100.0,throughput_heavy
0.8947368421052632,0.7777777777777778,0,1,A2,A2,52,93,100.0,severity_heavy
1.0,1.0,1,1,A2,A2,52,93,125.0,equal
1.0,1.0,1,1,A2,A2,52,93,125.0,criticality_heavy
1.0,1.0,1,1,A2,A2,52,93,125.0,throughput_heavy
1.0,1.0,1,1,A2,A2,52,93,125.0,severity_heavy
0.9746794344808964,0.9486832980505138,0,1,A2,A2,52,93,150.0,equal
0.9746794344808964,0.9486832980505138,0,1,A2,A2,52,93,150.0,criticality_heavy
0.9746794344808964,0.9486832980505138,0,1,A2,A2,52,93,150.0,throughput_heavy
0.9746794344808964,0.9486832980505138,0,1,A2,A2,52,93,150.0,severity_heavy
1.0,1.0,1,1,A2,A2,53,94,100.0,equal
1.0,1.0,1,1,A2,A2,53,94,100.0,criticality_heavy
1.0,1.0,1,1,A2,A2,53,94,100.0,throughput_heavy
1.0,1.0,1,1,A2,A2,53,94,100.0,severity_heavy
1.0,1.0,1,1,A2,A2,53,94,125.0,equal
1.0,1.0,1,1,A2,A2,53,94,125.0,criticality_heavy
1.0,1.0,1,1,A2,A2,53,94,125.0,throughput_heavy
1.0,1.0,1,1,A2,A2,53,94,125.0,severity_heavy
0.8720815992723809,0.7378647873726218,0,1,A2,A2,53,94,150.0,equal
0.8720815992723809,0.7378647873726218,0,1,A2,A2,53,94,150.0,criticality_heavy
0.8720815992723809,0.7378647873726218,0,1,A2,A2,53,94,150.0,throughput_heavy
0.8720815992723809,0.7378647873726218,0,1,A2,A2,53,94,150.0,severity_heavy
1.0,1.0,1,1,A1,A1,54,95,100.0,equal
1.0,1.0,1,1,A1,A1,54,95,100.0,criticality_heavy
1.0,1.0,1,1,A1,A1,54,95,100.0,throughput_heavy
1.0,1.0,1,1,A1,A1,54,95,100.0,severity_heavy
1.0,1.0,1,1,A1,A1,54,95,125.0,equal
1.0,1.0,1,1,A1,A1,54,95,125.0,criticality_heavy
1.0,1.0,1,1,A1,A1,54,95,125.0,throughput_heavy
1.0,1.0,1,1,A1,A1,54,95,125.0,severity_heavy
0.9746794344808964,0.9486832980505138,0,1,A1,A1,54,95,150.0,equal
0.9746794344808964,0.9486832980505138,0,1,A1,A1,54,95,150.0,criticality_heavy
0.9746794344808964,0.9486832980505138,0,1,A1,A1,54,95,150.0,throughput_heavy
0.9746794344808964,0.9486832980505138,0,1,A1,A1,54,95,150.0,severity_heavy
0.9746794344808963,0.9486832980505138,0,1,A1,A1,55,96,100.0,equal
0.9746794344808963,0.9486832980505138,0,1,A1,A1,55,96,100.0,criticality_heavy
0.9746794344808963,0.9486832980505138,0,1,A1,A1,55,96,100.0,throughput_heavy
0.9746794344808963,0.9486832980505138,0,1,A1,A1,55,96,100.0,severity_heavy
0.9999999999999999,1.0,1,1,A1,A1,55,96,125.0,equal
0.9999999999999999,1.0,1,1,A1,A1,55,96,125.0,criticality_heavy
0.9999999999999999,1.0,1,1,A1,A1,55,96,125.0,throughput_heavy
0.8999999999999998,0.8,0,1,A1,A1,55,96,125.0,severity_heavy
0.8999999999999998,0.8,0,1,A1,A1,55,96,150.0,equal
0.8999999999999998,0.8,0,1,A1,A1,55,96,150.0,criticality_heavy
0.8999999999999998,0.8,0,1,A1,A1,55,96,150.0,throughput_heavy
0.8999999999999998,0.8,0,1,A1,A1,55,96,150.0,severity_heavy
0.9746794344808963,0.9486832980505138,0,1,A3,A3,56,97,100.0,equal
0.9746794344808963,0.9486832980505138,0,1,A3,A3,56,97,100.0,criticality_heavy
0.9746794344808963,0.9486832980505138,0,1,A3,A3,56,97,100.0,throughput_heavy
0.9746794344808963,0.9486832980505138,0,1,A3,A3,56,97,100.0,severity_heavy
0.9999999999999999,1.0,1,1,A3,A3,56,97,125.0,equal
0.9999999999999999,1.0,1,1,A3,A3,56,97,125.0,criticality_heavy
0.9999999999999999,1.0,1,1,A3,A3,56,97,125.0,throughput_heavy
0.9999999999999999,1.0,1,1,A3,A3,56,97,125.0,severity_heavy
0.8999999999999998,0.8,0,1,A3,A3,56,97,150.0,equal
0.8999999999999998,0.8,0,1,A3,A3,56,97,150.0,criticality_heavy
0.8999999999999998,0.8,0,1,A3,A3,56,97,150.0,throughput_heavy
0.8999999999999998,0.8,0,1,A3,A3,56,97,150.0,severity_heavy
1.0,1.0,1,1,A3,A3,57,98,100.0,equal
1.0,1.0,1,1,A3,A3,57,98,100.0,criticality_heavy
1.0,1.0,1,1,A3,A3,57,98,100.0,throughput_heavy
1.0,1.0,1,1,A3,A3,57,98,100.0,severity_heavy
1.0,1.0,1,1,A3,A3,57,98,125.0,equal
1.0,1.0,1,1,A3,A3,57,98,125.0,criticality_heavy
1.0,1.0,1,1,A3,A3,57,98,125.0,throughput_heavy
1.0,1.0,1,1,A3,A3,57,98,125.0,severity_heavy
0.9746794344808964,0.9486832980505138,0,1,A3,A3,57,98,150.0,equal
0.9746794344808964,0.9486832980505138,0,1,A3,A3,57,98,150.0,criticality_heavy
0.9746794344808964,0.9486832980505138,0,1,A3,A3,57,98,150.0,throughput_heavy
0.9746794344808964,0.9486832980505138,0,1,A3,A3,57,98,150.0,severity_heavy
0.8207826816681234,0.7378647873726218,0,1,A1,A1,58,99,100.0,equal
0.8207826816681234,0.7378647873726218,0,1,A1,A1,58,99,100.0,criticality_heavy
0.8207826816681234,0.7378647873726218,0,1,A1,A1,58,99,100.0,throughput_heavy
0.8207826816681234,0.7378647873726218,0,1,A1,A1,58,99,100.0,severity_heavy
0.9999999999999999,1.0,1,1,A1,A1,58,99,125.0,equal
0.9999999999999999,1.0,1,1,A1,A1,58,99,125.0,criticality_heavy
0.9999999999999999,1.0,1,1,A1,A1,58,99,125.0,throughput_heavy
0.9999999999999999,1.0,1,1,A1,A1,58,99,125.0,severity_heavy
0.9999999999999999,1.0,1,1,A1,A1,58,99,150.0,equal
0.9999999999999999,1.0,1,1,A1,A1,58,99,150.0,criticality_heavy
0.9999999999999999,1.0,1,1,A1,A1,58,99,150.0,throughput_heavy
0.9999999999999999,1.0,1,1,A1,A1,58,99,150.0,severity_heavy
0.9746794344808963,0.9486832980505138,0,1,A3,A3,59,100,100.0,equal
0.8720815992723809,0.7378647873726218,0,0,A3,A5,59,100,100.0,criticality_heavy
0.8720815992723809,0.7378647873726218,0,0,A3,A5,59,100,100.0,throughput_heavy
0.9746794344808963,0.9486832980505138,0,1,A3,A3,59,100,100.0,severity_heavy
0.9999999999999999,1.0,1,1,A3,A3,59,100,125.0,equal
0.9999999999999999,1.0,1,1,A3,A3,59,100,125.0,criticality_heavy
0.9999999999999999,1.0,1,1,A3,A3,59,100,125.0,throughput_heavy
0.9999999999999999,1.0,1,1,A3,A3,59,100,125.0,severity_heavy
0.9999999999999999,1.0,1,1,A3,A3,59,100,150.0,equal
0.9999999999999999,1.0,1,1,A3,A3,59,100,150.0,criticality_heavy
0.9999999999999999,1.0,1,1,A3,A3,59,100,150.0,throughput_heavy
0.9999999999999999,1.0,1,1,A3,A3,59,100,150.0,severity_heavy
0.9746794344808963,0.9486832980505138,0,1,A3,A3,60,101,100.0,equal
0.9746794344808963,0.9486832980505138,0,1,A3,A3,60,101,100.0,criticality_heavy
0.9746794344808963,0.9486832980505138,0,1,A3,A3,60,101,100.0,throughput_heavy
0.9746794344808963,0.9486832980505138,0,1,A3,A3,60,101,100.0,severity_heavy
0.9999999999999999,1.0,1,1,A3,A3,60,101,125.0,equal
0.8999999999999998,0.8,0,1,A3,A3,60,101,125.0,criticality_heavy
0.9999999999999999,1.0,1,1,A3,A3,60,101,125.0,throughput_heavy
0.8999999999999998,0.8,0,1,A3,A3,60,101,125.0,severity_heavy
0.7999999999999999,0.6,0,0,A3,A2,60,101,150.0,equal
0.7999999999999999,0.6,0,0,A3,A2,60,101,150.0,criticality_heavy
0.7999999999999999,0.6,0,0,A3,A2,60,101,150.0,throughput_heavy
0.8999999999999998,0.8,0,1,A3,A3,60,101,150.0,severity_heavy
0.9746794344808963,0.9486832980505138,0,1,A4,A4,61,102,100.0,equal
0.9746794344808963,0.9486832980505138,0,1,A4,A4,61,102,100.0,criticality_heavy
0.9746794344808963,0.9486832980505138,0,1,A4,A4,61,102,100.0,throughput_heavy
0.9746794344808963,0.9486832980505138,0,1,A4,A4,61,102,100.0,severity_heavy
0.9999999999999999,1.0,1,1,A4,A4,61,102,125.0,equal
0.9999999999999999,1.0,1,1,A4,A4,61,102,125.0,criticality_heavy
0.9999999999999999,1.0,1,1,A4,A4,61,102,125.0,throughput_heavy
0.9999999999999999,1.0,1,1,A4,A4,61,102,125.0,severity_heavy
0.8999999999999998,0.8,0,0,A4,A1,61,102,150.0,equal
0.8999999999999998,0.8,0,0,A4,A1,61,102,150.0,criticality_heavy
0.8999999999999998,0.8,0,1,A4,A4,61,102,150.0,throughput_heavy
0.8999999999999998,0.8,0,1,A4,A4,61,102,150.0,severity_heavy
1.0,1.0,1,1,A3,A3,62,103,100.0,equal
1.0,1.0,1,1,A3,A3,62,103,100.0,criticality_heavy
1.0,1.0,1,1,A3,A3,62,103,100.0,throughput_heavy
1.0,1.0,1,1,A3,A3,62,103,100.0,severity_heavy
1.0,1.0,1,1,A3,A3,62,103,125.0,equal
1.0,1.0,1,1,A3,A3,62,103,125.0,criticality_heavy
1.0,1.0,1,1,A3,A3,62,103,125.0,throughput_heavy
1.0,1.0,1,1,A3,A3,62,103,125.0,severity_heavy
0.9746794344808964,0.9486832980505138,0,1,A3,A3,62,103,150.0,equal
0.9746794344808964,0.9486832980505138,0,1,A3,A3,62,103,150.0,criticality_heavy
0.9746794344808964,0.9486832980505138,0,1,A3,A3,62,103,150.0,throughput_heavy
0.9746794344808964,0.9486832980505138,0,1,A3,A3,62,103,150.0,severity_heavy
0.9746794344808963,0.9486832980505138,0,1,A1,A1,63,104,100.0,equal
0.9746794344808963,0.9486832980505138,0,1,A1,A1,63,104,100.0,criticality_heavy
0.9746794344808963,0.9486832980505138,0,1,A1,A1,63,104,100.0,throughput_heavy
0.9746794344808963,0.9486832980505138,0,1,A1,A1,63,104,100.0,severity_heavy
0.9999999999999999,1.0,1,1,A1,A1,63,104,125.0,equal
0.9999999999999999,1.0,1,1,A1,A1,63,104,125.0,criticality_heavy
0.9999999999999999,1.0,1,1,A1,A1,63,104,125.0,throughput_heavy
0.9999999999999999,1.0,1,1,A1,A1,63,104,125.0,severity_heavy
0.9999999999999999,1.0,1,1,A1,A1,63,104,150.0,equal
0.9999999999999999,1.0,1,1,A1,A1,63,104,150.0,criticality_heavy
0.9999999999999999,1.0,1,1,A1,A1,63,104,150.0,throughput_heavy
0.9999999999999999,1.0,1,1,A1,A1,63,104,150.0,severity_heavy
1.0,1.0,1,1,A2,A2,64,105,100.0,equal
1.0,1.0,1,1,A2,A2,64,105,100.0,criticality_heavy
1.0,1.0,1,1,A2,A2,64,105,100.0,throughput_heavy
1.0,1.0,1,1,A2,A2,64,105,100.0,severity_heavy
1.0,1.0,1,1,A2,A2,64,105,125.0,equal
1.0,1.0,1,1,A2,A2,64,105,125.0,criticality_heavy
1.0,1.0,1,1,A2,A2,64,105,125.0,throughput_heavy
1.0,1.0,1,1,A2,A2,64,105,125.0,severity_heavy
0.9746794344808964,0.9486832980505138,0,1,A2,A2,64,105,150.0,equal
0.9746794344808964,0.9486832980505138,0,1,A2,A2,64,105,150.0,criticality_heavy
0.9746794344808964,0.9486832980505138,0,1,A2,A2,64,105,150.0,throughput_heavy
0.9746794344808964,0.9486832980505138,0,1,A2,A2,64,105,150.0,severity_heavy
0.9746794344808963,0.9486832980505138,0,1,A4,A4,65,106,100.0,equal
0.9746794344808963,0.9486832980505138,0,1,A4,A4,65,106,100.0,criticality_heavy
0.9746794344808963,0.9486832980505138,0,1,A4,A4,65,106,100.0,throughput_heavy
0.9746794344808963,0.9486832980505138,0,1,A4,A4,65,106,100.0,severity_heavy
0.9999999999999999,1.0,1,1,A4,A4,65,106,125.0,equal
0.9999999999999999,1.0,1,1,A4,A4,65,106,125.0,criticality_heavy
0.9999999999999999,1.0,1,1,A4,A4,65,106,125.0,throughput_heavy
0.9999999999999999,1.0,1,1,A4,A4,65,106,125.0,severity_heavy
0.6,0.4,0,0,A4,A2,65,106,150.0,equal
0.6,0.4,0,0,A4,A2,65,106,150.0,criticality_heavy
0.6,0.4,0,0,A4,A2,65,106,150.0,throughput_heavy
0.7,0.6,0,0,A4,A2,65,106,150.0,severity_heavy
1.0,1.0,1,1,A5,A5,66,107,100.0,equal
1.0,1.0,1,1,A5,A5,66,107,100.0,criticality_heavy
1.0,1.0,1,1,A5,A5,66,107,100.0,throughput_heavy
1.0,1.0,1,1,A5,A5,66,107,100.0,severity_heavy
1.0,1.0,1,1,A5,A5,66,107,125.0,equal
1.0,1.0,1,1,A5,A5,66,107,125.0,criticality_heavy
1.0,1.0,1,1,A5,A5,66,107,125.0,throughput_heavy
1.0,1.0,1,1,A5,A5,66,107,125.0,severity_heavy
0.8720815992723809,0.7378647873726218,0,1,A5,A5,66,107,150.0,equal
0.8720815992723809,0.7378647873726218,0,1,A5,A5,66,107,150.0,criticality_heavy
0.8720815992723809,0.7378647873726218,0,1,A5,A5,66,107,150.0,throughput_heavy
0.8720815992723809,0.7378647873726218,0,1,A5,A5,66,107,150.0,severity_heavy
0.8947368421052632,0.7777777777777778,0,0,A3,A5,67,108,100.0,equal
0.8947368421052632,0.7777777777777778,0,0,A3,A5,67,108,100.0,criticality_heavy
0.8947368421052632,0.7777777777777778,0,0,A3,A5,67,108,100.0,throughput_heavy
0.8947368421052632,0.7777777777777778,0,0,A3,A5,67,108,100.0,severity_heavy
1.0,1.0,1,1,A3,A3,67,108,125.0,equal
1.0,1.0,1,1,A3,A3,67,108,125.0,criticality_heavy
1.0,1.0,1,1,A3,A3,67,108,125.0,throughput_heavy
1.0,1.0,1,1,A3,A3,67,108,125.0,severity_heavy
0.9746794344808964,0.9486832980505138,0,1,A3,A3,67,108,150.0,equal
0.9746794344808964,0.9486832980505138,0,1,A3,A3,67,108,150.0,criticality_heavy
0.9746794344808964,0.9486832980505138,0,1,A3,A3,67,108,150.0,throughput_heavy
0.9746794344808964,0.9486832980505138,0,1,A3,A3,67,108,150.0,severity_heavy
0.8947368421052632,0.7777777777777778,0,0,A2,A1,68,109,100.0,equal
0.8947368421052632,0.7777777777777778,0,0,A2,A1,68,109,100.0,criticality_heavy
0.8947368421052632,0.7777777777777778,0,0,A2,A1,68,109,100.0,throughput_heavy
0.8947368421052632,0.7777777777777778,0,0,A2,A1,68,109,100.0,severity_heavy
1.0,1.0,1,1,A2,A2,68,109,125.0,equal
1.0,1.0,1,1,A2,A2,68,109,125.0,criticality_heavy
1.0,1.0,1,1,A2,A2,68,109,125.0,throughput_heavy
1.0,1.0,1,1,A2,A2,68,109,125.0,severity_heavy
0.9746794344808964,0.9486832980505138,0,1,A2,A2,68,109,150.0,equal
0.9746794344808964,0.9486832980505138,0,1,A2,A2,68,109,150.0,criticality_heavy
0.9746794344808964,0.9486832980505138,0,1,A2,A2,68,109,150.0,throughput_heavy
0.9746794344808964,0.9486832980505138,0,1,A2,A2,68,109,150.0,severity_heavy
1.0,1.0,1,1,A1,A1,69,110,100.0,equal
1.0,1.0,1,1,A1,A1,69,110,100.0,criticality_heavy
1.0,1.0,1,1,A1,A1,69,110,100.0,throughput_heavy
1.0,1.0,1,1,A1,A1,69,110,100.0,severity_heavy
1.0,1.0,1,1,A1,A1,69,110,125.0,equal
1.0,1.0,1,1,A1,A1,69,110,125.0,criticality_heavy
1.0,1.0,1,1,A1,A1,69,110,125.0,throughput_heavy
1.0,1.0,1,1,A1,A1,69,110,125.0,severity_heavy
0.9746794344808964,0.9486832980505138,0,1,A1,A1,69,110,150.0,equal
0.9746794344808964,0.9486832980505138,0,1,A1,A1,69,110,150.0,criticality_heavy
0.9746794344808964,0.9486832980505138,0,1,A1,A1,69,110,150.0,throughput_heavy
0.9746794344808964,0.9486832980505138,0,1,A1,A1,69,110,150.0,severity_heavy
0.9746794344808963,0.9486832980505138,0,1,A3,A3,70,111,100.0,equal
0.9746794344808963,0.9486832980505138,0,1,A3,A3,70,111,100.0,criticality_heavy
0.9746794344808963,0.9486832980505138,0,1,A3,A3,70,111,100.0,throughput_heavy
0.9746794344808963,0.9486832980505138,0,1,A3,A3,70,111,100.0,severity_heavy
0.9999999999999999,1.0,1,1,A3,A3,70,111,125.0,equal
0.9999999999999999,1.0,1,1,A3,A3,70,111,125.0,criticality_heavy
0.9999999999999999,1.0,1,1,A3,A3,70,111,125.0,throughput_heavy
0.9999999999999999,1.0,1,1,A3,A3,70,111,125.0,severity_heavy
0.9999999999999999,1.0,1,1,A3,A3,70,111,150.0,equal
0.9999999999999999,1.0,1,1,A3,A3,70,111,150.0,criticality_heavy
0.9999999999999999,1.0,1,1,A3,A3,70,111,150.0,throughput_heavy
0.9999999999999999,1.0,1,1,A3,A3,70,111,150.0,severity_heavy
1.0,1.0,1,1,A3,A3,71,112,100.0,equal
1.0,1.0,1,1,A3,A3,71,112,100.0,criticality_heavy
1.0,1.0,1,1,A3,A3,71,112,100.0,throughput_heavy
1.0,1.0,1,1,A3,A3,71,112,100.0,severity_heavy
1.0,1.0,1,1,A3,A3,71,112,125.0,equal
1.0,1.0,1,1,A3,A3,71,112,125.0,criticality_heavy
1.0,1.0,1,1,A3,A3,71,112,125.0,throughput_heavy
1.0,1.0,1,1,A3,A3,71,112,125.0,severity_heavy
0.9746794344808964,0.9486832980505138,0,1,A3,A3,71,112,150.0,equal
0.8720815992723809,0.7378647873726218,0,1,A3,A3,71,112,150.0,criticality_heavy
0.9746794344808964,0.9486832980505138,0,1,A3,A3,71,112,150.0,throughput_heavy
0.8720815992723809,0.7378647873726218,0,1,A3,A3,71,112,150.0,severity_heavy
0.8720815992723809,0.7378647873726218,0,0,A3,A5,72,113,100.0,equal
0.8720815992723809,0.7378647873726218,0,0,A3,A5,72,113,100.0,criticality_heavy
0.8720815992723809,0.7378647873726218,0,0,A3,A5,72,113,100.0,throughput_heavy
0.8720815992723809,0.7378647873726218,0,0,A3,A5,72,113,100.0,severity_heavy
0.9999999999999999,1.0,1,1,A3,A3,72,113,125.0,equal
0.9999999999999999,1.0,1,1,A3,A3,72,113,125.0,criticality_heavy
0.9999999999999999,1.0,1,1,A3,A3,72,113,125.0,throughput_heavy
0.9999999999999999,1.0,1,1,A3,A3,72,113,125.0,severity_heavy
0.9999999999999999,1.0,1,1,A3,A3,72,113,150.0,equal
0.9999999999999999,1.0,1,1,A3,A3,72,113,150.0,criticality_heavy
0.9999999999999999,1.0,1,1,A3,A3,72,113,150.0,throughput_heavy
0.9999999999999999,1.0,1,1,A3,A3,72,113,150.0,severity_heavy
0.9746794344808963,0.9486832980505138,0,1,A3,A3,73,114,100.0,equal
0.9746794344808963,0.9486832980505138,0,1,A3,A3,73,114,100.0,criticality_heavy
0.9746794344808963,0.9486832980505138,0,1,A3,A3,73,114,100.0,throughput_heavy
0.9746794344808963,0.9486832980505138,0,1,A3,A3,73,114,100.0,severity_heavy
0.9999999999999999,1.0,1,1,A3,A3,73,114,125.0,equal
0.9999999999999999,1.0,1,1,A3,A3,73,114,125.0,criticality_heavy
0.9999999999999999,1.0,1,1,A3,A3,73,114,125.0,throughput_heavy
0.9999999999999999,1.0,1,1,A3,A3,73,114,125.0,severity_heavy
0.9999999999999999,1.0,1,1,A3,A3,73,114,150.0,equal
0.9999999999999999,1.0,1,1,A3,A3,73,114,150.0,criticality_heavy
0.9999999999999999,1.0,1,1,A3,A3,73,114,150.0,throughput_heavy
0.9999999999999999,1.0,1,1,A3,A3,73,114,150.0,severity_heavy
1.0,1.0,1,1,A5,A5,74,115,100.0,equal
1.0,1.0,1,1,A5,A5,74,115,100.0,criticality_heavy
1.0,1.0,1,1,A5,A5,74,115,100.0,throughput_heavy
1.0,1.0,1,1,A5,A5,74,115,100.0,severity_heavy
1.0,1.0,1,1,A5,A5,74,115,125.0,equal
1.0,1.0,1,1,A5,A5,74,115,125.0,criticality_heavy
1.0,1.0,1,1,A5,A5,74,115,125.0,throughput_heavy
1.0,1.0,1,1,A5,A5,74,115,125.0,severity_heavy
0.8720815992723809,0.7378647873726218,0,1,A5,A5,74,115,150.0,equal
0.8720815992723809,0.7378647873726218,0,1,A5,A5,74,115,150.0,criticality_heavy
0.8720815992723809,0.7378647873726218,0,1,A5,A5,74,115,150.0,throughput_heavy
0.8720815992723809,0.7378647873726218,0,1,A5,A5,74,115,150.0,severity_heavy
1.0,1.0,1,1,A2,A2,75,116,100.0,equal
1.0,1.0,1,1,A2,A2,75,116,100.0,criticality_heavy
1.0,1.0,1,1,A2,A2,75,116,100.0,throughput_heavy
1.0,1.0,1,1,A2,A2,75,116,100.0,severity_heavy
1.0,1.0,1,1,A2,A2,75,116,125.0,equal
1.0,1.0,1,1,A2,A2,75,116,125.0,criticality_heavy
1.0,1.0,1,1,A2,A2,75,116,125.0,throughput_heavy
1.0,1.0,1,1,A2,A2,75,116,125.0,severity_heavy
0.9746794344808964,0.9486832980505138,0,1,A2,A2,75,116,150.0,equal
0.9746794344808964,0.9486832980505138,0,1,A2,A2,75,116,150.0,criticality_heavy
0.9746794344808964,0.9486832980505138,0,1,A2,A2,75,116,150.0,throughput_heavy
0.9746794344808964,0.9486832980505138,0,1,A2,A2,75,116,150.0,severity_heavy
0.9746794344808963,0.9486832980505138,0,1,A1,A1,76,117,100.0,equal
0.9746794344808963,0.9486832980505138,0,1,A1,A1,76,117,100.0,criticality_heavy
0.9746794344808963,0.9486832980505138,0,1,A1,A1,76,117,100.0,throughput_heavy
0.9746794344808963,0.9486832980505138,0,1,A1,A1,76,117,100.0,severity_heavy
0.9999999999999999,1.0,1,1,A1,A1,76,117,125.0,equal
0.9999999999999999,1.0,1,1,A1,A1,76,117,125.0,criticality_heavy
0.9999999999999999,1.0,1,1,A1,A1,76,117,125.0,throughput_heavy
0.9999999999999999,1.0,1,1,A1,A1,76,117,125.0,severity_heavy
0.8999999999999998,0.8,0,1,A1,A1,76,117,150.0,equal
0.8999999999999998,0.8,0,1,A1,A1,76,117,150.0,criticality_heavy
0.8999999999999998,0.8,0,1,A1,A1,76,117,150.0,throughput_heavy
0.8999999999999998,0.8,0,1,A1,A1,76,117,150.0,severity_heavy
1.0,1.0,1,1,A3,A3,77,118,100.0,equal
1.0,1.0,1,1,A3,A3,77,118,100.0,criticality_heavy
1.0,1.0,1,1,A3,A3,77,118,100.0,throughput_heavy
1.0,1.0,1,1,A3,A3,77,118,100.0,severity_heavy
1.0,1.0,1,1,A3,A3,77,118,125.0,equal
1.0,1.0,1,1,A3,A3,77,118,125.0,criticality_heavy
1.0,1.0,1,1,A3,A3,77,118,125.0,throughput_heavy
1.0,1.0,1,1,A3,A3,77,118,125.0,severity_heavy
0.9746794344808964,0.9486832980505138,0,1,A3,A3,77,118,150.0,equal
0.9746794344808964,0.9486832980505138,0,1,A3,A3,77,118,150.0,criticality_heavy
0.9746794344808964,0.9486832980505138,0,1,A3,A3,77,118,150.0,throughput_heavy
0.9746794344808964,0.9486832980505138,0,1,A3,A3,77,118,150.0,severity_heavy
0.9746794344808963,0.9486832980505138,0,1,A1,A1,78,119,100.0,equal
0.9746794344808963,0.9486832980505138,0,1,A1,A1,78,119,100.0,criticality_heavy
0.9746794344808963,0.9486832980505138,0,1,A1,A1,78,119,100.0,throughput_heavy
0.9746794344808963,0.9486832980505138,0,1,A1,A1,78,119,100.0,severity_heavy
0.9999999999999999,1.0,1,1,A1,A1,78,119,125.0,equal
0.9999999999999999,1.0,1,1,A1,A1,78,119,125.0,criticality_heavy
0.8999999999999998,0.8,0,0,A1,A2,78,119,125.0,throughput_heavy
0.9999999999999999,1.0,1,1,A1,A1,78,119,125.0,severity_heavy
0.8999999999999998,0.8,0,0,A1,A2,78,119,150.0,equal
0.8999999999999998,0.8,0,0,A1,A2,78,119,150.0,criticality_heavy
0.8999999999999998,0.8,0,0,A1,A2,78,119,150.0,throughput_heavy
0.8999999999999998,0.8,0,0,A1,A2,78,119,150.0,severity_heavy
0.9999999999999999,1.0,1,1,A3,A3,79,120,100.0,equal
0.9999999999999999,1.0,1,1,A3,A3,79,120,100.0,criticality_heavy
0.9999999999999999,1.0,1,1,A3,A3,79,120,100.0,throughput_heavy
0.9999999999999999,1.0,1,1,A3,A3,79,120,100.0,severity_heavy
0.9999999999999999,1.0,1,1,A3,A3,79,120,125.0,equal
0.9999999999999999,1.0,1,1,A3,A3,79,120,125.0,criticality_heavy
0.9999999999999999,1.0,1,1,A3,A3,79,120,125.0,throughput_heavy
0.9999999999999999,1.0,1,1,A3,A3,79,120,125.0,severity_heavy
0.9999999999999999,1.0,1,1,A3,A3,79,120,150.0,equal
0.9999999999999999,1.0,1,1,A3,A3,79,120,150.0,criticality_heavy
0.9999999999999999,1.0,1,1,A3,A3,79,120,150.0,throughput_heavy
0.9999999999999999,1.0,1,1,A3,A3,79,120,150.0,severity_heavy
0.9746794344808963,0.9486832980505138,0,1,A3,A3,80,121,100.0,equal
0.9746794344808963,0.9486832980505138,0,1,A3,A3,80,121,100.0,criticality_heavy
0.9746794344808963,0.9486832980505138,0,1,A3,A3,80,121,100.0,throughput_heavy
0.9746794344808963,0.9486832980505138,0,1,A3,A3,80,121,100.0,severity_heavy
0.9999999999999999,1.0,1,1,A3,A3,80,121,125.0,equal
0.9999999999999999,1.0,1,1,A3,A3,80,121,125.0,criticality_heavy
0.9999999999999999,1.0,1,1,A3,A3,80,121,125.0,throughput_heavy
0.9999999999999999,1.0,1,1,A3,A3,80,121,125.0,severity_heavy
0.9999999999999999,1.0,1,1,A3,A3,80,121,150.0,equal
0.9999999999999999,1.0,1,1,A3,A3,80,121,150.0,criticality_heavy
0.9999999999999999,1.0,1,1,A3,A3,80,121,150.0,throughput_heavy
0.9999999999999999,1.0,1,1,A3,A3,80,121,150.0,severity_heavy
0.9746794344808963,0.9486832980505138,0,1,A5,A5,81,122,100.0,equal
0.9746794344808963,0.9486832980505138,0,1,A5,A5,81,122,100.0,criticality_heavy
0.9746794344808963,0.9486832980505138,0,1,A5,A5,81,122,100.0,throughput_heavy
0.9746794344808963,0.9486832980505138,0,1,A5,A5,81,122,100.0,severity_heavy
0.9999999999999999,1.0,1,1,A5,A5,81,122,125.0,equal
0.9999999999999999,1.0,1,1,A5,A5,81,122,125.0,criticality_heavy
0.9999999999999999,1.0,1,1,A5,A5,81,122,125.0,throughput_heavy
0.9999999999999999,1.0,1,1,A5,A5,81,122,125.0,severity_heavy
0.7,0.6,0,0,A5,A3,81,122,150.0,equal
0.8999999999999998,0.8,0,1,A5,A5,81,122,150.0,criticality_heavy
0.8999999999999998,0.8,0,1,A5,A5,81,122,150.0,throughput_heavy
0.7,0.6,0,0,A5,A3,81,122,150.0,severity_heavy
0.8999999999999998,0.8,0,1,A3,A3,82,123,100.0,equal
0.8999999999999998,0.8,0,1,A3,A3,82,123,100.0,criticality_heavy
0.8999999999999998,0.8,0,1,A3,A3,82,123,100.0,throughput_heavy
0.8999999999999998,0.8,0,1,A3,A3,82,123,100.0,severity_heavy
0.9999999999999999,1.0,1,1,A3,A3,82,123,125.0,equal
0.9999999999999999,1.0,1,1,A3,A3,82,123,125.0,criticality_heavy
0.9999999999999999,1.0,1,1,A3,A3,82,123,125.0,throughput_heavy
0.9999999999999999,1.0,1,1,A3,A3,82,123,125.0,severity_heavy
0.9999999999999999,1.0,1,1,A3,A3,82,123,150.0,equal
0.9999999999999999,1.0,1,1,A3,A3,82,123,150.0,criticality_heavy
0.9999999999999999,1.0,1,1,A3,A3,82,123,150.0,throughput_heavy
0.9999999999999999,1.0,1,1,A3,A3,82,123,150.0,severity_heavy
1.0,1.0,1,1,A3,A3,83,124,100.0,equal
1.0,1.0,1,1,A3,A3,83,124,100.0,criticality_heavy
1.0,1.0,1,1,A3,A3,83,124,100.0,throughput_heavy
1.0,1.0,1,1,A3,A3,83,124,100.0,severity_heavy
1.0,1.0,1,1,A3,A3,83,124,125.0,equal
1.0,1.0,1,1,A3,A3,83,124,125.0,criticality_heavy
1.0,1.0,1,1,A3,A3,83,124,125.0,throughput_heavy
1.0,1.0,1,1,A3,A3,83,124,125.0,severity_heavy
0.9746794344808964,0.9486832980505138,0,1,A3,A3,83,124,150.0,equal
0.9746794344808964,0.9486832980505138,0,1,A3,A3,83,124,150.0,criticality_heavy
0.9746794344808964,0.9486832980505138,0,1,A3,A3,83,124,150.0,throughput_heavy
0.9746794344808964,0.9486832980505138,0,1,A3,A3,83,124,150.0,severity_heavy
1.0,1.0,1,1,A2,A2,84,125,100.0,equal
1.0,1.0,1,1,A2,A2,84,125,100.0,criticality_heavy
1.0,1.0,1,1,A2,A2,84,125,100.0,throughput_heavy
1.0,1.0,1,1,A2,A2,84,125,100.0,severity_heavy
1.0,1.0,1,1,A2,A2,84,125,125.0,equal
1.0,1.0,1,1,A2,A2,84,125,125.0,criticality_heavy
1.0,1.0,1,1,A2,A2,84,125,125.0,throughput_heavy
1.0,1.0,1,1,A2,A2,84,125,125.0,severity_heavy
0.9746794344808964,0.9486832980505138,0,1,A2,A2,84,125,150.0,equal
0.9746794344808964,0.9486832980505138,0,1,A2,A2,84,125,150.0,criticality_heavy
0.9746794344808964,0.9486832980505138,0,1,A2,A2,84,125,150.0,throughput_heavy
0.9746794344808964,0.9486832980505138,0,1,A2,A2,84,125,150.0,severity_heavy
1.0,1.0,1,1,A5,A5,85,126,100.0,equal
1.0,1.0,1,1,A5,A5,85,126,100.0,criticality_heavy
1.0,1.0,1,1,A5,A5,85,126,100.0,throughput_heavy
1.0,1.0,1,1,A5,A5,85,126,100.0,severity_heavy
1.0,1.0,1,1,A5,A5,85,126,125.0,equal
1.0,1.0,1,1,A5,A5,85,126,125.0,criticality_heavy
1.0,1.0,1,1,A5,A5,85,126,125.0,throughput_heavy
1.0,1.0,1,1,A5,A5,85,126,125.0,severity_heavy
0.9746794344808964,0.9486832980505138,0,1,A5,A5,85,126,150.0,equal
0.8720815992723809,0.7378647873726218,0,0,A5,A1,85,126,150.0,criticality_heavy
0.9746794344808964,0.9486832980505138,0,1,A5,A5,85,126,150.0,throughput_heavy
0.8720815992723809,0.7378647873726218,0,0,A5,A1,85,126,150.0,severity_heavy
0.8947368421052632,0.7777777777777778,0,1,A3,A3,86,127,100.0,equal
0.8947368421052632,0.7777777777777778,0,1,A3,A3,86,127,100.0,criticality_heavy
0.8947368421052632,0.7777777777777778,0,1,A3,A3,86,127,100.0,throughput_heavy
0.8947368421052632,0.7777777777777778,0,1,A3,A3,86,127,100.0,severity_heavy
1.0,1.0,1,1,A3,A3,86,127,125.0,equal
1.0,1.0,1,1,A3,A3,86,127,125.0,criticality_heavy
1.0,1.0,1,1,A3,A3,86,127,125.0,throughput_heavy
1.0,1.0,1,1,A3,A3,86,127,125.0,severity_heavy
0.9746794344808964,0.9486832980505138,0,1,A3,A3,86,127,150.0,equal
0.9746794344808964,0.9486832980505138,0,1,A3,A3,86,127,150.0,criticality_heavy
0.9746794344808964,0.9486832980505138,0,1,A3,A3,86,127,150.0,throughput_heavy
0.9746794344808964,0.9486832980505138,0,1,A3,A3,86,127,150.0,severity_heavy
1.0,1.0,1,1,A3,A3,87,128,100.0,equal
1.0,1.0,1,1,A3,A3,87,128,100.0,criticality_heavy
1.0,1.0,1,1,A3,A3,87,128,100.0,throughput_heavy
1.0,1.0,1,1,A3,A3,87,128,100.0,severity_heavy
1.0,1.0,1,1,A3,A3,87,128,125.0,equal
1.0,1.0,1,1,A3,A3,87,128,125.0,criticality_heavy
1.0,1.0,1,1,A3,A3,87,128,125.0,throughput_heavy
1.0,1.0,1,1,A3,A3,87,128,125.0,severity_heavy
0.9746794344808964,0.9486832980505138,0,1,A3,A3,87,128,150.0,equal
0.9746794344808964,0.9486832980505138,0,1,A3,A3,87,128,150.0,criticality_heavy
0.9746794344808964,0.9486832980505138,0,1,A3,A3,87,128,150.0,throughput_heavy
0.9746794344808964,0.9486832980505138,0,1,A3,A3,87,128,150.0,severity_heavy
1.0,1.0,1,1,A5,A5,88,129,100.0,equal
1.0,1.0,1,1,A5,A5,88,129,100.0,criticality_heavy
1.0,1.0,1,1,A5,A5,88,129,100.0,throughput_heavy
1.0,1.0,1,1,A5,A5,88,129,100.0,severity_heavy
1.0,1.0,1,1,A5,A5,88,129,125.0,equal
1.0,1.0,1,1,A5,A5,88,129,125.0,criticality_heavy
1.0,1.0,1,1,A5,A5,88,129,125.0,throughput_heavy
1.0,1.0,1,1,A5,A5,88,129,125.0,severity_heavy
0.9746794344808964,0.9486832980505138,0,1,A5,A5,88,129,150.0,equal
0.9746794344808964,0.9486832980505138,0,1,A5,A5,88,129,150.0,criticality_heavy
0.9746794344808964,0.9486832980505138,0,1,A5,A5,88,129,150.0,throughput_heavy
0.8720815992723809,0.7378647873726218,0,0,A5,A3,88,129,150.0,severity_heavy
0.9999999999999999,1.0,1,1,A5,A5,89,130,100.0,equal
0.9999999999999999,1.0,1,1,A5,A5,89,130,100.0,criticality_heavy
0.9999999999999999,1.0,1,1,A5,A5,89,130,100.0,throughput_heavy
0.9999999999999999,1.0,1,1,A5,A5,89,130,100.0,severity_heavy
0.9999999999999999,1.0,1,1,A5,A5,89,130,125.0,equal
0.9999999999999999,1.0,1,1,A5,A5,89,130,125.0,criticality_heavy
0.9999999999999999,1.0,1,1,A5,A5,89,130,125.0,throughput_heavy
0.9999999999999999,1.0,1,1,A5,A5,89,130,125.0,severity_heavy
0.9999999999999999,1.0,1,1,A5,A5,89,130,150.0,equal
0.9999999999999999,1.0,1,1,A5,A5,89,130,150.0,criticality_heavy
0.9999999999999999,1.0,1,1,A5,A5,89,130,150.0,throughput_heavy
0.9999999999999999,1.0,1,1,A5,A5,89,130,150.0,severity_heavy
1.0,1.0,1,1,A1,A1,90,131,100.0,equal
1.0,1.0,1,1,A1,A1,90,131,100.0,criticality_heavy
1.0,1.0,1,1,A1,A1,90,131,100.0,throughput_heavy
1.0,1.0,1,1,A1,A1,90,131,100.0,severity_heavy
1.0,1.0,1,1,A1,A1,90,131,125.0,equal
1.0,1.0,1,1,A1,A1,90,131,125.0,criticality_heavy
1.0,1.0,1,1,A1,A1,90,131,125.0,throughput_heavy
1.0,1.0,1,1,A1,A1,90,131,125.0,severity_heavy
0.9746794344808964,0.9486832980505138,0,1,A1,A1,90,131,150.0,equal
0.9746794344808964,0.9486832980505138,0,1,A1,A1,90,131,150.0,criticality_heavy
0.9746794344808964,0.9486832980505138,0,1,A1,A1,90,131,150.0,throughput_heavy
0.9746794344808964,0.9486832980505138,0,1,A1,A1,90,131,150.0,severity_heavy
0.8947368421052632,0.7777777777777778,0,0,A2,A5,91,132,100.0,equal
0.8947368421052632,0.7777777777777778,0,0,A2,A5,91,132,100.0,criticality_heavy
0.8947368421052632,0.7777777777777778,0,0,A2,A5,91,132,100.0,throughput_heavy
0.8947368421052632,0.7777777777777778,0,0,A2,A5,91,132,100.0,severity_heavy
1.0,1.0,1,1,A2,A2,91,132,125.0,equal
1.0,1.0,1,1,A2,A2,91,132,125.0,criticality_heavy
1.0,1.0,1,1,A2,A2,91,132,125.0,throughput_heavy
1.0,1.0,1,1,A2,A2,91,132,125.0,severity_heavy
0.9746794344808964,0.9486832980505138,0,1,A2,A2,91,132,150.0,equal
0.9746794344808964,0.9486832980505138,0,1,A2,A2,91,132,150.0,criticality_heavy
0.9746794344808964,0.9486832980505138,0,1,A2,A2,91,132,150.0,throughput_heavy
0.9746794344808964,0.9486832980505138,0,1,A2,A2,91,132,150.0,severity_heavy
1.0,1.0,1,1,A3,A3,92,133,100.0,equal
1.0,1.0,1,1,A3,A3,92,133,100.0,criticality_heavy
1.0,1.0,1,1,A3,A3,92,133,100.0,throughput_heavy
1.0,1.0,1,1,A3,A3,92,133,100.0,severity_heavy
1.0,1.0,1,1,A3,A3,92,133,125.0,equal
1.0,1.0,1,1,A3,A3,92,133,125.0,criticality_heavy
1.0,1.0,1,1,A3,A3,92,133,125.0,throughput_heavy
1.0,1.0,1,1,A3,A3,92,133,125.0,severity_heavy
0.9746794344808964,0.9486832980505138,0,1,A3,A3,92,133,150.0,equal
0.9746794344808964,0.9486832980505138,0,1,A3,A3,92,133,150.0,criticality_heavy
0.9746794344808964,0.9486832980505138,0,1,A3,A3,92,133,150.0,throughput_heavy
0.9746794344808964,0.9486832980505138,0,1,A3,A3,92,133,150.0,severity_heavy
1.0,1.0,1,1,A2,A2,93,134,100.0,equal
1.0,1.0,1,1,A2,A2,93,134,100.0,criticality_heavy
1.0,1.0,1,1,A2,A2,93,134,100.0,throughput_heavy
1.0,1.0,1,1,A2,A2,93,134,100.0,severity_heavy
1.0,1.0,1,1,A2,A2,93,134,125.0,equal
1.0,1.0,1,1,A2,A2,93,134,125.0,criticality_heavy
1.0,1.0,1,1,A2,A2,93,134,125.0,throughput_heavy
1.0,1.0,1,1,A2,A2,93,134,125.0,severity_heavy
0.9746794344808964,0.9486832980505138,0,1,A2,A2,93,134,150.0,equal
0.9746794344808964,0.9486832980505138,0,1,A2,A2,93,134,150.0,criticality_heavy
0.9746794344808964,0.9486832980505138,0,1,A2,A2,93,134,150.0,throughput_heavy
0.9746794344808964,0.9486832980505138,0,1,A2,A2,93,134,150.0,severity_heavy
0.9746794344808963,0.9486832980505138,0,1,A2,A2,94,135,100.0,equal
0.9746794344808963,0.9486832980505138,0,1,A2,A2,94,135,100.0,criticality_heavy
0.9746794344808963,0.9486832980505138,0,1,A2,A2,94,135,100.0,throughput_heavy
0.9746794344808963,0.9486832980505138,0,1,A2,A2,94,135,100.0,severity_heavy
0.9999999999999999,1.0,1,1,A2,A2,94,135,125.0,equal
0.9999999999999999,1.0,1,1,A2,A2,94,135,125.0,criticality_heavy
0.9999999999999999,1.0,1,1,A2,A2,94,135,125.0,throughput_heavy
0.9999999999999999,1.0,1,1,A2,A2,94,135,125.0,severity_heavy
0.9999999999999999,1.0,1,1,A2,A2,94,135,150.0,equal
0.9999999999999999,1.0,1,1,A2,A2,94,135,150.0,criticality_heavy
0.9999999999999999,1.0,1,1,A2,A2,94,135,150.0,throughput_heavy
0.9999999999999999,1.0,1,1,A2,A2,94,135,150.0,severity_heavy
0.6,0.4,0,0,A3,A4,95,136,100.0,equal
0.6,0.4,0,0,A3,A4,95,136,100.0,criticality_heavy
0.6,0.4,0,0,A3,A4,95,136,100.0,throughput_heavy
0.6,0.4,0,0,A3,A4,95,136,100.0,severity_heavy
0.9999999999999999,1.0,1,1,A3,A3,95,136,125.0,equal
0.8999999999999998,0.8,0,0,A3,A1,95,136,125.0,criticality_heavy
0.9999999999999999,1.0,1,1,A3,A3,95,136,125.0,throughput_heavy
0.9999999999999999,1.0,1,1,A3,A3,95,136,125.0,severity_heavy
0.9999999999999999,1.0,1,1,A3,A3,95,136,150.0,equal
0.9999999999999999,1.0,1,1,A3,A3,95,136,150.0,criticality_heavy
0.9999999999999999,1.0,1,1,A3,A3,95,136,150.0,throughput_heavy
0.9999999999999999,1.0,1,1,A3,A3,95,136,150.0,severity_heavy
0.9746794344808963,0.9486832980505138,0,1,A1,A1,96,137,100.0,equal
0.9746794344808963,0.9486832980505138,0,1,A1,A1,96,137,100.0,criticality_heavy
0.9746794344808963,0.9486832980505138,0,1,A1,A1,96,137,100.0,throughput_heavy
0.9746794344808963,0.9486832980505138,0,1,A1,A1,96,137,100.0,severity_heavy
0.9999999999999999,1.0,1,1,A1,A1,96,137,125.0,equal
0.9999999999999999,1.0,1,1,A1,A1,96,137,125.0,criticality_heavy
0.9999999999999999,1.0,1,1,A1,A1,96,137,125.0,throughput_heavy
0.9999999999999999,1.0,1,1,A1,A1,96,137,125.0,severity_heavy
0.9999999999999999,1.0,1,1,A1,A1,96,137,150.0,equal
0.9999999999999999,1.0,1,1,A1,A1,96,137,150.0,criticality_heavy
0.8999999999999998,0.8,0,0,A1,A3,96,137,150.0,throughput_heavy
0.8999999999999998,0.8,0,0,A1,A3,96,137,150.0,severity_heavy
1.0,1.0,1,1,A1,A1,97,138,100.0,equal
1.0,1.0,1,1,A1,A1,97,138,100.0,criticality_heavy
1.0,1.0,1,1,A1,A1,97,138,100.0,throughput_heavy
1.0,1.0,1,1,A1,A1,97,138,100.0,severity_heavy
1.0,1.0,1,1,A1,A1,97,138,125.0,equal
1.0,1.0,1,1,A1,A1,97,138,125.0,criticality_heavy
1.0,1.0,1,1,A1,A1,97,138,125.0,throughput_heavy
1.0,1.0,1,1,A1,A1,97,138,125.0,severity_heavy
0.9746794344808964,0.9486832980505138,0,1,A1,A1,97,138,150.0,equal
0.9746794344808964,0.9486832980505138,0,1,A1,A1,97,138,150.0,criticality_heavy
0.9746794344808964,0.9486832980505138,0,1,A1,A1,97,138,150.0,throughput_heavy
0.9746794344808964,0.9486832980505138,0,1,A1,A1,97,138,150.0,severity_heavy
0.9746794344808963,0.9486832980505138,0,1,A2,A2,98,139,100.0,equal
0.9746794344808963,0.9486832980505138,0,1,A2,A2,98,139,100.0,criticality_heavy
0.9746794344808963,0.9486832980505138,0,1,A2,A2,98,139,100.0,throughput_heavy
0.9746794344808963,0.9486832980505138,0,1,A2,A2,98,139,100.0,severity_heavy
0.9999999999999999,1.0,1,1,A2,A2,98,139,125.0,equal
0.9999999999999999,1.0,1,1,A2,A2,98,139,125.0,criticality_heavy
0.9999999999999999,1.0,1,1,A2,A2,98,139,125.0,throughput_heavy
0.9999999999999999,1.0,1,1,A2,A2,98,139,125.0,severity_heavy
0.9999999999999999,1.0,1,1,A2,A2,98,139,150.0,equal
0.9999999999999999,1.0,1,1,A2,A2,98,139,150.0,criticality_heavy
0.9999999999999999,1.0,1,1,A2,A2,98,139,150.0,throughput_heavy
0.9999999999999999,1.0,1,1,A2,A2,98,139,150.0,severity_heavy
1.0,1.0,1,1,A1,A1,99,140,100.0,equal
1.0,1.0,1,1,A1,A1,99,140,100.0,criticality_heavy
1.0,1.0,1,1,A1,A1,99,140,100.0,throughput_heavy
1.0,1.0,1,1,A1,A1,99,140,100.0,severity_heavy
1.0,1.0,1,1,A1,A1,99,140,125.0,equal
1.0,1.0,1,1,A1,A1,99,140,125.0,criticality_heavy
1.0,1.0,1,1,A1,A1,99,140,125.0,throughput_heavy
1.0,1.0,1,1,A1,A1,99,140,125.0,severity_heavy
0.9746794344808964,0.9486832980505138,0,1,A1,A1,99,140,150.0,equal
0.9746794344808964,0.9486832980505138,0,1,A1,A1,99,140,150.0,criticality_heavy
0.9746794344808964,0.9486832980505138,0,1,A1,A1,99,140,150.0,throughput_heavy
0.9746794344808964,0.9486832980505138,0,1,A1,A1,99,140,150.0,severity_heavy
1.0,1.0,1,1,A1,A1,100,141,100.0,equal
1.0,1.0,1,1,A1,A1,100,141,100.0,criticality_heavy
1.0,1.0,1,1,A1,A1,100,141,100.0,throughput_heavy
1.0,1.0,1,1,A1,A1,100,141,100.0,severity_heavy
1.0,1.0,1,1,A1,A1,100,141,125.0,equal
1.0,1.0,1,1,A1,A1,100,141,125.0,criticality_heavy
1.0,1.0,1,1,A1,A1,100,141,125.0,throughput_heavy
1.0,1.0,1,1,A1,A1,100,141,125.0,severity_heavy
0.9746794344808964,0.9486832980505138,0,1,A1,A1,100,141,150.0,equal
0.9746794344808964,0.9486832980505138,0,1,A1,A1,100,141,150.0,criticality_heavy
0.9746794344808964,0.9486832980505138,0,1,A1,A1,100,141,150.0,throughput_heavy
0.9746794344808964,0.9486832980505138,0,1,A1,A1,100,141,150.0,severity_heavy
0.9746794344808963,0.9486832980505138,0,1,A2,A2,101,142,100.0,equal
0.9746794344808963,0.9486832980505138,0,1,A2,A2,101,142,100.0,criticality_heavy
0.9746794344808963,0.9486832980505138,0,1,A2,A2,101,142,100.0,throughput_heavy
0.9746794344808963,0.9486832980505138,0,1,A2,A2,101,142,100.0,severity_heavy
0.9999999999999999,1.0,1,1,A2,A2,101,142,125.0,equal
0.9999999999999999,1.0,1,1,A2,A2,101,142,125.0,criticality_heavy
0.9999999999999999,1.0,1,1,A2,A2,101,142,125.0,throughput_heavy
0.9999999999999999,1.0,1,1,A2,A2,101,142,125.0,severity_heavy
0.9999999999999999,1.0,1,1,A2,A2,101,142,150.0,equal
0.9999999999999999,1.0,1,1,A2,A2,101,142,150.0,criticality_heavy
0.9999999999999999,1.0,1,1,A2,A2,101,142,150.0,throughput_heavy
0.9999999999999999,1.0,1,1,A2,A2,101,142,150.0,severity_heavy
1.0,1.0,1,1,A2,A2,102,143,100.0,equal
1.0,1.0,1,1,A2,A2,102,143,100.0,criticality_heavy
1.0,1.0,1,1,A2,A2,102,143,100.0,throughput_heavy
1.0,1.0,1,1,A2,A2,102,143,100.0,severity_heavy
1.0,1.0,1,1,A2,A2,102,143,125.0,equal
1.0,1.0,1,1,A2,A2,102,143,125.0,criticality_heavy
1.0,1.0,1,1,A2,A2,102,143,125.0,throughput_heavy
1.0,1.0,1,1,A2,A2,102,143,125.0,severity_heavy
0.9746794344808964,0.9486832980505138,0,1,A2,A2,102,143,150.0,equal
0.9746794344808964,0.9486832980505138,0,1,A2,A2,102,143,150.0,criticality_heavy
0.9746794344808964,0.9486832980505138,0,1,A2,A2,102,143,150.0,throughput_heavy
0.9746794344808964,0.9486832980505138,0,1,A2,A2,102,143,150.0,severity_heavy
0.8999999999999998,0.8,0,1,A2,A2,103,144,100.0,equal
0.8999999999999998,0.8,0,1,A2,A2,103,144,100.0,criticality_heavy
0.8999999999999998,0.8,0,1,A2,A2,103,144,100.0,throughput_heavy
0.8999999999999998,0.8,0,1,A2,A2,103,144,100.0,severity_heavy
0.9999999999999999,1.0,1,1,A2,A2,103,144,125.0,equal
0.9999999999999999,1.0,1,1,A2,A2,103,144,125.0,criticality_heavy
0.9999999999999999,1.0,1,1,A2,A2,103,144,125.0,throughput_heavy
0.9999999999999999,1.0,1,1,A2,A2,103,144,125.0,severity_heavy
0.9999999999999999,1.0,1,1,A2,A2,103,144,150.0,equal
0.9999999999999999,1.0,1,1,A2,A2,103,144,150.0,criticality_heavy
0.9999999999999999,1.0,1,1,A2,A2,103,144,150.0,throughput_heavy
0.9999999999999999,1.0,1,1,A2,A2,103,144,150.0,severity_heavy
0.9746794344808963,0.9486832980505138,0,1,A5,A5,104,145,100.0,equal
0.9746794344808963,0.9486832980505138,0,1,A5,A5,104,145,100.0,criticality_heavy
0.9746794344808963,0.9486832980505138,0,1,A5,A5,104,145,100.0,throughput_heavy
0.9746794344808963,0.9486832980505138,0,1,A5,A5,104,145,100.0,severity_heavy
0.9999999999999999,1.0,1,1,A5,A5,104,145,125.0,equal
0.9999999999999999,1.0,1,1,A5,A5,104,145,125.0,criticality_heavy
0.9999999999999999,1.0,1,1,A5,A5,104,145,125.0,throughput_heavy
0.9999999999999999,1.0,1,1,A5,A5,104,145,125.0,severity_heavy
0.8999999999999998,0.8,0,1,A5,A5,104,145,150.0,equal
0.8999999999999998,0.8,0,1,A5,A5,104,145,150.0,criticality_heavy
0.8999999999999998,0.8,0,1,A5,A5,104,145,150.0,throughput_heavy
0.8999999999999998,0.8,0,1,A5,A5,104,145,150.0,severity_heavy
0.9746794344808963,0.9486832980505138,0,1,A1,A1,105,146,100.0,equal
0.9746794344808963,0.9486832980505138,0,1,A1,A1,105,146,100.0,criticality_heavy
0.8720815992723809,0.7378647873726218,0,0,A1,A5,105,146,100.0,throughput_heavy
0.9746794344808963,0.9486832980505138,0,1,A1,A1,105,146,100.0,severity_heavy
0.9999999999999999,1.0,1,1,A1,A1,105,146,125.0,equal
0.9999999999999999,1.0,1,1,A1,A1,105,146,125.0,criticality_heavy
0.9999999999999999,1.0,1,1,A1,A1,105,146,125.0,throughput_heavy
0.9999999999999999,1.0,1,1,A1,A1,105,146,125.0,severity_heavy
0.9999999999999999,1.0,1,1,A1,A1,105,146,150.0,equal
0.9999999999999999,1.0,1,1,A1,A1,105,146,150.0,criticality_heavy
0.9999999999999999,1.0,1,1,A1,A1,105,146,150.0,throughput_heavy
0.9999999999999999,1.0,1,1,A1,A1,105,146,150.0,severity_heavy
1.0,1.0,1,1,A1,A1,106,147,100.0,equal
1.0,1.0,1,1,A1,A1,106,147,100.0,criticality_heavy
1.0,1.0,1,1,A1,A1,106,147,100.0,throughput_heavy
1.0,1.0,1,1,A1,A1,106,147,100.0,severity_heavy
1.0,1.0,1,1,A1,A1,106,147,125.0,equal
1.0,1.0,1,1,A1,A1,106,147,125.0,criticality_heavy
0.8947368421052632,0.7777777777777778,0,0,A1,A3,106,147,125.0,throughput_heavy
0.8947368421052632,0.7777777777777778,0,0,A1,A3,106,147,125.0,severity_heavy
0.8720815992723809,0.7378647873726218,0,0,A1,A3,106,147,150.0,equal
0.9746794344808964,0.9486832980505138,0,1,A1,A1,106,147,150.0,criticality_heavy
0.8720815992723809,0.7378647873726218,0,0,A1,A3,106,147,150.0,throughput_heavy
0.8720815992723809,0.7378647873726218,0,0,A1,A3,106,147,150.0,severity_heavy
1.0,1.0,1,1,A2,A2,107,148,100.0,equal
1.0,1.0,1,1,A2,A2,107,148,100.0,criticality_heavy
1.0,1.0,1,1,A2,A2,107,148,100.0,throughput_heavy
1.0,1.0,1,1,A2,A2,107,148,100.0,severity_heavy
1.0,1.0,1,1,A2,A2,107,148,125.0,equal
1.0,1.0,1,1,A2,A2,107,148,125.0,criticality_heavy
1.0,1.0,1,1,A2,A2,107,148,125.0,throughput_heavy
1.0,1.0,1,1,A2,A2,107,148,125.0,severity_heavy
0.9746794344808964,0.9486832980505138,0,1,A2,A2,107,148,150.0,equal
0.9746794344808964,0.9486832980505138,0,1,A2,A2,107,148,150.0,criticality_heavy
0.9746794344808964,0.9486832980505138,0,1,A2,A2,107,148,150.0,throughput_heavy
0.9746794344808964,0.9486832980505138,0,1,A2,A2,107,148,150.0,severity_heavy
0.8720815992723809,0.7378647873726218,0,0,A2,A1,108,149,100.0,equal
0.8720815992723809,0.7378647873726218,0,0,A2,A1,108,149,100.0,criticality_heavy
0.8720815992723809,0.7378647873726218,0,0,A2,A1,108,149,100.0,throughput_heavy
0.8720815992723809,0.7378647873726218,0,0,A2,A1,108,149,100.0,severity_heavy
0.9999999999999999,1.0,1,1,A2,A2,108,149,125.0,equal
0.9999999999999999,1.0,1,1,A2,A2,108,149,125.0,criticality_heavy
0.9999999999999999,1.0,1,1,A2,A2,108,149,125.0,throughput_heavy
0.9999999999999999,1.0,1,1,A2,A2,108,149,125.0,severity_heavy
0.9999999999999999,1.0,1,1,A2,A2,108,149,150.0,equal
0.9999999999999999,1.0,1,1,A2,A2,108,149,150.0,criticality_heavy
0.9999999999999999,1.0,1,1,A2,A2,108,149,150.0,throughput_heavy
0.9999999999999999,1.0,1,1,A2,A2,108,149,150.0,severity_heavy
1.0,1.0,1,1,A4,A4,109,150,100.0,equal
1.0,1.0,1,1,A4,A4,109,150,100.0,criticality_heavy
1.0,1.0,1,1,A4,A4,109,150,100.0,throughput_heavy
1.0,1.0,1,1,A4,A4,109,150,100.0,severity_heavy
1.0,1.0,1,1,A4,A4,109,150,125.0,equal
1.0,1.0,1,1,A4,A4,109,150,125.0,criticality_heavy
1.0,1.0,1,1,A4,A4,109,150,125.0,throughput_heavy
1.0,1.0,1,1,A4,A4,109,150,125.0,severity_heavy
0.9746794344808964,0.9486832980505138,0,1,A4,A4,109,150,150.0,equal
0.8720815992723809,0.7378647873726218,0,0,A4,A5,109,150,150.0,criticality_heavy
0.8720815992723809,0.7378647873726218,0,0,A4,A5,109,150,150.0,throughput_heavy
0.8720815992723809,0.7378647873726218,0,1,A4,A4,109,150,150.0,severity_heavy
0.8207826816681234,0.7378647873726218,0,1,A1,A1,110,151,100.0,equal
0.8207826816681234,0.7378647873726218,0,1,A1,A1,110,151,100.0,criticality_heavy
0.8207826816681234,0.7378647873726218,0,1,A1,A1,110,151,100.0,throughput_heavy
0.8207826816681234,0.7378647873726218,0,1,A1,A1,110,151,100.0,severity_heavy
0.9999999999999999,1.0,1,1,A1,A1,110,151,125.0,equal
0.9999999999999999,1.0,1,1,A1,A1,110,151,125.0,criticality_heavy
0.8999999999999998,0.8,0,0,A1,A2,110,151,125.0,throughput_heavy
0.9999999999999999,1.0,1,1,A1,A1,110,151,125.0,severity_heavy
0.8999999999999998,0.8,0,0,A1,A2,110,151,150.0,equal
0.8999999999999998,0.8,0,0,A1,A2,110,151,150.0,criticality_heavy
0.8999999999999998,0.8,0,0,A1,A2,110,151,150.0,throughput_heavy
0.8999999999999998,0.8,0,0,A1,A2,110,151,150.0,severity_heavy
0.9746794344808963,0.9486832980505138,0,1,A2,A2,111,152,100.0,equal
0.9746794344808963,0.9486832980505138,0,1,A2,A2,111,152,100.0,criticality_heavy
0.9746794344808963,0.9486832980505138,0,1,A2,A2,111,152,100.0,throughput_heavy
0.9746794344808963,0.9486832980505138,0,1,A2,A2,111,152,100.0,severity_heavy
0.9999999999999999,1.0,1,1,A2,A2,111,152,125.0,equal
0.9999999999999999,1.0,1,1,A2,A2,111,152,125.0,criticality_heavy
0.9999999999999999,1.0,1,1,A2,A2,111,152,125.0,throughput_heavy
0.9999999999999999,1.0,1,1,A2,A2,111,152,125.0,severity_heavy
0.9999999999999999,1.0,1,1,A2,A2,111,152,150.0,equal
0.9999999999999999,1.0,1,1,A2,A2,111,152,150.0,criticality_heavy
0.9999999999999999,1.0,1,1,A2,A2,111,152,150.0,throughput_heavy
0.9999999999999999,1.0,1,1,A2,A2,111,152,150.0,severity_heavy
0.8947368421052632,0.7777777777777778,0,1,A1,A1,112,153,100.0,equal
0.8947368421052632,0.7777777777777778,0,1,A1,A1,112,153,100.0,criticality_heavy
0.8947368421052632,0.7777777777777778,0,1,A1,A1,112,153,100.0,throughput_heavy
0.8947368421052632,0.7777777777777778,0,1,A1,A1,112,153,100.0,severity_heavy
1.0,1.0,1,1,A1,A1,112,153,125.0,equal
1.0,1.0,1,1,A1,A1,112,153,125.0,criticality_heavy
1.0,1.0,1,1,A1,A1,112,153,125.0,throughput_heavy
1.0,1.0,1,1,A1,A1,112,153,125.0,severity_heavy
0.8720815992723809,0.7378647873726218,0,0,A1,A2,112,153,150.0,equal
0.8720815992723809,0.7378647873726218,0,0,A1,A2,112,153,150.0,criticality_heavy
0.8720815992723809,0.7378647873726218,0,0,A1,A2,112,153,150.0,throughput_heavy
0.8720815992723809,0.7378647873726218,0,0,A1,A2,112,153,150.0,severity_heavy
0.8720815992723809,0.7378647873726218,0,0,A5,A4,113,154,100.0,equal
0.9746794344808963,0.9486832980505138,0,1,A5,A5,113,154,100.0,criticality_heavy
0.9746794344808963,0.9486832980505138,0,1,A5,A5,113,154,100.0,throughput_heavy
0.8720815992723809,0.7378647873726218,0,0,A5,A4,113,154,100.0,severity_heavy
0.9999999999999999,1.0,1,1,A5,A5,113,154,125.0,equal
0.9999999999999999,1.0,1,1,A5,A5,113,154,125.0,criticality_heavy
0.9999999999999999,1.0,1,1,A5,A5,113,154,125.0,throughput_heavy
0.9999999999999999,1.0,1,1,A5,A5,113,154,125.0,severity_heavy
0.7,0.6,0,0,A5,A2,113,154,150.0,equal
0.7,0.6,0,0,A5,A2,113,154,150.0,criticality_heavy
0.7,0.6,0,0,A5,A2,113,154,150.0,throughput_heavy
0.7,0.6,0,0,A5,A2,113,154,150.0,severity_heavy
1.0,1.0,1,1,A1,A1,114,155,100.0,equal
1.0,1.0,1,1,A1,A1,114,155,100.0,criticality_heavy
1.0,1.0,1,1,A1,A1,114,155,100.0,throughput_heavy
1.0,1.0,1,1,A1,A1,114,155,100.0,severity_heavy
1.0,1.0,1,1,A1,A1,114,155,125.0,equal
1.0,1.0,1,1,A1,A1,114,155,125.0,criticality_heavy
1.0,1.0,1,1,A1,A1,114,155,125.0,throughput_heavy
1.0,1.0,1,1,A1,A1,114,155,125.0,severity_heavy
0.8720815992723809,0.7378647873726218,0,1,A1,A1,114,155,150.0,equal
0.8720815992723809,0.7378647873726218,0,1,A1,A1,114,155,150.0,criticality_heavy
0.8720815992723809,0.7378647873726218,0,1,A1,A1,114,155,150.0,throughput_heavy
0.8720815992723809,0.7378647873726218,0,1,A1,A1,114,155,150.0,severity_heavy
0.9746794344808963,0.9486832980505138,0,1,A4,A4,115,156,100.0,equal
0.9746794344808963,0.9486832980505138,0,1,A4,A4,115,156,100.0,criticality_heavy
0.9746794344808963,0.9486832980505138,0,1,A4,A4,115,156,100.0,throughput_heavy
0.9746794344808963,0.9486832980505138,0,1,A4,A4,115,156,100.0,severity_heavy
0.9999999999999999,1.0,1,1,A4,A4,115,156,125.0,equal
0.9999999999999999,1.0,1,1,A4,A4,115,156,125.0,criticality_heavy
0.9999999999999999,1.0,1,1,A4,A4,115,156,125.0,throughput_heavy
0.9999999999999999,1.0,1,1,A4,A4,115,156,125.0,severity_heavy
0.8999999999999998,0.8,0,1,A4,A4,115,156,150.0,equal
0.8999999999999998,0.8,0,1,A4,A4,115,156,150.0,criticality_heavy
0.8999999999999998,0.8,0,1,A4,A4,115,156,150.0,throughput_heavy
0.8999999999999998,0.8,0,1,A4,A4,115,156,150.0,severity_heavy
1.0,1.0,1,1,A2,A2,116,157,100.0,equal
1.0,1.0,1,1,A2,A2,116,157,100.0,criticality_heavy
1.0,1.0,1,1,A2,A2,116,157,100.0,throughput_heavy
1.0,1.0,1,1,A2,A2,116,157,100.0,severity_heavy
1.0,1.0,1,1,A2,A2,116,157,125.0,equal
1.0,1.0,1,1,A2,A2,116,157,125.0,criticality_heavy
1.0,1.0,1,1,A2,A2,116,157,125.0,throughput_heavy
1.0,1.0,1,1,A2,A2,116,157,125.0,severity_heavy
0.9746794344808964,0.9486832980505138,0,1,A2,A2,116,157,150.0,equal
0.9746794344808964,0.9486832980505138,0,1,A2,A2,116,157,150.0,criticality_heavy
0.9746794344808964,0.9486832980505138,0,1,A2,A2,116,157,150.0,throughput_heavy
0.9746794344808964,0.9486832980505138,0,1,A2,A2,116,157,150.0,severity_heavy
1.0,1.0,1,1,A3,A3,117,158,100.0,equal
1.0,1.0,1,1,A3,A3,117,158,100.0,criticality_heavy
1.0,1.0,1,1,A3,A3,117,158,100.0,throughput_heavy
1.0,1.0,1,1,A3,A3,117,158,100.0,severity_heavy
1.0,1.0,1,1,A3,A3,117,158,125.0,equal
1.0,1.0,1,1,A3,A3,117,158,125.0,criticality_heavy
1.0,1.0,1,1,A3,A3,117,158,125.0,throughput_heavy
1.0,1.0,1,1,A3,A3,117,158,125.0,severity_heavy
0.9746794344808964,0.9486832980505138,0,1,A3,A3,117,158,150.0,equal
0.9746794344808964,0.9486832980505138,0,1,A3,A3,117,158,150.0,criticality_heavy
0.9746794344808964,0.9486832980505138,0,1,A3,A3,117,158,150.0,throughput_heavy
0.9746794344808964,0.9486832980505138,0,1,A3,A3,117,158,150.0,severity_heavy
0.8207826816681234,0.7378647873726218,0,1,A3,A3,118,159,100.0,equal
0.8207826816681234,0.7378647873726218,0,1,A3,A3,118,159,100.0,criticality_heavy
0.8207826816681234,0.7378647873726218,0,1,A3,A3,118,159,100.0,throughput_heavy
0.8207826816681234,0.7378647873726218,0,1,A3,A3,118,159,100.0,severity_heavy
0.9999999999999999,1.0,1,1,A3,A3,118,159,125.0,equal
0.9999999999999999,1.0,1,1,A3,A3,118,159,125.0,criticality_heavy
0.9999999999999999,1.0,1,1,A3,A3,118,159,125.0,throughput_heavy
0.9999999999999999,1.0,1,1,A3,A3,118,159,125.0,severity_heavy
0.9999999999999999,1.0,1,1,A3,A3,118,159,150.0,equal
0.9999999999999999,1.0,1,1,A3,A3,118,159,150.0,criticality_heavy
0.9999999999999999,1.0,1,1,A3,A3,118,159,150.0,throughput_heavy
0.9999999999999999,1.0,1,1,A3,A3,118,159,150.0,severity_heavy
0.9746794344808963,0.9486832980505138,0,1,A5,A5,119,160,100.0,equal
0.9746794344808963,0.9486832980505138,0,1,A5,A5,119,160,100.0,criticality_heavy
0.9746794344808963,0.9486832980505138,0,1,A5,A5,119,160,100.0,throughput_heavy
0.9746794344808963,0.9486832980505138,0,1,A5,A5,119,160,100.0,severity_heavy
0.9999999999999999,1.0,1,1,A5,A5,119,160,125.0,equal
0.9999999999999999,1.0,1,1,A5,A5,119,160,125.0,criticality_heavy
0.9999999999999999,1.0,1,1,A5,A5,119,160,125.0,throughput_heavy
0.9999999999999999,1.0,1,1,A5,A5,119,160,125.0,severity_heavy
0.8999999999999998,0.8,0,1,A5,A5,119,160,150.0,equal
0.8999999999999998,0.8,0,1,A5,A5,119,160,150.0,criticality_heavy
0.8999999999999998,0.8,0,1,A5,A5,119,160,150.0,throughput_heavy
0.8999999999999998,0.8,0,1,A5,A5,119,160,150.0,severity_heavy
0.9746794344808963,0.9486832980505138,0,1,A3,A3,120,161,100.0,equal
0.9746794344808963,0.9486832980505138,0,1,A3,A3,120,161,100.0,criticality_heavy
0.9746794344808963,0.9486832980505138,0,1,A3,A3,120,161,100.0,throughput_heavy
0.9746794344808963,0.9486832980505138,0,1,A3,A3,120,161,100.0,severity_heavy
0.9999999999999999,1.0,1,1,A3,A3,120,161,125.0,equal
0.9999999999999999,1.0,1,1,A3,A3,120,161,125.0,criticality_heavy
0.9999999999999999,1.0,1,1,A3,A3,120,161,125.0,throughput_heavy
0.9999999999999999,1.0,1,1,A3,A3,120,161,125.0,severity_heavy
0.9999999999999999,1.0,1,1,A3,A3,120,161,150.0,equal
0.9999999999999999,1.0,1,1,A3,A3,120,161,150.0,criticality_heavy
0.9999999999999999,1.0,1,1,A3,A3,120,161,150.0,throughput_heavy
0.9999999999999999,1.0,1,1,A3,A3,120,161,150.0,severity_heavy
1.0,1.0,1,1,A2,A2,121,162,100.0,equal
0.8947368421052632,0.7777777777777778,0,0,A2,A5,121,162,100.0,criticality_heavy
0.8947368421052632,0.7777777777777778,0,0,A2,A5,121,162,100.0,throughput_heavy
1.0,1.0,1,1,A2,A2,121,162,100.0,severity_heavy
1.0,1.0,1,1,A2,A2,121,162,125.0,equal
1.0,1.0,1,1,A2,A2,121,162,125.0,criticality_heavy
1.0,1.0,1,1,A2,A2,121,162,125.0,throughput_heavy
1.0,1.0,1,1,A2,A2,121,162,125.0,severity_heavy
0.9746794344808964,0.9486832980505138,0,1,A2,A2,121,162,150.0,equal
0.9746794344808964,0.9486832980505138,0,1,A2,A2,121,162,150.0,criticality_heavy
0.9746794344808964,0.9486832980505138,0,1,A2,A2,121,162,150.0,throughput_heavy
0.9746794344808964,0.9486832980505138,0,1,A2,A2,121,162,150.0,severity_heavy
0.9746794344808963,0.9486832980505138,0,1,A2,A2,122,163,100.0,equal
0.9746794344808963,0.9486832980505138,0,1,A2,A2,122,163,100.0,criticality_heavy
0.9746794344808963,0.9486832980505138,0,1,A2,A2,122,163,100.0,throughput_heavy
0.9746794344808963,0.9486832980505138,0,1,A2,A2,122,163,100.0,severity_heavy
0.9999999999999999,1.0,1,1,A2,A2,122,163,125.0,equal
0.9999999999999999,1.0,1,1,A2,A2,122,163,125.0,criticality_heavy
0.9999999999999999,1.0,1,1,A2,A2,122,163,125.0,throughput_heavy
0.9999999999999999,1.0,1,1,A2,A2,122,163,125.0,severity_heavy
0.9999999999999999,1.0,1,1,A2,A2,122,163,150.0,equal
0.9999999999999999,1.0,1,1,A2,A2,122,163,150.0,criticality_heavy
0.9999999999999999,1.0,1,1,A2,A2,122,163,150.0,throughput_heavy
0.9999999999999999,1.0,1,1,A2,A2,122,163,150.0,severity_heavy
0.8720815992723809,0.7378647873726218,0,0,A1,A4,123,164,100.0,equal
0.8720815992723809,0.7378647873726218,0,0,A1,A4,123,164,100.0,criticality_heavy
0.8720815992723809,0.7378647873726218,0,0,A1,A4,123,164,100.0,throughput_heavy
0.8720815992723809,0.7378647873726218,0,0,A1,A4,123,164,100.0,severity_heavy
0.9999999999999999,1.0,1,1,A1,A1,123,164,125.0,equal
0.9999999999999999,1.0,1,1,A1,A1,123,164,125.0,criticality_heavy
0.9999999999999999,1.0,1,1,A1,A1,123,164,125.0,throughput_heavy
0.9999999999999999,1.0,1,1,A1,A1,123,164,125.0,severity_heavy
0.9999999999999999,1.0,1,1,A1,A1,123,164,150.0,equal
0.9999999999999999,1.0,1,1,A1,A1,123,164,150.0,criticality_heavy
0.9999999999999999,1.0,1,1,A1,A1,123,164,150.0,throughput_heavy
0.9999999999999999,1.0,1,1,A1,A1,123,164,150.0,severity_heavy
0.7181848464596079,0.5270462766947299,0,0,A3,A5,124,165,100.0,equal
0.7181848464596079,0.5270462766947299,0,0,A3,A5,124,165,100.0,criticality_heavy
0.7181848464596079,0.5270462766947299,0,0,A3,A5,124,165,100.0,throughput_heavy
0.7181848464596079,0.5270462766947299,0,0,A3,A5,124,165,100.0,severity_heavy
0.9999999999999999,1.0,1,1,A3,A3,124,165,125.0,equal
0.9999999999999999,1.0,1,1,A3,A3,124,165,125.0,criticality_heavy
0.9999999999999999,1.0,1,1,A3,A3,124,165,125.0,throughput_heavy
0.9999999999999999,1.0,1,1,A3,A3,124,165,125.0,severity_heavy
0.9999999999999999,1.0,1,1,A3,A3,124,165,150.0,equal
0.9999999999999999,1.0,1,1,A3,A3,124,165,150.0,criticality_heavy
0.9999999999999999,1.0,1,1,A3,A3,124,165,150.0,throughput_heavy
0.9999999999999999,1.0,1,1,A3,A3,124,165,150.0,severity_heavy
0.9746794344808963,0.9486832980505138,0,1,A3,A3,125,166,100.0,equal
0.9746794344808963,0.9486832980505138,0,1,A3,A3,125,166,100.0,criticality_heavy
0.9746794344808963,0.9486832980505138,0,1,A3,A3,125,166,100.0,throughput_heavy
0.9746794344808963,0.9486832980505138,0,1,A3,A3,125,166,100.0,severity_heavy
0.9999999999999999,1.0,1,1,A3,A3,125,166,125.0,equal
0.9999999999999999,1.0,1,1,A3,A3,125,166,125.0,criticality_heavy
0.9999999999999999,1.0,1,1,A3,A3,125,166,125.0,throughput_heavy
0.9999999999999999,1.0,1,1,A3,A3,125,166,125.0,severity_heavy
0.8999999999999998,0.8,0,1,A3,A3,125,166,150.0,equal
0.8999999999999998,0.8,0,1,A3,A3,125,166,150.0,criticality_heavy
0.9999999999999999,1.0,1,1,A3,A3,125,166,150.0,throughput_heavy
0.8999999999999998,0.8,0,1,A3,A3,125,166,150.0,severity_heavy
1.0,1.0,1,1,A2,A2,126,167,100.0,equal
1.0,1.0,1,1,A2,A2,126,167,100.0,criticality_heavy
1.0,1.0,1,1,A2,A2,126,167,100.0,throughput_heavy
1.0,1.0,1,1,A2,A2,126,167,100.0,severity_heavy
1.0,1.0,1,1,A2,A2,126,167,125.0,equal
1.0,1.0,1,1,A2,A2,126,167,125.0,criticality_heavy
1.0,1.0,1,1,A2,A2,126,167,125.0,throughput_heavy
1.0,1.0,1,1,A2,A2,126,167,125.0,severity_heavy
0.9746794344808964,0.9486832980505138,0,1,A2,A2,126,167,150.0,equal
0.9746794344808964,0.9486832980505138,0,1,A2,A2,126,167,150.0,criticality_heavy
0.9746794344808964,0.9486832980505138,0,1,A2,A2,126,167,150.0,throughput_heavy
0.9746794344808964,0.9486832980505138,0,1,A2,A2,126,167,150.0,severity_heavy
0.9746794344808963,0.9486832980505138,0,1,A2,A2,127,168,100.0,equal
0.9746794344808963,0.9486832980505138,0,1,A2,A2,127,168,100.0,criticality_heavy
0.9746794344808963,0.9486832980505138,0,1,A2,A2,127,168,100.0,throughput_heavy
0.9746794344808963,0.9486832980505138,0,1,A2,A2,127,168,100.0,severity_heavy
0.9999999999999999,1.0,1,1,A2,A2,127,168,125.0,equal
0.9999999999999999,1.0,1,1,A2,A2,127,168,125.0,criticality_heavy
0.9999999999999999,1.0,1,1,A2,A2,127,168,125.0,throughput_heavy
0.9999999999999999,1.0,1,1,A2,A2,127,168,125.0,severity_heavy
0.9999999999999999,1.0,1,1,A2,A2,127,168,150.0,equal
0.9999999999999999,1.0,1,1,A2,A2,127,168,150.0,criticality_heavy
0.9999999999999999,1.0,1,1,A2,A2,127,168,150.0,throughput_heavy
0.9999999999999999,1.0,1,1,A2,A2,127,168,150.0,severity_heavy
1.0,1.0,1,1,A2,A2,128,169,100.0,equal
1.0,1.0,1,1,A2,A2,128,169,100.0,criticality_heavy
1.0,1.0,1,1,A2,A2,128,169,100.0,throughput_heavy
1.0,1.0,1,1,A2,A2,128,169,100.0,severity_heavy
1.0,1.0,1,1,A2,A2,128,169,125.0,equal
1.0,1.0,1,1,A2,A2,128,169,125.0,criticality_heavy
1.0,1.0,1,1,A2,A2,128,169,125.0,throughput_heavy
1.0,1.0,1,1,A2,A2,128,169,125.0,severity_heavy
0.9746794344808964,0.9486832980505138,0,1,A2,A2,128,169,150.0,equal
0.9746794344808964,0.9486832980505138,0,1,A2,A2,128,169,150.0,criticality_heavy
0.9746794344808964,0.9486832980505138,0,1,A2,A2,128,169,150.0,throughput_heavy
0.9746794344808964,0.9486832980505138,0,1,A2,A2,128,169,150.0,severity_heavy
1.0,1.0,1,1,A2,A2,129,170,100.0,equal
1.0,1.0,1,1,A2,A2,129,170,100.0,criticality_heavy
1.0,1.0,1,1,A2,A2,129,170,100.0,throughput_heavy
1.0,1.0,1,1,A2,A2,129,170,100.0,severity_heavy
1.0,1.0,1,1,A2,A2,129,170,125.0,equal
1.0,1.0,1,1,A2,A2,129,170,125.0,criticality_heavy
1.0,1.0,1,1,A2,A2,129,170,125.0,throughput_heavy
1.0,1.0,1,1,A2,A2,129,170,125.0,severity_heavy
0.9746794344808964,0.9486832980505138,0,1,A2,A2,129,170,150.0,equal
0.9746794344808964,0.9486832980505138,0,1,A2,A2,129,170,150.0,criticality_heavy
0.9746794344808964,0.9486832980505138,0,1,A2,A2,129,170,150.0,throughput_heavy
0.9746794344808964,0.9486832980505138,0,1,A2,A2,129,170,150.0,severity_heavy
1.0,1.0,1,1,A4,A4,130,171,100.0,equal
1.0,1.0,1,1,A4,A4,130,171,100.0,criticality_heavy
1.0,1.0,1,1,A4,A4,130,171,100.0,throughput_heavy
1.0,1.0,1,1,A4,A4,130,171,100.0,severity_heavy
1.0,1.0,1,1,A4,A4,130,171,125.0,equal
0.8947368421052632,0.7777777777777778,0,0,A4,A1,130,171,125.0,criticality_heavy
1.0,1.0,1,1,A4,A4,130,171,125.0,throughput_heavy
1.0,1.0,1,1,A4,A4,130,171,125.0,severity_heavy
0.8720815992723809,0.7378647873726218,0,0,A4,A1,130,171,150.0,equal
0.8720815992723809,0.7378647873726218,0,0,A4,A1,130,171,150.0,criticality_heavy
0.8720815992723809,0.7378647873726218,0,0,A4,A1,130,171,150.0,throughput_heavy
0.8720815992723809,0.7378647873726218,0,0,A4,A1,130,171,150.0,severity_heavy
1.0,1.0,1,1,A5,A5,131,172,100.0,equal
1.0,1.0,1,1,A5,A5,131,172,100.0,criticality_heavy
1.0,1.0,1,1,A5,A5,131,172,100.0,throughput_heavy
1.0,1.0,1,1,A5,A5,131,172,100.0,severity_heavy
1.0,1.0,1,1,A5,A5,131,172,125.0,equal
1.0,1.0,1,1,A5,A5,131,172,125.0,criticality_heavy
1.0,1.0,1,1,A5,A5,131,172,125.0,throughput_heavy
1.0,1.0,1,1,A5,A5,131,172,125.0,severity_heavy
0.9746794344808964,0.9486832980505138,0,1,A5,A5,131,172,150.0,equal
0.9746794344808964,0.9486832980505138,0,1,A5,A5,131,172,150.0,criticality_heavy
0.9746794344808964,0.9486832980505138,0,1,A5,A5,131,172,150.0,throughput_heavy
0.9746794344808964,0.9486832980505138,0,1,A5,A5,131,172,150.0,severity_heavy
1.0,1.0,1,1,A3,A3,132,173,100.0,equal
1.0,1.0,1,1,A3,A3,132,173,100.0,criticality_heavy
1.0,1.0,1,1,A3,A3,132,173,100.0,throughput_heavy
1.0,1.0,1,1,A3,A3,132,173,100.0,severity_heavy
1.0,1.0,1,1,A3,A3,132,173,125.0,equal
1.0,1.0,1,1,A3,A3,132,173,125.0,criticality_heavy
1.0,1.0,1,1,A3,A3,132,173,125.0,throughput_heavy
1.0,1.0,1,1,A3,A3,132,173,125.0,severity_heavy
0.9746794344808964,0.9486832980505138,0,1,A3,A3,132,173,150.0,equal
0.9746794344808964,0.9486832980505138,0,1,A3,A3,132,173,150.0,criticality_heavy
0.9746794344808964,0.9486832980505138,0,1,A3,A3,132,173,150.0,throughput_heavy
0.9746794344808964,0.9486832980505138,0,1,A3,A3,132,173,150.0,severity_heavy
0.8947368421052632,0.7777777777777778,0,1,A1,A1,133,174,100.0,equal
0.8947368421052632,0.7777777777777778,0,1,A1,A1,133,174,100.0,criticality_heavy
0.8947368421052632,0.7777777777777778,0,1,A1,A1,133,174,100.0,throughput_heavy
0.8947368421052632,0.7777777777777778,0,1,A1,A1,133,174,100.0,severity_heavy
1.0,1.0,1,1,A1,A1,133,174,125.0,equal
1.0,1.0,1,1,A1,A1,133,174,125.0,criticality_heavy
1.0,1.0,1,1,A1,A1,133,174,125.0,throughput_heavy
1.0,1.0,1,1,A1,A1,133,174,125.0,severity_heavy
0.9746794344808964,0.9486832980505138,0,1,A1,A1,133,174,150.0,equal
0.9746794344808964,0.9486832980505138,0,1,A1,A1,133,174,150.0,criticality_heavy
0.9746794344808964,0.9486832980505138,0,1,A1,A1,133,174,150.0,throughput_heavy
0.9746794344808964,0.9486832980505138,0,1,A1,A1,133,174,150.0,severity_heavy
1.0,1.0,1,1,A2,A2,134,175,100.0,equal
1.0,1.0,1,1,A2,A2,134,175,100.0,criticality_heavy
1.0,1.0,1,1,A2,A2,134,175,100.0,throughput_heavy
1.0,1.0,1,1,A2,A2,134,175,100.0,severity_heavy
1.0,1.0,1,1,A2,A2,134,175,125.0,equal
1.0,1.0,1,1,A2,A2,134,175,125.0,criticality_heavy
1.0,1.0,1,1,A2,A2,134,175,125.0,throughput_heavy
1.0,1.0,1,1,A2,A2,134,175,125.0,severity_heavy
0.9746794344808964,0.9486832980505138,0,1,A2,A2,134,175,150.0,equal
0.8720815992723809,0.7378647873726218,0,1,A2,A2,134,175,150.0,criticality_heavy
0.9746794344808964,0.9486832980505138,0,1,A2,A2,134,175,150.0,throughput_heavy
0.9746794344808964,0.9486832980505138,0,1,A2,A2,134,175,150.0,severity_heavy
0.9746794344808963,0.9486832980505138,0,1,A2,A2,135,176,100.0,equal
0.9746794344808963,0.9486832980505138,0,1,A2,A2,135,176,100.0,criticality_heavy
0.9746794344808963,0.9486832980505138,0,1,A2,A2,135,176,100.0,throughput_heavy
0.9746794344808963,0.9486832980505138,0,1,A2,A2,135,176,100.0,severity_heavy
0.9999999999999999,1.0,1,1,A2,A2,135,176,125.0,equal
0.9999999999999999,1.0,1,1,A2,A2,135,176,125.0,criticality_heavy
0.9999999999999999,1.0,1,1,A2,A2,135,176,125.0,throughput_heavy
0.9999999999999999,1.0,1,1,A2,A2,135,176,125.0,severity_heavy
0.9999999999999999,1.0,1,1,A2,A2,135,176,150.0,equal
0.9999999999999999,1.0,1,1,A2,A2,135,176,150.0,criticality_heavy
0.9999999999999999,1.0,1,1,A2,A2,135,176,150.0,throughput_heavy
0.9999999999999999,1.0,1,1,A2,A2,135,176,150.0,severity_heavy
0.9746794344808963,0.9486832980505138,0,1,A3,A3,136,177,100.0,equal
0.9746794344808963,0.9486832980505138,0,1,A3,A3,136,177,100.0,criticality_heavy
0.9746794344808963,0.9486832980505138,0,1,A3,A3,136,177,100.0,throughput_heavy
0.9746794344808963,0.9486832980505138,0,1,A3,A3,136,177,100.0,severity_heavy
0.9999999999999999,1.0,1,1,A3,A3,136,177,125.0,equal
0.9999999999999999,1.0,1,1,A3,A3,136,177,125.0,criticality_heavy
0.9999999999999999,1.0,1,1,A3,A3,136,177,125.0,throughput_heavy
0.9999999999999999,1.0,1,1,A3,A3,136,177,125.0,severity_heavy
0.9999999999999999,1.0,1,1,A3,A3,136,177,150.0,equal
0.9999999999999999,1.0,1,1,A3,A3,136,177,150.0,criticality_heavy
0.9999999999999999,1.0,1,1,A3,A3,136,177,150.0,throughput_heavy
0.9999999999999999,1.0,1,1,A3,A3,136,177,150.0,severity_heavy
0.9746794344808963,0.9486832980505138,0,1,A4,A4,137,178,100.0,equal
0.9746794344808963,0.9486832980505138,0,1,A4,A4,137,178,100.0,criticality_heavy
0.9746794344808963,0.9486832980505138,0,1,A4,A4,137,178,100.0,throughput_heavy
0.9746794344808963,0.9486832980505138,0,1,A4,A4,137,178,100.0,severity_heavy
0.9999999999999999,1.0,1,1,A4,A4,137,178,125.0,equal
0.9999999999999999,1.0,1,1,A4,A4,137,178,125.0,criticality_heavy
0.9999999999999999,1.0,1,1,A4,A4,137,178,125.0,throughput_heavy
0.9999999999999999,1.0,1,1,A4,A4,137,178,125.0,severity_heavy
0.9999999999999999,1.0,1,1,A4,A4,137,178,150.0,equal
0.8999999999999998,0.8,0,0,A4,A5,137,178,150.0,criticality_heavy
0.8999999999999998,0.8,0,0,A4,A5,137,178,150.0,throughput_heavy
0.9999999999999999,1.0,1,1,A4,A4,137,178,150.0,severity_heavy
1.0,1.0,1,1,A3,A3,138,179,100.0,equal
1.0,1.0,1,1,A3,A3,138,179,100.0,criticality_heavy
1.0,1.0,1,1,A3,A3,138,179,100.0,throughput_heavy
1.0,1.0,1,1,A3,A3,138,179,100.0,severity_heavy
1.0,1.0,1,1,A3,A3,138,179,125.0,equal
1.0,1.0,1,1,A3,A3,138,179,125.0,criticality_heavy
1.0,1.0,1,1,A3,A3,138,179,125.0,throughput_heavy
1.0,1.0,1,1,A3,A3,138,179,125.0,severity_heavy
0.9746794344808964,0.9486832980505138,0,1,A3,A3,138,179,150.0,equal
0.9746794344808964,0.9486832980505138,0,1,A3,A3,138,179,150.0,criticality_heavy
0.9746794344808964,0.9486832980505138,0,1,A3,A3,138,179,150.0,throughput_heavy
0.9746794344808964,0.9486832980505138,0,1,A3,A3,138,179,150.0,severity_heavy
0.8720815992723809,0.7378647873726218,0,0,A3,A5,139,180,100.0,equal
0.8720815992723809,0.7378647873726218,0,0,A3,A5,139,180,100.0,criticality_heavy
0.8720815992723809,0.7378647873726218,0,0,A3,A5,139,180,100.0,throughput_heavy
0.8720815992723809,0.7378647873726218,0,0,A3,A5,139,180,100.0,severity_heavy
0.9999999999999999,1.0,1,1,A3,A3,139,180,125.0,equal
0.9999999999999999,1.0,1,1,A3,A3,139,180,125.0,criticality_heavy
0.9999999999999999,1.0,1,1,A3,A3,139,180,125.0,throughput_heavy
0.9999999999999999,1.0,1,1,A3,A3,139,180,125.0,severity_heavy
0.9999999999999999,1.0,1,1,A3,A3,139,180,150.0,equal
0.9999999999999999,1.0,1,1,A3,A3,139,180,150.0,criticality_heavy
0.9999999999999999,1.0,1,1,A3,A3,139,180,150.0,throughput_heavy
0.9999999999999999,1.0,1,1,A3,A3,139,180,150.0,severity_heavy
0.9746794344808963,0.9486832980505138,0,1,A4,A4,140,181,100.0,equal
0.9746794344808963,0.9486832980505138,0,1,A4,A4,140,181,100.0,criticality_heavy
0.9746794344808963,0.9486832980505138,0,1,A4,A4,140,181,100.0,throughput_heavy
0.9746794344808963,0.9486832980505138,0,1,A4,A4,140,181,100.0,severity_heavy
0.9999999999999999,1.0,1,1,A4,A4,140,181,125.0,equal
0.9999999999999999,1.0,1,1,A4,A4,140,181,125.0,criticality_heavy
0.9999999999999999,1.0,1,1,A4,A4,140,181,125.0,throughput_heavy
0.9999999999999999,1.0,1,1,A4,A4,140,181,125.0,severity_heavy
0.9999999999999999,1.0,1,1,A4,A4,140,181,150.0,equal
0.8999999999999998,0.8,0,0,A4,A5,140,181,150.0,criticality_heavy
0.8999999999999998,0.8,0,0,A4,A5,140,181,150.0,throughput_heavy
0.9999999999999999,1.0,1,1,A4,A4,140,181,150.0,severity_heavy
0.8720815992723809,0.7378647873726218,0,1,A5,A5,141,182,100.0,equal
0.8720815992723809,0.7378647873726218,0,1,A5,A5,141,182,100.0,criticality_heavy
0.8720815992723809,0.7378647873726218,0,1,A5,A5,141,182,100.0,throughput_heavy
0.8720815992723809,0.7378647873726218,0,1,A5,A5,141,182,100.0,severity_heavy
0.9999999999999999,1.0,1,1,A5,A5,141,182,125.0,equal
0.9999999999999999,1.0,1,1,A5,A5,141,182,125.0,criticality_heavy
0.9999999999999999,1.0,1,1,A5,A5,141,182,125.0,throughput_heavy
0.9999999999999999,1.0,1,1,A5,A5,141,182,125.0,severity_heavy
0.9999999999999999,1.0,1,1,A5,A5,141,182,150.0,equal
0.8999999999999998,0.8,0,1,A5,A5,141,182,150.0,criticality_heavy
0.8999999999999998,0.8,0,1,A5,A5,141,182,150.0,throughput_heavy
0.9999999999999999,1.0,1,1,A5,A5,141,182,150.0,severity_heavy
1.0,1.0,1,1,A1,A1,142,183,100.0,equal
1.0,1.0,1,1,A1,A1,142,183,100.0,criticality_heavy
1.0,1.0,1,1,A1,A1,142,183,100.0,throughput_heavy
1.0,1.0,1,1,A1,A1,142,183,100.0,severity_heavy
1.0,1.0,1,1,A1,A1,142,183,125.0,equal
1.0,1.0,1,1,A1,A1,142,183,125.0,criticality_heavy
1.0,1.0,1,1,A1,A1,142,183,125.0,throughput_heavy
1.0,1.0,1,1,A1,A1,142,183,125.0,severity_heavy
0.9746794344808964,0.9486832980505138,0,1,A1,A1,142,183,150.0,equal
0.9746794344808964,0.9486832980505138,0,1,A1,A1,142,183,150.0,criticality_heavy
0.9746794344808964,0.9486832980505138,0,1,A1,A1,142,183,150.0,throughput_heavy
0.9746794344808964,0.9486832980505138,0,1,A1,A1,142,183,150.0,severity_heavy
0.8207826816681234,0.7378647873726218,0,1,A1,A1,143,184,100.0,equal
0.8207826816681234,0.7378647873726218,0,1,A1,A1,143,184,100.0,criticality_heavy
0.8207826816681234,0.7378647873726218,0,1,A1,A1,143,184,100.0,throughput_heavy
0.8207826816681234,0.7378647873726218,0,1,A1,A1,143,184,100.0,severity_heavy
0.9999999999999999,1.0,1,1,A1,A1,143,184,125.0,equal
0.9999999999999999,1.0,1,1,A1,A1,143,184,125.0,criticality_heavy
0.9999999999999999,1.0,1,1,A1,A1,143,184,125.0,throughput_heavy
0.9999999999999999,1.0,1,1,A1,A1,143,184,125.0,severity_heavy
0.9999999999999999,1.0,1,1,A1,A1,143,184,150.0,equal
0.9999999999999999,1.0,1,1,A1,A1,143,184,150.0,criticality_heavy
0.9999999999999999,1.0,1,1,A1,A1,143,184,150.0,throughput_heavy
0.9999999999999999,1.0,1,1,A1,A1,143,184,150.0,severity_heavy
1.0,1.0,1,1,A2,A2,144,185,100.0,equal
1.0,1.0,1,1,A2,A2,144,185,100.0,criticality_heavy
1.0,1.0,1,1,A2,A2,144,185,100.0,throughput_heavy
1.0,1.0,1,1,A2,A2,144,185,100.0,severity_heavy
1.0,1.0,1,1,A2,A2,144,185,125.0,equal
1.0,1.0,1,1,A2,A2,144,185,125.0,criticality_heavy
1.0,1.0,1,1,A2,A2,144,185,125.0,throughput_heavy
1.0,1.0,1,1,A2,A2,144,185,125.0,severity_heavy
0.9746794344808964,0.9486832980505138,0,1,A2,A2,144,185,150.0,equal
0.9746794344808964,0.9486832980505138,0,1,A2,A2,144,185,150.0,criticality_heavy
0.9746794344808964,0.9486832980505138,0,1,A2,A2,144,185,150.0,throughput_heavy
0.9746794344808964,0.9486832980505138,0,1,A2,A2,144,185,150.0,severity_heavy
1.0,1.0,1,1,A2,A2,145,186,100.0,equal
1.0,1.0,1,1,A2,A2,145,186,100.0,criticality_heavy
1.0,1.0,1,1,A2,A2,145,186,100.0,throughput_heavy
1.0,1.0,1,1,A2,A2,145,186,100.0,severity_heavy
1.0,1.0,1,1,A2,A2,145,186,125.0,equal
1.0,1.0,1,1,A2,A2,145,186,125.0,criticality_heavy
1.0,1.0,1,1,A2,A2,145,186,125.0,throughput_heavy
1.0,1.0,1,1,A2,A2,145,186,125.0,severity_heavy
0.9746794344808964,0.9486832980505138,0,1,A2,A2,145,186,150.0,equal
0.9746794344808964,0.9486832980505138,0,1,A2,A2,145,186,150.0,criticality_heavy
0.9746794344808964,0.9486832980505138,0,1,A2,A2,145,186,150.0,throughput_heavy
0.9746794344808964,0.9486832980505138,0,1,A2,A2,145,186,150.0,severity_heavy
0.8720815992723809,0.7378647873726218,0,1,A5,A5,146,187,100.0,equal
0.8720815992723809,0.7378647873726218,0,1,A5,A5,146,187,100.0,criticality_heavy
0.8720815992723809,0.7378647873726218,0,1,A5,A5,146,187,100.0,throughput_heavy
0.8720815992723809,0.7378647873726218,0,1,A5,A5,146,187,100.0,severity_heavy
0.9999999999999999,1.0,1,1,A5,A5,146,187,125.0,equal
0.9999999999999999,1.0,1,1,A5,A5,146,187,125.0,criticality_heavy
0.9999999999999999,1.0,1,1,A5,A5,146,187,125.0,throughput_heavy
0.9999999999999999,1.0,1,1,A5,A5,146,187,125.0,severity_heavy
0.9999999999999999,1.0,1,1,A5,A5,146,187,150.0,equal
0.9999999999999999,1.0,1,1,A5,A5,146,187,150.0,criticality_heavy
0.9999999999999999,1.0,1,1,A5,A5,146,187,150.0,throughput_heavy
0.9999999999999999,1.0,1,1,A5,A5,146,187,150.0,severity_heavy
0.9746794344808963,0.9486832980505138,0,1,A1,A1,147,188,100.0,equal
0.9746794344808963,0.9486832980505138,0,1,A1,A1,147,188,100.0,criticality_heavy
0.9746794344808963,0.9486832980505138,0,1,A1,A1,147,188,100.0,throughput_heavy
0.9746794344808963,0.9486832980505138,0,1,A1,A1,147,188,100.0,severity_heavy
0.9999999999999999,1.0,1,1,A1,A1,147,188,125.0,equal
0.9999999999999999,1.0,1,1,A1,A1,147,188,125.0,criticality_heavy
0.9999999999999999,1.0,1,1,A1,A1,147,188,125.0,throughput_heavy
0.9999999999999999,1.0,1,1,A1,A1,147,188,125.0,severity_heavy
0.8999999999999998,0.8,0,0,A1,A2,147,188,150.0,equal
0.9999999999999999,1.0,1,1,A1,A1,147,188,150.0,criticality_heavy
0.8999999999999998,0.8,0,0,A1,A2,147,188,150.0,throughput_heavy
0.9999999999999999,1.0,1,1,A1,A1,147,188,150.0,severity_heavy
0.9746794344808963,0.9486832980505138,0,1,A4,A4,148,189,100.0,equal
0.9746794344808963,0.9486832980505138,0,1,A4,A4,148,189,100.0,criticality_heavy
0.9746794344808963,0.9486832980505138,0,1,A4,A4,148,189,100.0,throughput_heavy
0.9746794344808963,0.9486832980505138,0,1,A4,A4,148,189,100.0,severity_heavy
0.9999999999999999,1.0,1,1,A4,A4,148,189,125.0,equal
0.9999999999999999,1.0,1,1,A4,A4,148,189,125.0,criticality_heavy
0.9999999999999999,1.0,1,1,A4,A4,148,189,125.0,throughput_heavy
0.9999999999999999,1.0,1,1,A4,A4,148,189,125.0,severity_heavy
0.8999999999999998,0.8,0,0,A4,A5,148,189,150.0,equal
0.8999999999999998,0.8,0,0,A4,A5,148,189,150.0,criticality_heavy
0.8999999999999998,0.8,0,0,A4,A5,148,189,150.0,throughput_heavy
0.9999999999999999,1.0,1,1,A4,A4,148,189,150.0,severity_heavy
0.9999999999999999,1.0,1,1,A3,A3,149,190,100.0,equal
0.9999999999999999,1.0,1,1,A3,A3,149,190,100.0,criticality_heavy
0.9999999999999999,1.0,1,1,A3,A3,149,190,100.0,throughput_heavy
0.9999999999999999,1.0,1,1,A3,A3,149,190,100.0,severity_heavy
0.9999999999999999,1.0,1,1,A3,A3,149,190,125.0,equal
0.9999999999999999,1.0,1,1,A3,A3,149,190,125.0,criticality_heavy
0.9999999999999999,1.0,1,1,A3,A3,149,190,125.0,throughput_heavy
0.9999999999999999,1.0,1,1,A3,A3,149,190,125.0,severity_heavy
0.9999999999999999,1.0,1,1,A3,A3,149,190,150.0,equal
0.9999999999999999,1.0,1,1,A3,A3,149,190,150.0,criticality_heavy
0.9999999999999999,1.0,1,1,A3,A3,149,190,150.0,throughput_heavy
0.9999999999999999,1.0,1,1,A3,A3,149,190,150.0,severity_heavy
1.0,1.0,1,1,A3,A3,150,191,100.0,equal
1.0,1.0,1,1,A3,A3,150,191,100.0,criticality_heavy
1.0,1.0,1,1,A3,A3,150,191,100.0,throughput_heavy
1.0,1.0,1,1,A3,A3,150,191,100.0,severity_heavy
1.0,1.0,1,1,A3,A3,150,191,125.0,equal
1.0,1.0,1,1,A3,A3,150,191,125.0,criticality_heavy
1.0,1.0,1,1,A3,A3,150,191,125.0,throughput_heavy
1.0,1.0,1,1,A3,A3,150,191,125.0,severity_heavy
0.9746794344808964,0.9486832980505138,0,1,A3,A3,150,191,150.0,equal
0.8720815992723809,0.7378647873726218,0,1,A3,A3,150,191,150.0,criticality_heavy
0.8720815992723809,0.7378647873726218,0,1,A3,A3,150,191,150.0,throughput_heavy
0.9746794344808964,0.9486832980505138,0,1,A3,A3,150,191,150.0,severity_heavy
1.0,1.0,1,1,A5,A5,151,192,100.0,equal
1.0,1.0,1,1,A5,A5,151,192,100.0,criticality_heavy
1.0,1.0,1,1,A5,A5,151,192,100.0,throughput_heavy
1.0,1.0,1,1,A5,A5,151,192,100.0,severity_heavy
1.0,1.0,1,1,A5,A5,151,192,125.0,equal
1.0,1.0,1,1,A5,A5,151,192,125.0,criticality_heavy
1.0,1.0,1,1,A5,A5,151,192,125.0,throughput_heavy
1.0,1.0,1,1,A5,A5,151,192,125.0,severity_heavy
0.9746794344808964,0.9486832980505138,0,1,A5,A5,151,192,150.0,equal
0.9746794344808964,0.9486832980505138,0,1,A5,A5,151,192,150.0,criticality_heavy
0.8720815992723809,0.7378647873726218,0,1,A5,A5,151,192,150.0,throughput_heavy
0.9746794344808964,0.9486832980505138,0,1,A5,A5,151,192,150.0,severity_heavy
0.9746794344808963,0.9486832980505138,0,1,A2,A2,152,193,100.0,equal
0.9746794344808963,0.9486832980505138,0,1,A2,A2,152,193,100.0,criticality_heavy
0.9746794344808963,0.9486832980505138,0,1,A2,A2,152,193,100.0,throughput_heavy
0.9746794344808963,0.9486832980505138,0,1,A2,A2,152,193,100.0,severity_heavy
0.9999999999999999,1.0,1,1,A2,A2,152,193,125.0,equal
0.9999999999999999,1.0,1,1,A2,A2,152,193,125.0,criticality_heavy
0.9999999999999999,1.0,1,1,A2,A2,152,193,125.0,throughput_heavy
0.9999999999999999,1.0,1,1,A2,A2,152,193,125.0,severity_heavy
0.9999999999999999,1.0,1,1,A2,A2,152,193,150.0,equal
0.9999999999999999,1.0,1,1,A2,A2,152,193,150.0,criticality_heavy
0.9999999999999999,1.0,1,1,A2,A2,152,193,150.0,throughput_heavy
0.9999999999999999,1.0,1,1,A2,A2,152,193,150.0,severity_heavy
1.0,1.0,1,1,A1,A1,153,194,100.0,equal
1.0,1.0,1,1,A1,A1,153,194,100.0,criticality_heavy
1.0,1.0,1,1,A1,A1,153,194,100.0,throughput_heavy
1.0,1.0,1,1,A1,A1,153,194,100.0,severity_heavy
1.0,1.0,1,1,A1,A1,153,194,125.0,equal
1.0,1.0,1,1,A1,A1,153,194,125.0,criticality_heavy
1.0,1.0,1,1,A1,A1,153,194,125.0,throughput_heavy
1.0,1.0,1,1,A1,A1,153,194,125.0,severity_heavy
0.9746794344808964,0.9486832980505138,0,1,A1,A1,153,194,150.0,equal
0.9746794344808964,0.9486832980505138,0,1,A1,A1,153,194,150.0,criticality_heavy
0.9746794344808964,0.9486832980505138,0,1,A1,A1,153,194,150.0,throughput_heavy
0.9746794344808964,0.9486832980505138,0,1,A1,A1,153,194,150.0,severity_heavy
0.8999999999999998,0.8,0,1,A1,A1,154,195,100.0,equal
0.8999999999999998,0.8,0,1,A1,A1,154,195,100.0,criticality_heavy
0.8999999999999998,0.8,0,1,A1,A1,154,195,100.0,throughput_heavy
0.8999999999999998,0.8,0,1,A1,A1,154,195,100.0,severity_heavy
0.9999999999999999,1.0,1,1,A1,A1,154,195,125.0,equal
0.9999999999999999,1.0,1,1,A1,A1,154,195,125.0,criticality_heavy
0.9999999999999999,1.0,1,1,A1,A1,154,195,125.0,throughput_heavy
0.9999999999999999,1.0,1,1,A1,A1,154,195,125.0,severity_heavy
0.9999999999999999,1.0,1,1,A1,A1,154,195,150.0,equal
0.9999999999999999,1.0,1,1,A1,A1,154,195,150.0,criticality_heavy
0.9999999999999999,1.0,1,1,A1,A1,154,195,150.0,throughput_heavy
0.9999999999999999,1.0,1,1,A1,A1,154,195,150.0,severity_heavy
0.8720815992723809,0.7378647873726218,0,0,A3,A5,155,196,100.0,equal
0.8720815992723809,0.7378647873726218,0,0,A3,A5,155,196,100.0,criticality_heavy
0.8720815992723809,0.7378647873726218,0,0,A3,A5,155,196,100.0,throughput_heavy
0.8720815992723809,0.7378647873726218,0,0,A3,A5,155,196,100.0,severity_heavy
0.9999999999999999,1.0,1,1,A3,A3,155,196,125.0,equal
0.9999999999999999,1.0,1,1,A3,A3,155,196,125.0,criticality_heavy
0.9999999999999999,1.0,1,1,A3,A3,155,196,125.0,throughput_heavy
0.9999999999999999,1.0,1,1,A3,A3,155,196,125.0,severity_heavy
0.9999999999999999,1.0,1,1,A3,A3,155,196,150.0,equal
0.9999999999999999,1.0,1,1,A3,A3,155,196,150.0,criticality_heavy
0.9999999999999999,1.0,1,1,A3,A3,155,196,150.0,throughput_heavy
0.9999999999999999,1.0,1,1,A3,A3,155,196,150.0,severity_heavy
1.0,1.0,1,1,A3,A3,156,197,100.0,equal
1.0,1.0,1,1,A3,A3,156,197,100.0,criticality_heavy
1.0,1.0,1,1,A3,A3,156,197,100.0,throughput_heavy
1.0,1.0,1,1,A3,A3,156,197,100.0,severity_heavy
1.0,1.0,1,1,A3,A3,156,197,125.0,equal
1.0,1.0,1,1,A3,A3,156,197,125.0,criticality_heavy
1.0,1.0,1,1,A3,A3,156,197,125.0,throughput_heavy
1.0,1.0,1,1,A3,A3,156,197,125.0,severity_heavy
0.9746794344808964,0.9486832980505138,0,1,A3,A3,156,197,150.0,equal
0.9746794344808964,0.9486832980505138,0,1,A3,A3,156,197,150.0,criticality_heavy
0.9746794344808964,0.9486832980505138,0,1,A3,A3,156,197,150.0,throughput_heavy
0.9746794344808964,0.9486832980505138,0,1,A3,A3,156,197,150.0,severity_heavy
0.8947368421052632,0.7777777777777778,0,1,A5,A5,157,198,100.0,equal
0.8947368421052632,0.7777777777777778,0,1,A5,A5,157,198,100.0,criticality_heavy
0.8947368421052632,0.7777777777777778,0,1,A5,A5,157,198,100.0,throughput_heavy
0.8947368421052632,0.7777777777777778,0,1,A5,A5,157,198,100.0,severity_heavy
1.0,1.0,1,1,A5,A5,157,198,125.0,equal
1.0,1.0,1,1,A5,A5,157,198,125.0,criticality_heavy
1.0,1.0,1,1,A5,A5,157,198,125.0,throughput_heavy
1.0,1.0,1,1,A5,A5,157,198,125.0,severity_heavy
0.9746794344808964,0.9486832980505138,0,1,A5,A5,157,198,150.0,equal
0.9746794344808964,0.9486832980505138,0,1,A5,A5,157,198,150.0,criticality_heavy
0.9746794344808964,0.9486832980505138,0,1,A5,A5,157,198,150.0,throughput_heavy
0.9746794344808964,0.9486832980505138,0,1,A5,A5,157,198,150.0,severity_heavy
1.0,1.0,1,1,A3,A3,158,199,100.0,equal
1.0,1.0,1,1,A3,A3,158,199,100.0,criticality_heavy
1.0,1.0,1,1,A3,A3,158,199,100.0,throughput_heavy
1.0,1.0,1,1,A3,A3,158,199,100.0,severity_heavy
1.0,1.0,1,1,A3,A3,158,199,125.0,equal
1.0,1.0,1,1,A3,A3,158,199,125.0,criticality_heavy
1.0,1.0,1,1,A3,A3,158,199,125.0,throughput_heavy
1.0,1.0,1,1,A3,A3,158,199,125.0,severity_heavy
0.9746794344808964,0.9486832980505138,0,1,A3,A3,158,199,150.0,equal
0.8720815992723809,0.7378647873726218,0,1,A3,A3,158,199,150.0,criticality_heavy
0.9746794344808964,0.9486832980505138,0,1,A3,A3,158,199,150.0,throughput_heavy
0.8720815992723809,0.7378647873726218,0,1,A3,A3,158,199,150.0,severity_heavy
0.9746794344808963,0.9486832980505138,0,1,A3,A3,159,200,100.0,equal
0.9746794344808963,0.9486832980505138,0,1,A3,A3,159,200,100.0,criticality_heavy
0.9746794344808963,0.9486832980505138,0,1,A3,A3,159,200,100.0,throughput_heavy
0.9746794344808963,0.9486832980505138,0,1,A3,A3,159,200,100.0,severity_heavy
0.9999999999999999,1.0,1,1,A3,A3,159,200,125.0,equal
0.9999999999999999,1.0,1,1,A3,A3,159,200,125.0,criticality_heavy
0.9999999999999999,1.0,1,1,A3,A3,159,200,125.0,throughput_heavy
0.9999999999999999,1.0,1,1,A3,A3,159,200,125.0,severity_heavy
0.8999999999999998,0.8,0,0,A3,A2,159,200,150.0,equal
0.8999999999999998,0.8,0,0,A3,A2,159,200,150.0,criticality_heavy
0.8999999999999998,0.8,0,0,A3,A2,159,200,150.0,throughput_heavy
0.9999999999999999,1.0,1,1,A3,A3,159,200,150.0,severity_heavy
1.0,1.0,1,1,A2,A2,160,201,100.0,equal
1.0,1.0,1,1,A2,A2,160,201,100.0,criticality_heavy
1.0,1.0,1,1,A2,A2,160,201,100.0,throughput_heavy
1.0,1.0,1,1,A2,A2,160,201,100.0,severity_heavy
1.0,1.0,1,1,A2,A2,160,201,125.0,equal
1.0,1.0,1,1,A2,A2,160,201,125.0,criticality_heavy
1.0,1.0,1,1,A2,A2,160,201,125.0,throughput_heavy
1.0,1.0,1,1,A2,A2,160,201,125.0,severity_heavy
0.9746794344808964,0.9486832980505138,0,1,A2,A2,160,201,150.0,equal
0.9746794344808964,0.9486832980505138,0,1,A2,A2,160,201,150.0,criticality_heavy
0.9746794344808964,0.9486832980505138,0,1,A2,A2,160,201,150.0,throughput_heavy
0.9746794344808964,0.9486832980505138,0,1,A2,A2,160,201,150.0,severity_heavy
0.9746794344808963,0.9486832980505138,0,1,A1,A1,161,202,100.0,equal
0.9746794344808963,0.9486832980505138,0,1,A1,A1,161,202,100.0,criticality_heavy
0.9746794344808963,0.9486832980505138,0,1,A1,A1,161,202,100.0,throughput_heavy
0.9746794344808963,0.9486832980505138,0,1,A1,A1,161,202,100.0,severity_heavy
0.9999999999999999,1.0,1,1,A1,A1,161,202,125.0,equal
0.9999999999999999,1.0,1,1,A1,A1,161,202,125.0,criticality_heavy
0.9999999999999999,1.0,1,1,A1,A1,161,202,125.0,throughput_heavy
0.9999999999999999,1.0,1,1,A1,A1,161,202,125.0,severity_heavy
0.8999999999999998,0.8,0,1,A1,A1,161,202,150.0,equal
0.8999999999999998,0.8,0,1,A1,A1,161,202,150.0,criticality_heavy
0.8999999999999998,0.8,0,1,A1,A1,161,202,150.0,throughput_heavy
0.8999999999999998,0.8,0,1,A1,A1,161,202,150.0,severity_heavy
0.9746794344808963,0.9486832980505138,0,1,A2,A2,162,203,100.0,equal
0.9746794344808963,0.9486832980505138,0,1,A2,A2,162,203,100.0,criticality_heavy
0.9746794344808963,0.9486832980505138,0,1,A2,A2,162,203,100.0,throughput_heavy
0.9746794344808963,0.9486832980505138,0,1,A2,A2,162,203,100.0,severity_heavy
0.9999999999999999,1.0,1,1,A2,A2,162,203,125.0,equal
0.9999999999999999,1.0,1,1,A2,A2,162,203,125.0,criticality_heavy
0.9999999999999999,1.0,1,1,A2,A2,162,203,125.0,throughput_heavy
0.9999999999999999,1.0,1,1,A2,A2,162,203,125.0,severity_heavy
0.9999999999999999,1.0,1,1,A2,A2,162,203,150.0,equal
0.9999999999999999,1.0,1,1,A2,A2,162,203,150.0,criticality_heavy
0.9999999999999999,1.0,1,1,A2,A2,162,203,150.0,throughput_heavy
0.9999999999999999,1.0,1,1,A2,A2,162,203,150.0,severity_heavy
1.0,1.0,1,1,A1,A1,163,204,100.0,equal
1.0,1.0,1,1,A1,A1,163,204,100.0,criticality_heavy
1.0,1.0,1,1,A1,A1,163,204,100.0,throughput_heavy
1.0,1.0,1,1,A1,A1,163,204,100.0,severity_heavy
1.0,1.0,1,1,A1,A1,163,204,125.0,equal
1.0,1.0,1,1,A1,A1,163,204,125.0,criticality_heavy
1.0,1.0,1,1,A1,A1,163,204,125.0,throughput_heavy
1.0,1.0,1,1,A1,A1,163,204,125.0,severity_heavy
0.9746794344808964,0.9486832980505138,0,1,A1,A1,163,204,150.0,equal
0.9746794344808964,0.9486832980505138,0,1,A1,A1,163,204,150.0,criticality_heavy
0.9746794344808964,0.9486832980505138,0,1,A1,A1,163,204,150.0,throughput_heavy
0.9746794344808964,0.9486832980505138,0,1,A1,A1,163,204,150.0,severity_heavy
1.0,1.0,1,1,A1,A1,164,205,100.0,equal
1.0,1.0,1,1,A1,A1,164,205,100.0,criticality_heavy
1.0,1.0,1,1,A1,A1,164,205,100.0,throughput_heavy
1.0,1.0,1,1,A1,A1,164,205,100.0,severity_heavy
1.0,1.0,1,1,A1,A1,164,205,125.0,equal
1.0,1.0,1,1,A1,A1,164,205,125.0,criticality_heavy
1.0,1.0,1,1,A1,A1,164,205,125.0,throughput_heavy
1.0,1.0,1,1,A1,A1,164,205,125.0,severity_heavy
0.9746794344808964,0.9486832980505138,0,1,A1,A1,164,205,150.0,equal
0.9746794344808964,0.9486832980505138,0,1,A1,A1,164,205,150.0,criticality_heavy
0.9746794344808964,0.9486832980505138,0,1,A1,A1,164,205,150.0,throughput_heavy
0.9746794344808964,0.9486832980505138,0,1,A1,A1,164,205,150.0,severity_heavy
0.8720815992723809,0.7378647873726218,0,0,A2,A5,165,206,100.0,equal
0.8720815992723809,0.7378647873726218,0,0,A2,A5,165,206,100.0,criticality_heavy
0.8720815992723809,0.7378647873726218,0,0,A2,A5,165,206,100.0,throughput_heavy
0.8720815992723809,0.7378647873726218,0,0,A2,A5,165,206,100.0,severity_heavy
0.9999999999999999,1.0,1,1,A2,A2,165,206,125.0,equal
0.9999999999999999,1.0,1,1,A2,A2,165,206,125.0,criticality_heavy
0.9999999999999999,1.0,1,1,A2,A2,165,206,125.0,throughput_heavy
0.9999999999999999,1.0,1,1,A2,A2,165,206,125.0,severity_heavy
0.9999999999999999,1.0,1,1,A2,A2,165,206,150.0,equal
0.9999999999999999,1.0,1,1,A2,A2,165,206,150.0,criticality_heavy
0.9999999999999999,1.0,1,1,A2,A2,165,206,150.0,throughput_heavy
0.9999999999999999,1.0,1,1,A2,A2,165,206,150.0,severity_heavy
1.0,1.0,1,1,A2,A2,166,207,100.0,equal
1.0,1.0,1,1,A2,A2,166,207,100.0,criticality_heavy
1.0,1.0,1,1,A2,A2,166,207,100.0,throughput_heavy
1.0,1.0,1,1,A2,A2,166,207,100.0,severity_heavy
1.0,1.0,1,1,A2,A2,166,207,125.0,equal
1.0,1.0,1,1,A2,A2,166,207,125.0,criticality_heavy
1.0,1.0,1,1,A2,A2,166,207,125.0,throughput_heavy
1.0,1.0,1,1,A2,A2,166,207,125.0,severity_heavy
0.9746794344808964,0.9486832980505138,0,1,A2,A2,166,207,150.0,equal
0.9746794344808964,0.9486832980505138,0,1,A2,A2,166,207,150.0,criticality_heavy
0.9746794344808964,0.9486832980505138,0,1,A2,A2,166,207,150.0,throughput_heavy
0.9746794344808964,0.9486832980505138,0,1,A2,A2,166,207,150.0,severity_heavy
0.9746794344808963,0.9486832980505138,0,1,A1,A1,167,208,100.0,equal
0.9746794344808963,0.9486832980505138,0,1,A1,A1,167,208,100.0,criticality_heavy
0.9746794344808963,0.9486832980505138,0,1,A1,A1,167,208,100.0,throughput_heavy
0.9746794344808963,0.9486832980505138,0,1,A1,A1,167,208,100.0,severity_heavy
0.9999999999999999,1.0,1,1,A1,A1,167,208,125.0,equal
0.9999999999999999,1.0,1,1,A1,A1,167,208,125.0,criticality_heavy
0.9999999999999999,1.0,1,1,A1,A1,167,208,125.0,throughput_heavy
0.9999999999999999,1.0,1,1,A1,A1,167,208,125.0,severity_heavy
0.8999999999999998,0.8,0,1,A1,A1,167,208,150.0,equal
0.8999999999999998,0.8,0,1,A1,A1,167,208,150.0,criticality_heavy
0.8999999999999998,0.8,0,1,A1,A1,167,208,150.0,throughput_heavy
0.8999999999999998,0.8,0,1,A1,A1,167,208,150.0,severity_heavy
0.8720815992723809,0.7378647873726218,0,1,A2,A2,168,209,100.0,equal
0.8720815992723809,0.7378647873726218,0,1,A2,A2,168,209,100.0,criticality_heavy
0.8720815992723809,0.7378647873726218,0,1,A2,A2,168,209,100.0,throughput_heavy
0.8720815992723809,0.7378647873726218,0,1,A2,A2,168,209,100.0,severity_heavy
0.9999999999999999,1.0,1,1,A2,A2,168,209,125.0,equal
0.9999999999999999,1.0,1,1,A2,A2,168,209,125.0,criticality_heavy
0.9999999999999999,1.0,1,1,A2,A2,168,209,125.0,throughput_heavy
0.8999999999999998,0.8,0,1,A2,A2,168,209,125.0,severity_heavy
0.9999999999999999,1.0,1,1,A2,A2,168,209,150.0,equal
0.9999999999999999,1.0,1,1,A2,A2,168,209,150.0,criticality_heavy
0.9999999999999999,1.0,1,1,A2,A2,168,209,150.0,throughput_heavy
0.9999999999999999,1.0,1,1,A2,A2,168,209,150.0,severity_heavy
0.9746794344808963,0.9486832980505138,0,1,A3,A3,169,210,100.0,equal
0.9746794344808963,0.9486832980505138,0,1,A3,A3,169,210,100.0,criticality_heavy
0.9746794344808963,0.9486832980505138,0,1,A3,A3,169,210,100.0,throughput_heavy
0.9746794344808963,0.9486832980505138,0,1,A3,A3,169,210,100.0,severity_heavy
0.9999999999999999,1.0,1,1,A3,A3,169,210,125.0,equal
0.9999999999999999,1.0,1,1,A3,A3,169,210,125.0,criticality_heavy
0.9999999999999999,1.0,1,1,A3,A3,169,210,125.0,throughput_heavy
0.9999999999999999,1.0,1,1,A3,A3,169,210,125.0,severity_heavy
0.8999999999999998,0.8,0,1,A3,A3,169,210,150.0,equal
0.8999999999999998,0.8,0,1,A3,A3,169,210,150.0,criticality_heavy
0.8999999999999998,0.8,0,1,A3,A3,169,210,150.0,throughput_heavy
0.8999999999999998,0.8,0,1,A3,A3,169,210,150.0,severity_heavy
0.9746794344808963,0.9486832980505138,0,1,A2,A2,170,211,100.0,equal
0.9746794344808963,0.9486832980505138,0,1,A2,A2,170,211,100.0,criticality_heavy
0.9746794344808963,0.9486832980505138,0,1,A2,A2,170,211,100.0,throughput_heavy
0.9746794344808963,0.9486832980505138,0,1,A2,A2,170,211,100.0,severity_heavy
0.9999999999999999,1.0,1,1,A2,A2,170,211,125.0,equal
0.9999999999999999,1.0,1,1,A2,A2,170,211,125.0,criticality_heavy
0.9999999999999999,1.0,1,1,A2,A2,170,211,125.0,throughput_heavy
0.9999999999999999,1.0,1,1,A2,A2,170,211,125.0,severity_heavy
0.8999999999999998,0.8,0,1,A2,A2,170,211,150.0,equal
0.8999999999999998,0.8,0,1,A2,A2,170,211,150.0,criticality_heavy
0.8999999999999998,0.8,0,1,A2,A2,170,211,150.0,throughput_heavy
0.8999999999999998,0.8,0,1,A2,A2,170,211,150.0,severity_heavy
0.9746794344808963,0.9486832980505138,0,1,A3,A3,171,212,100.0,equal
0.9746794344808963,0.9486832980505138,0,1,A3,A3,171,212,100.0,criticality_heavy
0.9746794344808963,0.9486832980505138,0,1,A3,A3,171,212,100.0,throughput_heavy
0.9746794344808963,0.9486832980505138,0,1,A3,A3,171,212,100.0,severity_heavy
0.9999999999999999,1.0,1,1,A3,A3,171,212,125.0,equal
0.9999999999999999,1.0,1,1,A3,A3,171,212,125.0,criticality_heavy
0.9999999999999999,1.0,1,1,A3,A3,171,212,125.0,throughput_heavy
0.9999999999999999,1.0,1,1,A3,A3,171,212,125.0,severity_heavy
0.9999999999999999,1.0,1,1,A3,A3,171,212,150.0,equal
0.9999999999999999,1.0,1,1,A3,A3,171,212,150.0,criticality_heavy
0.9999999999999999,1.0,1,1,A3,A3,171,212,150.0,throughput_heavy
0.9999999999999999,1.0,1,1,A3,A3,171,212,150.0,severity_heavy
0.8720815992723809,0.7378647873726218,0,1,A1,A1,172,213,100.0,equal
0.8720815992723809,0.7378647873726218,0,1,A1,A1,172,213,100.0,criticality_heavy
0.8720815992723809,0.7378647873726218,0,1,A1,A1,172,213,100.0,throughput_heavy
0.8720815992723809,0.7378647873726218,0,1,A1,A1,172,213,100.0,severity_heavy
0.9999999999999999,1.0,1,1,A1,A1,172,213,125.0,equal
0.9999999999999999,1.0,1,1,A1,A1,172,213,125.0,criticality_heavy
0.9999999999999999,1.0,1,1,A1,A1,172,213,125.0,throughput_heavy
0.9999999999999999,1.0,1,1,A1,A1,172,213,125.0,severity_heavy
0.9999999999999999,1.0,1,1,A1,A1,172,213,150.0,equal
0.9999999999999999,1.0,1,1,A1,A1,172,213,150.0,criticality_heavy
0.9999999999999999,1.0,1,1,A1,A1,172,213,150.0,throughput_heavy
0.9999999999999999,1.0,1,1,A1,A1,172,213,150.0,severity_heavy
0.9746794344808963,0.9486832980505138,0,1,A4,A4,173,214,100.0,equal
0.9746794344808963,0.9486832980505138,0,1,A4,A4,173,214,100.0,criticality_heavy
0.9746794344808963,0.9486832980505138,0,1,A4,A4,173,214,100.0,throughput_heavy
0.9746794344808963,0.9486832980505138,0,1,A4,A4,173,214,100.0,severity_heavy
0.9999999999999999,1.0,1,1,A4,A4,173,214,125.0,equal
0.9999999999999999,1.0,1,1,A4,A4,173,214,125.0,criticality_heavy
0.9999999999999999,1.0,1,1,A4,A4,173,214,125.0,throughput_heavy
0.9999999999999999,1.0,1,1,A4,A4,173,214,125.0,severity_heavy
0.8999999999999998,0.8,0,0,A4,A5,173,214,150.0,equal
0.8999999999999998,0.8,0,0,A4,A5,173,214,150.0,criticality_heavy
0.8999999999999998,0.8,0,0,A4,A5,173,214,150.0,throughput_heavy
0.9999999999999999,1.0,1,1,A4,A4,173,214,150.0,severity_heavy
0.7181848464596079,0.5270462766947299,0,0,A3,A1,174,215,100.0,equal
0.7181848464596079,0.5270462766947299,0,0,A3,A1,174,215,100.0,criticality_heavy
0.7181848464596079,0.5270462766947299,0,0,A3,A1,174,215,100.0,throughput_heavy
0.7181848464596079,0.5270462766947299,0,0,A3,A1,174,215,100.0,severity_heavy
0.9999999999999999,1.0,1,1,A3,A3,174,215,125.0,equal
0.8999999999999998,0.8,0,0,A3,A1,174,215,125.0,criticality_heavy
0.9999999999999999,1.0,1,1,A3,A3,174,215,125.0,throughput_heavy
0.9999999999999999,1.0,1,1,A3,A3,174,215,125.0,severity_heavy
0.9999999999999999,1.0,1,1,A3,A3,174,215,150.0,equal
0.9999999999999999,1.0,1,1,A3,A3,174,215,150.0,criticality_heavy
0.9999999999999999,1.0,1,1,A3,A3,174,215,150.0,throughput_heavy
0.9999999999999999,1.0,1,1,A3,A3,174,215,150.0,severity_heavy
0.8720815992723809,0.7378647873726218,0,0,A1,A5,175,216,100.0,equal
0.8720815992723809,0.7378647873726218,0,0,A1,A5,175,216,100.0,criticality_heavy
0.8720815992723809,0.7378647873726218,0,0,A1,A5,175,216,100.0,throughput_heavy
0.8720815992723809,0.7378647873726218,0,0,A1,A5,175,216,100.0,severity_heavy
0.9999999999999999,1.0,1,1,A1,A1,175,216,125.0,equal
0.9999999999999999,1.0,1,1,A1,A1,175,216,125.0,criticality_heavy
0.8999999999999998,0.8,0,0,A1,A5,175,216,125.0,throughput_heavy
0.9999999999999999,1.0,1,1,A1,A1,175,216,125.0,severity_heavy
0.8999999999999998,0.8,0,1,A1,A1,175,216,150.0,equal
0.8999999999999998,0.8,0,1,A1,A1,175,216,150.0,criticality_heavy
0.8999999999999998,0.8,0,1,A1,A1,175,216,150.0,throughput_heavy
0.8999999999999998,0.8,0,1,A1,A1,175,216,150.0,severity_heavy
0.9746794344808963,0.9486832980505138,0,1,A2,A2,176,217,100.0,equal
0.9746794344808963,0.9486832980505138,0,1,A2,A2,176,217,100.0,criticality_heavy
0.9746794344808963,0.9486832980505138,0,1,A2,A2,176,217,100.0,throughput_heavy
0.9746794344808963,0.9486832980505138,0,1,A2,A2,176,217,100.0,severity_heavy
0.9999999999999999,1.0,1,1,A2,A2,176,217,125.0,equal
0.9999999999999999,1.0,1,1,A2,A2,176,217,125.0,criticality_heavy
0.9999999999999999,1.0,1,1,A2,A2,176,217,125.0,throughput_heavy
0.9999999999999999,1.0,1,1,A2,A2,176,217,125.0,severity_heavy
0.9999999999999999,1.0,1,1,A2,A2,176,217,150.0,equal
0.9999999999999999,1.0,1,1,A2,A2,176,217,150.0,criticality_heavy
0.9999999999999999,1.0,1,1,A2,A2,176,217,150.0,throughput_heavy
0.9999999999999999,1.0,1,1,A2,A2,176,217,150.0,severity_heavy
0.8720815992723809,0.7378647873726218,0,0,A1,A4,177,218,100.0,equal
0.9746794344808963,0.9486832980505138,0,1,A1,A1,177,218,100.0,criticality_heavy
0.8720815992723809,0.7378647873726218,0,0,A1,A4,177,218,100.0,throughput_heavy
0.8720815992723809,0.7378647873726218,0,0,A1,A4,177,218,100.0,severity_heavy
0.9999999999999999,1.0,1,1,A1,A1,177,218,125.0,equal
0.9999999999999999,1.0,1,1,A1,A1,177,218,125.0,criticality_heavy
0.9999999999999999,1.0,1,1,A1,A1,177,218,125.0,throughput_heavy
0.9999999999999999,1.0,1,1,A1,A1,177,218,125.0,severity_heavy
0.8999999999999998,0.8,0,1,A1,A1,177,218,150.0,equal
0.8999999999999998,0.8,0,1,A1,A1,177,218,150.0,criticality_heavy
0.8999999999999998,0.8,0,1,A1,A1,177,218,150.0,throughput_heavy
0.8999999999999998,0.8,0,1,A1,A1,177,218,150.0,severity_heavy
0.9746794344808963,0.9486832980505138,0,1,A1,A1,178,219,100.0,equal
0.9746794344808963,0.9486832980505138,0,1,A1,A1,178,219,100.0,criticality_heavy
0.9746794344808963,0.9486832980505138,0,1,A1,A1,178,219,100.0,throughput_heavy
0.9746794344808963,0.9486832980505138,0,1,A1,A1,178,219,100.0,severity_heavy
0.9999999999999999,1.0,1,1,A1,A1,178,219,125.0,equal
0.9999999999999999,1.0,1,1,A1,A1,178,219,125.0,criticality_heavy
0.9999999999999999,1.0,1,1,A1,A1,178,219,125.0,throughput_heavy
0.9999999999999999,1.0,1,1,A1,A1,178,219,125.0,severity_heavy
0.9999999999999999,1.0,1,1,A1,A1,178,219,150.0,equal
0.9999999999999999,1.0,1,1,A1,A1,178,219,150.0,criticality_heavy
0.9999999999999999,1.0,1,1,A1,A1,178,219,150.0,throughput_heavy
0.9999999999999999,1.0,1,1,A1,A1,178,219,150.0,severity_heavy
0.9746794344808963,0.9486832980505138,0,1,A1,A1,179,220,100.0,equal
0.9746794344808963,0.9486832980505138,0,1,A1,A1,179,220,100.0,criticality_heavy
0.9746794344808963,0.9486832980505138,0,1,A1,A1,179,220,100.0,throughput_heavy
0.9746794344808963,0.9486832980505138,0,1,A1,A1,179,220,100.0,severity_heavy
0.9999999999999999,1.0,1,1,A1,A1,179,220,125.0,equal
0.9999999999999999,1.0,1,1,A1,A1,179,220,125.0,criticality_heavy
0.9999999999999999,1.0,1,1,A1,A1,179,220,125.0,throughput_heavy
0.9999999999999999,1.0,1,1,A1,A1,179,220,125.0,severity_heavy
0.9999999999999999,1.0,1,1,A1,A1,179,220,150.0,equal
0.9999999999999999,1.0,1,1,A1,A1,179,220,150.0,criticality_heavy
0.9999999999999999,1.0,1,1,A1,A1,179,220,150.0,throughput_heavy
0.9999999999999999,1.0,1,1,A1,A1,179,220,150.0,severity_heavy
0.9746794344808963,0.9486832980505138,0,1,A1,A1,180,221,100.0,equal
0.9746794344808963,0.9486832980505138,0,1,A1,A1,180,221,100.0,criticality_heavy
0.9746794344808963,0.9486832980505138,0,1,A1,A1,180,221,100.0,throughput_heavy
0.8720815992723809,0.7378647873726218,0,1,A1,A1,180,221,100.0,severity_heavy
0.9999999999999999,1.0,1,1,A1,A1,180,221,125.0,equal
0.9999999999999999,1.0,1,1,A1,A1,180,221,125.0,criticality_heavy
0.9999999999999999,1.0,1,1,A1,A1,180,221,125.0,throughput_heavy
0.9999999999999999,1.0,1,1,A1,A1,180,221,125.0,severity_heavy
0.9999999999999999,1.0,1,1,A1,A1,180,221,150.0,equal
0.9999999999999999,1.0,1,1,A1,A1,180,221,150.0,criticality_heavy
0.9999999999999999,1.0,1,1,A1,A1,180,221,150.0,throughput_heavy
0.9999999999999999,1.0,1,1,A1,A1,180,221,150.0,severity_heavy
0.9746794344808963,0.9486832980505138,0,1,A5,A5,181,222,100.0,equal
0.9746794344808963,0.9486832980505138,0,1,A5,A5,181,222,100.0,criticality_heavy
0.9746794344808963,0.9486832980505138,0,1,A5,A5,181,222,100.0,throughput_heavy
0.9746794344808963,0.9486832980505138,0,1,A5,A5,181,222,100.0,severity_heavy
0.9999999999999999,1.0,1,1,A5,A5,181,222,125.0,equal
0.9999999999999999,1.0,1,1,A5,A5,181,222,125.0,criticality_heavy
0.9999999999999999,1.0,1,1,A5,A5,181,222,125.0,throughput_heavy
0.9999999999999999,1.0,1,1,A5,A5,181,222,125.0,severity_heavy
0.9999999999999999,1.0,1,1,A5,A5,181,222,150.0,equal
0.9999999999999999,1.0,1,1,A5,A5,181,222,150.0,criticality_heavy
0.9999999999999999,1.0,1,1,A5,A5,181,222,150.0,throughput_heavy
0.8999999999999998,0.8,0,0,A5,A3,181,222,150.0,severity_heavy
0.9746794344808963,0.9486832980505138,0,1,A5,A5,182,223,100.0,equal
0.9746794344808963,0.9486832980505138,0,1,A5,A5,182,223,100.0,criticality_heavy
0.9746794344808963,0.9486832980505138,0,1,A5,A5,182,223,100.0,throughput_heavy
0.9746794344808963,0.9486832980505138,0,1,A5,A5,182,223,100.0,severity_heavy
0.9999999999999999,1.0,1,1,A5,A5,182,223,125.0,equal
0.8999999999999998,0.8,0,1,A5,A5,182,223,125.0,criticality_heavy
0.9999999999999999,1.0,1,1,A5,A5,182,223,125.0,throughput_heavy
0.9999999999999999,1.0,1,1,A5,A5,182,223,125.0,severity_heavy
0.8999999999999998,0.8,0,1,A5,A5,182,223,150.0,equal
0.8999999999999998,0.8,0,1,A5,A5,182,223,150.0,criticality_heavy
0.8999999999999998,0.8,0,1,A5,A5,182,223,150.0,throughput_heavy
0.8999999999999998,0.8,0,1,A5,A5,182,223,150.0,severity_heavy
0.9746794344808963,0.9486832980505138,0,1,A2,A2,183,224,100.0,equal
0.9746794344808963,0.9486832980505138,0,1,A2,A2,183,224,100.0,criticality_heavy
0.9746794344808963,0.9486832980505138,0,1,A2,A2,183,224,100.0,throughput_heavy
0.9746794344808963,0.9486832980505138,0,1,A2,A2,183,224,100.0,severity_heavy
0.9999999999999999,1.0,1,1,A2,A2,183,224,125.0,equal
0.9999999999999999,1.0,1,1,A2,A2,183,224,125.0,criticality_heavy
0.9999999999999999,1.0,1,1,A2,A2,183,224,125.0,throughput_heavy
0.9999999999999999,1.0,1,1,A2,A2,183,224,125.0,severity_heavy
0.9999999999999999,1.0,1,1,A2,A2,183,224,150.0,equal
0.9999999999999999,1.0,1,1,A2,A2,183,224,150.0,criticality_heavy
0.9999999999999999,1.0,1,1,A2,A2,183,224,150.0,throughput_heavy
0.9999999999999999,1.0,1,1,A2,A2,183,224,150.0,severity_heavy
0.9746794344808963,0.9486832980505138,0,1,A1,A1,184,225,100.0,equal
0.9746794344808963,0.9486832980505138,0,1,A1,A1,184,225,100.0,criticality_heavy
0.9746794344808963,0.9486832980505138,0,1,A1,A1,184,225,100.0,throughput_heavy
0.9746794344808963,0.9486832980505138,0,1,A1,A1,184,225,100.0,severity_heavy
0.9999999999999999,1.0,1,1,A1,A1,184,225,125.0,equal
0.9999999999999999,1.0,1,1,A1,A1,184,225,125.0,criticality_heavy
0.9999999999999999,1.0,1,1,A1,A1,184,225,125.0,throughput_heavy
0.9999999999999999,1.0,1,1,A1,A1,184,225,125.0,severity_heavy
0.8999999999999998,0.8,0,1,A1,A1,184,225,150.0,equal
0.8999999999999998,0.8,0,1,A1,A1,184,225,150.0,criticality_heavy
0.8999999999999998,0.8,0,1,A1,A1,184,225,150.0,throughput_heavy
0.8999999999999998,0.8,0,1,A1,A1,184,225,150.0,severity_heavy
0.9746794344808963,0.9486832980505138,0,1,A2,A2,185,226,100.0,equal
0.9746794344808963,0.9486832980505138,0,1,A2,A2,185,226,100.0,criticality_heavy
0.9746794344808963,0.9486832980505138,0,1,A2,A2,185,226,100.0,throughput_heavy
0.9746794344808963,0.9486832980505138,0,1,A2,A2,185,226,100.0,severity_heavy
0.9999999999999999,1.0,1,1,A2,A2,185,226,125.0,equal
0.9999999999999999,1.0,1,1,A2,A2,185,226,125.0,criticality_heavy
0.9999999999999999,1.0,1,1,A2,A2,185,226,125.0,throughput_heavy
0.9999999999999999,1.0,1,1,A2,A2,185,226,125.0,severity_heavy
0.9999999999999999,1.0,1,1,A2,A2,185,226,150.0,equal
0.9999999999999999,1.0,1,1,A2,A2,185,226,150.0,criticality_heavy
0.9999999999999999,1.0,1,1,A2,A2,185,226,150.0,throughput_heavy
0.9999999999999999,1.0,1,1,A2,A2,185,226,150.0,severity_heavy
1.0,1.0,1,1,A2,A2,186,227,100.0,equal
1.0,1.0,1,1,A2,A2,186,227,100.0,criticality_heavy
1.0,1.0,1,1,A2,A2,186,227,100.0,throughput_heavy
1.0,1.0,1,1,A2,A2,186,227,100.0,severity_heavy
1.0,1.0,1,1,A2,A2,186,227,125.0,equal
1.0,1.0,1,1,A2,A2,186,227,125.0,criticality_heavy
1.0,1.0,1,1,A2,A2,186,227,125.0,throughput_heavy
1.0,1.0,1,1,A2,A2,186,227,125.0,severity_heavy
0.8720815992723809,0.7378647873726218,0,1,A2,A2,186,227,150.0,equal
0.8720815992723809,0.7378647873726218,0,1,A2,A2,186,227,150.0,criticality_heavy
0.8720815992723809,0.7378647873726218,0,1,A2,A2,186,227,150.0,throughput_heavy
0.8720815992723809,0.7378647873726218,0,1,A2,A2,186,227,150.0,severity_heavy
1.0,1.0,1,1,A3,A3,187,228,100.0,equal
1.0,1.0,1,1,A3,A3,187,228,100.0,criticality_heavy
1.0,1.0,1,1,A3,A3,187,228,100.0,throughput_heavy
1.0,1.0,1,1,A3,A3,187,228,100.0,severity_heavy
1.0,1.0,1,1,A3,A3,187,228,125.0,equal
1.0,1.0,1,1,A3,A3,187,228,125.0,criticality_heavy
1.0,1.0,1,1,A3,A3,187,228,125.0,throughput_heavy
1.0,1.0,1,1,A3,A3,187,228,125.0,severity_heavy
0.9746794344808964,0.9486832980505138,0,1,A3,A3,187,228,150.0,equal
0.9746794344808964,0.9486832980505138,0,1,A3,A3,187,228,150.0,criticality_heavy
0.9746794344808964,0.9486832980505138,0,1,A3,A3,187,228,150.0,throughput_heavy
0.9746794344808964,0.9486832980505138,0,1,A3,A3,187,228,150.0,severity_heavy
1.0,1.0,1,1,A3,A3,188,229,100.0,equal
1.0,1.0,1,1,A3,A3,188,229,100.0,criticality_heavy
1.0,1.0,1,1,A3,A3,188,229,100.0,throughput_heavy
1.0,1.0,1,1,A3,A3,188,229,100.0,severity_heavy
1.0,1.0,1,1,A3,A3,188,229,125.0,equal
1.0,1.0,1,1,A3,A3,188,229,125.0,criticality_heavy
1.0,1.0,1,1,A3,A3,188,229,125.0,throughput_heavy
1.0,1.0,1,1,A3,A3,188,229,125.0,severity_heavy
0.9746794344808964,0.9486832980505138,0,1,A3,A3,188,229,150.0,equal
0.9746794344808964,0.9486832980505138,0,1,A3,A3,188,229,150.0,criticality_heavy
0.9746794344808964,0.9486832980505138,0,1,A3,A3,188,229,150.0,throughput_heavy
0.9746794344808964,0.9486832980505138,0,1,A3,A3,188,229,150.0,severity_heavy
1.0,1.0,1,1,A5,A5,189,230,100.0,equal
1.0,1.0,1,1,A5,A5,189,230,100.0,criticality_heavy
1.0,1.0,1,1,A5,A5,189,230,100.0,throughput_heavy
1.0,1.0,1,1,A5,A5,189,230,100.0,severity_heavy
1.0,1.0,1,1,A5,A5,189,230,125.0,equal
1.0,1.0,1,1,A5,A5,189,230,125.0,criticality_heavy
1.0,1.0,1,1,A5,A5,189,230,125.0,throughput_heavy
1.0,1.0,1,1,A5,A5,189,230,125.0,severity_heavy
0.9746794344808964,0.9486832980505138,0,1,A5,A5,189,230,150.0,equal
0.9746794344808964,0.9486832980505138,0,1,A5,A5,189,230,150.0,criticality_heavy
0.9746794344808964,0.9486832980505138,0,1,A5,A5,189,230,150.0,throughput_heavy
0.9746794344808964,0.9486832980505138,0,1,A5,A5,189,230,150.0,severity_heavy
1.0,1.0,1,1,A3,A3,190,231,100.0,equal
1.0,1.0,1,1,A3,A3,190,231,100.0,criticality_heavy
1.0,1.0,1,1,A3,A3,190,231,100.0,throughput_heavy
1.0,1.0,1,1,A3,A3,190,231,100.0,severity_heavy
1.0,1.0,1,1,A3,A3,190,231,125.0,equal
1.0,1.0,1,1,A3,A3,190,231,125.0,criticality_heavy
1.0,1.0,1,1,A3,A3,190,231,125.0,throughput_heavy
1.0,1.0,1,1,A3,A3,190,231,125.0,severity_heavy
0.9746794344808964,0.9486832980505138,0,1,A3,A3,190,231,150.0,equal
0.9746794344808964,0.9486832980505138,0,1,A3,A3,190,231,150.0,criticality_heavy
0.9746794344808964,0.9486832980505138,0,1,A3,A3,190,231,150.0,throughput_heavy
0.9746794344808964,0.9486832980505138,0,1,A3,A3,190,231,150.0,severity_heavy
0.9746794344808963,0.9486832980505138,0,1,A3,A3,191,232,100.0,equal
0.9746794344808963,0.9486832980505138,0,1,A3,A3,191,232,100.0,criticality_heavy
0.9746794344808963,0.9486832980505138,0,1,A3,A3,191,232,100.0,throughput_heavy
0.9746794344808963,0.9486832980505138,0,1,A3,A3,191,232,100.0,severity_heavy
0.9999999999999999,1.0,1,1,A3,A3,191,232,125.0,equal
0.9999999999999999,1.0,1,1,A3,A3,191,232,125.0,criticality_heavy
0.9999999999999999,1.0,1,1,A3,A3,191,232,125.0,throughput_heavy
0.9999999999999999,1.0,1,1,A3,A3,191,232,125.0,severity_heavy
0.9999999999999999,1.0,1,1,A3,A3,191,232,150.0,equal
0.9999999999999999,1.0,1,1,A3,A3,191,232,150.0,criticality_heavy
0.9999999999999999,1.0,1,1,A3,A3,191,232,150.0,throughput_heavy
0.9999999999999999,1.0,1,1,A3,A3,191,232,150.0,severity_heavy
0.9746794344808963,0.9486832980505138,0,1,A2,A2,192,233,100.0,equal
0.9746794344808963,0.9486832980505138,0,1,A2,A2,192,233,100.0,criticality_heavy
0.9746794344808963,0.9486832980505138,0,1,A2,A2,192,233,100.0,throughput_heavy
0.9746794344808963,0.9486832980505138,0,1,A2,A2,192,233,100.0,severity_heavy
0.9999999999999999,1.0,1,1,A2,A2,192,233,125.0,equal
0.9999999999999999,1.0,1,1,A2,A2,192,233,125.0,criticality_heavy
0.9999999999999999,1.0,1,1,A2,A2,192,233,125.0,throughput_heavy
0.9999999999999999,1.0,1,1,A2,A2,192,233,125.0,severity_heavy
0.8999999999999998,0.8,0,1,A2,A2,192,233,150.0,equal
0.8999999999999998,0.8,0,1,A2,A2,192,233,150.0,criticality_heavy
0.8999999999999998,0.8,0,1,A2,A2,192,233,150.0,throughput_heavy
0.8999999999999998,0.8,0,1,A2,A2,192,233,150.0,severity_heavy
1.0,1.0,1,1,A2,A2,193,234,100.0,equal
1.0,1.0,1,1,A2,A2,193,234,100.0,criticality_heavy
1.0,1.0,1,1,A2,A2,193,234,100.0,throughput_heavy
1.0,1.0,1,1,A2,A2,193,234,100.0,severity_heavy
1.0,1.0,1,1,A2,A2,193,234,125.0,equal
1.0,1.0,1,1,A2,A2,193,234,125.0,criticality_heavy
1.0,1.0,1,1,A2,A2,193,234,125.0,throughput_heavy
1.0,1.0,1,1,A2,A2,193,234,125.0,severity_heavy
0.9746794344808964,0.9486832980505138,0,1,A2,A2,193,234,150.0,equal
0.9746794344808964,0.9486832980505138,0,1,A2,A2,193,234,150.0,criticality_heavy
0.9746794344808964,0.9486832980505138,0,1,A2,A2,193,234,150.0,throughput_heavy
0.9746794344808964,0.9486832980505138,0,1,A2,A2,193,234,150.0,severity_heavy
0.9999999999999999,1.0,1,1,A2,A2,194,235,100.0,equal
0.9999999999999999,1.0,1,1,A2,A2,194,235,100.0,criticality_heavy
0.9999999999999999,1.0,1,1,A2,A2,194,235,100.0,throughput_heavy
0.9999999999999999,1.0,1,1,A2,A2,194,235,100.0,severity_heavy
0.9999999999999999,1.0,1,1,A2,A2,194,235,125.0,equal
0.9999999999999999,1.0,1,1,A2,A2,194,235,125.0,criticality_heavy
0.9999999999999999,1.0,1,1,A2,A2,194,235,125.0,throughput_heavy
0.8999999999999998,0.8,0,1,A2,A2,194,235,125.0,severity_heavy
0.8999999999999998,0.8,0,1,A2,A2,194,235,150.0,equal
0.8999999999999998,0.8,0,1,A2,A2,194,235,150.0,criticality_heavy
0.8999999999999998,0.8,0,1,A2,A2,194,235,150.0,throughput_heavy
0.8999999999999998,0.8,0,1,A2,A2,194,235,150.0,severity_heavy
0.9746794344808963,0.9486832980505138,0,1,A1,A1,195,236,100.0,equal
0.9746794344808963,0.9486832980505138,0,1,A1,A1,195,236,100.0,criticality_heavy
0.9746794344808963,0.9486832980505138,0,1,A1,A1,195,236,100.0,throughput_heavy
0.9746794344808963,0.9486832980505138,0,1,A1,A1,195,236,100.0,severity_heavy
0.9999999999999999,1.0,1,1,A1,A1,195,236,125.0,equal
0.9999999999999999,1.0,1,1,A1,A1,195,236,125.0,criticality_heavy
0.9999999999999999,1.0,1,1,A1,A1,195,236,125.0,throughput_heavy
0.9999999999999999,1.0,1,1,A1,A1,195,236,125.0,severity_heavy
0.8999999999999998,0.8,0,1,A1,A1,195,236,150.0,equal
0.8999999999999998,0.8,0,1,A1,A1,195,236,150.0,criticality_heavy
0.8999999999999998,0.8,0,1,A1,A1,195,236,150.0,throughput_heavy
0.8999999999999998,0.8,0,1,A1,A1,195,236,150.0,severity_heavy
0.9999999999999999,1.0,1,1,A4,A4,196,237,100.0,equal
0.9999999999999999,1.0,1,1,A4,A4,196,237,100.0,criticality_heavy
0.9999999999999999,1.0,1,1,A4,A4,196,237,100.0,throughput_heavy
0.9999999999999999,1.0,1,1,A4,A4,196,237,100.0,severity_heavy
0.9999999999999999,1.0,1,1,A4,A4,196,237,125.0,equal
0.9999999999999999,1.0,1,1,A4,A4,196,237,125.0,criticality_heavy
0.9999999999999999,1.0,1,1,A4,A4,196,237,125.0,throughput_heavy
0.9999999999999999,1.0,1,1,A4,A4,196,237,125.0,severity_heavy
0.8999999999999998,0.8,0,0,A4,A5,196,237,150.0,equal
0.8999999999999998,0.8,0,0,A4,A5,196,237,150.0,criticality_heavy
0.8999999999999998,0.8,0,0,A4,A5,196,237,150.0,throughput_heavy
0.9999999999999999,1.0,1,1,A4,A4,196,237,150.0,severity_heavy
1.0,1.0,1,1,A5,A5,197,238,100.0,equal
1.0,1.0,1,1,A5,A5,197,238,100.0,criticality_heavy
1.0,1.0,1,1,A5,A5,197,238,100.0,throughput_heavy
1.0,1.0,1,1,A5,A5,197,238,100.0,severity_heavy
1.0,1.0,1,1,A5,A5,197,238,125.0,equal
1.0,1.0,1,1,A5,A5,197,238,125.0,criticality_heavy
1.0,1.0,1,1,A5,A5,197,238,125.0,throughput_heavy
1.0,1.0,1,1,A5,A5,197,238,125.0,severity_heavy
0.8720815992723809,0.7378647873726218,0,0,A5,A2,197,238,150.0,equal
0.8720815992723809,0.7378647873726218,0,0,A5,A2,197,238,150.0,criticality_heavy
0.8720815992723809,0.7378647873726218,0,0,A5,A2,197,238,150.0,throughput_heavy
0.8720815992723809,0.7378647873726218,0,0,A5,A2,197,238,150.0,severity_heavy
1.0,1.0,1,1,A1,A1,198,239,100.0,equal
1.0,1.0,1,1,A1,A1,198,239,100.0,criticality_heavy
1.0,1.0,1,1,A1,A1,198,239,100.0,throughput_heavy
1.0,1.0,1,1,A1,A1,198,239,100.0,severity_heavy
1.0,1.0,1,1,A1,A1,198,239,125.0,equal
1.0,1.0,1,1,A1,A1,198,239,125.0,criticality_heavy
1.0,1.0,1,1,A1,A1,198,239,125.0,throughput_heavy
1.0,1.0,1,1,A1,A1,198,239,125.0,severity_heavy
0.9746794344808964,0.9486832980505138,0,1,A1,A1,198,239,150.0,equal
0.9746794344808964,0.9486832980505138,0,1,A1,A1,198,239,150.0,criticality_heavy
0.8720815992723809,0.7378647873726218,0,0,A1,A3,198,239,150.0,throughput_heavy
0.8720815992723809,0.7378647873726218,0,0,A1,A3,198,239,150.0,severity_heavy
0.9746794344808963,0.9486832980505138,0,1,A3,A3,199,240,100.0,equal
0.9746794344808963,0.9486832980505138,0,1,A3,A3,199,240,100.0,criticality_heavy
0.9746794344808963,0.9486832980505138,0,1,A3,A3,199,240,100.0,throughput_heavy
0.9746794344808963,0.9486832980505138,0,1,A3,A3,199,240,100.0,severity_heavy
0.9999999999999999,1.0,1,1,A3,A3,199,240,125.0,equal
0.9999999999999999,1.0,1,1,A3,A3,199,240,125.0,criticality_heavy
0.9999999999999999,1.0,1,1,A3,A3,199,240,125.0,throughput_heavy
0.9999999999999999,1.0,1,1,A3,A3,199,240,125.0,severity_heavy
0.8999999999999998,0.8,0,1,A3,A3,199,240,150.0,equal
0.8999999999999998,0.8,0,1,A3,A3,199,240,150.0,criticality_heavy
0.9999999999999999,1.0,1,1,A3,A3,199,240,150.0,throughput_heavy
0.8999999999999998,0.8,0,1,A3,A3,199,240,150.0,severity_heavy
0.8207826816681234,0.7378647873726218,0,1,A3,A3,200,241,100.0,equal
0.8207826816681234,0.7378647873726218,0,1,A3,A3,200,241,100.0,criticality_heavy
0.8207826816681234,0.7378647873726218,0,1,A3,A3,200,241,100.0,throughput_heavy
0.8207826816681234,0.7378647873726218,0,1,A3,A3,200,241,100.0,severity_heavy
0.9999999999999999,1.0,1,1,A3,A3,200,241,125.0,equal
0.9999999999999999,1.0,1,1,A3,A3,200,241,125.0,criticality_heavy
0.9999999999999999,1.0,1,1,A3,A3,200,241,125.0,throughput_heavy
0.9999999999999999,1.0,1,1,A3,A3,200,241,125.0,severity_heavy
0.8999999999999998,0.8,0,1,A3,A3,200,241,150.0,equal
0.8999999999999998,0.8,0,1,A3,A3,200,241,150.0,criticality_heavy
0.8999999999999998,0.8,0,1,A3,A3,200,241,150.0,throughput_heavy
0.8999999999999998,0.8,0,1,A3,A3,200,241,150.0,severity_heavy
1.0,1.0,1,1,A1,A1,201,242,100.0,equal
1.0,1.0,1,1,A1,A1,201,242,100.0,criticality_heavy
1.0,1.0,1,1,A1,A1,201,242,100.0,throughput_heavy
1.0,1.0,1,1,A1,A1,201,242,100.0,severity_heavy
1.0,1.0,1,1,A1,A1,201,242,125.0,equal
1.0,1.0,1,1,A1,A1,201,242,125.0,criticality_heavy
1.0,1.0,1,1,A1,A1,201,242,125.0,throughput_heavy
1.0,1.0,1,1,A1,A1,201,242,125.0,severity_heavy
0.8720815992723809,0.7378647873726218,0,1,A1,A1,201,242,150.0,equal
0.8720815992723809,0.7378647873726218,0,1,A1,A1,201,242,150.0,criticality_heavy
0.8720815992723809,0.7378647873726218,0,1,A1,A1,201,242,150.0,throughput_heavy
0.8720815992723809,0.7378647873726218,0,1,A1,A1,201,242,150.0,severity_heavy
1.0,1.0,1,1,A3,A3,202,243,100.0,equal
1.0,1.0,1,1,A3,A3,202,243,100.0,criticality_heavy
1.0,1.0,1,1,A3,A3,202,243,100.0,throughput_heavy
1.0,1.0,1,1,A3,A3,202,243,100.0,severity_heavy
1.0,1.0,1,1,A3,A3,202,243,125.0,equal
1.0,1.0,1,1,A3,A3,202,243,125.0,criticality_heavy
1.0,1.0,1,1,A3,A3,202,243,125.0,throughput_heavy
1.0,1.0,1,1,A3,A3,202,243,125.0,severity_heavy
0.9746794344808964,0.9486832980505138,0,1,A3,A3,202,243,150.0,equal
0.9746794344808964,0.9486832980505138,0,1,A3,A3,202,243,150.0,criticality_heavy
0.9746794344808964,0.9486832980505138,0,1,A3,A3,202,243,150.0,throughput_heavy
0.9746794344808964,0.9486832980505138,0,1,A3,A3,202,243,150.0,severity_heavy
0.8720815992723809,0.7378647873726218,0,0,A3,A5,203,244,100.0,equal
0.8720815992723809,0.7378647873726218,0,0,A3,A5,203,244,100.0,criticality_heavy
0.8720815992723809,0.7378647873726218,0,0,A3,A5,203,244,100.0,throughput_heavy
0.9746794344808963,0.9486832980505138,0,1,A3,A3,203,244,100.0,severity_heavy
0.9999999999999999,1.0,1,1,A3,A3,203,244,125.0,equal
0.9999999999999999,1.0,1,1,A3,A3,203,244,125.0,criticality_heavy
0.9999999999999999,1.0,1,1,A3,A3,203,244,125.0,throughput_heavy
0.9999999999999999,1.0,1,1,A3,A3,203,244,125.0,severity_heavy
0.9999999999999999,1.0,1,1,A3,A3,203,244,150.0,equal
0.9999999999999999,1.0,1,1,A3,A3,203,244,150.0,criticality_heavy
0.9999999999999999,1.0,1,1,A3,A3,203,244,150.0,throughput_heavy
0.9999999999999999,1.0,1,1,A3,A3,203,244,150.0,severity_heavy
1.0,1.0,1,1,A1,A1,204,245,100.0,equal
1.0,1.0,1,1,A1,A1,204,245,100.0,criticality_heavy
1.0,1.0,1,1,A1,A1,204,245,100.0,throughput_heavy
1.0,1.0,1,1,A1,A1,204,245,100.0,severity_heavy
1.0,1.0,1,1,A1,A1,204,245,125.0,equal
1.0,1.0,1,1,A1,A1,204,245,125.0,criticality_heavy
1.0,1.0,1,1,A1,A1,204,245,125.0,throughput_heavy
1.0,1.0,1,1,A1,A1,204,245,125.0,severity_heavy
0.9746794344808964,0.9486832980505138,0,1,A1,A1,204,245,150.0,equal
0.9746794344808964,0.9486832980505138,0,1,A1,A1,204,245,150.0,criticality_heavy
0.9746794344808964,0.9486832980505138,0,1,A1,A1,204,245,150.0,throughput_heavy
0.9746794344808964,0.9486832980505138,0,1,A1,A1,204,245,150.0,severity_heavy
0.9746794344808963,0.9486832980505138,0,1,A3,A3,205,246,100.0,equal
0.9746794344808963,0.9486832980505138,0,1,A3,A3,205,246,100.0,criticality_heavy
0.9746794344808963,0.9486832980505138,0,1,A3,A3,205,246,100.0,throughput_heavy
0.9746794344808963,0.9486832980505138,0,1,A3,A3,205,246,100.0,severity_heavy
0.9999999999999999,1.0,1,1,A3,A3,205,246,125.0,equal
0.9999999999999999,1.0,1,1,A3,A3,205,246,125.0,criticality_heavy
0.9999999999999999,1.0,1,1,A3,A3,205,246,125.0,throughput_heavy
0.9999999999999999,1.0,1,1,A3,A3,205,246,125.0,severity_heavy
0.8999999999999998,0.8,0,1,A3,A3,205,246,150.0,equal
0.8999999999999998,0.8,0,1,A3,A3,205,246,150.0,criticality_heavy
0.8999999999999998,0.8,0,1,A3,A3,205,246,150.0,throughput_heavy
0.8999999999999998,0.8,0,1,A3,A3,205,246,150.0,severity_heavy
0.8207826816681234,0.7378647873726218,0,1,A3,A3,206,247,100.0,equal
0.8207826816681234,0.7378647873726218,0,1,A3,A3,206,247,100.0,criticality_heavy
0.8207826816681234,0.7378647873726218,0,1,A3,A3,206,247,100.0,throughput_heavy
0.8207826816681234,0.7378647873726218,0,1,A3,A3,206,247,100.0,severity_heavy
0.9999999999999999,1.0,1,1,A3,A3,206,247,125.0,equal
0.9999999999999999,1.0,1,1,A3,A3,206,247,125.0,criticality_heavy
0.9999999999999999,1.0,1,1,A3,A3,206,247,125.0,throughput_heavy
0.9999999999999999,1.0,1,1,A3,A3,206,247,125.0,severity_heavy
0.9999999999999999,1.0,1,1,A3,A3,206,247,150.0,equal
0.9999999999999999,1.0,1,1,A3,A3,206,247,150.0,criticality_heavy
0.9999999999999999,1.0,1,1,A3,A3,206,247,150.0,throughput_heavy
0.9999999999999999,1.0,1,1,A3,A3,206,247,150.0,severity_heavy
0.9746794344808963,0.9486832980505138,0,1,A3,A3,207,248,100.0,equal
0.9746794344808963,0.9486832980505138,0,1,A3,A3,207,248,100.0,criticality_heavy
0.9746794344808963,0.9486832980505138,0,1,A3,A3,207,248,100.0,throughput_heavy
0.9746794344808963,0.9486832980505138,0,1,A3,A3,207,248,100.0,severity_heavy
0.9999999999999999,1.0,1,1,A3,A3,207,248,125.0,equal
0.9999999999999999,1.0,1,1,A3,A3,207,248,125.0,criticality_heavy
0.9999999999999999,1.0,1,1,A3,A3,207,248,125.0,throughput_heavy
0.9999999999999999,1.0,1,1,A3,A3,207,248,125.0,severity_heavy
0.9999999999999999,1.0,1,1,A3,A3,207,248,150.0,equal
0.9999999999999999,1.0,1,1,A3,A3,207,248,150.0,criticality_heavy
0.9999999999999999,1.0,1,1,A3,A3,207,248,150.0,throughput_heavy
0.9999999999999999,1.0,1,1,A3,A3,207,248,150.0,severity_heavy
0.8947368421052632,0.7777777777777778,0,1,A1,A1,208,249,100.0,equal
0.8947368421052632,0.7777777777777778,0,1,A1,A1,208,249,100.0,criticality_heavy
0.8947368421052632,0.7777777777777778,0,1,A1,A1,208,249,100.0,throughput_heavy
0.8947368421052632,0.7777777777777778,0,1,A1,A1,208,249,100.0,severity_heavy
1.0,1.0,1,1,A1,A1,208,249,125.0,equal
1.0,1.0,1,1,A1,A1,208,249,125.0,criticality_heavy
1.0,1.0,1,1,A1,A1,208,249,125.0,throughput_heavy
1.0,1.0,1,1,A1,A1,208,249,125.0,severity_heavy
0.9746794344808964,0.9486832980505138,0,1,A1,A1,208,249,150.0,equal
0.9746794344808964,0.9486832980505138,0,1,A1,A1,208,249,150.0,criticality_heavy
0.9746794344808964,0.9486832980505138,0,1,A1,A1,208,249,150.0,throughput_heavy
0.9746794344808964,0.9486832980505138,0,1,A1,A1,208,249,150.0,severity_heavy
0.9746794344808963,0.9486832980505138,0,1,A2,A2,209,250,100.0,equal
0.9746794344808963,0.9486832980505138,0,1,A2,A2,209,250,100.0,criticality_heavy
0.9746794344808963,0.9486832980505138,0,1,A2,A2,209,250,100.0,throughput_heavy
0.9746794344808963,0.9486832980505138,0,1,A2,A2,209,250,100.0,severity_heavy
0.9999999999999999,1.0,1,1,A2,A2,209,250,125.0,equal
0.9999999999999999,1.0,1,1,A2,A2,209,250,125.0,criticality_heavy
0.9999999999999999,1.0,1,1,A2,A2,209,250,125.0,throughput_heavy
0.9999999999999999,1.0,1,1,A2,A2,209,250,125.0,severity_heavy
0.8999999999999998,0.8,0,1,A2,A2,209,250,150.0,equal
0.8999999999999998,0.8,0,1,A2,A2,209,250,150.0,criticality_heavy
0.8999999999999998,0.8,0,1,A2,A2,209,250,150.0,throughput_heavy
0.8999999999999998,0.8,0,1,A2,A2,209,250,150.0,severity_heavy
0.8947368421052632,0.7777777777777778,0,0,A3,A1,210,251,100.0,equal
0.8947368421052632,0.7777777777777778,0,0,A3,A1,210,251,100.0,criticality_heavy
1.0,1.0,1,1,A3,A3,210,251,100.0,throughput_heavy
1.0,1.0,1,1,A3,A3,210,251,100.0,severity_heavy
1.0,1.0,1,1,A3,A3,210,251,125.0,equal
0.8947368421052632,0.7777777777777778,0,0,A3,A1,210,251,125.0,criticality_heavy
1.0,1.0,1,1,A3,A3,210,251,125.0,throughput_heavy
1.0,1.0,1,1,A3,A3,210,251,125.0,severity_heavy
0.9746794344808964,0.9486832980505138,0,1,A3,A3,210,251,150.0,equal
0.9746794344808964,0.9486832980505138,0,1,A3,A3,210,251,150.0,criticality_heavy
0.9746794344808964,0.9486832980505138,0,1,A3,A3,210,251,150.0,throughput_heavy
0.9746794344808964,0.9486832980505138,0,1,A3,A3,210,251,150.0,severity_heavy
1.0,1.0,1,1,A2,A2,211,252,100.0,equal
1.0,1.0,1,1,A2,A2,211,252,100.0,criticality_heavy
1.0,1.0,1,1,A2,A2,211,252,100.0,throughput_heavy
1.0,1.0,1,1,A2,A2,211,252,100.0,severity_heavy
1.0,1.0,1,1,A2,A2,211,252,125.0,equal
1.0,1.0,1,1,A2,A2,211,252,125.0,criticality_heavy
1.0,1.0,1,1,A2,A2,211,252,125.0,throughput_heavy
1.0,1.0,1,1,A2,A2,211,252,125.0,severity_heavy
0.9746794344808964,0.9486832980505138,0,1,A2,A2,211,252,150.0,equal
0.9746794344808964,0.9486832980505138,0,1,A2,A2,211,252,150.0,criticality_heavy
0.9746794344808964,0.9486832980505138,0,1,A2,A2,211,252,150.0,throughput_heavy
0.9746794344808964,0.9486832980505138,0,1,A2,A2,211,252,150.0,severity_heavy
1.0,1.0,1,1,A3,A3,212,253,100.0,equal
1.0,1.0,1,1,A3,A3,212,253,100.0,criticality_heavy
1.0,1.0,1,1,A3,A3,212,253,100.0,throughput_heavy
1.0,1.0,1,1,A3,A3,212,253,100.0,severity_heavy
1.0,1.0,1,1,A3,A3,212,253,125.0,equal
1.0,1.0,1,1,A3,A3,212,253,125.0,criticality_heavy
1.0,1.0,1,1,A3,A3,212,253,125.0,throughput_heavy
1.0,1.0,1,1,A3,A3,212,253,125.0,severity_heavy
0.9746794344808964,0.9486832980505138,0,1,A3,A3,212,253,150.0,equal
0.9746794344808964,0.9486832980505138,0,1,A3,A3,212,253,150.0,criticality_heavy
0.9746794344808964,0.9486832980505138,0,1,A3,A3,212,253,150.0,throughput_heavy
0.9746794344808964,0.9486832980505138,0,1,A3,A3,212,253,150.0,severity_heavy
1.0,1.0,1,1,A5,A5,213,254,100.0,equal
1.0,1.0,1,1,A5,A5,213,254,100.0,criticality_heavy
1.0,1.0,1,1,A5,A5,213,254,100.0,throughput_heavy
1.0,1.0,1,1,A5,A5,213,254,100.0,severity_heavy
1.0,1.0,1,1,A5,A5,213,254,125.0,equal
1.0,1.0,1,1,A5,A5,213,254,125.0,criticality_heavy
1.0,1.0,1,1,A5,A5,213,254,125.0,throughput_heavy
1.0,1.0,1,1,A5,A5,213,254,125.0,severity_heavy
0.8720815992723809,0.7378647873726218,0,0,A5,A3,213,254,150.0,equal
0.9746794344808964,0.9486832980505138,0,1,A5,A5,213,254,150.0,criticality_heavy
0.9746794344808964,0.9486832980505138,0,1,A5,A5,213,254,150.0,throughput_heavy
0.8720815992723809,0.7378647873726218,0,0,A5,A3,213,254,150.0,severity_heavy
1.0,1.0,1,1,A2,A2,214,255,100.0,equal
1.0,1.0,1,1,A2,A2,214,255,100.0,criticality_heavy
1.0,1.0,1,1,A2,A2,214,255,100.0,throughput_heavy
1.0,1.0,1,1,A2,A2,214,255,100.0,severity_heavy
1.0,1.0,1,1,A2,A2,214,255,125.0,equal
1.0,1.0,1,1,A2,A2,214,255,125.0,criticality_heavy
1.0,1.0,1,1,A2,A2,214,255,125.0,throughput_heavy
1.0,1.0,1,1,A2,A2,214,255,125.0,severity_heavy
0.9746794344808964,0.9486832980505138,0,1,A2,A2,214,255,150.0,equal
0.9746794344808964,0.9486832980505138,0,1,A2,A2,214,255,150.0,criticality_heavy
0.9746794344808964,0.9486832980505138,0,1,A2,A2,214,255,150.0,throughput_heavy
0.9746794344808964,0.9486832980505138,0,1,A2,A2,214,255,150.0,severity_heavy
1.0,1.0,1,1,A1,A1,215,256,100.0,equal
1.0,1.0,1,1,A1,A1,215,256,100.0,criticality_heavy
1.0,1.0,1,1,A1,A1,215,256,100.0,throughput_heavy
1.0,1.0,1,1,A1,A1,215,256,100.0,severity_heavy
1.0,1.0,1,1,A1,A1,215,256,125.0,equal
1.0,1.0,1,1,A1,A1,215,256,125.0,criticality_heavy
1.0,1.0,1,1,A1,A1,215,256,125.0,throughput_heavy
1.0,1.0,1,1,A1,A1,215,256,125.0,severity_heavy
0.8720815992723809,0.7378647873726218,0,1,A1,A1,215,256,150.0,equal
0.8720815992723809,0.7378647873726218,0,1,A1,A1,215,256,150.0,criticality_heavy
0.8720815992723809,0.7378647873726218,0,1,A1,A1,215,256,150.0,throughput_heavy
0.8720815992723809,0.7378647873726218,0,1,A1,A1,215,256,150.0,severity_heavy
0.8947368421052632,0.7777777777777778,0,0,A3,A4,216,257,100.0,equal
0.8947368421052632,0.7777777777777778,0,0,A3,A4,216,257,100.0,criticality_heavy
0.8947368421052632,0.7777777777777778,0,0,A3,A4,216,257,100.0,throughput_heavy
0.8947368421052632,0.7777777777777778,0,0,A3,A4,216,257,100.0,severity_heavy
1.0,1.0,1,1,A3,A3,216,257,125.0,equal
1.0,1.0,1,1,A3,A3,216,257,125.0,criticality_heavy
1.0,1.0,1,1,A3,A3,216,257,125.0,throughput_heavy
1.0,1.0,1,1,A3,A3,216,257,125.0,severity_heavy
0.8720815992723809,0.7378647873726218,0,1,A3,A3,216,257,150.0,equal
0.8720815992723809,0.7378647873726218,0,1,A3,A3,216,257,150.0,criticality_heavy
0.8720815992723809,0.7378647873726218,0,1,A3,A3,216,257,150.0,throughput_heavy
0.8720815992723809,0.7378647873726218,0,1,A3,A3,216,257,150.0,severity_heavy
1.0,1.0,1,1,A1,A1,217,258,100.0,equal
1.0,1.0,1,1,A1,A1,217,258,100.0,criticality_heavy
1.0,1.0,1,1,A1,A1,217,258,100.0,throughput_heavy
1.0,1.0,1,1,A1,A1,217,258,100.0,severity_heavy
1.0,1.0,1,1,A1,A1,217,258,125.0,equal
1.0,1.0,1,1,A1,A1,217,258,125.0,criticality_heavy
1.0,1.0,1,1,A1,A1,217,258,125.0,throughput_heavy
1.0,1.0,1,1,A1,A1,217,258,125.0,severity_heavy
0.9746794344808964,0.9486832980505138,0,1,A1,A1,217,258,150.0,equal
0.9746794344808964,0.9486832980505138,0,1,A1,A1,217,258,150.0,criticality_heavy
0.9746794344808964,0.9486832980505138,0,1,A1,A1,217,258,150.0,throughput_heavy
0.9746794344808964,0.9486832980505138,0,1,A1,A1,217,258,150.0,severity_heavy
1.0,1.0,1,1,A1,A1,218,259,100.0,equal
1.0,1.0,1,1,A1,A1,218,259,100.0,criticality_heavy
1.0,1.0,1,1,A1,A1,218,259,100.0,throughput_heavy
1.0,1.0,1,1,A1,A1,218,259,100.0,severity_heavy
1.0,1.0,1,1,A1,A1,218,259,125.0,equal
1.0,1.0,1,1,A1,A1,218,259,125.0,criticality_heavy
0.8947368421052632,0.7777777777777778,0,0,A1,A2,218,259,125.0,throughput_heavy
1.0,1.0,1,1,A1,A1,218,259,125.0,severity_heavy
0.8720815992723809,0.7378647873726218,0,0,A1,A2,218,259,150.0,equal
0.8720815992723809,0.7378647873726218,0,0,A1,A2,218,259,150.0,criticality_heavy
0.8720815992723809,0.7378647873726218,0,0,A1,A2,218,259,150.0,throughput_heavy
0.8720815992723809,0.7378647873726218,0,0,A1,A2,218,259,150.0,severity_heavy
0.9746794344808963,0.9486832980505138,0,1,A2,A2,219,260,100.0,equal
0.9746794344808963,0.9486832980505138,0,1,A2,A2,219,260,100.0,criticality_heavy
0.9746794344808963,0.9486832980505138,0,1,A2,A2,219,260,100.0,throughput_heavy
0.9746794344808963,0.9486832980505138,0,1,A2,A2,219,260,100.0,severity_heavy
0.9999999999999999,1.0,1,1,A2,A2,219,260,125.0,equal
0.9999999999999999,1.0,1,1,A2,A2,219,260,125.0,criticality_heavy
0.9999999999999999,1.0,1,1,A2,A2,219,260,125.0,throughput_heavy
0.9999999999999999,1.0,1,1,A2,A2,219,260,125.0,severity_heavy
0.8999999999999998,0.8,0,1,A2,A2,219,260,150.0,equal
0.8999999999999998,0.8,0,1,A2,A2,219,260,150.0,criticality_heavy
0.8999999999999998,0.8,0,1,A2,A2,219,260,150.0,throughput_heavy
0.8999999999999998,0.8,0,1,A2,A2,219,260,150.0,severity_heavy
0.9746794344808963,0.9486832980505138,0,1,A2,A2,220,261,100.0,equal
0.9746794344808963,0.9486832980505138,0,1,A2,A2,220,261,100.0,criticality_heavy
0.9746794344808963,0.9486832980505138,0,1,A2,A2,220,261,100.0,throughput_heavy
0.9746794344808963,0.9486832980505138,0,1,A2,A2,220,261,100.0,severity_heavy
0.9999999999999999,1.0,1,1,A2,A2,220,261,125.0,equal
0.9999999999999999,1.0,1,1,A2,A2,220,261,125.0,criticality_heavy
0.9999999999999999,1.0,1,1,A2,A2,220,261,125.0,throughput_heavy
0.9999999999999999,1.0,1,1,A2,A2,220,261,125.0,severity_heavy
0.9999999999999999,1.0,1,1,A2,A2,220,261,150.0,equal
0.9999999999999999,1.0,1,1,A2,A2,220,261,150.0,criticality_heavy
0.9999999999999999,1.0,1,1,A2,A2,220,261,150.0,throughput_heavy
0.9999999999999999,1.0,1,1,A2,A2,220,261,150.0,severity_heavy
0.9746794344808963,0.9486832980505138,0,1,A3,A3,221,262,100.0,equal
0.9746794344808963,0.9486832980505138,0,1,A3,A3,221,262,100.0,criticality_heavy
0.9746794344808963,0.9486832980505138,0,1,A3,A3,221,262,100.0,throughput_heavy
0.9746794344808963,0.9486832980505138,0,1,A3,A3,221,262,100.0,severity_heavy
0.9999999999999999,1.0,1,1,A3,A3,221,262,125.0,equal
0.9999999999999999,1.0,1,1,A3,A3,221,262,125.0,criticality_heavy
0.9999999999999999,1.0,1,1,A3,A3,221,262,125.0,throughput_heavy
0.9999999999999999,1.0,1,1,A3,A3,221,262,125.0,severity_heavy
0.8999999999999998,0.8,0,1,A3,A3,221,262,150.0,equal
0.8999999999999998,0.8,0,1,A3,A3,221,262,150.0,criticality_heavy
0.8999999999999998,0.8,0,1,A3,A3,221,262,150.0,throughput_heavy
0.8999999999999998,0.8,0,1,A3,A3,221,262,150.0,severity_heavy
0.9746794344808963,0.9486832980505138,0,1,A3,A3,222,263,100.0,equal
0.9746794344808963,0.9486832980505138,0,1,A3,A3,222,263,100.0,criticality_heavy
0.9746794344808963,0.9486832980505138,0,1,A3,A3,222,263,100.0,throughput_heavy
0.9746794344808963,0.9486832980505138,0,1,A3,A3,222,263,100.0,severity_heavy
0.9999999999999999,1.0,1,1,A3,A3,222,263,125.0,equal
0.9999999999999999,1.0,1,1,A3,A3,222,263,125.0,criticality_heavy
0.9999999999999999,1.0,1,1,A3,A3,222,263,125.0,throughput_heavy
0.9999999999999999,1.0,1,1,A3,A3,222,263,125.0,severity_heavy
0.9999999999999999,1.0,1,1,A3,A3,222,263,150.0,equal
0.8999999999999998,0.8,0,0,A3,A2,222,263,150.0,criticality_heavy
0.8999999999999998,0.8,0,0,A3,A2,222,263,150.0,throughput_heavy
0.9999999999999999,1.0,1,1,A3,A3,222,263,150.0,severity_heavy
1.0,1.0,1,1,A1,A1,223,264,100.0,equal
1.0,1.0,1,1,A1,A1,223,264,100.0,criticality_heavy
1.0,1.0,1,1,A1,A1,223,264,100.0,throughput_heavy
1.0,1.0,1,1,A1,A1,223,264,100.0,severity_heavy
1.0,1.0,1,1,A1,A1,223,264,125.0,equal
1.0,1.0,1,1,A1,A1,223,264,125.0,criticality_heavy
1.0,1.0,1,1,A1,A1,223,264,125.0,throughput_heavy
1.0,1.0,1,1,A1,A1,223,264,125.0,severity_heavy
0.9746794344808964,0.9486832980505138,0,1,A1,A1,223,264,150.0,equal
0.9746794344808964,0.9486832980505138,0,1,A1,A1,223,264,150.0,criticality_heavy
0.9746794344808964,0.9486832980505138,0,1,A1,A1,223,264,150.0,throughput_heavy
0.9746794344808964,0.9486832980505138,0,1,A1,A1,223,264,150.0,severity_heavy
0.9999999999999999,1.0,1,1,A3,A3,224,265,100.0,equal
0.9999999999999999,1.0,1,1,A3,A3,224,265,100.0,criticality_heavy
0.9999999999999999,1.0,1,1,A3,A3,224,265,100.0,throughput_heavy
0.9999999999999999,1.0,1,1,A3,A3,224,265,100.0,severity_heavy
0.9999999999999999,1.0,1,1,A3,A3,224,265,125.0,equal
0.9999999999999999,1.0,1,1,A3,A3,224,265,125.0,criticality_heavy
0.9999999999999999,1.0,1,1,A3,A3,224,265,125.0,throughput_heavy
0.9999999999999999,1.0,1,1,A3,A3,224,265,125.0,severity_heavy
0.9999999999999999,1.0,1,1,A3,A3,224,265,150.0,equal
0.9999999999999999,1.0,1,1,A3,A3,224,265,150.0,criticality_heavy
0.9999999999999999,1.0,1,1,A3,A3,224,265,150.0,throughput_heavy
0.9999999999999999,1.0,1,1,A3,A3,224,265,150.0,severity_heavy
1.0,1.0,1,1,A4,A4,225,266,100.0,equal
1.0,1.0,1,1,A4,A4,225,266,100.0,criticality_heavy
1.0,1.0,1,1,A4,A4,225,266,100.0,throughput_heavy
1.0,1.0,1,1,A4,A4,225,266,100.0,severity_heavy
1.0,1.0,1,1,A4,A4,225,266,125.0,equal
1.0,1.0,1,1,A4,A4,225,266,125.0,criticality_heavy
1.0,1.0,1,1,A4,A4,225,266,125.0,throughput_heavy
1.0,1.0,1,1,A4,A4,225,266,125.0,severity_heavy
0.8720815992723809,0.7378647873726218,0,1,A4,A4,225,266,150.0,equal
0.9746794344808964,0.9486832980505138,0,1,A4,A4,225,266,150.0,criticality_heavy
0.9746794344808964,0.9486832980505138,0,1,A4,A4,225,266,150.0,throughput_heavy
0.8720815992723809,0.7378647873726218,0,1,A4,A4,225,266,150.0,severity_heavy
0.8207826816681234,0.7378647873726218,0,1,A1,A1,226,267,100.0,equal
0.8207826816681234,0.7378647873726218,0,1,A1,A1,226,267,100.0,criticality_heavy
0.8207826816681234,0.7378647873726218,0,1,A1,A1,226,267,100.0,throughput_heavy
0.8207826816681234,0.7378647873726218,0,1,A1,A1,226,267,100.0,severity_heavy
0.9999999999999999,1.0,1,1,A1,A1,226,267,125.0,equal
0.9999999999999999,1.0,1,1,A1,A1,226,267,125.0,criticality_heavy
0.9999999999999999,1.0,1,1,A1,A1,226,267,125.0,throughput_heavy
0.9999999999999999,1.0,1,1,A1,A1,226,267,125.0,severity_heavy
0.9999999999999999,1.0,1,1,A1,A1,226,267,150.0,equal
0.9999999999999999,1.0,1,1,A1,A1,226,267,150.0,criticality_heavy
0.9999999999999999,1.0,1,1,A1,A1,226,267,150.0,throughput_heavy
0.9999999999999999,1.0,1,1,A1,A1,226,267,150.0,severity_heavy
1.0,1.0,1,1,A2,A2,227,268,100.0,equal
1.0,1.0,1,1,A2,A2,227,268,100.0,criticality_heavy
1.0,1.0,1,1,A2,A2,227,268,100.0,throughput_heavy
1.0,1.0,1,1,A2,A2,227,268,100.0,severity_heavy
1.0,1.0,1,1,A2,A2,227,268,125.0,equal
1.0,1.0,1,1,A2,A2,227,268,125.0,criticality_heavy
1.0,1.0,1,1,A2,A2,227,268,125.0,throughput_heavy
1.0,1.0,1,1,A2,A2,227,268,125.0,severity_heavy
0.9746794344808964,0.9486832980505138,0,1,A2,A2,227,268,150.0,equal
0.9746794344808964,0.9486832980505138,0,1,A2,A2,227,268,150.0,criticality_heavy
0.9746794344808964,0.9486832980505138,0,1,A2,A2,227,268,150.0,throughput_heavy
0.9746794344808964,0.9486832980505138,0,1,A2,A2,227,268,150.0,severity_heavy
0.9746794344808963,0.9486832980505138,0,1,A3,A3,228,269,100.0,equal
0.9746794344808963,0.9486832980505138,0,1,A3,A3,228,269,100.0,criticality_heavy
0.9746794344808963,0.9486832980505138,0,1,A3,A3,228,269,100.0,throughput_heavy
0.9746794344808963,0.9486832980505138,0,1,A3,A3,228,269,100.0,severity_heavy
0.9999999999999999,1.0,1,1,A3,A3,228,269,125.0,equal
0.9999999999999999,1.0,1,1,A3,A3,228,269,125.0,criticality_heavy
0.9999999999999999,1.0,1,1,A3,A3,228,269,125.0,throughput_heavy
0.9999999999999999,1.0,1,1,A3,A3,228,269,125.0,severity_heavy
0.9999999999999999,1.0,1,1,A3,A3,228,269,150.0,equal
0.9999999999999999,1.0,1,1,A3,A3,228,269,150.0,criticality_heavy
0.9999999999999999,1.0,1,1,A3,A3,228,269,150.0,throughput_heavy
0.9999999999999999,1.0,1,1,A3,A3,228,269,150.0,severity_heavy
1.0,1.0,1,1,A2,A2,229,270,100.0,equal
1.0,1.0,1,1,A2,A2,229,270,100.0,criticality_heavy
1.0,1.0,1,1,A2,A2,229,270,100.0,throughput_heavy
1.0,1.0,1,1,A2,A2,229,270,100.0,severity_heavy
1.0,1.0,1,1,A2,A2,229,270,125.0,equal
1.0,1.0,1,1,A2,A2,229,270,125.0,criticality_heavy
1.0,1.0,1,1,A2,A2,229,270,125.0,throughput_heavy
1.0,1.0,1,1,A2,A2,229,270,125.0,severity_heavy
0.9746794344808964,0.9486832980505138,0,1,A2,A2,229,270,150.0,equal
0.9746794344808964,0.9486832980505138,0,1,A2,A2,229,270,150.0,criticality_heavy
0.9746794344808964,0.9486832980505138,0,1,A2,A2,229,270,150.0,throughput_heavy
0.9746794344808964,0.9486832980505138,0,1,A2,A2,229,270,150.0,severity_heavy
1.0,1.0,1,1,A1,A1,230,271,100.0,equal
1.0,1.0,1,1,A1,A1,230,271,100.0,criticality_heavy
1.0,1.0,1,1,A1,A1,230,271,100.0,throughput_heavy
1.0,1.0,1,1,A1,A1,230,271,100.0,severity_heavy
1.0,1.0,1,1,A1,A1,230,271,125.0,equal
1.0,1.0,1,1,A1,A1,230,271,125.0,criticality_heavy
1.0,1.0,1,1,A1,A1,230,271,125.0,throughput_heavy
1.0,1.0,1,1,A1,A1,230,271,125.0,severity_heavy
0.9746794344808964,0.9486832980505138,0,1,A1,A1,230,271,150.0,equal
0.9746794344808964,0.9486832980505138,0,1,A1,A1,230,271,150.0,criticality_heavy
0.9746794344808964,0.9486832980505138,0,1,A1,A1,230,271,150.0,throughput_heavy
0.9746794344808964,0.9486832980505138,0,1,A1,A1,230,271,150.0,severity_heavy
0.9746794344808963,0.9486832980505138,0,1,A2,A2,231,272,100.0,equal
0.9746794344808963,0.9486832980505138,0,1,A2,A2,231,272,100.0,criticality_heavy
0.9746794344808963,0.9486832980505138,0,1,A2,A2,231,272,100.0,throughput_heavy
0.9746794344808963,0.9486832980505138,0,1,A2,A2,231,272,100.0,severity_heavy
0.9999999999999999,1.0,1,1,A2,A2,231,272,125.0,equal
0.9999999999999999,1.0,1,1,A2,A2,231,272,125.0,criticality_heavy
0.9999999999999999,1.0,1,1,A2,A2,231,272,125.0,throughput_heavy
0.9999999999999999,1.0,1,1,A2,A2,231,272,125.0,severity_heavy
0.9999999999999999,1.0,1,1,A2,A2,231,272,150.0,equal
0.9999999999999999,1.0,1,1,A2,A2,231,272,150.0,criticality_heavy
0.9999999999999999,1.0,1,1,A2,A2,231,272,150.0,throughput_heavy
0.9999999999999999,1.0,1,1,A2,A2,231,272,150.0,severity_heavy
1.0,1.0,1,1,A4,A4,232,273,100.0,equal
1.0,1.0,1,1,A4,A4,232,273,100.0,criticality_heavy
1.0,1.0,1,1,A4,A4,232,273,100.0,throughput_heavy
1.0,1.0,1,1,A4,A4,232,273,100.0,severity_heavy
1.0,1.0,1,1,A4,A4,232,273,125.0,equal
1.0,1.0,1,1,A4,A4,232,273,125.0,criticality_heavy
1.0,1.0,1,1,A4,A4,232,273,125.0,throughput_heavy
1.0,1.0,1,1,A4,A4,232,273,125.0,severity_heavy
0.8720815992723809,0.7378647873726218,0,0,A4,A1,232,273,150.0,equal
0.8720815992723809,0.7378647873726218,0,0,A4,A1,232,273,150.0,criticality_heavy
0.8720815992723809,0.7378647873726218,0,0,A4,A1,232,273,150.0,throughput_heavy
0.8720815992723809,0.7378647873726218,0,0,A4,A1,232,273,150.0,severity_heavy
1.0,1.0,1,1,A2,A2,233,274,100.0,equal
1.0,1.0,1,1,A2,A2,233,274,100.0,criticality_heavy
1.0,1.0,1,1,A2,A2,233,274,100.0,throughput_heavy
1.0,1.0,1,1,A2,A2,233,274,100.0,severity_heavy
1.0,1.0,1,1,A2,A2,233,274,125.0,equal
1.0,1.0,1,1,A2,A2,233,274,125.0,criticality_heavy
1.0,1.0,1,1,A2,A2,233,274,125.0,throughput_heavy
1.0,1.0,1,1,A2,A2,233,274,125.0,severity_heavy
0.9746794344808964,0.9486832980505138,0,1,A2,A2,233,274,150.0,equal
0.9746794344808964,0.9486832980505138,0,1,A2,A2,233,274,150.0,criticality_heavy
0.9746794344808964,0.9486832980505138,0,1,A2,A2,233,274,150.0,throughput_heavy
0.9746794344808964,0.9486832980505138,0,1,A2,A2,233,274,150.0,severity_heavy
0.8947368421052632,0.7777777777777778,0,1,A5,A5,234,275,100.0,equal
0.8947368421052632,0.7777777777777778,0,1,A5,A5,234,275,100.0,criticality_heavy
0.8947368421052632,0.7777777777777778,0,1,A5,A5,234,275,100.0,throughput_heavy
0.8947368421052632,0.7777777777777778,0,1,A5,A5,234,275,100.0,severity_heavy
1.0,1.0,1,1,A5,A5,234,275,125.0,equal
1.0,1.0,1,1,A5,A5,234,275,125.0,criticality_heavy
1.0,1.0,1,1,A5,A5,234,275,125.0,throughput_heavy
1.0,1.0,1,1,A5,A5,234,275,125.0,severity_heavy
0.9746794344808964,0.9486832980505138,0,1,A5,A5,234,275,150.0,equal
0.9746794344808964,0.9486832980505138,0,1,A5,A5,234,275,150.0,criticality_heavy
0.9746794344808964,0.9486832980505138,0,1,A5,A5,234,275,150.0,throughput_heavy
0.9746794344808964,0.9486832980505138,0,1,A5,A5,234,275,150.0,severity_heavy
0.9999999999999999,1.0,1,1,A2,A2,235,276,100.0,equal
0.9999999999999999,1.0,1,1,A2,A2,235,276,100.0,criticality_heavy
0.9999999999999999,1.0,1,1,A2,A2,235,276,100.0,throughput_heavy
0.9999999999999999,1.0,1,1,A2,A2,235,276,100.0,severity_heavy
0.9999999999999999,1.0,1,1,A2,A2,235,276,125.0,equal
0.9999999999999999,1.0,1,1,A2,A2,235,276,125.0,criticality_heavy
0.9999999999999999,1.0,1,1,A2,A2,235,276,125.0,throughput_heavy
0.9999999999999999,1.0,1,1,A2,A2,235,276,125.0,severity_heavy
0.9999999999999999,1.0,1,1,A2,A2,235,276,150.0,equal
0.9999999999999999,1.0,1,1,A2,A2,235,276,150.0,criticality_heavy
0.9999999999999999,1.0,1,1,A2,A2,235,276,150.0,throughput_heavy
0.9999999999999999,1.0,1,1,A2,A2,235,276,150.0,severity_heavy
1.0,1.0,1,1,A2,A2,236,277,100.0,equal
1.0,1.0,1,1,A2,A2,236,277,100.0,criticality_heavy
1.0,1.0,1,1,A2,A2,236,277,100.0,throughput_heavy
1.0,1.0,1,1,A2,A2,236,277,100.0,severity_heavy
1.0,1.0,1,1,A2,A2,236,277,125.0,equal
1.0,1.0,1,1,A2,A2,236,277,125.0,criticality_heavy
1.0,1.0,1,1,A2,A2,236,277,125.0,throughput_heavy
1.0,1.0,1,1,A2,A2,236,277,125.0,severity_heavy
0.9746794344808964,0.9486832980505138,0,1,A2,A2,236,277,150.0,equal
0.9746794344808964,0.9486832980505138,0,1,A2,A2,236,277,150.0,criticality_heavy
0.9746794344808964,0.9486832980505138,0,1,A2,A2,236,277,150.0,throughput_heavy
0.9746794344808964,0.9486832980505138,0,1,A2,A2,236,277,150.0,severity_heavy
0.9746794344808963,0.9486832980505138,0,1,A2,A2,237,278,100.0,equal
0.9746794344808963,0.9486832980505138,0,1,A2,A2,237,278,100.0,criticality_heavy
0.9746794344808963,0.9486832980505138,0,1,A2,A2,237,278,100.0,throughput_heavy
0.9746794344808963,0.9486832980505138,0,1,A2,A2,237,278,100.0,severity_heavy
0.9999999999999999,1.0,1,1,A2,A2,237,278,125.0,equal
0.9999999999999999,1.0,1,1,A2,A2,237,278,125.0,criticality_heavy
0.9999999999999999,1.0,1,1,A2,A2,237,278,125.0,throughput_heavy
0.9999999999999999,1.0,1,1,A2,A2,237,278,125.0,severity_heavy
0.9999999999999999,1.0,1,1,A2,A2,237,278,150.0,equal
0.9999999999999999,1.0,1,1,A2,A2,237,278,150.0,criticality_heavy
0.9999999999999999,1.0,1,1,A2,A2,237,278,150.0,throughput_heavy
0.9999999999999999,1.0,1,1,A2,A2,237,278,150.0,severity_heavy
1.0,1.0,1,1,A1,A1,238,279,100.0,equal
1.0,1.0,1,1,A1,A1,238,279,100.0,criticality_heavy
1.0,1.0,1,1,A1,A1,238,279,100.0,throughput_heavy
1.0,1.0,1,1,A1,A1,238,279,100.0,severity_heavy
1.0,1.0,1,1,A1,A1,238,279,125.0,equal
1.0,1.0,1,1,A1,A1,238,279,125.0,criticality_heavy
1.0,1.0,1,1,A1,A1,238,279,125.0,throughput_heavy
1.0,1.0,1,1,A1,A1,238,279,125.0,severity_heavy
0.8720815992723809,0.7378647873726218,0,1,A1,A1,238,279,150.0,equal
0.9746794344808964,0.9486832980505138,0,1,A1,A1,238,279,150.0,criticality_heavy
0.9746794344808964,0.9486832980505138,0,1,A1,A1,238,279,150.0,throughput_heavy
0.8720815992723809,0.7378647873726218,0,1,A1,A1,238,279,150.0,severity_heavy
0.9746794344808963,0.9486832980505138,0,1,A4,A4,239,280,100.0,equal
0.9746794344808963,0.9486832980505138,0,1,A4,A4,239,280,100.0,criticality_heavy
0.9746794344808963,0.9486832980505138,0,1,A4,A4,239,280,100.0,throughput_heavy
0.9746794344808963,0.9486832980505138,0,1,A4,A4,239,280,100.0,severity_heavy
0.9999999999999999,1.0,1,1,A4,A4,239,280,125.0,equal
0.9999999999999999,1.0,1,1,A4,A4,239,280,125.0,criticality_heavy
0.9999999999999999,1.0,1,1,A4,A4,239,280,125.0,throughput_heavy
0.8999999999999998,0.8,0,1,A4,A4,239,280,125.0,severity_heavy
0.6,0.4,0,0,A4,A3,239,280,150.0,equal
0.6,0.4,0,0,A4,A3,239,280,150.0,criticality_heavy
0.6,0.4,0,0,A4,A3,239,280,150.0,throughput_heavy
0.7,0.6,0,0,A4,A3,239,280,150.0,severity_heavy
0.8947368421052632,0.7777777777777778,0,1,A5,A5,240,281,100.0,equal
0.8947368421052632,0.7777777777777778,0,1,A5,A5,240,281,100.0,criticality_heavy
0.8947368421052632,0.7777777777777778,0,1,A5,A5,240,281,100.0,throughput_heavy
0.8947368421052632,0.7777777777777778,0,1,A5,A5,240,281,100.0,severity_heavy
1.0,1.0,1,1,A5,A5,240,281,125.0,equal
1.0,1.0,1,1,A5,A5,240,281,125.0,criticality_heavy
0.8947368421052632,0.7777777777777778,0,1,A5,A5,240,281,125.0,throughput_heavy
0.8947368421052632,0.7777777777777778,0,1,A5,A5,240,281,125.0,severity_heavy
0.9746794344808964,0.9486832980505138,0,1,A5,A5,240,281,150.0,equal
0.9746794344808964,0.9486832980505138,0,1,A5,A5,240,281,150.0,criticality_heavy
0.9746794344808964,0.9486832980505138,0,1,A5,A5,240,281,150.0,throughput_heavy
0.9746794344808964,0.9486832980505138,0,1,A5,A5,240,281,150.0,severity_heavy
0.9746794344808963,0.9486832980505138,0,1,A2,A2,241,282,100.0,equal
0.9746794344808963,0.9486832980505138,0,1,A2,A2,241,282,100.0,criticality_heavy
0.9746794344808963,0.9486832980505138,0,1,A2,A2,241,282,100.0,throughput_heavy
0.9746794344808963,0.9486832980505138,0,1,A2,A2,241,282,100.0,severity_heavy
0.9999999999999999,1.0,1,1,A2,A2,241,282,125.0,equal
0.9999999999999999,1.0,1,1,A2,A2,241,282,125.0,criticality_heavy
0.9999999999999999,1.0,1,1,A2,A2,241,282,125.0,throughput_heavy
0.9999999999999999,1.0,1,1,A2,A2,241,282,125.0,severity_heavy
0.9999999999999999,1.0,1,1,A2,A2,241,282,150.0,equal
0.8999999999999998,0.8,0,1,A2,A2,241,282,150.0,criticality_heavy
0.9999999999999999,1.0,1,1,A2,A2,241,282,150.0,throughput_heavy
0.9999999999999999,1.0,1,1,A2,A2,241,282,150.0,severity_heavy
0.9746794344808963,0.9486832980505138,0,1,A5,A5,242,283,100.0,equal
0.9746794344808963,0.9486832980505138,0,1,A5,A5,242,283,100.0,criticality_heavy
0.9746794344808963,0.9486832980505138,0,1,A5,A5,242,283,100.0,throughput_heavy
0.9746794344808963,0.9486832980505138,0,1,A5,A5,242,283,100.0,severity_heavy
0.9999999999999999,1.0,1,1,A5,A5,242,283,125.0,equal
0.9999999999999999,1.0,1,1,A5,A5,242,283,125.0,criticality_heavy
0.9999999999999999,1.0,1,1,A5,A5,242,283,125.0,throughput_heavy
0.8999999999999998,0.8,0,0,A5,A3,242,283,125.0,severity_heavy
0.8999999999999998,0.8,0,0,A5,A3,242,283,150.0,equal
0.8999999999999998,0.8,0,0,A5,A3,242,283,150.0,criticality_heavy
0.8999999999999998,0.8,0,0,A5,A3,242,283,150.0,throughput_heavy
0.7,0.6,0,0,A5,A3,242,283,150.0,severity_heavy
0.8720815992723809,0.7378647873726218,0,0,A2,A1,243,284,100.0,equal
0.8720815992723809,0.7378647873726218,0,0,A2,A1,243,284,100.0,criticality_heavy
0.8720815992723809,0.7378647873726218,0,0,A2,A1,243,284,100.0,throughput_heavy
0.8720815992723809,0.7378647873726218,0,0,A2,A1,243,284,100.0,severity_heavy
0.9999999999999999,1.0,1,1,A2,A2,243,284,125.0,equal
0.8999999999999998,0.8,0,0,A2,A1,243,284,125.0,criticality_heavy
0.9999999999999999,1.0,1,1,A2,A2,243,284,125.0,throughput_heavy
0.9999999999999999,1.0,1,1,A2,A2,243,284,125.0,severity_heavy
0.9999999999999999,1.0,1,1,A2,A2,243,284,150.0,equal
0.9999999999999999,1.0,1,1,A2,A2,243,284,150.0,criticality_heavy
0.9999999999999999,1.0,1,1,A2,A2,243,284,150.0,throughput_heavy
0.9999999999999999,1.0,1,1,A2,A2,243,284,150.0,severity_heavy
1.0,1.0,1,1,A1,A1,244,285,100.0,equal
1.0,1.0,1,1,A1,A1,244,285,100.0,criticality_heavy
1.0,1.0,1,1,A1,A1,244,285,100.0,throughput_heavy
1.0,1.0,1,1,A1,A1,244,285,100.0,severity_heavy
1.0,1.0,1,1,A1,A1,244,285,125.0,equal
1.0,1.0,1,1,A1,A1,244,285,125.0,criticality_heavy
1.0,1.0,1,1,A1,A1,244,285,125.0,throughput_heavy
1.0,1.0,1,1,A1,A1,244,285,125.0,severity_heavy
0.8720815992723809,0.7378647873726218,0,0,A1,A2,244,285,150.0,equal
0.9746794344808964,0.9486832980505138,0,1,A1,A1,244,285,150.0,criticality_heavy
0.8720815992723809,0.7378647873726218,0,0,A1,A2,244,285,150.0,throughput_heavy
0.9746794344808964,0.9486832980505138,0,1,A1,A1,244,285,150.0,severity_heavy
1.0,1.0,1,1,A2,A2,245,286,100.0,equal
1.0,1.0,1,1,A2,A2,245,286,100.0,criticality_heavy
1.0,1.0,1,1,A2,A2,245,286,100.0,throughput_heavy
1.0,1.0,1,1,A2,A2,245,286,100.0,severity_heavy
1.0,1.0,1,1,A2,A2,245,286,125.0,equal
1.0,1.0,1,1,A2,A2,245,286,125.0,criticality_heavy
1.0,1.0,1,1,A2,A2,245,286,125.0,throughput_heavy
1.0,1.0,1,1,A2,A2,245,286,125.0,severity_heavy
0.9746794344808964,0.9486832980505138,0,1,A2,A2,245,286,150.0,equal
0.9746794344808964,0.9486832980505138,0,1,A2,A2,245,286,150.0,criticality_heavy
0.9746794344808964,0.9486832980505138,0,1,A2,A2,245,286,150.0,throughput_heavy
0.9746794344808964,0.9486832980505138,0,1,A2,A2,245,286,150.0,severity_heavy
0.9746794344808963,0.9486832980505138,0,1,A4,A4,246,287,100.0,equal
0.9746794344808963,0.9486832980505138,0,1,A4,A4,246,287,100.0,criticality_heavy
0.9746794344808963,0.9486832980505138,0,1,A4,A4,246,287,100.0,throughput_heavy
0.9746794344808963,0.9486832980505138,0,1,A4,A4,246,287,100.0,severity_heavy
0.9999999999999999,1.0,1,1,A4,A4,246,287,125.0,equal
0.9999999999999999,1.0,1,1,A4,A4,246,287,125.0,criticality_heavy
0.9999999999999999,1.0,1,1,A4,A4,246,287,125.0,throughput_heavy
0.8999999999999998,0.8,0,1,A4,A4,246,287,125.0,severity_heavy
0.6,0.4,0,0,A4,A1,246,287,150.0,equal
0.6,0.4,0,0,A4,A1,246,287,150.0,criticality_heavy
0.7,0.6,0,0,A4,A5,246,287,150.0,throughput_heavy
0.7,0.6,0,0,A4,A1,246,287,150.0,severity_heavy
0.8207826816681234,0.7378647873726218,0,1,A1,A1,247,288,100.0,equal
0.8207826816681234,0.7378647873726218,0,1,A1,A1,247,288,100.0,criticality_heavy
0.8207826816681234,0.7378647873726218,0,1,A1,A1,247,288,100.0,throughput_heavy
0.8207826816681234,0.7378647873726218,0,1,A1,A1,247,288,100.0,severity_heavy
0.9999999999999999,1.0,1,1,A1,A1,247,288,125.0,equal
0.9999999999999999,1.0,1,1,A1,A1,247,288,125.0,criticality_heavy
0.9999999999999999,1.0,1,1,A1,A1,247,288,125.0,throughput_heavy
0.9999999999999999,1.0,1,1,A1,A1,247,288,125.0,severity_heavy
0.9999999999999999,1.0,1,1,A1,A1,247,288,150.0,equal
0.9999999999999999,1.0,1,1,A1,A1,247,288,150.0,criticality_heavy
0.9999999999999999,1.0,1,1,A1,A1,247,288,150.0,throughput_heavy
0.9999999999999999,1.0,1,1,A1,A1,247,288,150.0,severity_heavy
0.9999999999999999,1.0,1,1,A3,A3,248,289,100.0,equal
0.9999999999999999,1.0,1,1,A3,A3,248,289,100.0,criticality_heavy
0.9999999999999999,1.0,1,1,A3,A3,248,289,100.0,throughput_heavy
0.9999999999999999,1.0,1,1,A3,A3,248,289,100.0,severity_heavy
0.9999999999999999,1.0,1,1,A3,A3,248,289,125.0,equal
0.9999999999999999,1.0,1,1,A3,A3,248,289,125.0,criticality_heavy
0.9999999999999999,1.0,1,1,A3,A3,248,289,125.0,throughput_heavy
0.9999999999999999,1.0,1,1,A3,A3,248,289,125.0,severity_heavy
0.9999999999999999,1.0,1,1,A3,A3,248,289,150.0,equal
0.9999999999999999,1.0,1,1,A3,A3,248,289,150.0,criticality_heavy
0.9999999999999999,1.0,1,1,A3,A3,248,289,150.0,throughput_heavy
0.9999999999999999,1.0,1,1,A3,A3,248,289,150.0,severity_heavy
0.8720815992723809,0.7378647873726218,0,0,A2,A5,249,290,100.0,equal
0.8720815992723809,0.7378647873726218,0,0,A2,A5,249,290,100.0,criticality_heavy
0.8720815992723809,0.7378647873726218,0,0,A2,A5,249,290,100.0,throughput_heavy
0.8720815992723809,0.7378647873726218,0,0,A2,A5,249,290,100.0,severity_heavy
0.9999999999999999,1.0,1,1,A2,A2,249,290,125.0,equal
0.9999999999999999,1.0,1,1,A2,A2,249,290,125.0,criticality_heavy
0.9999999999999999,1.0,1,1,A2,A2,249,290,125.0,throughput_heavy
0.9999999999999999,1.0,1,1,A2,A2,249,290,125.0,severity_heavy
0.9999999999999999,1.0,1,1,A2,A2,249,290,150.0,equal
0.8999999999999998,0.8,0,1,A2,A2,249,290,150.0,criticality_heavy
0.9999999999999999,1.0,1,1,A2,A2,249,290,150.0,throughput_heavy
0.9999999999999999,1.0,1,1,A2,A2,249,290,150.0,severity_heavy
1.0,1.0,1,1,A2,A2,250,291,100.0,equal
1.0,1.0,1,1,A2,A2,250,291,100.0,criticality_heavy
1.0,1.0,1,1,A2,A2,250,291,100.0,throughput_heavy
1.0,1.0,1,1,A2,A2,250,291,100.0,severity_heavy
1.0,1.0,1,1,A2,A2,250,291,125.0,equal
1.0,1.0,1,1,A2,A2,250,291,125.0,criticality_heavy
1.0,1.0,1,1,A2,A2,250,291,125.0,throughput_heavy
1.0,1.0,1,1,A2,A2,250,291,125.0,severity_heavy
0.9746794344808964,0.9486832980505138,0,1,A2,A2,250,291,150.0,equal
0.9746794344808964,0.9486832980505138,0,1,A2,A2,250,291,150.0,criticality_heavy
0.9746794344808964,0.9486832980505138,0,1,A2,A2,250,291,150.0,throughput_heavy
0.9746794344808964,0.9486832980505138,0,1,A2,A2,250,291,150.0,severity_heavy
0.9746794344808963,0.9486832980505138,0,1,A5,A5,251,292,100.0,equal
0.9746794344808963,0.9486832980505138,0,1,A5,A5,251,292,100.0,criticality_heavy
0.9746794344808963,0.9486832980505138,0,1,A5,A5,251,292,100.0,throughput_heavy
0.9746794344808963,0.9486832980505138,0,1,A5,A5,251,292,100.0,severity_heavy
0.9999999999999999,1.0,1,1,A5,A5,251,292,125.0,equal
0.8999999999999998,0.8,0,1,A5,A5,251,292,125.0,criticality_heavy
0.8999999999999998,0.8,0,1,A5,A5,251,292,125.0,throughput_heavy
0.9999999999999999,1.0,1,1,A5,A5,251,292,125.0,severity_heavy
0.8999999999999998,0.8,0,1,A5,A5,251,292,150.0,equal
0.8999999999999998,0.8,0,1,A5,A5,251,292,150.0,criticality_heavy
0.8999999999999998,0.8,0,1,A5,A5,251,292,150.0,throughput_heavy
0.8999999999999998,0.8,0,1,A5,A5,251,292,150.0,severity_heavy
1.0,1.0,1,1,A3,A3,252,293,100.0,equal
1.0,1.0,1,1,A3,A3,252,293,100.0,criticality_heavy
1.0,1.0,1,1,A3,A3,252,293,100.0,throughput_heavy
1.0,1.0,1,1,A3,A3,252,293,100.0,severity_heavy
1.0,1.0,1,1,A3,A3,252,293,125.0,equal
1.0,1.0,1,1,A3,A3,252,293,125.0,criticality_heavy
1.0,1.0,1,1,A3,A3,252,293,125.0,throughput_heavy
1.0,1.0,1,1,A3,A3,252,293,125.0,severity_heavy
0.8720815992723809,0.7378647873726218,0,1,A3,A3,252,293,150.0,equal
0.8720815992723809,0.7378647873726218,0,1,A3,A3,252,293,150.0,criticality_heavy
0.8720815992723809,0.7378647873726218,0,1,A3,A3,252,293,150.0,throughput_heavy
0.8720815992723809,0.7378647873726218,0,1,A3,A3,252,293,150.0,severity_heavy
1.0,1.0,1,1,A2,A2,253,294,100.0,equal
1.0,1.0,1,1,A2,A2,253,294,100.0,criticality_heavy
1.0,1.0,1,1,A2,A2,253,294,100.0,throughput_heavy
1.0,1.0,1,1,A2,A2,253,294,100.0,severity_heavy
1.0,1.0,1,1,A2,A2,253,294,125.0,equal
1.0,1.0,1,1,A2,A2,253,294,125.0,criticality_heavy
1.0,1.0,1,1,A2,A2,253,294,125.0,throughput_heavy
1.0,1.0,1,1,A2,A2,253,294,125.0,severity_heavy
0.9746794344808964,0.9486832980505138,0,1,A2,A2,253,294,150.0,equal
0.9746794344808964,0.9486832980505138,0,1,A2,A2,253,294,150.0,criticality_heavy
0.9746794344808964,0.9486832980505138,0,1,A2,A2,253,294,150.0,throughput_heavy
0.9746794344808964,0.9486832980505138,0,1,A2,A2,253,294,150.0,severity_heavy
0.9999999999999999,1.0,1,1,A5,A5,254,295,100.0,equal
0.9999999999999999,1.0,1,1,A5,A5,254,295,100.0,criticality_heavy
0.9999999999999999,1.0,1,1,A5,A5,254,295,100.0,throughput_heavy
0.9999999999999999,1.0,1,1,A5,A5,254,295,100.0,severity_heavy
0.9999999999999999,1.0,1,1,A5,A5,254,295,125.0,equal
0.9999999999999999,1.0,1,1,A5,A5,254,295,125.0,criticality_heavy
0.9999999999999999,1.0,1,1,A5,A5,254,295,125.0,throughput_heavy
0.8999999999999998,0.8,0,0,A5,A2,254,295,125.0,severity_heavy
0.8999999999999998,0.8,0,0,A5,A2,254,295,150.0,equal
0.8999999999999998,0.8,0,0,A5,A2,254,295,150.0,criticality_heavy
0.8999999999999998,0.8,0,0,A5,A2,254,295,150.0,throughput_heavy
0.8999999999999998,0.8,0,0,A5,A2,254,295,150.0,severity_heavy
1.0,1.0,1,1,A3,A3,255,296,100.0,equal
1.0,1.0,1,1,A3,A3,255,296,100.0,criticality_heavy
1.0,1.0,1,1,A3,A3,255,296,100.0,throughput_heavy
1.0,1.0,1,1,A3,A3,255,296,100.0,severity_heavy
1.0,1.0,1,1,A3,A3,255,296,125.0,equal
1.0,1.0,1,1,A3,A3,255,296,125.0,criticality_heavy
1.0,1.0,1,1,A3,A3,255,296,125.0,throughput_heavy
1.0,1.0,1,1,A3,A3,255,296,125.0,severity_heavy
0.9746794344808964,0.9486832980505138,0,1,A3,A3,255,296,150.0,equal
0.9746794344808964,0.9486832980505138,0,1,A3,A3,255,296,150.0,criticality_heavy
0.9746794344808964,0.9486832980505138,0,1,A3,A3,255,296,150.0,throughput_heavy
0.9746794344808964,0.9486832980505138,0,1,A3,A3,255,296,150.0,severity_heavy
0.8720815992723809,0.7378647873726218,0,0,A1,A4,256,297,100.0,equal
0.8720815992723809,0.7378647873726218,0,0,A1,A4,256,297,100.0,criticality_heavy
0.8720815992723809,0.7378647873726218,0,0,A1,A4,256,297,100.0,throughput_heavy
0.8720815992723809,0.7378647873726218,0,0,A1,A4,256,297,100.0,severity_heavy
0.9999999999999999,1.0,1,1,A1,A1,256,297,125.0,equal
0.9999999999999999,1.0,1,1,A1,A1,256,297,125.0,criticality_heavy
0.9999999999999999,1.0,1,1,A1,A1,256,297,125.0,throughput_heavy
0.9999999999999999,1.0,1,1,A1,A1,256,297,125.0,severity_heavy
0.9999999999999999,1.0,1,1,A1,A1,256,297,150.0,equal
0.9999999999999999,1.0,1,1,A1,A1,256,297,150.0,criticality_heavy
0.9999999999999999,1.0,1,1,A1,A1,256,297,150.0,throughput_heavy
0.9999999999999999,1.0,1,1,A1,A1,256,297,150.0,severity_heavy
1.0,1.0,1,1,A2,A2,257,298,100.0,equal
1.0,1.0,1,1,A2,A2,257,298,100.0,criticality_heavy
1.0,1.0,1,1,A2,A2,257,298,100.0,throughput_heavy
1.0,1.0,1,1,A2,A2,257,298,100.0,severity_heavy
1.0,1.0,1,1,A2,A2,257,298,125.0,equal
1.0,1.0,1,1,A2,A2,257,298,125.0,criticality_heavy
1.0,1.0,1,1,A2,A2,257,298,125.0,throughput_heavy
1.0,1.0,1,1,A2,A2,257,298,125.0,severity_heavy
0.9746794344808964,0.9486832980505138,0,1,A2,A2,257,298,150.0,equal
0.9746794344808964,0.9486832980505138,0,1,A2,A2,257,298,150.0,criticality_heavy
0.9746794344808964,0.9486832980505138,0,1,A2,A2,257,298,150.0,throughput_heavy
0.9746794344808964,0.9486832980505138,0,1,A2,A2,257,298,150.0,severity_heavy
0.8720815992723809,0.7378647873726218,0,0,A2,A5,258,299,100.0,equal
0.8720815992723809,0.7378647873726218,0,0,A2,A5,258,299,100.0,criticality_heavy
0.8720815992723809,0.7378647873726218,0,0,A2,A5,258,299,100.0,throughput_heavy
0.9746794344808963,0.9486832980505138,0,1,A2,A2,258,299,100.0,severity_heavy
0.9999999999999999,1.0,1,1,A2,A2,258,299,125.0,equal
0.9999999999999999,1.0,1,1,A2,A2,258,299,125.0,criticality_heavy
0.9999999999999999,1.0,1,1,A2,A2,258,299,125.0,throughput_heavy
0.9999999999999999,1.0,1,1,A2,A2,258,299,125.0,severity_heavy
0.9999999999999999,1.0,1,1,A2,A2,258,299,150.0,equal
0.9999999999999999,1.0,1,1,A2,A2,258,299,150.0,criticality_heavy
0.9999999999999999,1.0,1,1,A2,A2,258,299,150.0,throughput_heavy
0.9999999999999999,1.0,1,1,A2,A2,258,299,150.0,severity_heavy
0.9746794344808963,0.9486832980505138,0,1,A2,A2,259,300,100.0,equal
0.9746794344808963,0.9486832980505138,0,1,A2,A2,259,300,100.0,criticality_heavy
0.9746794344808963,0.9486832980505138,0,1,A2,A2,259,300,100.0,throughput_heavy
0.9746794344808963,0.9486832980505138,0,1,A2,A2,259,300,100.0,severity_heavy
0.9999999999999999,1.0,1,1,A2,A2,259,300,125.0,equal
0.9999999999999999,1.0,1,1,A2,A2,259,300,125.0,criticality_heavy
0.9999999999999999,1.0,1,1,A2,A2,259,300,125.0,throughput_heavy
0.9999999999999999,1.0,1,1,A2,A2,259,300,125.0,severity_heavy
0.9999999999999999,1.0,1,1,A2,A2,259,300,150.0,equal
0.9999999999999999,1.0,1,1,A2,A2,259,300,150.0,criticality_heavy
0.9999999999999999,1.0,1,1,A2,A2,259,300,150.0,throughput_heavy
0.9999999999999999,1.0,1,1,A2,A2,259,300,150.0,severity_heavy
0.8947368421052632,0.7777777777777778,0,1,A2,A2,260,301,100.0,equal
0.8947368421052632,0.7777777777777778,0,1,A2,A2,260,301,100.0,criticality_heavy
0.8947368421052632,0.7777777777777778,0,1,A2,A2,260,301,100.0,throughput_heavy
1.0,1.0,1,1,A2,A2,260,301,100.0,severity_heavy
1.0,1.0,1,1,A2,A2,260,301,125.0,equal
1.0,1.0,1,1,A2,A2,260,301,125.0,criticality_heavy
1.0,1.0,1,1,A2,A2,260,301,125.0,throughput_heavy
1.0,1.0,1,1,A2,A2,260,301,125.0,severity_heavy
0.9746794344808964,0.9486832980505138,0,1,A2,A2,260,301,150.0,equal
0.9746794344808964,0.9486832980505138,0,1,A2,A2,260,301,150.0,criticality_heavy
0.9746794344808964,0.9486832980505138,0,1,A2,A2,260,301,150.0,throughput_heavy
0.9746794344808964,0.9486832980505138,0,1,A2,A2,260,301,150.0,severity_heavy
0.8207826816681234,0.7378647873726218,0,1,A3,A3,261,302,100.0,equal
0.8207826816681234,0.7378647873726218,0,1,A3,A3,261,302,100.0,criticality_heavy
0.8207826816681234,0.7378647873726218,0,1,A3,A3,261,302,100.0,throughput_heavy
0.8207826816681234,0.7378647873726218,0,1,A3,A3,261,302,100.0,severity_heavy
0.9999999999999999,1.0,1,1,A3,A3,261,302,125.0,equal
0.9999999999999999,1.0,1,1,A3,A3,261,302,125.0,criticality_heavy
0.9999999999999999,1.0,1,1,A3,A3,261,302,125.0,throughput_heavy
0.9999999999999999,1.0,1,1,A3,A3,261,302,125.0,severity_heavy
0.9999999999999999,1.0,1,1,A3,A3,261,302,150.0,equal
0.9999999999999999,1.0,1,1,A3,A3,261,302,150.0,criticality_heavy
0.9999999999999999,1.0,1,1,A3,A3,261,302,150.0,throughput_heavy
0.9999999999999999,1.0,1,1,A3,A3,261,302,150.0,severity_heavy
0.8720815992723809,0.7378647873726218,0,0,A2,A5,262,303,100.0,equal
0.8720815992723809,0.7378647873726218,0,0,A2,A5,262,303,100.0,criticality_heavy
0.8720815992723809,0.7378647873726218,0,0,A2,A5,262,303,100.0,throughput_heavy
0.8720815992723809,0.7378647873726218,0,0,A2,A5,262,303,100.0,severity_heavy
0.9999999999999999,1.0,1,1,A2,A2,262,303,125.0,equal
0.9999999999999999,1.0,1,1,A2,A2,262,303,125.0,criticality_heavy
0.9999999999999999,1.0,1,1,A2,A2,262,303,125.0,throughput_heavy
0.9999999999999999,1.0,1,1,A2,A2,262,303,125.0,severity_heavy
0.9999999999999999,1.0,1,1,A2,A2,262,303,150.0,equal
0.9999999999999999,1.0,1,1,A2,A2,262,303,150.0,criticality_heavy
0.9999999999999999,1.0,1,1,A2,A2,262,303,150.0,throughput_heavy
0.9999999999999999,1.0,1,1,A2,A2,262,303,150.0,severity_heavy
0.8947368421052632,0.7777777777777778,0,0,A3,A5,263,304,100.0,equal
0.8947368421052632,0.7777777777777778,0,0,A3,A5,263,304,100.0,criticality_heavy
0.8947368421052632,0.7777777777777778,0,0,A3,A5,263,304,100.0,throughput_heavy
1.0,1.0,1,1,A3,A3,263,304,100.0,severity_heavy
1.0,1.0,1,1,A3,A3,263,304,125.0,equal
1.0,1.0,1,1,A3,A3,263,304,125.0,criticality_heavy
1.0,1.0,1,1,A3,A3,263,304,125.0,throughput_heavy
1.0,1.0,1,1,A3,A3,263,304,125.0,severity_heavy
0.9746794344808964,0.9486832980505138,0,1,A3,A3,263,304,150.0,equal
0.9746794344808964,0.9486832980505138,0,1,A3,A3,263,304,150.0,criticality_heavy
0.9746794344808964,0.9486832980505138,0,1,A3,A3,263,304,150.0,throughput_heavy
0.9746794344808964,0.9486832980505138,0,1,A3,A3,263,304,150.0,severity_heavy
0.9746794344808963,0.9486832980505138,0,1,A3,A3,264,305,100.0,equal
0.9746794344808963,0.9486832980505138,0,1,A3,A3,264,305,100.0,criticality_heavy
0.9746794344808963,0.9486832980505138,0,1,A3,A3,264,305,100.0,throughput_heavy
0.9746794344808963,0.9486832980505138,0,1,A3,A3,264,305,100.0,severity_heavy
0.9999999999999999,1.0,1,1,A3,A3,264,305,125.0,equal
0.9999999999999999,1.0,1,1,A3,A3,264,305,125.0,criticality_heavy
0.9999999999999999,1.0,1,1,A3,A3,264,305,125.0,throughput_heavy
0.9999999999999999,1.0,1,1,A3,A3,264,305,125.0,severity_heavy
0.9999999999999999,1.0,1,1,A3,A3,264,305,150.0,equal
0.9999999999999999,1.0,1,1,A3,A3,264,305,150.0,criticality_heavy
0.9999999999999999,1.0,1,1,A3,A3,264,305,150.0,throughput_heavy
0.9999999999999999,1.0,1,1,A3,A3,264,305,150.0,severity_heavy
0.9746794344808963,0.9486832980505138,0,1,A1,A1,265,306,100.0,equal
0.9746794344808963,0.9486832980505138,0,1,A1,A1,265,306,100.0,criticality_heavy
0.9746794344808963,0.9486832980505138,0,1,A1,A1,265,306,100.0,throughput_heavy
0.9746794344808963,0.9486832980505138,0,1,A1,A1,265,306,100.0,severity_heavy
0.9999999999999999,1.0,1,1,A1,A1,265,306,125.0,equal
0.9999999999999999,1.0,1,1,A1,A1,265,306,125.0,criticality_heavy
0.9999999999999999,1.0,1,1,A1,A1,265,306,125.0,throughput_heavy
0.9999999999999999,1.0,1,1,A1,A1,265,306,125.0,severity_heavy
0.8999999999999998,0.8,0,1,A1,A1,265,306,150.0,equal
0.8999999999999998,0.8,0,1,A1,A1,265,306,150.0,criticality_heavy
0.8999999999999998,0.8,0,1,A1,A1,265,306,150.0,throughput_heavy
0.8999999999999998,0.8,0,1,A1,A1,265,306,150.0,severity_heavy
0.9746794344808963,0.9486832980505138,0,1,A2,A2,266,307,100.0,equal
0.9746794344808963,0.9486832980505138,0,1,A2,A2,266,307,100.0,criticality_heavy
0.9746794344808963,0.9486832980505138,0,1,A2,A2,266,307,100.0,throughput_heavy
0.9746794344808963,0.9486832980505138,0,1,A2,A2,266,307,100.0,severity_heavy
0.9999999999999999,1.0,1,1,A2,A2,266,307,125.0,equal
0.9999999999999999,1.0,1,1,A2,A2,266,307,125.0,criticality_heavy
0.9999999999999999,1.0,1,1,A2,A2,266,307,125.0,throughput_heavy
0.9999999999999999,1.0,1,1,A2,A2,266,307,125.0,severity_heavy
0.9999999999999999,1.0,1,1,A2,A2,266,307,150.0,equal
0.9999999999999999,1.0,1,1,A2,A2,266,307,150.0,criticality_heavy
0.9999999999999999,1.0,1,1,A2,A2,266,307,150.0,throughput_heavy
0.9999999999999999,1.0,1,1,A2,A2,266,307,150.0,severity_heavy
1.0,1.0,1,1,A3,A3,267,308,100.0,equal
1.0,1.0,1,1,A3,A3,267,308,100.0,criticality_heavy
1.0,1.0,1,1,A3,A3,267,308,100.0,throughput_heavy
1.0,1.0,1,1,A3,A3,267,308,100.0,severity_heavy
1.0,1.0,1,1,A3,A3,267,308,125.0,equal
1.0,1.0,1,1,A3,A3,267,308,125.0,criticality_heavy
1.0,1.0,1,1,A3,A3,267,308,125.0,throughput_heavy
1.0,1.0,1,1,A3,A3,267,308,125.0,severity_heavy
0.8720815992723809,0.7378647873726218,0,1,A3,A3,267,308,150.0,equal
0.8720815992723809,0.7378647873726218,0,1,A3,A3,267,308,150.0,criticality_heavy
0.8720815992723809,0.7378647873726218,0,1,A3,A3,267,308,150.0,throughput_heavy
0.8720815992723809,0.7378647873726218,0,1,A3,A3,267,308,150.0,severity_heavy
0.9999999999999999,1.0,1,1,A2,A2,268,309,100.0,equal
0.9999999999999999,1.0,1,1,A2,A2,268,309,100.0,criticality_heavy
0.9999999999999999,1.0,1,1,A2,A2,268,309,100.0,throughput_heavy
0.9999999999999999,1.0,1,1,A2,A2,268,309,100.0,severity_heavy
0.9999999999999999,1.0,1,1,A2,A2,268,309,125.0,equal
0.9999999999999999,1.0,1,1,A2,A2,268,309,125.0,criticality_heavy
0.9999999999999999,1.0,1,1,A2,A2,268,309,125.0,throughput_heavy
0.9999999999999999,1.0,1,1,A2,A2,268,309,125.0,severity_heavy
0.8999999999999998,0.8,0,1,A2,A2,268,309,150.0,equal
0.9999999999999999,1.0,1,1,A2,A2,268,309,150.0,criticality_heavy
0.9999999999999999,1.0,1,1,A2,A2,268,309,150.0,throughput_heavy
0.8999999999999998,0.8,0,1,A2,A2,268,309,150.0,severity_heavy
1.0,1.0,1,1,A3,A3,269,310,100.0,equal
1.0,1.0,1,1,A3,A3,269,310,100.0,criticality_heavy
1.0,1.0,1,1,A3,A3,269,310,100.0,throughput_heavy
1.0,1.0,1,1,A3,A3,269,310,100.0,severity_heavy
1.0,1.0,1,1,A3,A3,269,310,125.0,equal
1.0,1.0,1,1,A3,A3,269,310,125.0,criticality_heavy
1.0,1.0,1,1,A3,A3,269,310,125.0,throughput_heavy
1.0,1.0,1,1,A3,A3,269,310,125.0,severity_heavy
0.8720815992723809,0.7378647873726218,0,0,A3,A2,269,310,150.0,equal
0.8720815992723809,0.7378647873726218,0,0,A3,A2,269,310,150.0,criticality_heavy
0.8720815992723809,0.7378647873726218,0,0,A3,A2,269,310,150.0,throughput_heavy
0.9746794344808964,0.9486832980505138,0,1,A3,A3,269,310,150.0,severity_heavy
0.8207826816681234,0.7378647873726218,0,1,A5,A5,270,311,100.0,equal
0.8207826816681234,0.7378647873726218,0,1,A5,A5,270,311,100.0,criticality_heavy
0.8207826816681234,0.7378647873726218,0,1,A5,A5,270,311,100.0,throughput_heavy
0.8207826816681234,0.7378647873726218,0,1,A5,A5,270,311,100.0,severity_heavy
0.9999999999999999,1.0,1,1,A5,A5,270,311,125.0,equal
0.9999999999999999,1.0,1,1,A5,A5,270,311,125.0,criticality_heavy
0.9999999999999999,1.0,1,1,A5,A5,270,311,125.0,throughput_heavy
0.8999999999999998,0.8,0,1,A5,A5,270,311,125.0,severity_heavy
0.7,0.6,0,1,A5,A5,270,311,150.0,equal
0.7,0.6,0,1,A5,A5,270,311,150.0,criticality_heavy
0.7,0.6,0,1,A5,A5,270,311,150.0,throughput_heavy
0.7,0.6,0,1,A5,A5,270,311,150.0,severity_heavy
0.8207826816681234,0.7378647873726218,0,1,A2,A2,271,312,100.0,equal
0.8207826816681234,0.7378647873726218,0,1,A2,A2,271,312,100.0,criticality_heavy
0.8207826816681234,0.7378647873726218,0,1,A2,A2,271,312,100.0,throughput_heavy
0.8207826816681234,0.7378647873726218,0,1,A2,A2,271,312,100.0,severity_heavy
0.9999999999999999,1.0,1,1,A2,A2,271,312,125.0,equal
0.9999999999999999,1.0,1,1,A2,A2,271,312,125.0,criticality_heavy
0.9999999999999999,1.0,1,1,A2,A2,271,312,125.0,throughput_heavy
0.9999999999999999,1.0,1,1,A2,A2,271,312,125.0,severity_heavy
0.9999999999999999,1.0,1,1,A2,A2,271,312,150.0,equal
0.9999999999999999,1.0,1,1,A2,A2,271,312,150.0,criticality_heavy
0.9999999999999999,1.0,1,1,A2,A2,271,312,150.0,throughput_heavy
0.9999999999999999,1.0,1,1,A2,A2,271,312,150.0,severity_heavy
1.0,1.0,1,1,A3,A3,272,313,100.0,equal
1.0,1.0,1,1,A3,A3,272,313,100.0,criticality_heavy
1.0,1.0,1,1,A3,A3,272,313,100.0,throughput_heavy
1.0,1.0,1,1,A3,A3,272,313,100.0,severity_heavy
1.0,1.0,1,1,A3,A3,272,313,125.0,equal
1.0,1.0,1,1,A3,A3,272,313,125.0,criticality_heavy
1.0,1.0,1,1,A3,A3,272,313,125.0,throughput_heavy
1.0,1.0,1,1,A3,A3,272,313,125.0,severity_heavy
0.9746794344808964,0.9486832980505138,0,1,A3,A3,272,313,150.0,equal
0.9746794344808964,0.9486832980505138,0,1,A3,A3,272,313,150.0,criticality_heavy
0.9746794344808964,0.9486832980505138,0,1,A3,A3,272,313,150.0,throughput_heavy
0.9746794344808964,0.9486832980505138,0,1,A3,A3,272,313,150.0,severity_heavy
0.9746794344808963,0.9486832980505138,0,1,A2,A2,273,314,100.0,equal
0.9746794344808963,0.9486832980505138,0,1,A2,A2,273,314,100.0,criticality_heavy
0.9746794344808963,0.9486832980505138,0,1,A2,A2,273,314,100.0,throughput_heavy
0.9746794344808963,0.9486832980505138,0,1,A2,A2,273,314,100.0,severity_heavy
0.9999999999999999,1.0,1,1,A2,A2,273,314,125.0,equal
0.9999999999999999,1.0,1,1,A2,A2,273,314,125.0,criticality_heavy
0.9999999999999999,1.0,1,1,A2,A2,273,314,125.0,throughput_heavy
0.9999999999999999,1.0,1,1,A2,A2,273,314,125.0,severity_heavy
0.8999999999999998,0.8,0,1,A2,A2,273,314,150.0,equal
0.8999999999999998,0.8,0,1,A2,A2,273,314,150.0,criticality_heavy
0.8999999999999998,0.8,0,1,A2,A2,273,314,150.0,throughput_heavy
0.8999999999999998,0.8,0,1,A2,A2,273,314,150.0,severity_heavy
1.0,1.0,1,1,A2,A2,274,315,100.0,equal
1.0,1.0,1,1,A2,A2,274,315,100.0,criticality_heavy
1.0,1.0,1,1,A2,A2,274,315,100.0,throughput_heavy
1.0,1.0,1,1,A2,A2,274,315,100.0,severity_heavy
1.0,1.0,1,1,A2,A2,274,315,125.0,equal
1.0,1.0,1,1,A2,A2,274,315,125.0,criticality_heavy
1.0,1.0,1,1,A2,A2,274,315,125.0,throughput_heavy
1.0,1.0,1,1,A2,A2,274,315,125.0,severity_heavy
0.9746794344808964,0.9486832980505138,0,1,A2,A2,274,315,150.0,equal
0.9746794344808964,0.9486832980505138,0,1,A2,A2,274,315,150.0,criticality_heavy
0.9746794344808964,0.9486832980505138,0,1,A2,A2,274,315,150.0,throughput_heavy
0.9746794344808964,0.9486832980505138,0,1,A2,A2,274,315,150.0,severity_heavy
0.8999999999999998,0.8,0,1,A3,A3,275,316,100.0,equal
0.7999999999999999,0.6,0,0,A3,A5,275,316,100.0,criticality_heavy
0.7999999999999999,0.6,0,0,A3,A5,275,316,100.0,throughput_heavy
0.8999999999999998,0.8,0,1,A3,A3,275,316,100.0,severity_heavy
0.9999999999999999,1.0,1,1,A3,A3,275,316,125.0,equal
0.9999999999999999,1.0,1,1,A3,A3,275,316,125.0,criticality_heavy
0.9999999999999999,1.0,1,1,A3,A3,275,316,125.0,throughput_heavy
0.9999999999999999,1.0,1,1,A3,A3,275,316,125.0,severity_heavy
0.9999999999999999,1.0,1,1,A3,A3,275,316,150.0,equal
0.9999999999999999,1.0,1,1,A3,A3,275,316,150.0,criticality_heavy
0.9999999999999999,1.0,1,1,A3,A3,275,316,150.0,throughput_heavy
0.9999999999999999,1.0,1,1,A3,A3,275,316,150.0,severity_heavy
1.0,1.0,1,1,A3,A3,276,317,100.0,equal
1.0,1.0,1,1,A3,A3,276,317,100.0,criticality_heavy
1.0,1.0,1,1,A3,A3,276,317,100.0,throughput_heavy
1.0,1.0,1,1,A3,A3,276,317,100.0,severity_heavy
1.0,1.0,1,1,A3,A3,276,317,125.0,equal
1.0,1.0,1,1,A3,A3,276,317,125.0,criticality_heavy
1.0,1.0,1,1,A3,A3,276,317,125.0,throughput_heavy
1.0,1.0,1,1,A3,A3,276,317,125.0,severity_heavy
0.9746794344808964,0.9486832980505138,0,1,A3,A3,276,317,150.0,equal
0.9746794344808964,0.9486832980505138,0,1,A3,A3,276,317,150.0,criticality_heavy
0.9746794344808964,0.9486832980505138,0,1,A3,A3,276,317,150.0,throughput_heavy
0.9746794344808964,0.9486832980505138,0,1,A3,A3,276,317,150.0,severity_heavy
1.0,1.0,1,1,A1,A1,277,318,100.0,equal
1.0,1.0,1,1,A1,A1,277,318,100.0,criticality_heavy
1.0,1.0,1,1,A1,A1,277,318,100.0,throughput_heavy
1.0,1.0,1,1,A1,A1,277,318,100.0,severity_heavy
1.0,1.0,1,1,A1,A1,277,318,125.0,equal
1.0,1.0,1,1,A1,A1,277,318,125.0,criticality_heavy
1.0,1.0,1,1,A1,A1,277,318,125.0,throughput_heavy
1.0,1.0,1,1,A1,A1,277,318,125.0,severity_heavy
0.8720815992723809,0.7378647873726218,0,1,A1,A1,277,318,150.0,equal
0.8720815992723809,0.7378647873726218,0,1,A1,A1,277,318,150.0,criticality_heavy
0.8720815992723809,0.7378647873726218,0,1,A1,A1,277,318,150.0,throughput_heavy
0.8720815992723809,0.7378647873726218,0,1,A1,A1,277,318,150.0,severity_heavy
0.8947368421052632,0.7777777777777778,0,1,A1,A1,278,319,100.0,equal
0.8947368421052632,0.7777777777777778,0,1,A1,A1,278,319,100.0,criticality_heavy
0.8947368421052632,0.7777777777777778,0,1,A1,A1,278,319,100.0,throughput_heavy
0.8947368421052632,0.7777777777777778,0,1,A1,A1,278,319,100.0,severity_heavy
1.0,1.0,1,1,A1,A1,278,319,125.0,equal
1.0,1.0,1,1,A1,A1,278,319,125.0,criticality_heavy
1.0,1.0,1,1,A1,A1,278,319,125.0,throughput_heavy
1.0,1.0,1,1,A1,A1,278,319,125.0,severity_heavy
0.9746794344808964,0.9486832980505138,0,1,A1,A1,278,319,150.0,equal
0.9746794344808964,0.9486832980505138,0,1,A1,A1,278,319,150.0,criticality_heavy
0.9746794344808964,0.9486832980505138,0,1,A1,A1,278,319,150.0,throughput_heavy
0.9746794344808964,0.9486832980505138,0,1,A1,A1,278,319,150.0,severity_heavy
0.9746794344808963,0.9486832980505138,0,1,A3,A3,279,320,100.0,equal
0.9746794344808963,0.9486832980505138,0,1,A3,A3,279,320,100.0,criticality_heavy
0.9746794344808963,0.9486832980505138,0,1,A3,A3,279,320,100.0,throughput_heavy
0.9746794344808963,0.9486832980505138,0,1,A3,A3,279,320,100.0,severity_heavy
0.9999999999999999,1.0,1,1,A3,A3,279,320,125.0,equal
0.9999999999999999,1.0,1,1,A3,A3,279,320,125.0,criticality_heavy
0.9999999999999999,1.0,1,1,A3,A3,279,320,125.0,throughput_heavy
0.9999999999999999,1.0,1,1,A3,A3,279,320,125.0,severity_heavy
0.9999999999999999,1.0,1,1,A3,A3,279,320,150.0,equal
0.9999999999999999,1.0,1,1,A3,A3,279,320,150.0,criticality_heavy
0.9999999999999999,1.0,1,1,A3,A3,279,320,150.0,throughput_heavy
0.9999999999999999,1.0,1,1,A3,A3,279,320,150.0,severity_heavy
1.0,1.0,1,1,A4,A4,280,321,100.0,equal
1.0,1.0,1,1,A4,A4,280,321,100.0,criticality_heavy
1.0,1.0,1,1,A4,A4,280,321,100.0,throughput_heavy
1.0,1.0,1,1,A4,A4,280,321,100.0,severity_heavy
1.0,1.0,1,1,A4,A4,280,321,125.0,equal
0.8947368421052632,0.7777777777777778,0,0,A4,A1,280,321,125.0,criticality_heavy
1.0,1.0,1,1,A4,A4,280,321,125.0,throughput_heavy
1.0,1.0,1,1,A4,A4,280,321,125.0,severity_heavy
0.8720815992723809,0.7378647873726218,0,0,A4,A1,280,321,150.0,equal
0.8720815992723809,0.7378647873726218,0,0,A4,A1,280,321,150.0,criticality_heavy
0.8720815992723809,0.7378647873726218,0,0,A4,A1,280,321,150.0,throughput_heavy
0.8720815992723809,0.7378647873726218,0,0,A4,A1,280,321,150.0,severity_heavy
1.0,1.0,1,1,A2,A2,281,322,100.0,equal
1.0,1.0,1,1,A2,A2,281,322,100.0,criticality_heavy
1.0,1.0,1,1,A2,A2,281,322,100.0,throughput_heavy
1.0,1.0,1,1,A2,A2,281,322,100.0,severity_heavy
1.0,1.0,1,1,A2,A2,281,322,125.0,equal
1.0,1.0,1,1,A2,A2,281,322,125.0,criticality_heavy
1.0,1.0,1,1,A2,A2,281,322,125.0,throughput_heavy
1.0,1.0,1,1,A2,A2,281,322,125.0,severity_heavy
0.9746794344808964,0.9486832980505138,0,1,A2,A2,281,322,150.0,equal
0.9746794344808964,0.9486832980505138,0,1,A2,A2,281,322,150.0,criticality_heavy
0.9746794344808964,0.9486832980505138,0,1,A2,A2,281,322,150.0,throughput_heavy
0.9746794344808964,0.9486832980505138,0,1,A2,A2,281,322,150.0,severity_heavy
1.0,1.0,1,1,A2,A2,282,323,100.0,equal
1.0,1.0,1,1,A2,A2,282,323,100.0,criticality_heavy
1.0,1.0,1,1,A2,A2,282,323,100.0,throughput_heavy
1.0,1.0,1,1,A2,A2,282,323,100.0,severity_heavy
1.0,1.0,1,1,A2,A2,282,323,125.0,equal
1.0,1.0,1,1,A2,A2,282,323,125.0,criticality_heavy
1.0,1.0,1,1,A2,A2,282,323,125.0,throughput_heavy
1.0,1.0,1,1,A2,A2,282,323,125.0,severity_heavy
0.9746794344808964,0.9486832980505138,0,1,A2,A2,282,323,150.0,equal
0.9746794344808964,0.9486832980505138,0,1,A2,A2,282,323,150.0,criticality_heavy
0.9746794344808964,0.9486832980505138,0,1,A2,A2,282,323,150.0,throughput_heavy
0.9746794344808964,0.9486832980505138,0,1,A2,A2,282,323,150.0,severity_heavy
0.8947368421052632,0.7777777777777778,0,0,A2,A1,283,324,100.0,equal
0.8947368421052632,0.7777777777777778,0,0,A2,A1,283,324,100.0,criticality_heavy
0.8947368421052632,0.7777777777777778,0,0,A2,A1,283,324,100.0,throughput_heavy
0.8947368421052632,0.7777777777777778,0,0,A2,A1,283,324,100.0,severity_heavy
1.0,1.0,1,1,A2,A2,283,324,125.0,equal
0.8947368421052632,0.7777777777777778,0,0,A2,A1,283,324,125.0,criticality_heavy
1.0,1.0,1,1,A2,A2,283,324,125.0,throughput_heavy
0.8947368421052632,0.7777777777777778,0,0,A2,A1,283,324,125.0,severity_heavy
0.9746794344808964,0.9486832980505138,0,1,A2,A2,283,324,150.0,equal
0.9746794344808964,0.9486832980505138,0,1,A2,A2,283,324,150.0,criticality_heavy
0.9746794344808964,0.9486832980505138,0,1,A2,A2,283,324,150.0,throughput_heavy
0.9746794344808964,0.9486832980505138,0,1,A2,A2,283,324,150.0,severity_heavy
0.9746794344808963,0.9486832980505138,0,1,A2,A2,284,325,100.0,equal
0.9746794344808963,0.9486832980505138,0,1,A2,A2,284,325,100.0,criticality_heavy
0.9746794344808963,0.9486832980505138,0,1,A2,A2,284,325,100.0,throughput_heavy
0.9746794344808963,0.9486832980505138,0,1,A2,A2,284,325,100.0,severity_heavy
0.9999999999999999,1.0,1,1,A2,A2,284,325,125.0,equal
0.9999999999999999,1.0,1,1,A2,A2,284,325,125.0,criticality_heavy
0.9999999999999999,1.0,1,1,A2,A2,284,325,125.0,throughput_heavy
0.9999999999999999,1.0,1,1,A2,A2,284,325,125.0,severity_heavy
0.9999999999999999,1.0,1,1,A2,A2,284,325,150.0,equal
0.9999999999999999,1.0,1,1,A2,A2,284,325,150.0,criticality_heavy
0.9999999999999999,1.0,1,1,A2,A2,284,325,150.0,throughput_heavy
0.9999999999999999,1.0,1,1,A2,A2,284,325,150.0,severity_heavy
0.8947368421052632,0.7777777777777778,0,0,A1,A4,285,326,100.0,equal
0.8947368421052632,0.7777777777777778,0,0,A1,A4,285,326,100.0,criticality_heavy
0.8947368421052632,0.7777777777777778,0,0,A1,A4,285,326,100.0,throughput_heavy
0.8947368421052632,0.7777777777777778,0,0,A1,A4,285,326,100.0,severity_heavy
1.0,1.0,1,1,A1,A1,285,326,125.0,equal
1.0,1.0,1,1,A1,A1,285,326,125.0,criticality_heavy
1.0,1.0,1,1,A1,A1,285,326,125.0,throughput_heavy
1.0,1.0,1,1,A1,A1,285,326,125.0,severity_heavy
0.9746794344808964,0.9486832980505138,0,1,A1,A1,285,326,150.0,equal
0.9746794344808964,0.9486832980505138,0,1,A1,A1,285,326,150.0,criticality_heavy
0.9746794344808964,0.9486832980505138,0,1,A1,A1,285,326,150.0,throughput_heavy
0.9746794344808964,0.9486832980505138,0,1,A1,A1,285,326,150.0,severity_heavy
1.0,1.0,1,1,A3,A3,286,327,100.0,equal
1.0,1.0,1,1,A3,A3,286,327,100.0,criticality_heavy
1.0,1.0,1,1,A3,A3,286,327,100.0,throughput_heavy
1.0,1.0,1,1,A3,A3,286,327,100.0,severity_heavy
1.0,1.0,1,1,A3,A3,286,327,125.0,equal
1.0,1.0,1,1,A3,A3,286,327,125.0,criticality_heavy
1.0,1.0,1,1,A3,A3,286,327,125.0,throughput_heavy
1.0,1.0,1,1,A3,A3,286,327,125.0,severity_heavy
0.9746794344808964,0.9486832980505138,0,1,A3,A3,286,327,150.0,equal
0.9746794344808964,0.9486832980505138,0,1,A3,A3,286,327,150.0,criticality_heavy
0.9746794344808964,0.9486832980505138,0,1,A3,A3,286,327,150.0,throughput_heavy
0.9746794344808964,0.9486832980505138,0,1,A3,A3,286,327,150.0,severity_heavy
0.9746794344808963,0.9486832980505138,0,1,A3,A3,287,328,100.0,equal
0.9746794344808963,0.9486832980505138,0,1,A3,A3,287,328,100.0,criticality_heavy
0.9746794344808963,0.9486832980505138,0,1,A3,A3,287,328,100.0,throughput_heavy
0.9746794344808963,0.9486832980505138,0,1,A3,A3,287,328,100.0,severity_heavy
0.9999999999999999,1.0,1,1,A3,A3,287,328,125.0,equal
0.9999999999999999,1.0,1,1,A3,A3,287,328,125.0,criticality_heavy
0.9999999999999999,1.0,1,1,A3,A3,287,328,125.0,throughput_heavy
0.9999999999999999,1.0,1,1,A3,A3,287,328,125.0,severity_heavy
0.8999999999999998,0.8,0,1,A3,A3,287,328,150.0,equal
0.7999999999999999,0.6,0,0,A3,A2,287,328,150.0,criticality_heavy
0.7999999999999999,0.6,0,0,A3,A2,287,328,150.0,throughput_heavy
0.8999999999999998,0.8,0,1,A3,A3,287,328,150.0,severity_heavy
0.8720815992723809,0.7378647873726218,0,1,A3,A3,288,329,100.0,equal
0.8720815992723809,0.7378647873726218,0,1,A3,A3,288,329,100.0,criticality_heavy
0.8720815992723809,0.7378647873726218,0,1,A3,A3,288,329,100.0,throughput_heavy
0.8720815992723809,0.7378647873726218,0,1,A3,A3,288,329,100.0,severity_heavy
0.9999999999999999,1.0,1,1,A3,A3,288,329,125.0,equal
0.9999999999999999,1.0,1,1,A3,A3,288,329,125.0,criticality_heavy
0.9999999999999999,1.0,1,1,A3,A3,288,329,125.0,throughput_heavy
0.9999999999999999,1.0,1,1,A3,A3,288,329,125.0,severity_heavy
0.9999999999999999,1.0,1,1,A3,A3,288,329,150.0,equal
0.9999999999999999,1.0,1,1,A3,A3,288,329,150.0,criticality_heavy
0.9999999999999999,1.0,1,1,A3,A3,288,329,150.0,throughput_heavy
0.9999999999999999,1.0,1,1,A3,A3,288,329,150.0,severity_heavy
1.0,1.0,1,1,A3,A3,289,330,100.0,equal
1.0,1.0,1,1,A3,A3,289,330,100.0,criticality_heavy
1.0,1.0,1,1,A3,A3,289,330,100.0,throughput_heavy
1.0,1.0,1,1,A3,A3,289,330,100.0,severity_heavy
1.0,1.0,1,1,A3,A3,289,330,125.0,equal
1.0,1.0,1,1,A3,A3,289,330,125.0,criticality_heavy
1.0,1.0,1,1,A3,A3,289,330,125.0,throughput_heavy
1.0,1.0,1,1,A3,A3,289,330,125.0,severity_heavy
0.9746794344808964,0.9486832980505138,0,1,A3,A3,289,330,150.0,equal
0.9746794344808964,0.9486832980505138,0,1,A3,A3,289,330,150.0,criticality_heavy
0.9746794344808964,0.9486832980505138,0,1,A3,A3,289,330,150.0,throughput_heavy
0.9746794344808964,0.9486832980505138,0,1,A3,A3,289,330,150.0,severity_heavy
0.9746794344808963,0.9486832980505138,0,1,A3,A3,290,331,100.0,equal
0.9746794344808963,0.9486832980505138,0,1,A3,A3,290,331,100.0,criticality_heavy
0.9746794344808963,0.9486832980505138,0,1,A3,A3,290,331,100.0,throughput_heavy
0.9746794344808963,0.9486832980505138,0,1,A3,A3,290,331,100.0,severity_heavy
0.9999999999999999,1.0,1,1,A3,A3,290,331,125.0,equal
0.9999999999999999,1.0,1,1,A3,A3,290,331,125.0,criticality_heavy
0.9999999999999999,1.0,1,1,A3,A3,290,331,125.0,throughput_heavy
0.9999999999999999,1.0,1,1,A3,A3,290,331,125.0,severity_heavy
0.9999999999999999,1.0,1,1,A3,A3,290,331,150.0,equal
0.9999999999999999,1.0,1,1,A3,A3,290,331,150.0,criticality_heavy
0.9999999999999999,1.0,1,1,A3,A3,290,331,150.0,throughput_heavy
0.9999999999999999,1.0,1,1,A3,A3,290,331,150.0,severity_heavy
1.0,1.0,1,1,A1,A1,291,332,100.0,equal
1.0,1.0,1,1,A1,A1,291,332,100.0,criticality_heavy
1.0,1.0,1,1,A1,A1,291,332,100.0,throughput_heavy
1.0,1.0,1,1,A1,A1,291,332,100.0,severity_heavy
1.0,1.0,1,1,A1,A1,291,332,125.0,equal
1.0,1.0,1,1,A1,A1,291,332,125.0,criticality_heavy
1.0,1.0,1,1,A1,A1,291,332,125.0,throughput_heavy
1.0,1.0,1,1,A1,A1,291,332,125.0,severity_heavy
0.9746794344808964,0.9486832980505138,0,1,A1,A1,291,332,150.0,equal
0.9746794344808964,0.9486832980505138,0,1,A1,A1,291,332,150.0,criticality_heavy
0.9746794344808964,0.9486832980505138,0,1,A1,A1,291,332,150.0,throughput_heavy
0.9746794344808964,0.9486832980505138,0,1,A1,A1,291,332,150.0,severity_heavy
1.0,1.0,1,1,A3,A3,292,333,100.0,equal
1.0,1.0,1,1,A3,A3,292,333,100.0,criticality_heavy
1.0,1.0,1,1,A3,A3,292,333,100.0,throughput_heavy
1.0,1.0,1,1,A3,A3,292,333,100.0,severity_heavy
1.0,1.0,1,1,A3,A3,292,333,125.0,equal
1.0,1.0,1,1,A3,A3,292,333,125.0,criticality_heavy
1.0,1.0,1,1,A3,A3,292,333,125.0,throughput_heavy
1.0,1.0,1,1,A3,A3,292,333,125.0,severity_heavy
0.9746794344808964,0.9486832980505138,0,1,A3,A3,292,333,150.0,equal
0.9746794344808964,0.9486832980505138,0,1,A3,A3,292,333,150.0,criticality_heavy
0.9746794344808964,0.9486832980505138,0,1,A3,A3,292,333,150.0,throughput_heavy
0.9746794344808964,0.9486832980505138,0,1,A3,A3,292,333,150.0,severity_heavy
0.8720815992723809,0.7378647873726218,0,1,A5,A5,293,334,100.0,equal
0.8720815992723809,0.7378647873726218,0,1,A5,A5,293,334,100.0,criticality_heavy
0.8720815992723809,0.7378647873726218,0,1,A5,A5,293,334,100.0,throughput_heavy
0.8720815992723809,0.7378647873726218,0,1,A5,A5,293,334,100.0,severity_heavy
0.9999999999999999,1.0,1,1,A5,A5,293,334,125.0,equal
0.9999999999999999,1.0,1,1,A5,A5,293,334,125.0,criticality_heavy
0.9999999999999999,1.0,1,1,A5,A5,293,334,125.0,throughput_heavy
0.9999999999999999,1.0,1,1,A5,A5,293,334,125.0,severity_heavy
0.9999999999999999,1.0,1,1,A5,A5,293,334,150.0,equal
0.9999999999999999,1.0,1,1,A5,A5,293,334,150.0,criticality_heavy
0.9999999999999999,1.0,1,1,A5,A5,293,334,150.0,throughput_heavy
0.9999999999999999,1.0,1,1,A5,A5,293,334,150.0,severity_heavy
1.0,1.0,1,1,A3,A3,294,335,100.0,equal
1.0,1.0,1,1,A3,A3,294,335,100.0,criticality_heavy
1.0,1.0,1,1,A3,A3,294,335,100.0,throughput_heavy
1.0,1.0,1,1,A3,A3,294,335,100.0,severity_heavy
1.0,1.0,1,1,A3,A3,294,335,125.0,equal
1.0,1.0,1,1,A3,A3,294,335,125.0,criticality_heavy
1.0,1.0,1,1,A3,A3,294,335,125.0,throughput_heavy
1.0,1.0,1,1,A3,A3,294,335,125.0,severity_heavy
0.9746794344808964,0.9486832980505138,0,1,A3,A3,294,335,150.0,equal
0.9746794344808964,0.9486832980505138,0,1,A3,A3,294,335,150.0,criticality_heavy
0.9746794344808964,0.9486832980505138,0,1,A3,A3,294,335,150.0,throughput_heavy
0.9746794344808964,0.9486832980505138,0,1,A3,A3,294,335,150.0,severity_heavy
0.9746794344808963,0.9486832980505138,0,1,A2,A2,295,336,100.0,equal
0.9746794344808963,0.9486832980505138,0,1,A2,A2,295,336,100.0,criticality_heavy
0.9746794344808963,0.9486832980505138,0,1,A2,A2,295,336,100.0,throughput_heavy
0.9746794344808963,0.9486832980505138,0,1,A2,A2,295,336,100.0,severity_heavy
0.9999999999999999,1.0,1,1,A2,A2,295,336,125.0,equal
0.9999999999999999,1.0,1,1,A2,A2,295,336,125.0,criticality_heavy
0.9999999999999999,1.0,1,1,A2,A2,295,336,125.0,throughput_heavy
0.9999999999999999,1.0,1,1,A2,A2,295,336,125.0,severity_heavy
0.9999999999999999,1.0,1,1,A2,A2,295,336,150.0,equal
0.9999999999999999,1.0,1,1,A2,A2,295,336,150.0,criticality_heavy
0.9999999999999999,1.0,1,1,A2,A2,295,336,150.0,throughput_heavy
0.9999999999999999,1.0,1,1,A2,A2,295,336,150.0,severity_heavy
0.9746794344808963,0.9486832980505138,0,1,A3,A3,296,337,100.0,equal
0.9746794344808963,0.9486832980505138,0,1,A3,A3,296,337,100.0,criticality_heavy
0.9746794344808963,0.9486832980505138,0,1,A3,A3,296,337,100.0,throughput_heavy
0.9746794344808963,0.9486832980505138,0,1,A3,A3,296,337,100.0,severity_heavy
0.9999999999999999,1.0,1,1,A3,A3,296,337,125.0,equal
0.9999999999999999,1.0,1,1,A3,A3,296,337,125.0,criticality_heavy
0.9999999999999999,1.0,1,1,A3,A3,296,337,125.0,throughput_heavy
0.9999999999999999,1.0,1,1,A3,A3,296,337,125.0,severity_heavy
0.8999999999999998,0.8,0,1,A3,A3,296,337,150.0,equal
0.8999999999999998,0.8,0,1,A3,A3,296,337,150.0,criticality_heavy
0.8999999999999998,0.8,0,1,A3,A3,296,337,150.0,throughput_heavy
0.8999999999999998,0.8,0,1,A3,A3,296,337,150.0,severity_heavy
1.0,1.0,1,1,A1,A1,297,338,100.0,equal
1.0,1.0,1,1,A1,A1,297,338,100.0,criticality_heavy
1.0,1.0,1,1,A1,A1,297,338,100.0,throughput_heavy
1.0,1.0,1,1,A1,A1,297,338,100.0,severity_heavy
1.0,1.0,1,1,A1,A1,297,338,125.0,equal
1.0,1.0,1,1,A1,A1,297,338,125.0,criticality_heavy
1.0,1.0,1,1,A1,A1,297,338,125.0,throughput_heavy
1.0,1.0,1,1,A1,A1,297,338,125.0,severity_heavy
0.9746794344808964,0.9486832980505138,0,1,A1,A1,297,338,150.0,equal
0.9746794344808964,0.9486832980505138,0,1,A1,A1,297,338,150.0,criticality_heavy
0.9746794344808964,0.9486832980505138,0,1,A1,A1,297,338,150.0,throughput_heavy
0.9746794344808964,0.9486832980505138,0,1,A1,A1,297,338,150.0,severity_heavy
0.8947368421052632,0.7777777777777778,0,0,A3,A5,298,339,100.0,equal
0.8947368421052632,0.7777777777777778,0,0,A3,A5,298,339,100.0,criticality_heavy
0.8947368421052632,0.7777777777777778,0,0,A3,A5,298,339,100.0,throughput_heavy
0.8947368421052632,0.7777777777777778,0,0,A3,A5,298,339,100.0,severity_heavy
1.0,1.0,1,1,A3,A3,298,339,125.0,equal
1.0,1.0,1,1,A3,A3,298,339,125.0,criticality_heavy
1.0,1.0,1,1,A3,A3,298,339,125.0,throughput_heavy
1.0,1.0,1,1,A3,A3,298,339,125.0,severity_heavy
0.9746794344808964,0.9486832980505138,0,1,A3,A3,298,339,150.0,equal
0.9746794344808964,0.9486832980505138,0,1,A3,A3,298,339,150.0,criticality_heavy
0.9746794344808964,0.9486832980505138,0,1,A3,A3,298,339,150.0,throughput_heavy
0.9746794344808964,0.9486832980505138,0,1,A3,A3,298,339,150.0,severity_heavy
0.9746794344808963,0.9486832980505138,0,1,A2,A2,299,340,100.0,equal
0.9746794344808963,0.9486832980505138,0,1,A2,A2,299,340,100.0,criticality_heavy
0.9746794344808963,0.9486832980505138,0,1,A2,A2,299,340,100.0,throughput_heavy
0.9746794344808963,0.9486832980505138,0,1,A2,A2,299,340,100.0,severity_heavy
0.9999999999999999,1.0,1,1,A2,A2,299,340,125.0,equal
0.9999999999999999,1.0,1,1,A2,A2,299,340,125.0,criticality_heavy
0.9999999999999999,1.0,1,1,A2,A2,299,340,125.0,throughput_heavy
0.9999999999999999,1.0,1,1,A2,A2,299,340,125.0,severity_heavy
0.8999999999999998,0.8,0,1,A2,A2,299,340,150.0,equal
0.8999999999999998,0.8,0,1,A2,A2,299,340,150.0,criticality_heavy
0.8999999999999998,0.8,0,1,A2,A2,299,340,150.0,throughput_heavy
0.8999999999999998,0.8,0,1,A2,A2,299,340,150.0,severity_heavy
1.0,1.0,1,1,A3,A3,300,341,100.0,equal
1.0,1.0,1,1,A3,A3,300,341,100.0,criticality_heavy
1.0,1.0,1,1,A3,A3,300,341,100.0,throughput_heavy
1.0,1.0,1,1,A3,A3,300,341,100.0,severity_heavy
1.0,1.0,1,1,A3,A3,300,341,125.0,equal
1.0,1.0,1,1,A3,A3,300,341,125.0,criticality_heavy
1.0,1.0,1,1,A3,A3,300,341,125.0,throughput_heavy
1.0,1.0,1,1,A3,A3,300,341,125.0,severity_heavy
0.9746794344808964,0.9486832980505138,0,1,A3,A3,300,341,150.0,equal
0.9746794344808964,0.9486832980505138,0,1,A3,A3,300,341,150.0,criticality_heavy
0.9746794344808964,0.9486832980505138,0,1,A3,A3,300,341,150.0,throughput_heavy
0.9746794344808964,0.9486832980505138,0,1,A3,A3,300,341,150.0,severity_heavy
1.0,1.0,1,1,A3,A3,301,342,100.0,equal
1.0,1.0,1,1,A3,A3,301,342,100.0,criticality_heavy
1.0,1.0,1,1,A3,A3,301,342,100.0,throughput_heavy
1.0,1.0,1,1,A3,A3,301,342,100.0,severity_heavy
1.0,1.0,1,1,A3,A3,301,342,125.0,equal
1.0,1.0,1,1,A3,A3,301,342,125.0,criticality_heavy
1.0,1.0,1,1,A3,A3,301,342,125.0,throughput_heavy
1.0,1.0,1,1,A3,A3,301,342,125.0,severity_heavy
0.9746794344808964,0.9486832980505138,0,1,A3,A3,301,342,150.0,equal
0.9746794344808964,0.9486832980505138,0,1,A3,A3,301,342,150.0,criticality_heavy
0.9746794344808964,0.9486832980505138,0,1,A3,A3,301,342,150.0,throughput_heavy
0.9746794344808964,0.9486832980505138,0,1,A3,A3,301,342,150.0,severity_heavy
0.8999999999999998,0.8,0,1,A2,A2,302,343,100.0,equal
0.8999999999999998,0.8,0,1,A2,A2,302,343,100.0,criticality_heavy
0.8999999999999998,0.8,0,1,A2,A2,302,343,100.0,throughput_heavy
0.8999999999999998,0.8,0,1,A2,A2,302,343,100.0,severity_heavy
0.9999999999999999,1.0,1,1,A2,A2,302,343,125.0,equal
0.8999999999999998,0.8,0,1,A2,A2,302,343,125.0,criticality_heavy
0.8999999999999998,0.8,0,1,A2,A2,302,343,125.0,throughput_heavy
0.9999999999999999,1.0,1,1,A2,A2,302,343,125.0,severity_heavy
0.9999999999999999,1.0,1,1,A2,A2,302,343,150.0,equal
0.9999999999999999,1.0,1,1,A2,A2,302,343,150.0,criticality_heavy
0.9999999999999999,1.0,1,1,A2,A2,302,343,150.0,throughput_heavy
0.9999999999999999,1.0,1,1,A2,A2,302,343,150.0,severity_heavy
0.8720815992723809,0.7378647873726218,0,1,A2,A2,303,344,100.0,equal
0.8720815992723809,0.7378647873726218,0,1,A2,A2,303,344,100.0,criticality_heavy
0.8720815992723809,0.7378647873726218,0,1,A2,A2,303,344,100.0,throughput_heavy
0.8720815992723809,0.7378647873726218,0,1,A2,A2,303,344,100.0,severity_heavy
0.9999999999999999,1.0,1,1,A2,A2,303,344,125.0,equal
0.9999999999999999,1.0,1,1,A2,A2,303,344,125.0,criticality_heavy
0.9999999999999999,1.0,1,1,A2,A2,303,344,125.0,throughput_heavy
0.8999999999999998,0.8,0,1,A2,A2,303,344,125.0,severity_heavy
0.9999999999999999,1.0,1,1,A2,A2,303,344,150.0,equal
0.9999999999999999,1.0,1,1,A2,A2,303,344,150.0,criticality_heavy
0.9999999999999999,1.0,1,1,A2,A2,303,344,150.0,throughput_heavy
0.9999999999999999,1.0,1,1,A2,A2,303,344,150.0,severity_heavy
0.8207826816681234,0.7378647873726218,0,1,A1,A1,304,345,100.0,equal
0.8207826816681234,0.7378647873726218,0,1,A1,A1,304,345,100.0,criticality_heavy
0.8207826816681234,0.7378647873726218,0,1,A1,A1,304,345,100.0,throughput_heavy
0.8207826816681234,0.7378647873726218,0,1,A1,A1,304,345,100.0,severity_heavy
0.9999999999999999,1.0,1,1,A1,A1,304,345,125.0,equal
0.9999999999999999,1.0,1,1,A1,A1,304,345,125.0,criticality_heavy
0.8999999999999998,0.8,0,0,A1,A3,304,345,125.0,throughput_heavy
0.8999999999999998,0.8,0,0,A1,A3,304,345,125.0,severity_heavy
0.8999999999999998,0.8,0,0,A1,A3,304,345,150.0,equal
0.9999999999999999,1.0,1,1,A1,A1,304,345,150.0,criticality_heavy
0.8999999999999998,0.8,0,0,A1,A3,304,345,150.0,throughput_heavy
0.8999999999999998,0.8,0,0,A1,A3,304,345,150.0,severity_heavy
1.0,1.0,1,1,A3,A3,305,346,100.0,equal
1.0,1.0,1,1,A3,A3,305,346,100.0,criticality_heavy
1.0,1.0,1,1,A3,A3,305,346,100.0,throughput_heavy
1.0,1.0,1,1,A3,A3,305,346,100.0,severity_heavy
1.0,1.0,1,1,A3,A3,305,346,125.0,equal
1.0,1.0,1,1,A3,A3,305,346,125.0,criticality_heavy
1.0,1.0,1,1,A3,A3,305,346,125.0,throughput_heavy
1.0,1.0,1,1,A3,A3,305,346,125.0,severity_heavy
0.9746794344808964,0.9486832980505138,0,1,A3,A3,305,346,150.0,equal
0.9746794344808964,0.9486832980505138,0,1,A3,A3,305,346,150.0,criticality_heavy
0.9746794344808964,0.9486832980505138,0,1,A3,A3,305,346,150.0,throughput_heavy
0.9746794344808964,0.9486832980505138,0,1,A3,A3,305,346,150.0,severity_heavy
1.0,1.0,1,1,A2,A2,306,347,100.0,equal
1.0,1.0,1,1,A2,A2,306,347,100.0,criticality_heavy
1.0,1.0,1,1,A2,A2,306,347,100.0,throughput_heavy
1.0,1.0,1,1,A2,A2,306,347,100.0,severity_heavy
1.0,1.0,1,1,A2,A2,306,347,125.0,equal
1.0,1.0,1,1,A2,A2,306,347,125.0,criticality_heavy
1.0,1.0,1,1,A2,A2,306,347,125.0,throughput_heavy
1.0,1.0,1,1,A2,A2,306,347,125.0,severity_heavy
0.9746794344808964,0.9486832980505138,0,1,A2,A2,306,347,150.0,equal
0.9746794344808964,0.9486832980505138,0,1,A2,A2,306,347,150.0,criticality_heavy
0.9746794344808964,0.9486832980505138,0,1,A2,A2,306,347,150.0,throughput_heavy
0.9746794344808964,0.9486832980505138,0,1,A2,A2,306,347,150.0,severity_heavy
0.8947368421052632,0.7777777777777778,0,1,A1,A1,307,348,100.0,equal
0.8947368421052632,0.7777777777777778,0,1,A1,A1,307,348,100.0,criticality_heavy
0.8947368421052632,0.7777777777777778,0,1,A1,A1,307,348,100.0,throughput_heavy
0.8947368421052632,0.7777777777777778,0,1,A1,A1,307,348,100.0,severity_heavy
1.0,1.0,1,1,A1,A1,307,348,125.0,equal
1.0,1.0,1,1,A1,A1,307,348,125.0,criticality_heavy
1.0,1.0,1,1,A1,A1,307,348,125.0,throughput_heavy
1.0,1.0,1,1,A1,A1,307,348,125.0,severity_heavy
0.9746794344808964,0.9486832980505138,0,1,A1,A1,307,348,150.0,equal
0.9746794344808964,0.9486832980505138,0,1,A1,A1,307,348,150.0,criticality_heavy
0.9746794344808964,0.9486832980505138,0,1,A1,A1,307,348,150.0,throughput_heavy
0.9746794344808964,0.9486832980505138,0,1,A1,A1,307,348,150.0,severity_heavy
0.9746794344808963,0.9486832980505138,0,1,A5,A5,308,349,100.0,equal
0.9746794344808963,0.9486832980505138,0,1,A5,A5,308,349,100.0,criticality_heavy
0.9746794344808963,0.9486832980505138,0,1,A5,A5,308,349,100.0,throughput_heavy
0.9746794344808963,0.9486832980505138,0,1,A5,A5,308,349,100.0,severity_heavy
0.9999999999999999,1.0,1,1,A5,A5,308,349,125.0,equal
0.9999999999999999,1.0,1,1,A5,A5,308,349,125.0,criticality_heavy
0.9999999999999999,1.0,1,1,A5,A5,308,349,125.0,throughput_heavy
0.9999999999999999,1.0,1,1,A5,A5,308,349,125.0,severity_heavy
0.8999999999999998,0.8,0,1,A5,A5,308,349,150.0,equal
0.8999999999999998,0.8,0,1,A5,A5,308,349,150.0,criticality_heavy
0.8999999999999998,0.8,0,1,A5,A5,308,349,150.0,throughput_heavy
0.8999999999999998,0.8,0,1,A5,A5,308,349,150.0,severity_heavy
0.9746794344808963,0.9486832980505138,0,1,A2,A2,309,350,100.0,equal
0.9746794344808963,0.9486832980505138,0,1,A2,A2,309,350,100.0,criticality_heavy
0.9746794344808963,0.9486832980505138,0,1,A2,A2,309,350,100.0,throughput_heavy
0.9746794344808963,0.9486832980505138,0,1,A2,A2,309,350,100.0,severity_heavy
0.9999999999999999,1.0,1,1,A2,A2,309,350,125.0,equal
0.9999999999999999,1.0,1,1,A2,A2,309,350,125.0,criticality_heavy
0.9999999999999999,1.0,1,1,A2,A2,309,350,125.0,throughput_heavy
0.9999999999999999,1.0,1,1,A2,A2,309,350,125.0,severity_heavy
0.9999999999999999,1.0,1,1,A2,A2,309,350,150.0,equal
0.9999999999999999,1.0,1,1,A2,A2,309,350,150.0,criticality_heavy
0.9999999999999999,1.0,1,1,A2,A2,309,350,150.0,throughput_heavy
0.9999999999999999,1.0,1,1,A2,A2,309,350,150.0,severity_heavy
1.0,1.0,1,1,A2,A2,310,351,100.0,equal
1.0,1.0,1,1,A2,A2,310,351,100.0,criticality_heavy
1.0,1.0,1,1,A2,A2,310,351,100.0,throughput_heavy
1.0,1.0,1,1,A2,A2,310,351,100.0,severity_heavy
1.0,1.0,1,1,A2,A2,310,351,125.0,equal
1.0,1.0,1,1,A2,A2,310,351,125.0,criticality_heavy
1.0,1.0,1,1,A2,A2,310,351,125.0,throughput_heavy
1.0,1.0,1,1,A2,A2,310,351,125.0,severity_heavy
0.9746794344808964,0.9486832980505138,0,1,A2,A2,310,351,150.0,equal
0.9746794344808964,0.9486832980505138,0,1,A2,A2,310,351,150.0,criticality_heavy
0.9746794344808964,0.9486832980505138,0,1,A2,A2,310,351,150.0,throughput_heavy
0.9746794344808964,0.9486832980505138,0,1,A2,A2,310,351,150.0,severity_heavy
0.9746794344808963,0.9486832980505138,0,1,A2,A2,311,352,100.0,equal
0.9746794344808963,0.9486832980505138,0,1,A2,A2,311,352,100.0,criticality_heavy
0.9746794344808963,0.9486832980505138,0,1,A2,A2,311,352,100.0,throughput_heavy
0.9746794344808963,0.9486832980505138,0,1,A2,A2,311,352,100.0,severity_heavy
0.9999999999999999,1.0,1,1,A2,A2,311,352,125.0,equal
0.9999999999999999,1.0,1,1,A2,A2,311,352,125.0,criticality_heavy
0.9999999999999999,1.0,1,1,A2,A2,311,352,125.0,throughput_heavy
0.9999999999999999,1.0,1,1,A2,A2,311,352,125.0,severity_heavy
0.9999999999999999,1.0,1,1,A2,A2,311,352,150.0,equal
0.9999999999999999,1.0,1,1,A2,A2,311,352,150.0,criticality_heavy
0.9999999999999999,1.0,1,1,A2,A2,311,352,150.0,throughput_heavy
0.9999999999999999,1.0,1,1,A2,A2,311,352,150.0,severity_heavy
0.8999999999999998,0.8,0,1,A1,A1,312,353,100.0,equal
0.8999999999999998,0.8,0,1,A1,A1,312,353,100.0,criticality_heavy
0.8999999999999998,0.8,0,1,A1,A1,312,353,100.0,throughput_heavy
0.8999999999999998,0.8,0,1,A1,A1,312,353,100.0,severity_heavy
0.9999999999999999,1.0,1,1,A1,A1,312,353,125.0,equal
0.9999999999999999,1.0,1,1,A1,A1,312,353,125.0,criticality_heavy
0.9999999999999999,1.0,1,1,A1,A1,312,353,125.0,throughput_heavy
0.9999999999999999,1.0,1,1,A1,A1,312,353,125.0,severity_heavy
0.9999999999999999,1.0,1,1,A1,A1,312,353,150.0,equal
0.9999999999999999,1.0,1,1,A1,A1,312,353,150.0,criticality_heavy
0.9999999999999999,1.0,1,1,A1,A1,312,353,150.0,throughput_heavy
0.9999999999999999,1.0,1,1,A1,A1,312,353,150.0,severity_heavy
0.9746794344808963,0.9486832980505138,0,1,A2,A2,313,354,100.0,equal
0.9746794344808963,0.9486832980505138,0,1,A2,A2,313,354,100.0,criticality_heavy
0.9746794344808963,0.9486832980505138,0,1,A2,A2,313,354,100.0,throughput_heavy
0.9746794344808963,0.9486832980505138,0,1,A2,A2,313,354,100.0,severity_heavy
0.9999999999999999,1.0,1,1,A2,A2,313,354,125.0,equal
0.9999999999999999,1.0,1,1,A2,A2,313,354,125.0,criticality_heavy
0.9999999999999999,1.0,1,1,A2,A2,313,354,125.0,throughput_heavy
0.9999999999999999,1.0,1,1,A2,A2,313,354,125.0,severity_heavy
0.9999999999999999,1.0,1,1,A2,A2,313,354,150.0,equal
0.9999999999999999,1.0,1,1,A2,A2,313,354,150.0,criticality_heavy
0.9999999999999999,1.0,1,1,A2,A2,313,354,150.0,throughput_heavy
0.9999999999999999,1.0,1,1,A2,A2,313,354,150.0,severity_heavy
0.8720815992723809,0.7378647873726218,0,0,A3,A5,314,355,100.0,equal
0.8720815992723809,0.7378647873726218,0,0,A3,A5,314,355,100.0,criticality_heavy
0.8720815992723809,0.7378647873726218,0,0,A3,A5,314,355,100.0,throughput_heavy
0.8720815992723809,0.7378647873726218,0,0,A3,A5,314,355,100.0,severity_heavy
0.9999999999999999,1.0,1,1,A3,A3,314,355,125.0,equal
0.9999999999999999,1.0,1,1,A3,A3,314,355,125.0,criticality_heavy
0.9999999999999999,1.0,1,1,A3,A3,314,355,125.0,throughput_heavy
0.9999999999999999,1.0,1,1,A3,A3,314,355,125.0,severity_heavy
0.9999999999999999,1.0,1,1,A3,A3,314,355,150.0,equal
0.9999999999999999,1.0,1,1,A3,A3,314,355,150.0,criticality_heavy
0.9999999999999999,1.0,1,1,A3,A3,314,355,150.0,throughput_heavy
0.9999999999999999,1.0,1,1,A3,A3,314,355,150.0,severity_heavy
0.8207826816681234,0.7378647873726218,0,1,A1,A1,315,356,100.0,equal
0.8207826816681234,0.7378647873726218,0,1,A1,A1,315,356,100.0,criticality_heavy
0.8207826816681234,0.7378647873726218,0,1,A1,A1,315,356,100.0,throughput_heavy
0.8207826816681234,0.7378647873726218,0,1,A1,A1,315,356,100.0,severity_heavy
0.9999999999999999,1.0,1,1,A1,A1,315,356,125.0,equal
0.9999999999999999,1.0,1,1,A1,A1,315,356,125.0,criticality_heavy
0.9999999999999999,1.0,1,1,A1,A1,315,356,125.0,throughput_heavy
0.9999999999999999,1.0,1,1,A1,A1,315,356,125.0,severity_heavy
0.8999999999999998,0.8,0,1,A1,A1,315,356,150.0,equal
0.8999999999999998,0.8,0,1,A1,A1,315,356,150.0,criticality_heavy
0.8999999999999998,0.8,0,1,A1,A1,315,356,150.0,throughput_heavy
0.8999999999999998,0.8,0,1,A1,A1,315,356,150.0,severity_heavy
0.9746794344808963,0.9486832980505138,0,1,A1,A1,316,357,100.0,equal
0.9746794344808963,0.9486832980505138,0,1,A1,A1,316,357,100.0,criticality_heavy
0.9746794344808963,0.9486832980505138,0,1,A1,A1,316,357,100.0,throughput_heavy
0.9746794344808963,0.9486832980505138,0,1,A1,A1,316,357,100.0,severity_heavy
0.9999999999999999,1.0,1,1,A1,A1,316,357,125.0,equal
0.9999999999999999,1.0,1,1,A1,A1,316,357,125.0,criticality_heavy
0.9999999999999999,1.0,1,1,A1,A1,316,357,125.0,throughput_heavy
0.9999999999999999,1.0,1,1,A1,A1,316,357,125.0,severity_heavy
0.9999999999999999,1.0,1,1,A1,A1,316,357,150.0,equal
0.9999999999999999,1.0,1,1,A1,A1,316,357,150.0,criticality_heavy
0.8999999999999998,0.8,0,0,A1,A2,316,357,150.0,throughput_heavy
0.9999999999999999,1.0,1,1,A1,A1,316,357,150.0,severity_heavy
1.0,1.0,1,1,A3,A3,317,358,100.0,equal
1.0,1.0,1,1,A3,A3,317,358,100.0,criticality_heavy
1.0,1.0,1,1,A3,A3,317,358,100.0,throughput_heavy
1.0,1.0,1,1,A3,A3,317,358,100.0,severity_heavy
1.0,1.0,1,1,A3,A3,317,358,125.0,equal
1.0,1.0,1,1,A3,A3,317,358,125.0,criticality_heavy
1.0,1.0,1,1,A3,A3,317,358,125.0,throughput_heavy
1.0,1.0,1,1,A3,A3,317,358,125.0,severity_heavy
0.8720815992723809,0.7378647873726218,0,1,A3,A3,317,358,150.0,equal
0.8720815992723809,0.7378647873726218,0,1,A3,A3,317,358,150.0,criticality_heavy
0.8720815992723809,0.7378647873726218,0,1,A3,A3,317,358,150.0,throughput_heavy
0.8720815992723809,0.7378647873726218,0,1,A3,A3,317,358,150.0,severity_heavy
1.0,1.0,1,1,A5,A5,318,359,100.0,equal
1.0,1.0,1,1,A5,A5,318,359,100.0,criticality_heavy
1.0,1.0,1,1,A5,A5,318,359,100.0,throughput_heavy
1.0,1.0,1,1,A5,A5,318,359,100.0,severity_heavy
1.0,1.0,1,1,A5,A5,318,359,125.0,equal
1.0,1.0,1,1,A5,A5,318,359,125.0,criticality_heavy
1.0,1.0,1,1,A5,A5,318,359,125.0,throughput_heavy
1.0,1.0,1,1,A5,A5,318,359,125.0,severity_heavy
0.9746794344808964,0.9486832980505138,0,1,A5,A5,318,359,150.0,equal
0.9746794344808964,0.9486832980505138,0,1,A5,A5,318,359,150.0,criticality_heavy
0.9746794344808964,0.9486832980505138,0,1,A5,A5,318,359,150.0,throughput_heavy
0.9746794344808964,0.9486832980505138,0,1,A5,A5,318,359,150.0,severity_heavy
1.0,1.0,1,1,A2,A2,319,360,100.0,equal
1.0,1.0,1,1,A2,A2,319,360,100.0,criticality_heavy
1.0,1.0,1,1,A2,A2,319,360,100.0,throughput_heavy
1.0,1.0,1,1,A2,A2,319,360,100.0,severity_heavy
1.0,1.0,1,1,A2,A2,319,360,125.0,equal
1.0,1.0,1,1,A2,A2,319,360,125.0,criticality_heavy
1.0,1.0,1,1,A2,A2,319,360,125.0,throughput_heavy
1.0,1.0,1,1,A2,A2,319,360,125.0,severity_heavy
0.9746794344808964,0.9486832980505138,0,1,A2,A2,319,360,150.0,equal
0.9746794344808964,0.9486832980505138,0,1,A2,A2,319,360,150.0,criticality_heavy
0.9746794344808964,0.9486832980505138,0,1,A2,A2,319,360,150.0,throughput_heavy
0.9746794344808964,0.9486832980505138,0,1,A2,A2,319,360,150.0,severity_heavy
1.0,1.0,1,1,A5,A5,320,361,100.0,equal
1.0,1.0,1,1,A5,A5,320,361,100.0,criticality_heavy
1.0,1.0,1,1,A5,A5,320,361,100.0,throughput_heavy
1.0,1.0,1,1,A5,A5,320,361,100.0,severity_heavy
1.0,1.0,1,1,A5,A5,320,361,125.0,equal
1.0,1.0,1,1,A5,A5,320,361,125.0,criticality_heavy
1.0,1.0,1,1,A5,A5,320,361,125.0,throughput_heavy
1.0,1.0,1,1,A5,A5,320,361,125.0,severity_heavy
0.9746794344808964,0.9486832980505138,0,1,A5,A5,320,361,150.0,equal
0.9746794344808964,0.9486832980505138,0,1,A5,A5,320,361,150.0,criticality_heavy
0.9746794344808964,0.9486832980505138,0,1,A5,A5,320,361,150.0,throughput_heavy
0.9746794344808964,0.9486832980505138,0,1,A5,A5,320,361,150.0,severity_heavy
0.8720815992723809,0.7378647873726218,0,1,A2,A2,321,362,100.0,equal
0.8720815992723809,0.7378647873726218,0,1,A2,A2,321,362,100.0,criticality_heavy
0.8720815992723809,0.7378647873726218,0,1,A2,A2,321,362,100.0,throughput_heavy
0.8720815992723809,0.7378647873726218,0,1,A2,A2,321,362,100.0,severity_heavy
0.9999999999999999,1.0,1,1,A2,A2,321,362,125.0,equal
0.9999999999999999,1.0,1,1,A2,A2,321,362,125.0,criticality_heavy
0.9999999999999999,1.0,1,1,A2,A2,321,362,125.0,throughput_heavy
0.8999999999999998,0.8,0,1,A2,A2,321,362,125.0,severity_heavy
0.9999999999999999,1.0,1,1,A2,A2,321,362,150.0,equal
0.9999999999999999,1.0,1,1,A2,A2,321,362,150.0,criticality_heavy
0.9999999999999999,1.0,1,1,A2,A2,321,362,150.0,throughput_heavy
0.9999999999999999,1.0,1,1,A2,A2,321,362,150.0,severity_heavy
1.0,1.0,1,1,A2,A2,322,363,100.0,equal
1.0,1.0,1,1,A2,A2,322,363,100.0,criticality_heavy
1.0,1.0,1,1,A2,A2,322,363,100.0,throughput_heavy
1.0,1.0,1,1,A2,A2,322,363,100.0,severity_heavy
1.0,1.0,1,1,A2,A2,322,363,125.0,equal
1.0,1.0,1,1,A2,A2,322,363,125.0,criticality_heavy
1.0,1.0,1,1,A2,A2,322,363,125.0,throughput_heavy
1.0,1.0,1,1,A2,A2,322,363,125.0,severity_heavy
0.9746794344808964,0.9486832980505138,0,1,A2,A2,322,363,150.0,equal
0.9746794344808964,0.9486832980505138,0,1,A2,A2,322,363,150.0,criticality_heavy
0.9746794344808964,0.9486832980505138,0,1,A2,A2,322,363,150.0,throughput_heavy
0.9746794344808964,0.9486832980505138,0,1,A2,A2,322,363,150.0,severity_heavy
0.9746794344808963,0.9486832980505138,0,1,A2,A2,323,364,100.0,equal
0.9746794344808963,0.9486832980505138,0,1,A2,A2,323,364,100.0,criticality_heavy
0.9746794344808963,0.9486832980505138,0,1,A2,A2,323,364,100.0,throughput_heavy
0.9746794344808963,0.9486832980505138,0,1,A2,A2,323,364,100.0,severity_heavy
0.9999999999999999,1.0,1,1,A2,A2,323,364,125.0,equal
0.9999999999999999,1.0,1,1,A2,A2,323,364,125.0,criticality_heavy
0.9999999999999999,1.0,1,1,A2,A2,323,364,125.0,throughput_heavy
0.9999999999999999,1.0,1,1,A2,A2,323,364,125.0,severity_heavy
0.9999999999999999,1.0,1,1,A2,A2,323,364,150.0,equal
0.9999999999999999,1.0,1,1,A2,A2,323,364,150.0,criticality_heavy
0.9999999999999999,1.0,1,1,A2,A2,323,364,150.0,throughput_heavy
0.9999999999999999,1.0,1,1,A2,A2,323,364,150.0,severity_heavy
0.8947368421052632,0.7777777777777778,0,1,A1,A1,324,365,100.0,equal
0.8947368421052632,0.7777777777777778,0,1,A1,A1,324,365,100.0,criticality_heavy
0.8947368421052632,0.7777777777777778,0,1,A1,A1,324,365,100.0,throughput_heavy
0.8947368421052632,0.7777777777777778,0,1,A1,A1,324,365,100.0,severity_heavy
1.0,1.0,1,1,A1,A1,324,365,125.0,equal
1.0,1.0,1,1,A1,A1,324,365,125.0,criticality_heavy
1.0,1.0,1,1,A1,A1,324,365,125.0,throughput_heavy
1.0,1.0,1,1,A1,A1,324,365,125.0,severity_heavy
0.9746794344808964,0.9486832980505138,0,1,A1,A1,324,365,150.0,equal
0.9746794344808964,0.9486832980505138,0,1,A1,A1,324,365,150.0,criticality_heavy
0.9746794344808964,0.9486832980505138,0,1,A1,A1,324,365,150.0,throughput_heavy
0.9746794344808964,0.9486832980505138,0,1,A1,A1,324,365,150.0,severity_heavy
1.0,1.0,1,1,A1,A1,325,366,100.0,equal
1.0,1.0,1,1,A1,A1,325,366,100.0,criticality_heavy
1.0,1.0,1,1,A1,A1,325,366,100.0,throughput_heavy
1.0,1.0,1,1,A1,A1,325,366,100.0,severity_heavy
1.0,1.0,1,1,A1,A1,325,366,125.0,equal
1.0,1.0,1,1,A1,A1,325,366,125.0,criticality_heavy
1.0,1.0,1,1,A1,A1,325,366,125.0,throughput_heavy
1.0,1.0,1,1,A1,A1,325,366,125.0,severity_heavy
0.9746794344808964,0.9486832980505138,0,1,A1,A1,325,366,150.0,equal
0.9746794344808964,0.9486832980505138,0,1,A1,A1,325,366,150.0,criticality_heavy
0.9746794344808964,0.9486832980505138,0,1,A1,A1,325,366,150.0,throughput_heavy
0.9746794344808964,0.9486832980505138,0,1,A1,A1,325,366,150.0,severity_heavy
1.0,1.0,1,1,A2,A2,326,367,100.0,equal
1.0,1.0,1,1,A2,A2,326,367,100.0,criticality_heavy
1.0,1.0,1,1,A2,A2,326,367,100.0,throughput_heavy
1.0,1.0,1,1,A2,A2,326,367,100.0,severity_heavy
1.0,1.0,1,1,A2,A2,326,367,125.0,equal
1.0,1.0,1,1,A2,A2,326,367,125.0,criticality_heavy
1.0,1.0,1,1,A2,A2,326,367,125.0,throughput_heavy
1.0,1.0,1,1,A2,A2,326,367,125.0,severity_heavy
0.9746794344808964,0.9486832980505138,0,1,A2,A2,326,367,150.0,equal
0.9746794344808964,0.9486832980505138,0,1,A2,A2,326,367,150.0,criticality_heavy
0.9746794344808964,0.9486832980505138,0,1,A2,A2,326,367,150.0,throughput_heavy
0.9746794344808964,0.9486832980505138,0,1,A2,A2,326,367,150.0,severity_heavy
0.9746794344808963,0.9486832980505138,0,1,A1,A1,327,368,100.0,equal
0.9746794344808963,0.9486832980505138,0,1,A1,A1,327,368,100.0,criticality_heavy
0.9746794344808963,0.9486832980505138,0,1,A1,A1,327,368,100.0,throughput_heavy
0.9746794344808963,0.9486832980505138,0,1,A1,A1,327,368,100.0,severity_heavy
0.9999999999999999,1.0,1,1,A1,A1,327,368,125.0,equal
0.9999999999999999,1.0,1,1,A1,A1,327,368,125.0,criticality_heavy
0.9999999999999999,1.0,1,1,A1,A1,327,368,125.0,throughput_heavy
0.9999999999999999,1.0,1,1,A1,A1,327,368,125.0,severity_heavy
0.9999999999999999,1.0,1,1,A1,A1,327,368,150.0,equal
0.9999999999999999,1.0,1,1,A1,A1,327,368,150.0,criticality_heavy
0.9999999999999999,1.0,1,1,A1,A1,327,368,150.0,throughput_heavy
0.9999999999999999,1.0,1,1,A1,A1,327,368,150.0,severity_heavy
0.9746794344808963,0.9486832980505138,0,1,A1,A1,328,369,100.0,equal
0.9746794344808963,0.9486832980505138,0,1,A1,A1,328,369,100.0,criticality_heavy
0.9746794344808963,0.9486832980505138,0,1,A1,A1,328,369,100.0,throughput_heavy
0.9746794344808963,0.9486832980505138,0,1,A1,A1,328,369,100.0,severity_heavy
0.9999999999999999,1.0,1,1,A1,A1,328,369,125.0,equal
0.9999999999999999,1.0,1,1,A1,A1,328,369,125.0,criticality_heavy
0.8999999999999998,0.8,0,0,A1,A2,328,369,125.0,throughput_heavy
0.9999999999999999,1.0,1,1,A1,A1,328,369,125.0,severity_heavy
0.7999999999999999,0.6,0,0,A1,A2,328,369,150.0,equal
0.7999999999999999,0.6,0,0,A1,A2,328,369,150.0,criticality_heavy
0.7999999999999999,0.6,0,0,A1,A2,328,369,150.0,throughput_heavy
0.8999999999999998,0.8,0,0,A1,A2,328,369,150.0,severity_heavy
1.0,1.0,1,1,A1,A1,329,370,100.0,equal
1.0,1.0,1,1,A1,A1,329,370,100.0,criticality_heavy
0.8947368421052632,0.7777777777777778,0,0,A1,A5,329,370,100.0,throughput_heavy
1.0,1.0,1,1,A1,A1,329,370,100.0,severity_heavy
1.0,1.0,1,1,A1,A1,329,370,125.0,equal
1.0,1.0,1,1,A1,A1,329,370,125.0,criticality_heavy
1.0,1.0,1,1,A1,A1,329,370,125.0,throughput_heavy
1.0,1.0,1,1,A1,A1,329,370,125.0,severity_heavy
0.9746794344808964,0.9486832980505138,0,1,A1,A1,329,370,150.0,equal
0.9746794344808964,0.9486832980505138,0,1,A1,A1,329,370,150.0,criticality_heavy
0.9746794344808964,0.9486832980505138,0,1,A1,A1,329,370,150.0,throughput_heavy
0.9746794344808964,0.9486832980505138,0,1,A1,A1,329,370,150.0,severity_heavy
1.0,1.0,1,1,A2,A2,330,371,100.0,equal
1.0,1.0,1,1,A2,A2,330,371,100.0,criticality_heavy
1.0,1.0,1,1,A2,A2,330,371,100.0,throughput_heavy
1.0,1.0,1,1,A2,A2,330,371,100.0,severity_heavy
1.0,1.0,1,1,A2,A2,330,371,125.0,equal
1.0,1.0,1,1,A2,A2,330,371,125.0,criticality_heavy
1.0,1.0,1,1,A2,A2,330,371,125.0,throughput_heavy
1.0,1.0,1,1,A2,A2,330,371,125.0,severity_heavy
0.9746794344808964,0.9486832980505138,0,1,A2,A2,330,371,150.0,equal
0.9746794344808964,0.9486832980505138,0,1,A2,A2,330,371,150.0,criticality_heavy
0.9746794344808964,0.9486832980505138,0,1,A2,A2,330,371,150.0,throughput_heavy
0.9746794344808964,0.9486832980505138,0,1,A2,A2,330,371,150.0,severity_heavy
1.0,1.0,1,1,A2,A2,331,372,100.0,equal
1.0,1.0,1,1,A2,A2,331,372,100.0,criticality_heavy
1.0,1.0,1,1,A2,A2,331,372,100.0,throughput_heavy
1.0,1.0,1,1,A2,A2,331,372,100.0,severity_heavy
1.0,1.0,1,1,A2,A2,331,372,125.0,equal
1.0,1.0,1,1,A2,A2,331,372,125.0,criticality_heavy
1.0,1.0,1,1,A2,A2,331,372,125.0,throughput_heavy
1.0,1.0,1,1,A2,A2,331,372,125.0,severity_heavy
0.9746794344808964,0.9486832980505138,0,1,A2,A2,331,372,150.0,equal
0.9746794344808964,0.9486832980505138,0,1,A2,A2,331,372,150.0,criticality_heavy
0.9746794344808964,0.9486832980505138,0,1,A2,A2,331,372,150.0,throughput_heavy
0.9746794344808964,0.9486832980505138,0,1,A2,A2,331,372,150.0,severity_heavy
1.0,1.0,1,1,A1,A1,332,373,100.0,equal
1.0,1.0,1,1,A1,A1,332,373,100.0,criticality_heavy
1.0,1.0,1,1,A1,A1,332,373,100.0,throughput_heavy
1.0,1.0,1,1,A1,A1,332,373,100.0,severity_heavy
1.0,1.0,1,1,A1,A1,332,373,125.0,equal
1.0,1.0,1,1,A1,A1,332,373,125.0,criticality_heavy
1.0,1.0,1,1,A1,A1,332,373,125.0,throughput_heavy
1.0,1.0,1,1,A1,A1,332,373,125.0,severity_heavy
0.9746794344808964,0.9486832980505138,0,1,A1,A1,332,373,150.0,equal
0.9746794344808964,0.9486832980505138,0,1,A1,A1,332,373,150.0,criticality_heavy
0.9746794344808964,0.9486832980505138,0,1,A1,A1,332,373,150.0,throughput_heavy
0.9746794344808964,0.9486832980505138,0,1,A1,A1,332,373,150.0,severity_heavy
0.9746794344808963,0.9486832980505138,0,1,A1,A1,333,374,100.0,equal
0.9746794344808963,0.9486832980505138,0,1,A1,A1,333,374,100.0,criticality_heavy
0.9746794344808963,0.9486832980505138,0,1,A1,A1,333,374,100.0,throughput_heavy
0.9746794344808963,0.9486832980505138,0,1,A1,A1,333,374,100.0,severity_heavy
0.9999999999999999,1.0,1,1,A1,A1,333,374,125.0,equal
0.9999999999999999,1.0,1,1,A1,A1,333,374,125.0,criticality_heavy
0.9999999999999999,1.0,1,1,A1,A1,333,374,125.0,throughput_heavy
0.9999999999999999,1.0,1,1,A1,A1,333,374,125.0,severity_heavy
0.9999999999999999,1.0,1,1,A1,A1,333,374,150.0,equal
0.9999999999999999,1.0,1,1,A1,A1,333,374,150.0,criticality_heavy
0.9999999999999999,1.0,1,1,A1,A1,333,374,150.0,throughput_heavy
0.9999999999999999,1.0,1,1,A1,A1,333,374,150.0,severity_heavy
1.0,1.0,1,1,A2,A2,334,375,100.0,equal
1.0,1.0,1,1,A2,A2,334,375,100.0,criticality_heavy
1.0,1.0,1,1,A2,A2,334,375,100.0,throughput_heavy
1.0,1.0,1,1,A2,A2,334,375,100.0,severity_heavy
1.0,1.0,1,1,A2,A2,334,375,125.0,equal
1.0,1.0,1,1,A2,A2,334,375,125.0,criticality_heavy
1.0,1.0,1,1,A2,A2,334,375,125.0,throughput_heavy
1.0,1.0,1,1,A2,A2,334,375,125.0,severity_heavy
0.9746794344808964,0.9486832980505138,0,1,A2,A2,334,375,150.0,equal
0.9746794344808964,0.9486832980505138,0,1,A2,A2,334,375,150.0,criticality_heavy
0.9746794344808964,0.9486832980505138,0,1,A2,A2,334,375,150.0,throughput_heavy
0.9746794344808964,0.9486832980505138,0,1,A2,A2,334,375,150.0,severity_heavy
0.9746794344808963,0.9486832980505138,0,1,A3,A3,335,376,100.0,equal
0.9746794344808963,0.9486832980505138,0,1,A3,A3,335,376,100.0,criticality_heavy
0.9746794344808963,0.9486832980505138,0,1,A3,A3,335,376,100.0,throughput_heavy
0.9746794344808963,0.9486832980505138,0,1,A3,A3,335,376,100.0,severity_heavy
0.9999999999999999,1.0,1,1,A3,A3,335,376,125.0,equal
0.9999999999999999,1.0,1,1,A3,A3,335,376,125.0,criticality_heavy
0.9999999999999999,1.0,1,1,A3,A3,335,376,125.0,throughput_heavy
0.9999999999999999,1.0,1,1,A3,A3,335,376,125.0,severity_heavy
0.9999999999999999,1.0,1,1,A3,A3,335,376,150.0,equal
0.9999999999999999,1.0,1,1,A3,A3,335,376,150.0,criticality_heavy
0.9999999999999999,1.0,1,1,A3,A3,335,376,150.0,throughput_heavy
0.9999999999999999,1.0,1,1,A3,A3,335,376,150.0,severity_heavy
0.8720815992723809,0.7378647873726218,0,1,A5,A5,336,377,100.0,equal
0.8720815992723809,0.7378647873726218,0,1,A5,A5,336,377,100.0,criticality_heavy
0.8720815992723809,0.7378647873726218,0,1,A5,A5,336,377,100.0,throughput_heavy
0.8720815992723809,0.7378647873726218,0,1,A5,A5,336,377,100.0,severity_heavy
0.9999999999999999,1.0,1,1,A5,A5,336,377,125.0,equal
0.9999999999999999,1.0,1,1,A5,A5,336,377,125.0,criticality_heavy
0.9999999999999999,1.0,1,1,A5,A5,336,377,125.0,throughput_heavy
0.9999999999999999,1.0,1,1,A5,A5,336,377,125.0,severity_heavy
0.9999999999999999,1.0,1,1,A5,A5,336,377,150.0,equal
0.9999999999999999,1.0,1,1,A5,A5,336,377,150.0,criticality_heavy
0.9999999999999999,1.0,1,1,A5,A5,336,377,150.0,throughput_heavy
0.9999999999999999,1.0,1,1,A5,A5,336,377,150.0,severity_heavy
0.9746794344808963,0.9486832980505138,0,1,A3,A3,337,378,100.0,equal
0.9746794344808963,0.9486832980505138,0,1,A3,A3,337,378,100.0,criticality_heavy
0.9746794344808963,0.9486832980505138,0,1,A3,A3,337,378,100.0,throughput_heavy
0.9746794344808963,0.9486832980505138,0,1,A3,A3,337,378,100.0,severity_heavy
0.9999999999999999,1.0,1,1,A3,A3,337,378,125.0,equal
0.9999999999999999,1.0,1,1,A3,A3,337,378,125.0,criticality_heavy
0.9999999999999999,1.0,1,1,A3,A3,337,378,125.0,throughput_heavy
0.9999999999999999,1.0,1,1,A3,A3,337,378,125.0,severity_heavy
0.9999999999999999,1.0,1,1,A3,A3,337,378,150.0,equal
0.9999999999999999,1.0,1,1,A3,A3,337,378,150.0,criticality_heavy
0.9999999999999999,1.0,1,1,A3,A3,337,378,150.0,throughput_heavy
0.9999999999999999,1.0,1,1,A3,A3,337,378,150.0,severity_heavy
0.9746794344808963,0.9486832980505138,0,1,A2,A2,338,379,100.0,equal
0.9746794344808963,0.9486832980505138,0,1,A2,A2,338,379,100.0,criticality_heavy
0.9746794344808963,0.9486832980505138,0,1,A2,A2,338,379,100.0,throughput_heavy
0.9746794344808963,0.9486832980505138,0,1,A2,A2,338,379,100.0,severity_heavy
0.9999999999999999,1.0,1,1,A2,A2,338,379,125.0,equal
0.9999999999999999,1.0,1,1,A2,A2,338,379,125.0,criticality_heavy
0.9999999999999999,1.0,1,1,A2,A2,338,379,125.0,throughput_heavy
0.9999999999999999,1.0,1,1,A2,A2,338,379,125.0,severity_heavy
0.8999999999999998,0.8,0,1,A2,A2,338,379,150.0,equal
0.8999999999999998,0.8,0,1,A2,A2,338,379,150.0,criticality_heavy
0.9999999999999999,1.0,1,1,A2,A2,338,379,150.0,throughput_heavy
0.9999999999999999,1.0,1,1,A2,A2,338,379,150.0,severity_heavy
0.9746794344808963,0.9486832980505138,0,1,A5,A5,339,380,100.0,equal
0.9746794344808963,0.9486832980505138,0,1,A5,A5,339,380,100.0,criticality_heavy
0.9746794344808963,0.9486832980505138,0,1,A5,A5,339,380,100.0,throughput_heavy
0.9746794344808963,0.9486832980505138,0,1,A5,A5,339,380,100.0,severity_heavy
0.9999999999999999,1.0,1,1,A5,A5,339,380,125.0,equal
0.9999999999999999,1.0,1,1,A5,A5,339,380,125.0,criticality_heavy
0.9999999999999999,1.0,1,1,A5,A5,339,380,125.0,throughput_heavy
0.9999999999999999,1.0,1,1,A5,A5,339,380,125.0,severity_heavy
0.9999999999999999,1.0,1,1,A5,A5,339,380,150.0,equal
0.9999999999999999,1.0,1,1,A5,A5,339,380,150.0,criticality_heavy
0.9999999999999999,1.0,1,1,A5,A5,339,380,150.0,throughput_heavy
0.9999999999999999,1.0,1,1,A5,A5,339,380,150.0,severity_heavy
1.0,1.0,1,1,A3,A3,340,381,100.0,equal
1.0,1.0,1,1,A3,A3,340,381,100.0,criticality_heavy
1.0,1.0,1,1,A3,A3,340,381,100.0,throughput_heavy
1.0,1.0,1,1,A3,A3,340,381,100.0,severity_heavy
1.0,1.0,1,1,A3,A3,340,381,125.0,equal
1.0,1.0,1,1,A3,A3,340,381,125.0,criticality_heavy
1.0,1.0,1,1,A3,A3,340,381,125.0,throughput_heavy
1.0,1.0,1,1,A3,A3,340,381,125.0,severity_heavy
0.8720815992723809,0.7378647873726218,0,1,A3,A3,340,381,150.0,equal
0.9746794344808964,0.9486832980505138,0,1,A3,A3,340,381,150.0,criticality_heavy
0.8720815992723809,0.7378647873726218,0,1,A3,A3,340,381,150.0,throughput_heavy
0.8720815992723809,0.7378647873726218,0,1,A3,A3,340,381,150.0,severity_heavy
1.0,1.0,1,1,A3,A3,341,382,100.0,equal
1.0,1.0,1,1,A3,A3,341,382,100.0,criticality_heavy
1.0,1.0,1,1,A3,A3,341,382,100.0,throughput_heavy
1.0,1.0,1,1,A3,A3,341,382,100.0,severity_heavy
1.0,1.0,1,1,A3,A3,341,382,125.0,equal
1.0,1.0,1,1,A3,A3,341,382,125.0,criticality_heavy
1.0,1.0,1,1,A3,A3,341,382,125.0,throughput_heavy
1.0,1.0,1,1,A3,A3,341,382,125.0,severity_heavy
0.8720815992723809,0.7378647873726218,0,1,A3,A3,341,382,150.0,equal
0.8720815992723809,0.7378647873726218,0,1,A3,A3,341,382,150.0,criticality_heavy
0.8720815992723809,0.7378647873726218,0,1,A3,A3,341,382,150.0,throughput_heavy
0.8720815992723809,0.7378647873726218,0,1,A3,A3,341,382,150.0,severity_heavy
0.8947368421052632,0.7777777777777778,0,1,A3,A3,342,383,100.0,equal
0.8947368421052632,0.7777777777777778,0,1,A3,A3,342,383,100.0,criticality_heavy
0.8947368421052632,0.7777777777777778,0,1,A3,A3,342,383,100.0,throughput_heavy
0.8947368421052632,0.7777777777777778,0,1,A3,A3,342,383,100.0,severity_heavy
1.0,1.0,1,1,A3,A3,342,383,125.0,equal
1.0,1.0,1,1,A3,A3,342,383,125.0,criticality_heavy
1.0,1.0,1,1,A3,A3,342,383,125.0,throughput_heavy
1.0,1.0,1,1,A3,A3,342,383,125.0,severity_heavy
0.9746794344808964,0.9486832980505138,0,1,A3,A3,342,383,150.0,equal
0.9746794344808964,0.9486832980505138,0,1,A3,A3,342,383,150.0,criticality_heavy
0.9746794344808964,0.9486832980505138,0,1,A3,A3,342,383,150.0,throughput_heavy
0.9746794344808964,0.9486832980505138,0,1,A3,A3,342,383,150.0,severity_heavy
1.0,1.0,1,1,A3,A3,343,384,100.0,equal
1.0,1.0,1,1,A3,A3,343,384,100.0,criticality_heavy
1.0,1.0,1,1,A3,A3,343,384,100.0,throughput_heavy
1.0,1.0,1,1,A3,A3,343,384,100.0,severity_heavy
1.0,1.0,1,1,A3,A3,343,384,125.0,equal
1.0,1.0,1,1,A3,A3,343,384,125.0,criticality_heavy
1.0,1.0,1,1,A3,A3,343,384,125.0,throughput_heavy
0.8947368421052632,0.7777777777777778,0,1,A3,A3,343,384,125.0,severity_heavy
0.8720815992723809,0.7378647873726218,0,1,A3,A3,343,384,150.0,equal
0.8720815992723809,0.7378647873726218,0,1,A3,A3,343,384,150.0,criticality_heavy
0.8720815992723809,0.7378647873726218,0,1,A3,A3,343,384,150.0,throughput_heavy
0.8720815992723809,0.7378647873726218,0,1,A3,A3,343,384,150.0,severity_heavy
0.9746794344808963,0.9486832980505138,0,1,A3,A3,344,385,100.0,equal
0.9746794344808963,0.9486832980505138,0,1,A3,A3,344,385,100.0,criticality_heavy
0.9746794344808963,0.9486832980505138,0,1,A3,A3,344,385,100.0,throughput_heavy
0.9746794344808963,0.9486832980505138,0,1,A3,A3,344,385,100.0,severity_heavy
0.9999999999999999,1.0,1,1,A3,A3,344,385,125.0,equal
0.9999999999999999,1.0,1,1,A3,A3,344,385,125.0,criticality_heavy
0.9999999999999999,1.0,1,1,A3,A3,344,385,125.0,throughput_heavy
0.9999999999999999,1.0,1,1,A3,A3,344,385,125.0,severity_heavy
0.9999999999999999,1.0,1,1,A3,A3,344,385,150.0,equal
0.9999999999999999,1.0,1,1,A3,A3,344,385,150.0,criticality_heavy
0.9999999999999999,1.0,1,1,A3,A3,344,385,150.0,throughput_heavy
0.9999999999999999,1.0,1,1,A3,A3,344,385,150.0,severity_heavy
0.9746794344808963,0.9486832980505138,0,1,A1,A1,345,386,100.0,equal
0.9746794344808963,0.9486832980505138,0,1,A1,A1,345,386,100.0,criticality_heavy
0.9746794344808963,0.9486832980505138,0,1,A1,A1,345,386,100.0,throughput_heavy
0.9746794344808963,0.9486832980505138,0,1,A1,A1,345,386,100.0,severity_heavy
0.9999999999999999,1.0,1,1,A1,A1,345,386,125.0,equal
0.9999999999999999,1.0,1,1,A1,A1,345,386,125.0,criticality_heavy
0.9999999999999999,1.0,1,1,A1,A1,345,386,125.0,throughput_heavy
0.9999999999999999,1.0,1,1,A1,A1,345,386,125.0,severity_heavy
0.8999999999999998,0.8,0,1,A1,A1,345,386,150.0,equal
0.8999999999999998,0.8,0,1,A1,A1,345,386,150.0,criticality_heavy
0.8999999999999998,0.8,0,1,A1,A1,345,386,150.0,throughput_heavy
0.8999999999999998,0.8,0,1,A1,A1,345,386,150.0,severity_heavy
0.9746794344808963,0.9486832980505138,0,1,A3,A3,346,387,100.0,equal
0.9746794344808963,0.9486832980505138,0,1,A3,A3,346,387,100.0,criticality_heavy
0.9746794344808963,0.9486832980505138,0,1,A3,A3,346,387,100.0,throughput_heavy
0.9746794344808963,0.9486832980505138,0,1,A3,A3,346,387,100.0,severity_heavy
0.9999999999999999,1.0,1,1,A3,A3,346,387,125.0,equal
0.9999999999999999,1.0,1,1,A3,A3,346,387,125.0,criticality_heavy
0.9999999999999999,1.0,1,1,A3,A3,346,387,125.0,throughput_heavy
0.9999999999999999,1.0,1,1,A3,A3,346,387,125.0,severity_heavy
0.9999999999999999,1.0,1,1,A3,A3,346,387,150.0,equal
0.9999999999999999,1.0,1,1,A3,A3,346,387,150.0,criticality_heavy
0.9999999999999999,1.0,1,1,A3,A3,346,387,150.0,throughput_heavy
0.9999999999999999,1.0,1,1,A3,A3,346,387,150.0,severity_heavy
1.0,1.0,1,1,A2,A2,347,388,100.0,equal
1.0,1.0,1,1,A2,A2,347,388,100.0,criticality_heavy
1.0,1.0,1,1,A2,A2,347,388,100.0,throughput_heavy
1.0,1.0,1,1,A2,A2,347,388,100.0,severity_heavy
1.0,1.0,1,1,A2,A2,347,388,125.0,equal
1.0,1.0,1,1,A2,A2,347,388,125.0,criticality_heavy
1.0,1.0,1,1,A2,A2,347,388,125.0,throughput_heavy
1.0,1.0,1,1,A2,A2,347,388,125.0,severity_heavy
0.9746794344808964,0.9486832980505138,0,1,A2,A2,347,388,150.0,equal
0.9746794344808964,0.9486832980505138,0,1,A2,A2,347,388,150.0,criticality_heavy
0.9746794344808964,0.9486832980505138,0,1,A2,A2,347,388,150.0,throughput_heavy
0.9746794344808964,0.9486832980505138,0,1,A2,A2,347,388,150.0,severity_heavy
1.0,1.0,1,1,A2,A2,348,389,100.0,equal
1.0,1.0,1,1,A2,A2,348,389,100.0,criticality_heavy
1.0,1.0,1,1,A2,A2,348,389,100.0,throughput_heavy
1.0,1.0,1,1,A2,A2,348,389,100.0,severity_heavy
1.0,1.0,1,1,A2,A2,348,389,125.0,equal
1.0,1.0,1,1,A2,A2,348,389,125.0,criticality_heavy
1.0,1.0,1,1,A2,A2,348,389,125.0,throughput_heavy
1.0,1.0,1,1,A2,A2,348,389,125.0,severity_heavy
0.9746794344808964,0.9486832980505138,0,1,A2,A2,348,389,150.0,equal
0.9746794344808964,0.9486832980505138,0,1,A2,A2,348,389,150.0,criticality_heavy
0.9746794344808964,0.9486832980505138,0,1,A2,A2,348,389,150.0,throughput_heavy
0.9746794344808964,0.9486832980505138,0,1,A2,A2,348,389,150.0,severity_heavy
1.0,1.0,1,1,A5,A5,349,390,100.0,equal
1.0,1.0,1,1,A5,A5,349,390,100.0,criticality_heavy
1.0,1.0,1,1,A5,A5,349,390,100.0,throughput_heavy
1.0,1.0,1,1,A5,A5,349,390,100.0,severity_heavy
1.0,1.0,1,1,A5,A5,349,390,125.0,equal
1.0,1.0,1,1,A5,A5,349,390,125.0,criticality_heavy
1.0,1.0,1,1,A5,A5,349,390,125.0,throughput_heavy
1.0,1.0,1,1,A5,A5,349,390,125.0,severity_heavy
0.8720815992723809,0.7378647873726218,0,0,A5,A1,349,390,150.0,equal
0.8720815992723809,0.7378647873726218,0,0,A5,A1,349,390,150.0,criticality_heavy
0.9746794344808964,0.9486832980505138,0,1,A5,A5,349,390,150.0,throughput_heavy
0.8720815992723809,0.7378647873726218,0,0,A5,A1,349,390,150.0,severity_heavy
1.0,1.0,1,1,A3,A3,350,391,100.0,equal
1.0,1.0,1,1,A3,A3,350,391,100.0,criticality_heavy
1.0,1.0,1,1,A3,A3,350,391,100.0,throughput_heavy
1.0,1.0,1,1,A3,A3,350,391,100.0,severity_heavy
1.0,1.0,1,1,A3,A3,350,391,125.0,equal
1.0,1.0,1,1,A3,A3,350,391,125.0,criticality_heavy
1.0,1.0,1,1,A3,A3,350,391,125.0,throughput_heavy
1.0,1.0,1,1,A3,A3,350,391,125.0,severity_heavy
0.9746794344808964,0.9486832980505138,0,1,A3,A3,350,391,150.0,equal
0.9746794344808964,0.9486832980505138,0,1,A3,A3,350,391,150.0,criticality_heavy
0.9746794344808964,0.9486832980505138,0,1,A3,A3,350,391,150.0,throughput_heavy
0.9746794344808964,0.9486832980505138,0,1,A3,A3,350,391,150.0,severity_heavy
0.9746794344808963,0.9486832980505138,0,1,A3,A3,351,392,100.0,equal
0.9746794344808963,0.9486832980505138,0,1,A3,A3,351,392,100.0,criticality_heavy
0.9746794344808963,0.9486832980505138,0,1,A3,A3,351,392,100.0,throughput_heavy
0.9746794344808963,0.9486832980505138,0,1,A3,A3,351,392,100.0,severity_heavy
0.9999999999999999,1.0,1,1,A3,A3,351,392,125.0,equal
0.9999999999999999,1.0,1,1,A3,A3,351,392,125.0,criticality_heavy
0.9999999999999999,1.0,1,1,A3,A3,351,392,125.0,throughput_heavy
0.9999999999999999,1.0,1,1,A3,A3,351,392,125.0,severity_heavy
0.8999999999999998,0.8,0,1,A3,A3,351,392,150.0,equal
0.8999999999999998,0.8,0,1,A3,A3,351,392,150.0,criticality_heavy
0.8999999999999998,0.8,0,1,A3,A3,351,392,150.0,throughput_heavy
0.9999999999999999,1.0,1,1,A3,A3,351,392,150.0,severity_heavy
0.9746794344808963,0.9486832980505138,0,1,A3,A3,352,393,100.0,equal
0.9746794344808963,0.9486832980505138,0,1,A3,A3,352,393,100.0,criticality_heavy
0.9746794344808963,0.9486832980505138,0,1,A3,A3,352,393,100.0,throughput_heavy
0.9746794344808963,0.9486832980505138,0,1,A3,A3,352,393,100.0,severity_heavy
0.9999999999999999,1.0,1,1,A3,A3,352,393,125.0,equal
0.9999999999999999,1.0,1,1,A3,A3,352,393,125.0,criticality_heavy
0.9999999999999999,1.0,1,1,A3,A3,352,393,125.0,throughput_heavy
0.9999999999999999,1.0,1,1,A3,A3,352,393,125.0,severity_heavy
0.9999999999999999,1.0,1,1,A3,A3,352,393,150.0,equal
0.9999999999999999,1.0,1,1,A3,A3,352,393,150.0,criticality_heavy
0.9999999999999999,1.0,1,1,A3,A3,352,393,150.0,throughput_heavy
0.9999999999999999,1.0,1,1,A3,A3,352,393,150.0,severity_heavy
0.9999999999999999,1.0,1,1,A1,A1,353,394,100.0,equal
0.9999999999999999,1.0,1,1,A1,A1,353,394,100.0,criticality_heavy
0.9999999999999999,1.0,1,1,A1,A1,353,394,100.0,throughput_heavy
0.9999999999999999,1.0,1,1,A1,A1,353,394,100.0,severity_heavy
0.9999999999999999,1.0,1,1,A1,A1,353,394,125.0,equal
0.9999999999999999,1.0,1,1,A1,A1,353,394,125.0,criticality_heavy
0.9999999999999999,1.0,1,1,A1,A1,353,394,125.0,throughput_heavy
0.9999999999999999,1.0,1,1,A1,A1,353,394,125.0,severity_heavy
0.9999999999999999,1.0,1,1,A1,A1,353,394,150.0,equal
0.9999999999999999,1.0,1,1,A1,A1,353,394,150.0,criticality_heavy
0.9999999999999999,1.0,1,1,A1,A1,353,394,150.0,throughput_heavy
0.9999999999999999,1.0,1,1,A1,A1,353,394,150.0,severity_heavy
1.0,1.0,1,1,A3,A3,354,395,100.0,equal
1.0,1.0,1,1,A3,A3,354,395,100.0,criticality_heavy
1.0,1.0,1,1,A3,A3,354,395,100.0,throughput_heavy
1.0,1.0,1,1,A3,A3,354,395,100.0,severity_heavy
1.0,1.0,1,1,A3,A3,354,395,125.0,equal
1.0,1.0,1,1,A3,A3,354,395,125.0,criticality_heavy
1.0,1.0,1,1,A3,A3,354,395,125.0,throughput_heavy
1.0,1.0,1,1,A3,A3,354,395,125.0,severity_heavy
0.9746794344808964,0.9486832980505138,0,1,A3,A3,354,395,150.0,equal
0.9746794344808964,0.9486832980505138,0,1,A3,A3,354,395,150.0,criticality_heavy
0.9746794344808964,0.9486832980505138,0,1,A3,A3,354,395,150.0,throughput_heavy
0.9746794344808964,0.9486832980505138,0,1,A3,A3,354,395,150.0,severity_heavy
1.0,1.0,1,1,A3,A3,355,396,100.0,equal
1.0,1.0,1,1,A3,A3,355,396,100.0,criticality_heavy
1.0,1.0,1,1,A3,A3,355,396,100.0,throughput_heavy
1.0,1.0,1,1,A3,A3,355,396,100.0,severity_heavy
1.0,1.0,1,1,A3,A3,355,396,125.0,equal
1.0,1.0,1,1,A3,A3,355,396,125.0,criticality_heavy
1.0,1.0,1,1,A3,A3,355,396,125.0,throughput_heavy
1.0,1.0,1,1,A3,A3,355,396,125.0,severity_heavy
0.9746794344808964,0.9486832980505138,0,1,A3,A3,355,396,150.0,equal
0.9746794344808964,0.9486832980505138,0,1,A3,A3,355,396,150.0,criticality_heavy
0.9746794344808964,0.9486832980505138,0,1,A3,A3,355,396,150.0,throughput_heavy
0.9746794344808964,0.9486832980505138,0,1,A3,A3,355,396,150.0,severity_heavy
0.8947368421052632,0.7777777777777778,0,1,A2,A2,356,397,100.0,equal
1.0,1.0,1,1,A2,A2,356,397,100.0,criticality_heavy
0.8947368421052632,0.7777777777777778,0,1,A2,A2,356,397,100.0,throughput_heavy
0.8947368421052632,0.7777777777777778,0,1,A2,A2,356,397,100.0,severity_heavy
1.0,1.0,1,1,A2,A2,356,397,125.0,equal
1.0,1.0,1,1,A2,A2,356,397,125.0,criticality_heavy
1.0,1.0,1,1,A2,A2,356,397,125.0,throughput_heavy
1.0,1.0,1,1,A2,A2,356,397,125.0,severity_heavy
0.9746794344808964,0.9486832980505138,0,1,A2,A2,356,397,150.0,equal
0.9746794344808964,0.9486832980505138,0,1,A2,A2,356,397,150.0,criticality_heavy
0.9746794344808964,0.9486832980505138,0,1,A2,A2,356,397,150.0,throughput_heavy
0.9746794344808964,0.9486832980505138,0,1,A2,A2,356,397,150.0,severity_heavy
1.0,1.0,1,1,A3,A3,357,398,100.0,equal
1.0,1.0,1,1,A3,A3,357,398,100.0,criticality_heavy
1.0,1.0,1,1,A3,A3,357,398,100.0,throughput_heavy
1.0,1.0,1,1,A3,A3,357,398,100.0,severity_heavy
1.0,1.0,1,1,A3,A3,357,398,125.0,equal
1.0,1.0,1,1,A3,A3,357,398,125.0,criticality_heavy
1.0,1.0,1,1,A3,A3,357,398,125.0,throughput_heavy
1.0,1.0,1,1,A3,A3,357,398,125.0,severity_heavy
0.9746794344808964,0.9486832980505138,0,1,A3,A3,357,398,150.0,equal
0.9746794344808964,0.9486832980505138,0,1,A3,A3,357,398,150.0,criticality_heavy
0.9746794344808964,0.9486832980505138,0,1,A3,A3,357,398,150.0,throughput_heavy
0.9746794344808964,0.9486832980505138,0,1,A3,A3,357,398,150.0,severity_heavy
0.8207826816681234,0.7378647873726218,0,1,A1,A1,358,399,100.0,equal
0.8207826816681234,0.7378647873726218,0,1,A1,A1,358,399,100.0,criticality_heavy
0.8207826816681234,0.7378647873726218,0,1,A1,A1,358,399,100.0,throughput_heavy
0.8207826816681234,0.7378647873726218,0,1,A1,A1,358,399,100.0,severity_heavy
0.9999999999999999,1.0,1,1,A1,A1,358,399,125.0,equal
0.9999999999999999,1.0,1,1,A1,A1,358,399,125.0,criticality_heavy
0.9999999999999999,1.0,1,1,A1,A1,358,399,125.0,throughput_heavy
0.9999999999999999,1.0,1,1,A1,A1,358,399,125.0,severity_heavy
0.9999999999999999,1.0,1,1,A1,A1,358,399,150.0,equal
0.9999999999999999,1.0,1,1,A1,A1,358,399,150.0,criticality_heavy
0.9999999999999999,1.0,1,1,A1,A1,358,399,150.0,throughput_heavy
0.9999999999999999,1.0,1,1,A1,A1,358,399,150.0,severity_heavy
1.0,1.0,1,1,A3,A3,359,400,100.0,equal
1.0,1.0,1,1,A3,A3,359,400,100.0,criticality_heavy
1.0,1.0,1,1,A3,A3,359,400,100.0,throughput_heavy
1.0,1.0,1,1,A3,A3,359,400,100.0,severity_heavy
1.0,1.0,1,1,A3,A3,359,400,125.0,equal
1.0,1.0,1,1,A3,A3,359,400,125.0,criticality_heavy
1.0,1.0,1,1,A3,A3,359,400,125.0,throughput_heavy
1.0,1.0,1,1,A3,A3,359,400,125.0,severity_heavy
0.9746794344808964,0.9486832980505138,0,1,A3,A3,359,400,150.0,equal
0.9746794344808964,0.9486832980505138,0,1,A3,A3,359,400,150.0,criticality_heavy
0.9746794344808964,0.9486832980505138,0,1,A3,A3,359,400,150.0,throughput_heavy
0.9746794344808964,0.9486832980505138,0,1,A3,A3,359,400,150.0,severity_heavy
0.8720815992723809,0.7378647873726218,0,0,A3,A4,360,401,100.0,equal
0.8720815992723809,0.7378647873726218,0,0,A3,A4,360,401,100.0,criticality_heavy
0.8720815992723809,0.7378647873726218,0,0,A3,A4,360,401,100.0,throughput_heavy
0.8720815992723809,0.7378647873726218,0,0,A3,A4,360,401,100.0,severity_heavy
0.9999999999999999,1.0,1,1,A3,A3,360,401,125.0,equal
0.9999999999999999,1.0,1,1,A3,A3,360,401,125.0,criticality_heavy
0.9999999999999999,1.0,1,1,A3,A3,360,401,125.0,throughput_heavy
0.9999999999999999,1.0,1,1,A3,A3,360,401,125.0,severity_heavy
0.9999999999999999,1.0,1,1,A3,A3,360,401,150.0,equal
0.9999999999999999,1.0,1,1,A3,A3,360,401,150.0,criticality_heavy
0.9999999999999999,1.0,1,1,A3,A3,360,401,150.0,throughput_heavy
0.9999999999999999,1.0,1,1,A3,A3,360,401,150.0,severity_heavy
1.0,1.0,1,1,A5,A5,361,402,100.0,equal
1.0,1.0,1,1,A5,A5,361,402,100.0,criticality_heavy
1.0,1.0,1,1,A5,A5,361,402,100.0,throughput_heavy
1.0,1.0,1,1,A5,A5,361,402,100.0,severity_heavy
1.0,1.0,1,1,A5,A5,361,402,125.0,equal
1.0,1.0,1,1,A5,A5,361,402,125.0,criticality_heavy
1.0,1.0,1,1,A5,A5,361,402,125.0,throughput_heavy
0.8947368421052632,0.7777777777777778,0,0,A5,A3,361,402,125.0,severity_heavy
0.8720815992723809,0.7378647873726218,0,0,A5,A3,361,402,150.0,equal
0.8720815992723809,0.7378647873726218,0,0,A5,A3,361,402,150.0,criticality_heavy
0.8720815992723809,0.7378647873726218,0,0,A5,A3,361,402,150.0,throughput_heavy
0.8720815992723809,0.7378647873726218,0,0,A5,A3,361,402,150.0,severity_heavy
1.0,1.0,1,1,A2,A2,362,403,100.0,equal
1.0,1.0,1,1,A2,A2,362,403,100.0,criticality_heavy
1.0,1.0,1,1,A2,A2,362,403,100.0,throughput_heavy
1.0,1.0,1,1,A2,A2,362,403,100.0,severity_heavy
1.0,1.0,1,1,A2,A2,362,403,125.0,equal
1.0,1.0,1,1,A2,A2,362,403,125.0,criticality_heavy
1.0,1.0,1,1,A2,A2,362,403,125.0,throughput_heavy
1.0,1.0,1,1,A2,A2,362,403,125.0,severity_heavy
0.8720815992723809,0.7378647873726218,0,1,A2,A2,362,403,150.0,equal
0.8720815992723809,0.7378647873726218,0,1,A2,A2,362,403,150.0,criticality_heavy
0.8720815992723809,0.7378647873726218,0,1,A2,A2,362,403,150.0,throughput_heavy
0.8720815992723809,0.7378647873726218,0,1,A2,A2,362,403,150.0,severity_heavy
1.0,1.0,1,1,A5,A5,363,404,100.0,equal
1.0,1.0,1,1,A5,A5,363,404,100.0,criticality_heavy
1.0,1.0,1,1,A5,A5,363,404,100.0,throughput_heavy
1.0,1.0,1,1,A5,A5,363,404,100.0,severity_heavy
1.0,1.0,1,1,A5,A5,363,404,125.0,equal
1.0,1.0,1,1,A5,A5,363,404,125.0,criticality_heavy
1.0,1.0,1,1,A5,A5,363,404,125.0,throughput_heavy
0.8947368421052632,0.7777777777777778,0,0,A5,A1,363,404,125.0,severity_heavy
0.8720815992723809,0.7378647873726218,0,0,A5,A1,363,404,150.0,equal
0.8720815992723809,0.7378647873726218,0,0,A5,A1,363,404,150.0,criticality_heavy
0.9746794344808964,0.9486832980505138,0,1,A5,A5,363,404,150.0,throughput_heavy
0.8720815992723809,0.7378647873726218,0,0,A5,A1,363,404,150.0,severity_heavy
1.0,1.0,1,1,A1,A1,364,405,100.0,equal
1.0,1.0,1,1,A1,A1,364,405,100.0,criticality_heavy
1.0,1.0,1,1,A1,A1,364,405,100.0,throughput_heavy
1.0,1.0,1,1,A1,A1,364,405,100.0,severity_heavy
1.0,1.0,1,1,A1,A1,364,405,125.0,equal
1.0,1.0,1,1,A1,A1,364,405,125.0,criticality_heavy
1.0,1.0,1,1,A1,A1,364,405,125.0,throughput_heavy
1.0,1.0,1,1,A1,A1,364,405,125.0,severity_heavy
0.9746794344808964,0.9486832980505138,0,1,A1,A1,364,405,150.0,equal
0.9746794344808964,0.9486832980505138,0,1,A1,A1,364,405,150.0,criticality_heavy
0.9746794344808964,0.9486832980505138,0,1,A1,A1,364,405,150.0,throughput_heavy
0.9746794344808964,0.9486832980505138,0,1,A1,A1,364,405,150.0,severity_heavy
0.8999999999999998,0.8,0,1,A5,A5,365,406,100.0,equal
0.8999999999999998,0.8,0,1,A5,A5,365,406,100.0,criticality_heavy
0.8999999999999998,0.8,0,1,A5,A5,365,406,100.0,throughput_heavy
0.8999999999999998,0.8,0,1,A5,A5,365,406,100.0,severity_heavy
0.9999999999999999,1.0,1,1,A5,A5,365,406,125.0,equal
0.9999999999999999,1.0,1,1,A5,A5,365,406,125.0,criticality_heavy
0.9999999999999999,1.0,1,1,A5,A5,365,406,125.0,throughput_heavy
0.8999999999999998,0.8,0,0,A5,A1,365,406,125.0,severity_heavy
0.8999999999999998,0.8,0,0,A5,A1,365,406,150.0,equal
0.8999999999999998,0.8,0,0,A5,A1,365,406,150.0,criticality_heavy
0.9999999999999999,1.0,1,1,A5,A5,365,406,150.0,throughput_heavy
0.8999999999999998,0.8,0,0,A5,A1,365,406,150.0,severity_heavy
0.8720815992723809,0.7378647873726218,0,0,A3,A4,366,407,100.0,equal
0.8720815992723809,0.7378647873726218,0,0,A3,A4,366,407,100.0,criticality_heavy
0.8720815992723809,0.7378647873726218,0,0,A3,A4,366,407,100.0,throughput_heavy
0.8720815992723809,0.7378647873726218,0,0,A3,A4,366,407,100.0,severity_heavy
0.9999999999999999,1.0,1,1,A3,A3,366,407,125.0,equal
0.9999999999999999,1.0,1,1,A3,A3,366,407,125.0,criticality_heavy
0.9999999999999999,1.0,1,1,A3,A3,366,407,125.0,throughput_heavy
0.9999999999999999,1.0,1,1,A3,A3,366,407,125.0,severity_heavy
0.9999999999999999,1.0,1,1,A3,A3,366,407,150.0,equal
0.9999999999999999,1.0,1,1,A3,A3,366,407,150.0,criticality_heavy
0.9999999999999999,1.0,1,1,A3,A3,366,407,150.0,throughput_heavy
0.9999999999999999,1.0,1,1,A3,A3,366,407,150.0,severity_heavy
1.0,1.0,1,1,A3,A3,367,408,100.0,equal
1.0,1.0,1,1,A3,A3,367,408,100.0,criticality_heavy
1.0,1.0,1,1,A3,A3,367,408,100.0,throughput_heavy
1.0,1.0,1,1,A3,A3,367,408,100.0,severity_heavy
1.0,1.0,1,1,A3,A3,367,408,125.0,equal
1.0,1.0,1,1,A3,A3,367,408,125.0,criticality_heavy
1.0,1.0,1,1,A3,A3,367,408,125.0,throughput_heavy
1.0,1.0,1,1,A3,A3,367,408,125.0,severity_heavy
0.9746794344808964,0.9486832980505138,0,1,A3,A3,367,408,150.0,equal
0.8720815992723809,0.7378647873726218,0,1,A3,A3,367,408,150.0,criticality_heavy
0.9746794344808964,0.9486832980505138,0,1,A3,A3,367,408,150.0,throughput_heavy
0.9746794344808964,0.9486832980505138,0,1,A3,A3,367,408,150.0,severity_heavy
0.9746794344808963,0.9486832980505138,0,1,A2,A2,368,409,100.0,equal
0.9746794344808963,0.9486832980505138,0,1,A2,A2,368,409,100.0,criticality_heavy
0.9746794344808963,0.9486832980505138,0,1,A2,A2,368,409,100.0,throughput_heavy
0.9746794344808963,0.9486832980505138,0,1,A2,A2,368,409,100.0,severity_heavy
0.9999999999999999,1.0,1,1,A2,A2,368,409,125.0,equal
0.9999999999999999,1.0,1,1,A2,A2,368,409,125.0,criticality_heavy
0.9999999999999999,1.0,1,1,A2,A2,368,409,125.0,throughput_heavy
0.9999999999999999,1.0,1,1,A2,A2,368,409,125.0,severity_heavy
0.9999999999999999,1.0,1,1,A2,A2,368,409,150.0,equal
0.9999999999999999,1.0,1,1,A2,A2,368,409,150.0,criticality_heavy
0.9999999999999999,1.0,1,1,A2,A2,368,409,150.0,throughput_heavy
0.9999999999999999,1.0,1,1,A2,A2,368,409,150.0,severity_heavy
1.0,1.0,1,1,A3,A3,369,410,100.0,equal
1.0,1.0,1,1,A3,A3,369,410,100.0,criticality_heavy
1.0,1.0,1,1,A3,A3,369,410,100.0,throughput_heavy
1.0,1.0,1,1,A3,A3,369,410,100.0,severity_heavy
1.0,1.0,1,1,A3,A3,369,410,125.0,equal
0.8947368421052632,0.7777777777777778,0,1,A3,A3,369,410,125.0,criticality_heavy
1.0,1.0,1,1,A3,A3,369,410,125.0,throughput_heavy
1.0,1.0,1,1,A3,A3,369,410,125.0,severity_heavy
0.8720815992723809,0.7378647873726218,0,1,A3,A3,369,410,150.0,equal
0.8720815992723809,0.7378647873726218,0,1,A3,A3,369,410,150.0,criticality_heavy
0.8720815992723809,0.7378647873726218,0,1,A3,A3,369,410,150.0,throughput_heavy
0.8720815992723809,0.7378647873726218,0,1,A3,A3,369,410,150.0,severity_heavy
1.0,1.0,1,1,A5,A5,370,411,100.0,equal
1.0,1.0,1,1,A5,A5,370,411,100.0,criticality_heavy
1.0,1.0,1,1,A5,A5,370,411,100.0,throughput_heavy
1.0,1.0,1,1,A5,A5,370,411,100.0,severity_heavy
1.0,1.0,1,1,A5,A5,370,411,125.0,equal
1.0,1.0,1,1,A5,A5,370,411,125.0,criticality_heavy
1.0,1.0,1,1,A5,A5,370,411,125.0,throughput_heavy
1.0,1.0,1,1,A5,A5,370,411,125.0,severity_heavy
0.9746794344808964,0.9486832980505138,0,1,A5,A5,370,411,150.0,equal
0.9746794344808964,0.9486832980505138,0,1,A5,A5,370,411,150.0,criticality_heavy
0.8720815992723809,0.7378647873726218,0,1,A5,A5,370,411,150.0,throughput_heavy
0.8720815992723809,0.7378647873726218,0,1,A5,A5,370,411,150.0,severity_heavy
1.0,1.0,1,1,A5,A5,371,412,100.0,equal
1.0,1.0,1,1,A5,A5,371,412,100.0,criticality_heavy
1.0,1.0,1,1,A5,A5,371,412,100.0,throughput_heavy
1.0,1.0,1,1,A5,A5,371,412,100.0,severity_heavy
1.0,1.0,1,1,A5,A5,371,412,125.0,equal
1.0,1.0,1,1,A5,A5,371,412,125.0,criticality_heavy
1.0,1.0,1,1,A5,A5,371,412,125.0,throughput_heavy
0.8947368421052632,0.7777777777777778,0,0,A5,A3,371,412,125.0,severity_heavy
0.8720815992723809,0.7378647873726218,0,0,A5,A3,371,412,150.0,equal
0.8720815992723809,0.7378647873726218,0,0,A5,A3,371,412,150.0,criticality_heavy
0.8720815992723809,0.7378647873726218,0,0,A5,A3,371,412,150.0,throughput_heavy
0.8720815992723809,0.7378647873726218,0,0,A5,A3,371,412,150.0,severity_heavy
1.0,1.0,1,1,A2,A2,372,413,100.0,equal
1.0,1.0,1,1,A2,A2,372,413,100.0,criticality_heavy
1.0,1.0,1,1,A2,A2,372,413,100.0,throughput_heavy
1.0,1.0,1,1,A2,A2,372,413,100.0,severity_heavy
1.0,1.0,1,1,A2,A2,372,413,125.0,equal
1.0,1.0,1,1,A2,A2,372,413,125.0,criticality_heavy
1.0,1.0,1,1,A2,A2,372,413,125.0,throughput_heavy
1.0,1.0,1,1,A2,A2,372,413,125.0,severity_heavy
0.8720815992723809,0.7378647873726218,0,1,A2,A2,372,413,150.0,equal
0.8720815992723809,0.7378647873726218,0,1,A2,A2,372,413,150.0,criticality_heavy
0.8720815992723809,0.7378647873726218,0,1,A2,A2,372,413,150.0,throughput_heavy
0.8720815992723809,0.7378647873726218,0,1,A2,A2,372,413,150.0,severity_heavy
1.0,1.0,1,1,A2,A2,373,414,100.0,equal
1.0,1.0,1,1,A2,A2,373,414,100.0,criticality_heavy
1.0,1.0,1,1,A2,A2,373,414,100.0,throughput_heavy
1.0,1.0,1,1,A2,A2,373,414,100.0,severity_heavy
1.0,1.0,1,1,A2,A2,373,414,125.0,equal
1.0,1.0,1,1,A2,A2,373,414,125.0,criticality_heavy
1.0,1.0,1,1,A2,A2,373,414,125.0,throughput_heavy
1.0,1.0,1,1,A2,A2,373,414,125.0,severity_heavy
0.9746794344808964,0.9486832980505138,0,1,A2,A2,373,414,150.0,equal
0.9746794344808964,0.9486832980505138,0,1,A2,A2,373,414,150.0,criticality_heavy
0.9746794344808964,0.9486832980505138,0,1,A2,A2,373,414,150.0,throughput_heavy
0.9746794344808964,0.9486832980505138,0,1,A2,A2,373,414,150.0,severity_heavy
0.9746794344808963,0.9486832980505138,0,1,A2,A2,374,415,100.0,equal
0.9746794344808963,0.9486832980505138,0,1,A2,A2,374,415,100.0,criticality_heavy
0.9746794344808963,0.9486832980505138,0,1,A2,A2,374,415,100.0,throughput_heavy
0.9746794344808963,0.9486832980505138,0,1,A2,A2,374,415,100.0,severity_heavy
0.9999999999999999,1.0,1,1,A2,A2,374,415,125.0,equal
0.9999999999999999,1.0,1,1,A2,A2,374,415,125.0,criticality_heavy
0.9999999999999999,1.0,1,1,A2,A2,374,415,125.0,throughput_heavy
0.9999999999999999,1.0,1,1,A2,A2,374,415,125.0,severity_heavy
0.9999999999999999,1.0,1,1,A2,A2,374,415,150.0,equal
0.9999999999999999,1.0,1,1,A2,A2,374,415,150.0,criticality_heavy
0.9999999999999999,1.0,1,1,A2,A2,374,415,150.0,throughput_heavy
0.9999999999999999,1.0,1,1,A2,A2,374,415,150.0,severity_heavy
1.0,1.0,1,1,A4,A4,375,416,100.0,equal
1.0,1.0,1,1,A4,A4,375,416,100.0,criticality_heavy
1.0,1.0,1,1,A4,A4,375,416,100.0,throughput_heavy
1.0,1.0,1,1,A4,A4,375,416,100.0,severity_heavy
1.0,1.0,1,1,A4,A4,375,416,125.0,equal
1.0,1.0,1,1,A4,A4,375,416,125.0,criticality_heavy
1.0,1.0,1,1,A4,A4,375,416,125.0,throughput_heavy
1.0,1.0,1,1,A4,A4,375,416,125.0,severity_heavy
0.9746794344808964,0.9486832980505138,0,1,A4,A4,375,416,150.0,equal
0.9746794344808964,0.9486832980505138,0,1,A4,A4,375,416,150.0,criticality_heavy
0.9746794344808964,0.9486832980505138,0,1,A4,A4,375,416,150.0,throughput_heavy
0.9746794344808964,0.9486832980505138,0,1,A4,A4,375,416,150.0,severity_heavy
0.8720815992723809,0.7378647873726218,0,1,A5,A5,376,417,100.0,equal
0.8720815992723809,0.7378647873726218,0,1,A5,A5,376,417,100.0,criticality_heavy
0.8720815992723809,0.7378647873726218,0,1,A5,A5,376,417,100.0,throughput_heavy
0.8720815992723809,0.7378647873726218,0,1,A5,A5,376,417,100.0,severity_heavy
0.9999999999999999,1.0,1,1,A5,A5,376,417,125.0,equal
0.9999999999999999,1.0,1,1,A5,A5,376,417,125.0,criticality_heavy
0.9999999999999999,1.0,1,1,A5,A5,376,417,125.0,throughput_heavy
0.9999999999999999,1.0,1,1,A5,A5,376,417,125.0,severity_heavy
0.9999999999999999,1.0,1,1,A5,A5,376,417,150.0,equal
0.9999999999999999,1.0,1,1,A5,A5,376,417,150.0,criticality_heavy
0.9999999999999999,1.0,1,1,A5,A5,376,417,150.0,throughput_heavy
0.9999999999999999,1.0,1,1,A5,A5,376,417,150.0,severity_heavy
1.0,1.0,1,1,A1,A1,377,418,100.0,equal
1.0,1.0,1,1,A1,A1,377,418,100.0,criticality_heavy
1.0,1.0,1,1,A1,A1,377,418,100.0,throughput_heavy
1.0,1.0,1,1,A1,A1,377,418,100.0,severity_heavy
1.0,1.0,1,1,A1,A1,377,418,125.0,equal
1.0,1.0,1,1,A1,A1,377,418,125.0,criticality_heavy
1.0,1.0,1,1,A1,A1,377,418,125.0,throughput_heavy
1.0,1.0,1,1,A1,A1,377,418,125.0,severity_heavy
0.9746794344808964,0.9486832980505138,0,1,A1,A1,377,418,150.0,equal
0.9746794344808964,0.9486832980505138,0,1,A1,A1,377,418,150.0,criticality_heavy
0.9746794344808964,0.9486832980505138,0,1,A1,A1,377,418,150.0,throughput_heavy
0.9746794344808964,0.9486832980505138,0,1,A1,A1,377,418,150.0,severity_heavy
1.0,1.0,1,1,A3,A3,378,419,100.0,equal
1.0,1.0,1,1,A3,A3,378,419,100.0,criticality_heavy
1.0,1.0,1,1,A3,A3,378,419,100.0,throughput_heavy
1.0,1.0,1,1,A3,A3,378,419,100.0,severity_heavy
1.0,1.0,1,1,A3,A3,378,419,125.0,equal
1.0,1.0,1,1,A3,A3,378,419,125.0,criticality_heavy
1.0,1.0,1,1,A3,A3,378,419,125.0,throughput_heavy
1.0,1.0,1,1,A3,A3,378,419,125.0,severity_heavy
0.8720815992723809,0.7378647873726218,0,1,A3,A3,378,419,150.0,equal
0.8720815992723809,0.7378647873726218,0,1,A3,A3,378,419,150.0,criticality_heavy
0.8720815992723809,0.7378647873726218,0,1,A3,A3,378,419,150.0,throughput_heavy
0.8720815992723809,0.7378647873726218,0,1,A3,A3,378,419,150.0,severity_heavy
1.0,1.0,1,1,A5,A5,379,420,100.0,equal
1.0,1.0,1,1,A5,A5,379,420,100.0,criticality_heavy
1.0,1.0,1,1,A5,A5,379,420,100.0,throughput_heavy
1.0,1.0,1,1,A5,A5,379,420,100.0,severity_heavy
1.0,1.0,1,1,A5,A5,379,420,125.0,equal
1.0,1.0,1,1,A5,A5,379,420,125.0,criticality_heavy
1.0,1.0,1,1,A5,A5,379,420,125.0,throughput_heavy
1.0,1.0,1,1,A5,A5,379,420,125.0,severity_heavy
0.9746794344808964,0.9486832980505138,0,1,A5,A5,379,420,150.0,equal
0.9746794344808964,0.9486832980505138,0,1,A5,A5,379,420,150.0,criticality_heavy
0.9746794344808964,0.9486832980505138,0,1,A5,A5,379,420,150.0,throughput_heavy
0.9746794344808964,0.9486832980505138,0,1,A5,A5,379,420,150.0,severity_heavy
0.8947368421052632,0.7777777777777778,0,1,A4,A4,380,421,100.0,equal
0.8947368421052632,0.7777777777777778,0,1,A4,A4,380,421,100.0,criticality_heavy
0.8947368421052632,0.7777777777777778,0,1,A4,A4,380,421,100.0,throughput_heavy
0.8947368421052632,0.7777777777777778,0,1,A4,A4,380,421,100.0,severity_heavy
1.0,1.0,1,1,A4,A4,380,421,125.0,equal
1.0,1.0,1,1,A4,A4,380,421,125.0,criticality_heavy
1.0,1.0,1,1,A4,A4,380,421,125.0,throughput_heavy
1.0,1.0,1,1,A4,A4,380,421,125.0,severity_heavy
0.8720815992723809,0.7378647873726218,0,0,A4,A2,380,421,150.0,equal
0.8720815992723809,0.7378647873726218,0,0,A4,A2,380,421,150.0,criticality_heavy
0.8720815992723809,0.7378647873726218,0,0,A4,A2,380,421,150.0,throughput_heavy
0.8720815992723809,0.7378647873726218,0,0,A4,A2,380,421,150.0,severity_heavy
0.9746794344808963,0.9486832980505138,0,1,A2,A2,381,422,100.0,equal
0.9746794344808963,0.9486832980505138,0,1,A2,A2,381,422,100.0,criticality_heavy
0.9746794344808963,0.9486832980505138,0,1,A2,A2,381,422,100.0,throughput_heavy
0.9746794344808963,0.9486832980505138,0,1,A2,A2,381,422,100.0,severity_heavy
0.9999999999999999,1.0,1,1,A2,A2,381,422,125.0,equal
0.9999999999999999,1.0,1,1,A2,A2,381,422,125.0,criticality_heavy
0.9999999999999999,1.0,1,1,A2,A2,381,422,125.0,throughput_heavy
0.9999999999999999,1.0,1,1,A2,A2,381,422,125.0,severity_heavy
0.9999999999999999,1.0,1,1,A2,A2,381,422,150.0,equal
0.9999999999999999,1.0,1,1,A2,A2,381,422,150.0,criticality_heavy
0.9999999999999999,1.0,1,1,A2,A2,381,422,150.0,throughput_heavy
0.9999999999999999,1.0,1,1,A2,A2,381,422,150.0,severity_heavy
1.0,1.0,1,1,A2,A2,382,423,100.0,equal
1.0,1.0,1,1,A2,A2,382,423,100.0,criticality_heavy
1.0,1.0,1,1,A2,A2,382,423,100.0,throughput_heavy
1.0,1.0,1,1,A2,A2,382,423,100.0,severity_heavy
1.0,1.0,1,1,A2,A2,382,423,125.0,equal
1.0,1.0,1,1,A2,A2,382,423,125.0,criticality_heavy
1.0,1.0,1,1,A2,A2,382,423,125.0,throughput_heavy
1.0,1.0,1,1,A2,A2,382,423,125.0,severity_heavy
0.9746794344808964,0.9486832980505138,0,1,A2,A2,382,423,150.0,equal
0.9746794344808964,0.9486832980505138,0,1,A2,A2,382,423,150.0,criticality_heavy
0.9746794344808964,0.9486832980505138,0,1,A2,A2,382,423,150.0,throughput_heavy
0.9746794344808964,0.9486832980505138,0,1,A2,A2,382,423,150.0,severity_heavy
0.8720815992723809,0.7378647873726218,0,1,A3,A3,383,424,100.0,equal
0.8720815992723809,0.7378647873726218,0,1,A3,A3,383,424,100.0,criticality_heavy
0.8720815992723809,0.7378647873726218,0,1,A3,A3,383,424,100.0,throughput_heavy
0.8720815992723809,0.7378647873726218,0,1,A3,A3,383,424,100.0,severity_heavy
0.9999999999999999,1.0,1,1,A3,A3,383,424,125.0,equal
0.9999999999999999,1.0,1,1,A3,A3,383,424,125.0,criticality_heavy
0.9999999999999999,1.0,1,1,A3,A3,383,424,125.0,throughput_heavy
0.9999999999999999,1.0,1,1,A3,A3,383,424,125.0,severity_heavy
0.9999999999999999,1.0,1,1,A3,A3,383,424,150.0,equal
0.9999999999999999,1.0,1,1,A3,A3,383,424,150.0,criticality_heavy
0.9999999999999999,1.0,1,1,A3,A3,383,424,150.0,throughput_heavy
0.9999999999999999,1.0,1,1,A3,A3,383,424,150.0,severity_heavy
0.9746794344808963,0.9486832980505138,0,1,A1,A1,384,425,100.0,equal
0.9746794344808963,0.9486832980505138,0,1,A1,A1,384,425,100.0,criticality_heavy
0.9746794344808963,0.9486832980505138,0,1,A1,A1,384,425,100.0,throughput_heavy
0.9746794344808963,0.9486832980505138,0,1,A1,A1,384,425,100.0,severity_heavy
0.9999999999999999,1.0,1,1,A1,A1,384,425,125.0,equal
0.9999999999999999,1.0,1,1,A1,A1,384,425,125.0,criticality_heavy
0.9999999999999999,1.0,1,1,A1,A1,384,425,125.0,throughput_heavy
0.9999999999999999,1.0,1,1,A1,A1,384,425,125.0,severity_heavy
0.9999999999999999,1.0,1,1,A1,A1,384,425,150.0,equal
0.9999999999999999,1.0,1,1,A1,A1,384,425,150.0,criticality_heavy
0.8999999999999998,0.8,0,0,A1,A2,384,425,150.0,throughput_heavy
0.9999999999999999,1.0,1,1,A1,A1,384,425,150.0,severity_heavy
0.9746794344808963,0.9486832980505138,0,1,A3,A3,385,426,100.0,equal
0.8720815992723809,0.7378647873726218,0,0,A3,A1,385,426,100.0,criticality_heavy
0.9746794344808963,0.9486832980505138,0,1,A3,A3,385,426,100.0,throughput_heavy
0.9746794344808963,0.9486832980505138,0,1,A3,A3,385,426,100.0,severity_heavy
0.9999999999999999,1.0,1,1,A3,A3,385,426,125.0,equal
0.9999999999999999,1.0,1,1,A3,A3,385,426,125.0,criticality_heavy
0.9999999999999999,1.0,1,1,A3,A3,385,426,125.0,throughput_heavy
0.9999999999999999,1.0,1,1,A3,A3,385,426,125.0,severity_heavy
0.9999999999999999,1.0,1,1,A3,A3,385,426,150.0,equal
0.9999999999999999,1.0,1,1,A3,A3,385,426,150.0,criticality_heavy
0.9999999999999999,1.0,1,1,A3,A3,385,426,150.0,throughput_heavy
0.9999999999999999,1.0,1,1,A3,A3,385,426,150.0,severity_heavy
1.0,1.0,1,1,A5,A5,386,427,100.0,equal
1.0,1.0,1,1,A5,A5,386,427,100.0,criticality_heavy
1.0,1.0,1,1,A5,A5,386,427,100.0,throughput_heavy
0.8947368421052632,0.7777777777777778,0,0,A5,A4,386,427,100.0,severity_heavy
1.0,1.0,1,1,A5,A5,386,427,125.0,equal
1.0,1.0,1,1,A5,A5,386,427,125.0,criticality_heavy
1.0,1.0,1,1,A5,A5,386,427,125.0,throughput_heavy
1.0,1.0,1,1,A5,A5,386,427,125.0,severity_heavy
0.8720815992723809,0.7378647873726218,0,1,A5,A5,386,427,150.0,equal
0.8720815992723809,0.7378647873726218,0,1,A5,A5,386,427,150.0,criticality_heavy
0.8720815992723809,0.7378647873726218,0,1,A5,A5,386,427,150.0,throughput_heavy
0.9746794344808964,0.9486832980505138,0,1,A5,A5,386,427,150.0,severity_heavy
0.9746794344808963,0.9486832980505138,0,1,A3,A3,387,428,100.0,equal
0.9746794344808963,0.9486832980505138,0,1,A3,A3,387,428,100.0,criticality_heavy
0.9746794344808963,0.9486832980505138,0,1,A3,A3,387,428,100.0,throughput_heavy
0.9746794344808963,0.9486832980505138,0,1,A3,A3,387,428,100.0,severity_heavy
0.9999999999999999,1.0,1,1,A3,A3,387,428,125.0,equal
0.9999999999999999,1.0,1,1,A3,A3,387,428,125.0,criticality_heavy
0.9999999999999999,1.0,1,1,A3,A3,387,428,125.0,throughput_heavy
0.9999999999999999,1.0,1,1,A3,A3,387,428,125.0,severity_heavy
0.9999999999999999,1.0,1,1,A3,A3,387,428,150.0,equal
0.7999999999999999,0.6,0,0,A3,A2,387,428,150.0,criticality_heavy
0.8999999999999998,0.8,0,0,A3,A2,387,428,150.0,throughput_heavy
0.8999999999999998,0.8,0,1,A3,A3,387,428,150.0,severity_heavy
0.9746794344808963,0.9486832980505138,0,1,A1,A1,388,429,100.0,equal
0.9746794344808963,0.9486832980505138,0,1,A1,A1,388,429,100.0,criticality_heavy
0.9746794344808963,0.9486832980505138,0,1,A1,A1,388,429,100.0,throughput_heavy
0.9746794344808963,0.9486832980505138,0,1,A1,A1,388,429,100.0,severity_heavy
0.9999999999999999,1.0,1,1,A1,A1,388,429,125.0,equal
0.9999999999999999,1.0,1,1,A1,A1,388,429,125.0,criticality_heavy
0.9999999999999999,1.0,1,1,A1,A1,388,429,125.0,throughput_heavy
0.9999999999999999,1.0,1,1,A1,A1,388,429,125.0,severity_heavy
0.8999999999999998,0.8,0,1,A1,A1,388,429,150.0,equal
0.8999999999999998,0.8,0,1,A1,A1,388,429,150.0,criticality_heavy
0.8999999999999998,0.8,0,1,A1,A1,388,429,150.0,throughput_heavy
0.8999999999999998,0.8,0,1,A1,A1,388,429,150.0,severity_heavy
0.9746794344808963,0.9486832980505138,0,1,A2,A2,389,430,100.0,equal
0.9746794344808963,0.9486832980505138,0,1,A2,A2,389,430,100.0,criticality_heavy
0.9746794344808963,0.9486832980505138,0,1,A2,A2,389,430,100.0,throughput_heavy
0.9746794344808963,0.9486832980505138,0,1,A2,A2,389,430,100.0,severity_heavy
0.9999999999999999,1.0,1,1,A2,A2,389,430,125.0,equal
0.9999999999999999,1.0,1,1,A2,A2,389,430,125.0,criticality_heavy
0.9999999999999999,1.0,1,1,A2,A2,389,430,125.0,throughput_heavy
0.9999999999999999,1.0,1,1,A2,A2,389,430,125.0,severity_heavy
0.9999999999999999,1.0,1,1,A2,A2,389,430,150.0,equal
0.9999999999999999,1.0,1,1,A2,A2,389,430,150.0,criticality_heavy
0.9999999999999999,1.0,1,1,A2,A2,389,430,150.0,throughput_heavy
0.9999999999999999,1.0,1,1,A2,A2,389,430,150.0,severity_heavy
1.0,1.0,1,1,A3,A3,390,431,100.0,equal
1.0,1.0,1,1,A3,A3,390,431,100.0,criticality_heavy
1.0,1.0,1,1,A3,A3,390,431,100.0,throughput_heavy
1.0,1.0,1,1,A3,A3,390,431,100.0,severity_heavy
1.0,1.0,1,1,A3,A3,390,431,125.0,equal
1.0,1.0,1,1,A3,A3,390,431,125.0,criticality_heavy
1.0,1.0,1,1,A3,A3,390,431,125.0,throughput_heavy
1.0,1.0,1,1,A3,A3,390,431,125.0,severity_heavy
0.9746794344808964,0.9486832980505138,0,1,A3,A3,390,431,150.0,equal
0.9746794344808964,0.9486832980505138,0,1,A3,A3,390,431,150.0,criticality_heavy
0.9746794344808964,0.9486832980505138,0,1,A3,A3,390,431,150.0,throughput_heavy
0.9746794344808964,0.9486832980505138,0,1,A3,A3,390,431,150.0,severity_heavy
0.8207826816681234,0.7378647873726218,0,1,A5,A5,391,432,100.0,equal
0.8207826816681234,0.7378647873726218,0,1,A5,A5,391,432,100.0,criticality_heavy
0.8207826816681234,0.7378647873726218,0,1,A5,A5,391,432,100.0,throughput_heavy
0.8207826816681234,0.7378647873726218,0,1,A5,A5,391,432,100.0,severity_heavy
0.9999999999999999,1.0,1,1,A5,A5,391,432,125.0,equal
0.9999999999999999,1.0,1,1,A5,A5,391,432,125.0,criticality_heavy
0.9999999999999999,1.0,1,1,A5,A5,391,432,125.0,throughput_heavy
0.9999999999999999,1.0,1,1,A5,A5,391,432,125.0,severity_heavy
0.9999999999999999,1.0,1,1,A5,A5,391,432,150.0,equal
0.9999999999999999,1.0,1,1,A5,A5,391,432,150.0,criticality_heavy
0.9999999999999999,1.0,1,1,A5,A5,391,432,150.0,throughput_heavy
0.9999999999999999,1.0,1,1,A5,A5,391,432,150.0,severity_heavy
0.9746794344808963,0.9486832980505138,0,1,A2,A2,392,433,100.0,equal
0.9746794344808963,0.9486832980505138,0,1,A2,A2,392,433,100.0,criticality_heavy
0.9746794344808963,0.9486832980505138,0,1,A2,A2,392,433,100.0,throughput_heavy
0.9746794344808963,0.9486832980505138,0,1,A2,A2,392,433,100.0,severity_heavy
0.9999999999999999,1.0,1,1,A2,A2,392,433,125.0,equal
0.9999999999999999,1.0,1,1,A2,A2,392,433,125.0,criticality_heavy
0.9999999999999999,1.0,1,1,A2,A2,392,433,125.0,throughput_heavy
0.9999999999999999,1.0,1,1,A2,A2,392,433,125.0,severity_heavy
0.9999999999999999,1.0,1,1,A2,A2,392,433,150.0,equal
0.9999999999999999,1.0,1,1,A2,A2,392,433,150.0,criticality_heavy
0.9999999999999999,1.0,1,1,A2,A2,392,433,150.0,throughput_heavy
0.9999999999999999,1.0,1,1,A2,A2,392,433,150.0,severity_heavy
0.8720815992723809,0.7378647873726218,0,0,A1,A4,393,434,100.0,equal
0.8720815992723809,0.7378647873726218,0,0,A1,A4,393,434,100.0,criticality_heavy
0.8720815992723809,0.7378647873726218,0,0,A1,A4,393,434,100.0,throughput_heavy
0.8720815992723809,0.7378647873726218,0,0,A1,A4,393,434,100.0,severity_heavy
0.9999999999999999,1.0,1,1,A1,A1,393,434,125.0,equal
0.9999999999999999,1.0,1,1,A1,A1,393,434,125.0,criticality_heavy
0.9999999999999999,1.0,1,1,A1,A1,393,434,125.0,throughput_heavy
0.9999999999999999,1.0,1,1,A1,A1,393,434,125.0,severity_heavy
0.8999999999999998,0.8,0,1,A1,A1,393,434,150.0,equal
0.8999999999999998,0.8,0,1,A1,A1,393,434,150.0,criticality_heavy
0.7,0.6,0,0,A1,A2,393,434,150.0,throughput_heavy
0.8999999999999998,0.8,0,1,A1,A1,393,434,150.0,severity_heavy
0.8720815992723809,0.7378647873726218,0,1,A1,A1,394,435,100.0,equal
0.8720815992723809,0.7378647873726218,0,1,A1,A1,394,435,100.0,criticality_heavy
0.8720815992723809,0.7378647873726218,0,1,A1,A1,394,435,100.0,throughput_heavy
0.8720815992723809,0.7378647873726218,0,1,A1,A1,394,435,100.0,severity_heavy
0.9999999999999999,1.0,1,1,A1,A1,394,435,125.0,equal
0.9999999999999999,1.0,1,1,A1,A1,394,435,125.0,criticality_heavy
0.9999999999999999,1.0,1,1,A1,A1,394,435,125.0,throughput_heavy
0.9999999999999999,1.0,1,1,A1,A1,394,435,125.0,severity_heavy
0.9999999999999999,1.0,1,1,A1,A1,394,435,150.0,equal
0.9999999999999999,1.0,1,1,A1,A1,394,435,150.0,criticality_heavy
0.9999999999999999,1.0,1,1,A1,A1,394,435,150.0,throughput_heavy
0.9999999999999999,1.0,1,1,A1,A1,394,435,150.0,severity_heavy
0.9746794344808963,0.9486832980505138,0,1,A3,A3,395,436,100.0,equal
0.9746794344808963,0.9486832980505138,0,1,A3,A3,395,436,100.0,criticality_heavy
0.9746794344808963,0.9486832980505138,0,1,A3,A3,395,436,100.0,throughput_heavy
0.9746794344808963,0.9486832980505138,0,1,A3,A3,395,436,100.0,severity_heavy
0.9999999999999999,1.0,1,1,A3,A3,395,436,125.0,equal
0.9999999999999999,1.0,1,1,A3,A3,395,436,125.0,criticality_heavy
0.9999999999999999,1.0,1,1,A3,A3,395,436,125.0,throughput_heavy
0.9999999999999999,1.0,1,1,A3,A3,395,436,125.0,severity_heavy
0.9999999999999999,1.0,1,1,A3,A3,395,436,150.0,equal
0.9999999999999999,1.0,1,1,A3,A3,395,436,150.0,criticality_heavy
0.9999999999999999,1.0,1,1,A3,A3,395,436,150.0,throughput_heavy
0.9999999999999999,1.0,1,1,A3,A3,395,436,150.0,severity_heavy
1.0,1.0,1,1,A5,A5,396,437,100.0,equal
1.0,1.0,1,1,A5,A5,396,437,100.0,criticality_heavy
1.0,1.0,1,1,A5,A5,396,437,100.0,throughput_heavy
1.0,1.0,1,1,A5,A5,396,437,100.0,severity_heavy
1.0,1.0,1,1,A5,A5,396,437,125.0,equal
1.0,1.0,1,1,A5,A5,396,437,125.0,criticality_heavy
1.0,1.0,1,1,A5,A5,396,437,125.0,throughput_heavy
1.0,1.0,1,1,A5,A5,396,437,125.0,severity_heavy
0.9746794344808964,0.9486832980505138,0,1,A5,A5,396,437,150.0,equal
0.9746794344808964,0.9486832980505138,0,1,A5,A5,396,437,150.0,criticality_heavy
0.9746794344808964,0.9486832980505138,0,1,A5,A5,396,437,150.0,throughput_heavy
0.9746794344808964,0.9486832980505138,0,1,A5,A5,396,437,150.0,severity_heavy
0.9746794344808963,0.9486832980505138,0,1,A2,A2,397,438,100.0,equal
0.9746794344808963,0.9486832980505138,0,1,A2,A2,397,438,100.0,criticality_heavy
0.9746794344808963,0.9486832980505138,0,1,A2,A2,397,438,100.0,throughput_heavy
0.9746794344808963,0.9486832980505138,0,1,A2,A2,397,438,100.0,severity_heavy
0.9999999999999999,1.0,1,1,A2,A2,397,438,125.0,equal
0.9999999999999999,1.0,1,1,A2,A2,397,438,125.0,criticality_heavy
0.9999999999999999,1.0,1,1,A2,A2,397,438,125.0,throughput_heavy
0.9999999999999999,1.0,1,1,A2,A2,397,438,125.0,severity_heavy
0.9999999999999999,1.0,1,1,A2,A2,397,438,150.0,equal
0.9999999999999999,1.0,1,1,A2,A2,397,438,150.0,criticality_heavy
0.9999999999999999,1.0,1,1,A2,A2,397,438,150.0,throughput_heavy
0.9999999999999999,1.0,1,1,A2,A2,397,438,150.0,severity_heavy
0.9746794344808963,0.9486832980505138,0,1,A3,A3,398,439,100.0,equal
0.9746794344808963,0.9486832980505138,0,1,A3,A3,398,439,100.0,criticality_heavy
0.9746794344808963,0.9486832980505138,0,1,A3,A3,398,439,100.0,throughput_heavy
0.9746794344808963,0.9486832980505138,0,1,A3,A3,398,439,100.0,severity_heavy
0.9999999999999999,1.0,1,1,A3,A3,398,439,125.0,equal
0.9999999999999999,1.0,1,1,A3,A3,398,439,125.0,criticality_heavy
0.9999999999999999,1.0,1,1,A3,A3,398,439,125.0,throughput_heavy
0.9999999999999999,1.0,1,1,A3,A3,398,439,125.0,severity_heavy
0.8999999999999998,0.8,0,1,A3,A3,398,439,150.0,equal
0.8999999999999998,0.8,0,1,A3,A3,398,439,150.0,criticality_heavy
0.8999999999999998,0.8,0,1,A3,A3,398,439,150.0,throughput_heavy
0.8999999999999998,0.8,0,1,A3,A3,398,439,150.0,severity_heavy
0.8999999999999998,0.8,0,0,A5,A4,399,440,100.0,equal
0.8999999999999998,0.8,0,0,A5,A4,399,440,100.0,criticality_heavy
0.8999999999999998,0.8,0,0,A5,A4,399,440,100.0,throughput_heavy
0.8999999999999998,0.8,0,0,A5,A4,399,440,100.0,severity_heavy
0.9999999999999999,1.0,1,1,A5,A5,399,440,125.0,equal
0.9999999999999999,1.0,1,1,A5,A5,399,440,125.0,criticality_heavy
0.9999999999999999,1.0,1,1,A5,A5,399,440,125.0,throughput_heavy
0.8999999999999998,0.8,0,0,A5,A4,399,440,125.0,severity_heavy
0.7,0.6,0,0,A5,A3,399,440,150.0,equal
0.7,0.6,0,0,A5,A3,399,440,150.0,criticality_heavy
0.7,0.6,0,0,A5,A3,399,440,150.0,throughput_heavy
0.7,0.6,0,0,A5,A3,399,440,150.0,severity_heavy
0.8947368421052632,0.7777777777777778,0,0,A3,A4,400,441,100.0,equal
0.8947368421052632,0.7777777777777778,0,0,A3,A4,400,441,100.0,criticality_heavy
0.8947368421052632,0.7777777777777778,0,0,A3,A4,400,441,100.0,throughput_heavy
0.8947368421052632,0.7777777777777778,0,0,A3,A4,400,441,100.0,severity_heavy
1.0,1.0,1,1,A3,A3,400,441,125.0,equal
1.0,1.0,1,1,A3,A3,400,441,125.0,criticality_heavy
1.0,1.0,1,1,A3,A3,400,441,125.0,throughput_heavy
1.0,1.0,1,1,A3,A3,400,441,125.0,severity_heavy
0.9746794344808964,0.9486832980505138,0,1,A3,A3,400,441,150.0,equal
0.9746794344808964,0.9486832980505138,0,1,A3,A3,400,441,150.0,criticality_heavy
0.9746794344808964,0.9486832980505138,0,1,A3,A3,400,441,150.0,throughput_heavy
0.9746794344808964,0.9486832980505138,0,1,A3,A3,400,441,150.0,severity_heavy
0.8947368421052632,0.7777777777777778,0,0,A2,A4,401,442,100.0,equal
0.8947368421052632,0.7777777777777778,0,0,A2,A4,401,442,100.0,criticality_heavy
0.8947368421052632,0.7777777777777778,0,0,A2,A4,401,442,100.0,throughput_heavy
0.8947368421052632,0.7777777777777778,0,0,A2,A4,401,442,100.0,severity_heavy
1.0,1.0,1,1,A2,A2,401,442,125.0,equal
1.0,1.0,1,1,A2,A2,401,442,125.0,criticality_heavy
1.0,1.0,1,1,A2,A2,401,442,125.0,throughput_heavy
1.0,1.0,1,1,A2,A2,401,442,125.0,severity_heavy
0.9746794344808964,0.9486832980505138,0,1,A2,A2,401,442,150.0,equal
0.9746794344808964,0.9486832980505138,0,1,A2,A2,401,442,150.0,criticality_heavy
0.9746794344808964,0.9486832980505138,0,1,A2,A2,401,442,150.0,throughput_heavy
0.9746794344808964,0.9486832980505138,0,1,A2,A2,401,442,150.0,severity_heavy
0.8720815992723809,0.7378647873726218,0,1,A3,A3,402,443,100.0,equal
0.8720815992723809,0.7378647873726218,0,1,A3,A3,402,443,100.0,criticality_heavy
0.8720815992723809,0.7378647873726218,0,1,A3,A3,402,443,100.0,throughput_heavy
0.8720815992723809,0.7378647873726218,0,1,A3,A3,402,443,100.0,severity_heavy
0.9999999999999999,1.0,1,1,A3,A3,402,443,125.0,equal
0.9999999999999999,1.0,1,1,A3,A3,402,443,125.0,criticality_heavy
0.9999999999999999,1.0,1,1,A3,A3,402,443,125.0,throughput_heavy
0.9999999999999999,1.0,1,1,A3,A3,402,443,125.0,severity_heavy
0.9999999999999999,1.0,1,1,A3,A3,402,443,150.0,equal
0.9999999999999999,1.0,1,1,A3,A3,402,443,150.0,criticality_heavy
0.9999999999999999,1.0,1,1,A3,A3,402,443,150.0,throughput_heavy
0.9999999999999999,1.0,1,1,A3,A3,402,443,150.0,severity_heavy
0.9746794344808963,0.9486832980505138,0,1,A2,A2,403,444,100.0,equal
0.9746794344808963,0.9486832980505138,0,1,A2,A2,403,444,100.0,criticality_heavy
0.9746794344808963,0.9486832980505138,0,1,A2,A2,403,444,100.0,throughput_heavy
0.9746794344808963,0.9486832980505138,0,1,A2,A2,403,444,100.0,severity_heavy
0.9999999999999999,1.0,1,1,A2,A2,403,444,125.0,equal
0.9999999999999999,1.0,1,1,A2,A2,403,444,125.0,criticality_heavy
0.9999999999999999,1.0,1,1,A2,A2,403,444,125.0,throughput_heavy
0.9999999999999999,1.0,1,1,A2,A2,403,444,125.0,severity_heavy
0.9999999999999999,1.0,1,1,A2,A2,403,444,150.0,equal
0.9999999999999999,1.0,1,1,A2,A2,403,444,150.0,criticality_heavy
0.9999999999999999,1.0,1,1,A2,A2,403,444,150.0,throughput_heavy
0.9999999999999999,1.0,1,1,A2,A2,403,444,150.0,severity_heavy
0.8720815992723809,0.7378647873726218,0,1,A1,A1,404,445,100.0,equal
0.8720815992723809,0.7378647873726218,0,1,A1,A1,404,445,100.0,criticality_heavy
0.8720815992723809,0.7378647873726218,0,1,A1,A1,404,445,100.0,throughput_heavy
0.8720815992723809,0.7378647873726218,0,1,A1,A1,404,445,100.0,severity_heavy
0.9999999999999999,1.0,1,1,A1,A1,404,445,125.0,equal
0.9999999999999999,1.0,1,1,A1,A1,404,445,125.0,criticality_heavy
0.9999999999999999,1.0,1,1,A1,A1,404,445,125.0,throughput_heavy
0.9999999999999999,1.0,1,1,A1,A1,404,445,125.0,severity_heavy
0.9999999999999999,1.0,1,1,A1,A1,404,445,150.0,equal
0.9999999999999999,1.0,1,1,A1,A1,404,445,150.0,criticality_heavy
0.9999999999999999,1.0,1,1,A1,A1,404,445,150.0,throughput_heavy
0.9999999999999999,1.0,1,1,A1,A1,404,445,150.0,severity_heavy
0.9746794344808963,0.9486832980505138,0,1,A1,A1,405,446,100.0,equal
0.9746794344808963,0.9486832980505138,0,1,A1,A1,405,446,100.0,criticality_heavy
0.9746794344808963,0.9486832980505138,0,1,A1,A1,405,446,100.0,throughput_heavy
0.9746794344808963,0.9486832980505138,0,1,A1,A1,405,446,100.0,severity_heavy
0.9999999999999999,1.0,1,1,A1,A1,405,446,125.0,equal
0.9999999999999999,1.0,1,1,A1,A1,405,446,125.0,criticality_heavy
0.9999999999999999,1.0,1,1,A1,A1,405,446,125.0,throughput_heavy
0.9999999999999999,1.0,1,1,A1,A1,405,446,125.0,severity_heavy
0.8999999999999998,0.8,0,1,A1,A1,405,446,150.0,equal
0.8999999999999998,0.8,0,1,A1,A1,405,446,150.0,criticality_heavy
0.8999999999999998,0.8,0,1,A1,A1,405,446,150.0,throughput_heavy
0.8999999999999998,0.8,0,1,A1,A1,405,446,150.0,severity_heavy
0.9746794344808963,0.9486832980505138,0,1,A3,A3,406,447,100.0,equal
0.9746794344808963,0.9486832980505138,0,1,A3,A3,406,447,100.0,criticality_heavy
0.9746794344808963,0.9486832980505138,0,1,A3,A3,406,447,100.0,throughput_heavy
0.9746794344808963,0.9486832980505138,0,1,A3,A3,406,447,100.0,severity_heavy
0.9999999999999999,1.0,1,1,A3,A3,406,447,125.0,equal
0.9999999999999999,1.0,1,1,A3,A3,406,447,125.0,criticality_heavy
0.9999999999999999,1.0,1,1,A3,A3,406,447,125.0,throughput_heavy
0.9999999999999999,1.0,1,1,A3,A3,406,447,125.0,severity_heavy
0.8999999999999998,0.8,0,1,A3,A3,406,447,150.0,equal
0.8999999999999998,0.8,0,1,A3,A3,406,447,150.0,criticality_heavy
0.8999999999999998,0.8,0,1,A3,A3,406,447,150.0,throughput_heavy
0.9999999999999999,1.0,1,1,A3,A3,406,447,150.0,severity_heavy
0.9746794344808963,0.9486832980505138,0,1,A2,A2,407,448,100.0,equal
0.9746794344808963,0.9486832980505138,0,1,A2,A2,407,448,100.0,criticality_heavy
0.9746794344808963,0.9486832980505138,0,1,A2,A2,407,448,100.0,throughput_heavy
0.9746794344808963,0.9486832980505138,0,1,A2,A2,407,448,100.0,severity_heavy
0.9999999999999999,1.0,1,1,A2,A2,407,448,125.0,equal
0.9999999999999999,1.0,1,1,A2,A2,407,448,125.0,criticality_heavy
0.9999999999999999,1.0,1,1,A2,A2,407,448,125.0,throughput_heavy
0.9999999999999999,1.0,1,1,A2,A2,407,448,125.0,severity_heavy
0.9999999999999999,1.0,1,1,A2,A2,407,448,150.0,equal
0.9999999999999999,1.0,1,1,A2,A2,407,448,150.0,criticality_heavy
0.9999999999999999,1.0,1,1,A2,A2,407,448,150.0,throughput_heavy
0.9999999999999999,1.0,1,1,A2,A2,407,448,150.0,severity_heavy
0.9746794344808963,0.9486832980505138,0,1,A4,A4,408,449,100.0,equal
0.9746794344808963,0.9486832980505138,0,1,A4,A4,408,449,100.0,criticality_heavy
0.9746794344808963,0.9486832980505138,0,1,A4,A4,408,449,100.0,throughput_heavy
0.9746794344808963,0.9486832980505138,0,1,A4,A4,408,449,100.0,severity_heavy
0.9999999999999999,1.0,1,1,A4,A4,408,449,125.0,equal
0.9999999999999999,1.0,1,1,A4,A4,408,449,125.0,criticality_heavy
0.9999999999999999,1.0,1,1,A4,A4,408,449,125.0,throughput_heavy
0.9999999999999999,1.0,1,1,A4,A4,408,449,125.0,severity_heavy
0.8999999999999998,0.8,0,0,A4,A5,408,449,150.0,equal
0.8999999999999998,0.8,0,0,A4,A5,408,449,150.0,criticality_heavy
0.8999999999999998,0.8,0,0,A4,A5,408,449,150.0,throughput_heavy
0.9999999999999999,1.0,1,1,A4,A4,408,449,150.0,severity_heavy
0.9746794344808963,0.9486832980505138,0,1,A3,A3,409,450,100.0,equal
0.9746794344808963,0.9486832980505138,0,1,A3,A3,409,450,100.0,criticality_heavy
0.9746794344808963,0.9486832980505138,0,1,A3,A3,409,450,100.0,throughput_heavy
0.9746794344808963,0.9486832980505138,0,1,A3,A3,409,450,100.0,severity_heavy
0.9999999999999999,1.0,1,1,A3,A3,409,450,125.0,equal
0.9999999999999999,1.0,1,1,A3,A3,409,450,125.0,criticality_heavy
0.9999999999999999,1.0,1,1,A3,A3,409,450,125.0,throughput_heavy
0.9999999999999999,1.0,1,1,A3,A3,409,450,125.0,severity_heavy
0.9999999999999999,1.0,1,1,A3,A3,409,450,150.0,equal
0.9999999999999999,1.0,1,1,A3,A3,409,450,150.0,criticality_heavy
0.8999999999999998,0.8,0,1,A3,A3,409,450,150.0,throughput_heavy
0.9999999999999999,1.0,1,1,A3,A3,409,450,150.0,severity_heavy
0.9746794344808963,0.9486832980505138,0,1,A1,A1,410,451,100.0,equal
0.9746794344808963,0.9486832980505138,0,1,A1,A1,410,451,100.0,criticality_heavy
0.9746794344808963,0.9486832980505138,0,1,A1,A1,410,451,100.0,throughput_heavy
0.9746794344808963,0.9486832980505138,0,1,A1,A1,410,451,100.0,severity_heavy
0.9999999999999999,1.0,1,1,A1,A1,410,451,125.0,equal
0.9999999999999999,1.0,1,1,A1,A1,410,451,125.0,criticality_heavy
0.9999999999999999,1.0,1,1,A1,A1,410,451,125.0,throughput_heavy
0.9999999999999999,1.0,1,1,A1,A1,410,451,125.0,severity_heavy
0.8999999999999998,0.8,0,1,A1,A1,410,451,150.0,equal
0.8999999999999998,0.8,0,1,A1,A1,410,451,150.0,criticality_heavy
0.8999999999999998,0.8,0,1,A1,A1,410,451,150.0,throughput_heavy
0.8999999999999998,0.8,0,1,A1,A1,410,451,150.0,severity_heavy
0.8207826816681234,0.7378647873726218,0,1,A3,A3,411,452,100.0,equal
0.8207826816681234,0.7378647873726218,0,1,A3,A3,411,452,100.0,criticality_heavy
0.8207826816681234,0.7378647873726218,0,1,A3,A3,411,452,100.0,throughput_heavy
0.8207826816681234,0.7378647873726218,0,1,A3,A3,411,452,100.0,severity_heavy
0.9999999999999999,1.0,1,1,A3,A3,411,452,125.0,equal
0.9999999999999999,1.0,1,1,A3,A3,411,452,125.0,criticality_heavy
0.9999999999999999,1.0,1,1,A3,A3,411,452,125.0,throughput_heavy
0.9999999999999999,1.0,1,1,A3,A3,411,452,125.0,severity_heavy
0.9999999999999999,1.0,1,1,A3,A3,411,452,150.0,equal
0.9999999999999999,1.0,1,1,A3,A3,411,452,150.0,criticality_heavy
0.9999999999999999,1.0,1,1,A3,A3,411,452,150.0,throughput_heavy
0.9999999999999999,1.0,1,1,A3,A3,411,452,150.0,severity_heavy
0.8720815992723809,0.7378647873726218,0,1,A3,A3,412,453,100.0,equal
0.8720815992723809,0.7378647873726218,0,1,A3,A3,412,453,100.0,criticality_heavy
0.8720815992723809,0.7378647873726218,0,1,A3,A3,412,453,100.0,throughput_heavy
0.8720815992723809,0.7378647873726218,0,1,A3,A3,412,453,100.0,severity_heavy
0.9999999999999999,1.0,1,1,A3,A3,412,453,125.0,equal
0.9999999999999999,1.0,1,1,A3,A3,412,453,125.0,criticality_heavy
0.9999999999999999,1.0,1,1,A3,A3,412,453,125.0,throughput_heavy
0.9999999999999999,1.0,1,1,A3,A3,412,453,125.0,severity_heavy
0.9999999999999999,1.0,1,1,A3,A3,412,453,150.0,equal
0.9999999999999999,1.0,1,1,A3,A3,412,453,150.0,criticality_heavy
0.9999999999999999,1.0,1,1,A3,A3,412,453,150.0,throughput_heavy
0.9999999999999999,1.0,1,1,A3,A3,412,453,150.0,severity_heavy
1.0,1.0,1,1,A2,A2,413,454,100.0,equal
1.0,1.0,1,1,A2,A2,413,454,100.0,criticality_heavy
1.0,1.0,1,1,A2,A2,413,454,100.0,throughput_heavy
1.0,1.0,1,1,A2,A2,413,454,100.0,severity_heavy
1.0,1.0,1,1,A2,A2,413,454,125.0,equal
1.0,1.0,1,1,A2,A2,413,454,125.0,criticality_heavy
1.0,1.0,1,1,A2,A2,413,454,125.0,throughput_heavy
1.0,1.0,1,1,A2,A2,413,454,125.0,severity_heavy
0.9746794344808964,0.9486832980505138,0,1,A2,A2,413,454,150.0,equal
0.9746794344808964,0.9486832980505138,0,1,A2,A2,413,454,150.0,criticality_heavy
0.9746794344808964,0.9486832980505138,0,1,A2,A2,413,454,150.0,throughput_heavy
0.9746794344808964,0.9486832980505138,0,1,A2,A2,413,454,150.0,severity_heavy
1.0,1.0,1,1,A1,A1,414,455,100.0,equal
1.0,1.0,1,1,A1,A1,414,455,100.0,criticality_heavy
1.0,1.0,1,1,A1,A1,414,455,100.0,throughput_heavy
1.0,1.0,1,1,A1,A1,414,455,100.0,severity_heavy
1.0,1.0,1,1,A1,A1,414,455,125.0,equal
1.0,1.0,1,1,A1,A1,414,455,125.0,criticality_heavy
1.0,1.0,1,1,A1,A1,414,455,125.0,throughput_heavy
1.0,1.0,1,1,A1,A1,414,455,125.0,severity_heavy
0.9746794344808964,0.9486832980505138,0,1,A1,A1,414,455,150.0,equal
0.9746794344808964,0.9486832980505138,0,1,A1,A1,414,455,150.0,criticality_heavy
0.9746794344808964,0.9486832980505138,0,1,A1,A1,414,455,150.0,throughput_heavy
0.9746794344808964,0.9486832980505138,0,1,A1,A1,414,455,150.0,severity_heavy
0.9746794344808963,0.9486832980505138,0,1,A2,A2,415,456,100.0,equal
0.9746794344808963,0.9486832980505138,0,1,A2,A2,415,456,100.0,criticality_heavy
0.9746794344808963,0.9486832980505138,0,1,A2,A2,415,456,100.0,throughput_heavy
0.9746794344808963,0.9486832980505138,0,1,A2,A2,415,456,100.0,severity_heavy
0.9999999999999999,1.0,1,1,A2,A2,415,456,125.0,equal
0.9999999999999999,1.0,1,1,A2,A2,415,456,125.0,criticality_heavy
0.9999999999999999,1.0,1,1,A2,A2,415,456,125.0,throughput_heavy
0.9999999999999999,1.0,1,1,A2,A2,415,456,125.0,severity_heavy
0.9999999999999999,1.0,1,1,A2,A2,415,456,150.0,equal
0.9999999999999999,1.0,1,1,A2,A2,415,456,150.0,criticality_heavy
0.9999999999999999,1.0,1,1,A2,A2,415,456,150.0,throughput_heavy
0.9999999999999999,1.0,1,1,A2,A2,415,456,150.0,severity_heavy
1.0,1.0,1,1,A3,A3,416,457,100.0,equal
1.0,1.0,1,1,A3,A3,416,457,100.0,criticality_heavy
1.0,1.0,1,1,A3,A3,416,457,100.0,throughput_heavy
1.0,1.0,1,1,A3,A3,416,457,100.0,severity_heavy
1.0,1.0,1,1,A3,A3,416,457,125.0,equal
1.0,1.0,1,1,A3,A3,416,457,125.0,criticality_heavy
1.0,1.0,1,1,A3,A3,416,457,125.0,throughput_heavy
1.0,1.0,1,1,A3,A3,416,457,125.0,severity_heavy
0.9746794344808964,0.9486832980505138,0,1,A3,A3,416,457,150.0,equal
0.9746794344808964,0.9486832980505138,0,1,A3,A3,416,457,150.0,criticality_heavy
0.9746794344808964,0.9486832980505138,0,1,A3,A3,416,457,150.0,throughput_heavy
0.9746794344808964,0.9486832980505138,0,1,A3,A3,416,457,150.0,severity_heavy
0.9746794344808963,0.9486832980505138,0,1,A2,A2,417,458,100.0,equal
0.9746794344808963,0.9486832980505138,0,1,A2,A2,417,458,100.0,criticality_heavy
0.9746794344808963,0.9486832980505138,0,1,A2,A2,417,458,100.0,throughput_heavy
0.9746794344808963,0.9486832980505138,0,1,A2,A2,417,458,100.0,severity_heavy
0.9999999999999999,1.0,1,1,A2,A2,417,458,125.0,equal
0.9999999999999999,1.0,1,1,A2,A2,417,458,125.0,criticality_heavy
0.9999999999999999,1.0,1,1,A2,A2,417,458,125.0,throughput_heavy
0.9999999999999999,1.0,1,1,A2,A2,417,458,125.0,severity_heavy
0.8999999999999998,0.8,0,1,A2,A2,417,458,150.0,equal
0.8999999999999998,0.8,0,1,A2,A2,417,458,150.0,criticality_heavy
0.8999999999999998,0.8,0,1,A2,A2,417,458,150.0,throughput_heavy
0.8999999999999998,0.8,0,1,A2,A2,417,458,150.0,severity_heavy
0.9746794344808963,0.9486832980505138,0,1,A3,A3,418,459,100.0,equal
0.9746794344808963,0.9486832980505138,0,1,A3,A3,418,459,100.0,criticality_heavy
0.9746794344808963,0.9486832980505138,0,1,A3,A3,418,459,100.0,throughput_heavy
0.9746794344808963,0.9486832980505138,0,1,A3,A3,418,459,100.0,severity_heavy
0.9999999999999999,1.0,1,1,A3,A3,418,459,125.0,equal
0.9999999999999999,1.0,1,1,A3,A3,418,459,125.0,criticality_heavy
0.9999999999999999,1.0,1,1,A3,A3,418,459,125.0,throughput_heavy
0.9999999999999999,1.0,1,1,A3,A3,418,459,125.0,severity_heavy
0.9999999999999999,1.0,1,1,A3,A3,418,459,150.0,equal
0.9999999999999999,1.0,1,1,A3,A3,418,459,150.0,criticality_heavy
0.9999999999999999,1.0,1,1,A3,A3,418,459,150.0,throughput_heavy
0.9999999999999999,1.0,1,1,A3,A3,418,459,150.0,severity_heavy
1.0,1.0,1,1,A2,A2,419,460,100.0,equal
1.0,1.0,1,1,A2,A2,419,460,100.0,criticality_heavy
1.0,1.0,1,1,A2,A2,419,460,100.0,throughput_heavy
1.0,1.0,1,1,A2,A2,419,460,100.0,severity_heavy
1.0,1.0,1,1,A2,A2,419,460,125.0,equal
1.0,1.0,1,1,A2,A2,419,460,125.0,criticality_heavy
1.0,1.0,1,1,A2,A2,419,460,125.0,throughput_heavy
1.0,1.0,1,1,A2,A2,419,460,125.0,severity_heavy
0.9746794344808964,0.9486832980505138,0,1,A2,A2,419,460,150.0,equal
0.9746794344808964,0.9486832980505138,0,1,A2,A2,419,460,150.0,criticality_heavy
0.9746794344808964,0.9486832980505138,0,1,A2,A2,419,460,150.0,throughput_heavy
0.9746794344808964,0.9486832980505138,0,1,A2,A2,419,460,150.0,severity_heavy
1.0,1.0,1,1,A2,A2,420,461,100.0,equal
1.0,1.0,1,1,A2,A2,420,461,100.0,criticality_heavy
1.0,1.0,1,1,A2,A2,420,461,100.0,throughput_heavy
1.0,1.0,1,1,A2,A2,420,461,100.0,severity_heavy
1.0,1.0,1,1,A2,A2,420,461,125.0,equal
1.0,1.0,1,1,A2,A2,420,461,125.0,criticality_heavy
1.0,1.0,1,1,A2,A2,420,461,125.0,throughput_heavy
1.0,1.0,1,1,A2,A2,420,461,125.0,severity_heavy
0.9746794344808964,0.9486832980505138,0,1,A2,A2,420,461,150.0,equal
0.9746794344808964,0.9486832980505138,0,1,A2,A2,420,461,150.0,criticality_heavy
0.9746794344808964,0.9486832980505138,0,1,A2,A2,420,461,150.0,throughput_heavy
0.9746794344808964,0.9486832980505138,0,1,A2,A2,420,461,150.0,severity_heavy
0.9746794344808963,0.9486832980505138,0,1,A3,A3,421,462,100.0,equal
0.9746794344808963,0.9486832980505138,0,1,A3,A3,421,462,100.0,criticality_heavy
0.9746794344808963,0.9486832980505138,0,1,A3,A3,421,462,100.0,throughput_heavy
0.9746794344808963,0.9486832980505138,0,1,A3,A3,421,462,100.0,severity_heavy
0.9999999999999999,1.0,1,1,A3,A3,421,462,125.0,equal
0.9999999999999999,1.0,1,1,A3,A3,421,462,125.0,criticality_heavy
0.9999999999999999,1.0,1,1,A3,A3,421,462,125.0,throughput_heavy
0.9999999999999999,1.0,1,1,A3,A3,421,462,125.0,severity_heavy
0.9999999999999999,1.0,1,1,A3,A3,421,462,150.0,equal
0.9999999999999999,1.0,1,1,A3,A3,421,462,150.0,criticality_heavy
0.9999999999999999,1.0,1,1,A3,A3,421,462,150.0,throughput_heavy
0.9999999999999999,1.0,1,1,A3,A3,421,462,150.0,severity_heavy
0.9746794344808963,0.9486832980505138,0,1,A1,A1,422,463,100.0,equal
0.9746794344808963,0.9486832980505138,0,1,A1,A1,422,463,100.0,criticality_heavy
0.9746794344808963,0.9486832980505138,0,1,A1,A1,422,463,100.0,throughput_heavy
0.9746794344808963,0.9486832980505138,0,1,A1,A1,422,463,100.0,severity_heavy
0.9999999999999999,1.0,1,1,A1,A1,422,463,125.0,equal
0.9999999999999999,1.0,1,1,A1,A1,422,463,125.0,criticality_heavy
0.9999999999999999,1.0,1,1,A1,A1,422,463,125.0,throughput_heavy
0.9999999999999999,1.0,1,1,A1,A1,422,463,125.0,severity_heavy
0.9999999999999999,1.0,1,1,A1,A1,422,463,150.0,equal
0.9999999999999999,1.0,1,1,A1,A1,422,463,150.0,criticality_heavy
0.9999999999999999,1.0,1,1,A1,A1,422,463,150.0,throughput_heavy
0.9999999999999999,1.0,1,1,A1,A1,422,463,150.0,severity_heavy
1.0,1.0,1,1,A2,A2,423,464,100.0,equal
1.0,1.0,1,1,A2,A2,423,464,100.0,criticality_heavy
1.0,1.0,1,1,A2,A2,423,464,100.0,throughput_heavy
1.0,1.0,1,1,A2,A2,423,464,100.0,severity_heavy
1.0,1.0,1,1,A2,A2,423,464,125.0,equal
1.0,1.0,1,1,A2,A2,423,464,125.0,criticality_heavy
1.0,1.0,1,1,A2,A2,423,464,125.0,throughput_heavy
1.0,1.0,1,1,A2,A2,423,464,125.0,severity_heavy
0.9746794344808964,0.9486832980505138,0,1,A2,A2,423,464,150.0,equal
0.9746794344808964,0.9486832980505138,0,1,A2,A2,423,464,150.0,criticality_heavy
0.9746794344808964,0.9486832980505138,0,1,A2,A2,423,464,150.0,throughput_heavy
0.9746794344808964,0.9486832980505138,0,1,A2,A2,423,464,150.0,severity_heavy
0.9746794344808963,0.9486832980505138,0,1,A3,A3,424,465,100.0,equal
0.9746794344808963,0.9486832980505138,0,1,A3,A3,424,465,100.0,criticality_heavy
0.9746794344808963,0.9486832980505138,0,1,A3,A3,424,465,100.0,throughput_heavy
0.9746794344808963,0.9486832980505138,0,1,A3,A3,424,465,100.0,severity_heavy
0.9999999999999999,1.0,1,1,A3,A3,424,465,125.0,equal
0.9999999999999999,1.0,1,1,A3,A3,424,465,125.0,criticality_heavy
0.9999999999999999,1.0,1,1,A3,A3,424,465,125.0,throughput_heavy
0.9999999999999999,1.0,1,1,A3,A3,424,465,125.0,severity_heavy
0.9999999999999999,1.0,1,1,A3,A3,424,465,150.0,equal
0.9999999999999999,1.0,1,1,A3,A3,424,465,150.0,criticality_heavy
0.9999999999999999,1.0,1,1,A3,A3,424,465,150.0,throughput_heavy
0.9999999999999999,1.0,1,1,A3,A3,424,465,150.0,severity_heavy
0.9746794344808963,0.9486832980505138,0,1,A2,A2,425,466,100.0,equal
0.9746794344808963,0.9486832980505138,0,1,A2,A2,425,466,100.0,criticality_heavy
0.9746794344808963,0.9486832980505138,0,1,A2,A2,425,466,100.0,throughput_heavy
0.9746794344808963,0.9486832980505138,0,1,A2,A2,425,466,100.0,severity_heavy
0.9999999999999999,1.0,1,1,A2,A2,425,466,125.0,equal
0.8999999999999998,0.8,0,1,A2,A2,425,466,125.0,criticality_heavy
0.8999999999999998,0.8,0,1,A2,A2,425,466,125.0,throughput_heavy
0.9999999999999999,1.0,1,1,A2,A2,425,466,125.0,severity_heavy
0.8999999999999998,0.8,0,1,A2,A2,425,466,150.0,equal
0.8999999999999998,0.8,0,1,A2,A2,425,466,150.0,criticality_heavy
0.8999999999999998,0.8,0,1,A2,A2,425,466,150.0,throughput_heavy
0.8999999999999998,0.8,0,1,A2,A2,425,466,150.0,severity_heavy
1.0,1.0,1,1,A1,A1,426,467,100.0,equal
1.0,1.0,1,1,A1,A1,426,467,100.0,criticality_heavy
1.0,1.0,1,1,A1,A1,426,467,100.0,throughput_heavy
1.0,1.0,1,1,A1,A1,426,467,100.0,severity_heavy
1.0,1.0,1,1,A1,A1,426,467,125.0,equal
1.0,1.0,1,1,A1,A1,426,467,125.0,criticality_heavy
1.0,1.0,1,1,A1,A1,426,467,125.0,throughput_heavy
1.0,1.0,1,1,A1,A1,426,467,125.0,severity_heavy
0.9746794344808964,0.9486832980505138,0,1,A1,A1,426,467,150.0,equal
0.9746794344808964,0.9486832980505138,0,1,A1,A1,426,467,150.0,criticality_heavy
0.9746794344808964,0.9486832980505138,0,1,A1,A1,426,467,150.0,throughput_heavy
0.8720815992723809,0.7378647873726218,0,1,A1,A1,426,467,150.0,severity_heavy
0.8947368421052632,0.7777777777777778,0,1,A5,A5,427,468,100.0,equal
0.8947368421052632,0.7777777777777778,0,1,A5,A5,427,468,100.0,criticality_heavy
0.8947368421052632,0.7777777777777778,0,1,A5,A5,427,468,100.0,throughput_heavy
0.8947368421052632,0.7777777777777778,0,1,A5,A5,427,468,100.0,severity_heavy
1.0,1.0,1,1,A5,A5,427,468,125.0,equal
1.0,1.0,1,1,A5,A5,427,468,125.0,criticality_heavy
1.0,1.0,1,1,A5,A5,427,468,125.0,throughput_heavy
1.0,1.0,1,1,A5,A5,427,468,125.0,severity_heavy
0.9746794344808964,0.9486832980505138,0,1,A5,A5,427,468,150.0,equal
0.9746794344808964,0.9486832980505138,0,1,A5,A5,427,468,150.0,criticality_heavy
0.9746794344808964,0.9486832980505138,0,1,A5,A5,427,468,150.0,throughput_heavy
0.9746794344808964,0.9486832980505138,0,1,A5,A5,427,468,150.0,severity_heavy
1.0,1.0,1,1,A2,A2,428,469,100.0,equal
1.0,1.0,1,1,A2,A2,428,469,100.0,criticality_heavy
1.0,1.0,1,1,A2,A2,428,469,100.0,throughput_heavy
1.0,1.0,1,1,A2,A2,428,469,100.0,severity_heavy
1.0,1.0,1,1,A2,A2,428,469,125.0,equal
1.0,1.0,1,1,A2,A2,428,469,125.0,criticality_heavy
1.0,1.0,1,1,A2,A2,428,469,125.0,throughput_heavy
1.0,1.0,1,1,A2,A2,428,469,125.0,severity_heavy
0.9746794344808964,0.9486832980505138,0,1,A2,A2,428,469,150.0,equal
0.9746794344808964,0.9486832980505138,0,1,A2,A2,428,469,150.0,criticality_heavy
0.9746794344808964,0.9486832980505138,0,1,A2,A2,428,469,150.0,throughput_heavy
0.9746794344808964,0.9486832980505138,0,1,A2,A2,428,469,150.0,severity_heavy
0.9746794344808963,0.9486832980505138,0,1,A3,A3,429,470,100.0,equal
0.9746794344808963,0.9486832980505138,0,1,A3,A3,429,470,100.0,criticality_heavy
0.9746794344808963,0.9486832980505138,0,1,A3,A3,429,470,100.0,throughput_heavy
0.9746794344808963,0.9486832980505138,0,1,A3,A3,429,470,100.0,severity_heavy
0.9999999999999999,1.0,1,1,A3,A3,429,470,125.0,equal
0.9999999999999999,1.0,1,1,A3,A3,429,470,125.0,criticality_heavy
0.9999999999999999,1.0,1,1,A3,A3,429,470,125.0,throughput_heavy
0.9999999999999999,1.0,1,1,A3,A3,429,470,125.0,severity_heavy
0.8999999999999998,0.8,0,1,A3,A3,429,470,150.0,equal
0.8999999999999998,0.8,0,1,A3,A3,429,470,150.0,criticality_heavy
0.9999999999999999,1.0,1,1,A3,A3,429,470,150.0,throughput_heavy
0.9999999999999999,1.0,1,1,A3,A3,429,470,150.0,severity_heavy
0.9746794344808963,0.9486832980505138,0,1,A2,A2,430,471,100.0,equal
0.9746794344808963,0.9486832980505138,0,1,A2,A2,430,471,100.0,criticality_heavy
0.9746794344808963,0.9486832980505138,0,1,A2,A2,430,471,100.0,throughput_heavy
0.9746794344808963,0.9486832980505138,0,1,A2,A2,430,471,100.0,severity_heavy
0.9999999999999999,1.0,1,1,A2,A2,430,471,125.0,equal
0.9999999999999999,1.0,1,1,A2,A2,430,471,125.0,criticality_heavy
0.9999999999999999,1.0,1,1,A2,A2,430,471,125.0,throughput_heavy
0.9999999999999999,1.0,1,1,A2,A2,430,471,125.0,severity_heavy
0.9999999999999999,1.0,1,1,A2,A2,430,471,150.0,equal
0.9999999999999999,1.0,1,1,A2,A2,430,471,150.0,criticality_heavy
0.9999999999999999,1.0,1,1,A2,A2,430,471,150.0,throughput_heavy
0.9999999999999999,1.0,1,1,A2,A2,430,471,150.0,severity_heavy
1.0,1.0,1,1,A5,A5,431,472,100.0,equal
1.0,1.0,1,1,A5,A5,431,472,100.0,criticality_heavy
1.0,1.0,1,1,A5,A5,431,472,100.0,throughput_heavy
0.8947368421052632,0.7777777777777778,0,0,A5,A4,431,472,100.0,severity_heavy
1.0,1.0,1,1,A5,A5,431,472,125.0,equal
1.0,1.0,1,1,A5,A5,431,472,125.0,criticality_heavy
1.0,1.0,1,1,A5,A5,431,472,125.0,throughput_heavy
1.0,1.0,1,1,A5,A5,431,472,125.0,severity_heavy
0.9746794344808964,0.9486832980505138,0,1,A5,A5,431,472,150.0,equal
0.9746794344808964,0.9486832980505138,0,1,A5,A5,431,472,150.0,criticality_heavy
0.9746794344808964,0.9486832980505138,0,1,A5,A5,431,472,150.0,throughput_heavy
0.9746794344808964,0.9486832980505138,0,1,A5,A5,431,472,150.0,severity_heavy
0.9746794344808963,0.9486832980505138,0,1,A3,A3,432,473,100.0,equal
0.9746794344808963,0.9486832980505138,0,1,A3,A3,432,473,100.0,criticality_heavy
0.9746794344808963,0.9486832980505138,0,1,A3,A3,432,473,100.0,throughput_heavy
0.9746794344808963,0.9486832980505138,0,1,A3,A3,432,473,100.0,severity_heavy
0.9999999999999999,1.0,1,1,A3,A3,432,473,125.0,equal
0.9999999999999999,1.0,1,1,A3,A3,432,473,125.0,criticality_heavy
0.9999999999999999,1.0,1,1,A3,A3,432,473,125.0,throughput_heavy
0.9999999999999999,1.0,1,1,A3,A3,432,473,125.0,severity_heavy
0.8999999999999998,0.8,0,1,A3,A3,432,473,150.0,equal
0.8999999999999998,0.8,0,1,A3,A3,432,473,150.0,criticality_heavy
0.8999999999999998,0.8,0,1,A3,A3,432,473,150.0,throughput_heavy
0.8999999999999998,0.8,0,1,A3,A3,432,473,150.0,severity_heavy
0.9746794344808963,0.9486832980505138,0,1,A2,A2,433,474,100.0,equal
0.9746794344808963,0.9486832980505138,0,1,A2,A2,433,474,100.0,criticality_heavy
0.9746794344808963,0.9486832980505138,0,1,A2,A2,433,474,100.0,throughput_heavy
0.9746794344808963,0.9486832980505138,0,1,A2,A2,433,474,100.0,severity_heavy
0.9999999999999999,1.0,1,1,A2,A2,433,474,125.0,equal
0.9999999999999999,1.0,1,1,A2,A2,433,474,125.0,criticality_heavy
0.9999999999999999,1.0,1,1,A2,A2,433,474,125.0,throughput_heavy
0.9999999999999999,1.0,1,1,A2,A2,433,474,125.0,severity_heavy
0.8999999999999998,0.8,0,1,A2,A2,433,474,150.0,equal
0.8999999999999998,0.8,0,1,A2,A2,433,474,150.0,criticality_heavy
0.8999999999999998,0.8,0,1,A2,A2,433,474,150.0,throughput_heavy
0.8999999999999998,0.8,0,1,A2,A2,433,474,150.0,severity_heavy
0.9746794344808963,0.9486832980505138,0,1,A1,A1,434,475,100.0,equal
0.9746794344808963,0.9486832980505138,0,1,A1,A1,434,475,100.0,criticality_heavy
0.9746794344808963,0.9486832980505138,0,1,A1,A1,434,475,100.0,throughput_heavy
0.9746794344808963,0.9486832980505138,0,1,A1,A1,434,475,100.0,severity_heavy
0.9999999999999999,1.0,1,1,A1,A1,434,475,125.0,equal
0.9999999999999999,1.0,1,1,A1,A1,434,475,125.0,criticality_heavy
0.9999999999999999,1.0,1,1,A1,A1,434,475,125.0,throughput_heavy
0.9999999999999999,1.0,1,1,A1,A1,434,475,125.0,severity_heavy
0.9999999999999999,1.0,1,1,A1,A1,434,475,150.0,equal
0.9999999999999999,1.0,1,1,A1,A1,434,475,150.0,criticality_heavy
0.9999999999999999,1.0,1,1,A1,A1,434,475,150.0,throughput_heavy
0.9999999999999999,1.0,1,1,A1,A1,434,475,150.0,severity_heavy
0.9746794344808963,0.9486832980505138,0,1,A3,A3,435,476,100.0,equal
0.9746794344808963,0.9486832980505138,0,1,A3,A3,435,476,100.0,criticality_heavy
0.9746794344808963,0.9486832980505138,0,1,A3,A3,435,476,100.0,throughput_heavy
0.9746794344808963,0.9486832980505138,0,1,A3,A3,435,476,100.0,severity_heavy
0.9999999999999999,1.0,1,1,A3,A3,435,476,125.0,equal
0.9999999999999999,1.0,1,1,A3,A3,435,476,125.0,criticality_heavy
0.9999999999999999,1.0,1,1,A3,A3,435,476,125.0,throughput_heavy
0.9999999999999999,1.0,1,1,A3,A3,435,476,125.0,severity_heavy
0.8999999999999998,0.8,0,1,A3,A3,435,476,150.0,equal
0.8999999999999998,0.8,0,1,A3,A3,435,476,150.0,criticality_heavy
0.8999999999999998,0.8,0,1,A3,A3,435,476,150.0,throughput_heavy
0.8999999999999998,0.8,0,1,A3,A3,435,476,150.0,severity_heavy
0.9746794344808963,0.9486832980505138,0,1,A3,A3,436,477,100.0,equal
0.9746794344808963,0.9486832980505138,0,1,A3,A3,436,477,100.0,criticality_heavy
0.9746794344808963,0.9486832980505138,0,1,A3,A3,436,477,100.0,throughput_heavy
0.9746794344808963,0.9486832980505138,0,1,A3,A3,436,477,100.0,severity_heavy
0.9999999999999999,1.0,1,1,A3,A3,436,477,125.0,equal
0.9999999999999999,1.0,1,1,A3,A3,436,477,125.0,criticality_heavy
0.9999999999999999,1.0,1,1,A3,A3,436,477,125.0,throughput_heavy
0.9999999999999999,1.0,1,1,A3,A3,436,477,125.0,severity_heavy
0.9999999999999999,1.0,1,1,A3,A3,436,477,150.0,equal
0.9999999999999999,1.0,1,1,A3,A3,436,477,150.0,criticality_heavy
0.9999999999999999,1.0,1,1,A3,A3,436,477,150.0,throughput_heavy
0.9999999999999999,1.0,1,1,A3,A3,436,477,150.0,severity_heavy
0.9746794344808963,0.9486832980505138,0,1,A5,A5,437,478,100.0,equal
0.9746794344808963,0.9486832980505138,0,1,A5,A5,437,478,100.0,criticality_heavy
0.9746794344808963,0.9486832980505138,0,1,A5,A5,437,478,100.0,throughput_heavy
0.9746794344808963,0.9486832980505138,0,1,A5,A5,437,478,100.0,severity_heavy
0.9999999999999999,1.0,1,1,A5,A5,437,478,125.0,equal
0.9999999999999999,1.0,1,1,A5,A5,437,478,125.0,criticality_heavy
0.9999999999999999,1.0,1,1,A5,A5,437,478,125.0,throughput_heavy
0.9999999999999999,1.0,1,1,A5,A5,437,478,125.0,severity_heavy
0.8999999999999998,0.8,0,0,A5,A2,437,478,150.0,equal
0.8999999999999998,0.8,0,0,A5,A2,437,478,150.0,criticality_heavy
0.8999999999999998,0.8,0,0,A5,A2,437,478,150.0,throughput_heavy
0.8999999999999998,0.8,0,0,A5,A2,437,478,150.0,severity_heavy
0.8720815992723809,0.7378647873726218,0,0,A2,A5,438,479,100.0,equal
0.8720815992723809,0.7378647873726218,0,0,A2,A5,438,479,100.0,criticality_heavy
0.8720815992723809,0.7378647873726218,0,0,A2,A5,438,479,100.0,throughput_heavy
0.8720815992723809,0.7378647873726218,0,0,A2,A5,438,479,100.0,severity_heavy
0.9999999999999999,1.0,1,1,A2,A2,438,479,125.0,equal
0.9999999999999999,1.0,1,1,A2,A2,438,479,125.0,criticality_heavy
0.9999999999999999,1.0,1,1,A2,A2,438,479,125.0,throughput_heavy
0.9999999999999999,1.0,1,1,A2,A2,438,479,125.0,severity_heavy
0.9999999999999999,1.0,1,1,A2,A2,438,479,150.0,equal
0.9999999999999999,1.0,1,1,A2,A2,438,479,150.0,criticality_heavy
0.9999999999999999,1.0,1,1,A2,A2,438,479,150.0,throughput_heavy
0.9999999999999999,1.0,1,1,A2,A2,438,479,150.0,severity_heavy
1.0,1.0,1,1,A2,A2,439,480,100.0,equal
1.0,1.0,1,1,A2,A2,439,480,100.0,criticality_heavy
1.0,1.0,1,1,A2,A2,439,480,100.0,throughput_heavy
1.0,1.0,1,1,A2,A2,439,480,100.0,severity_heavy
1.0,1.0,1,1,A2,A2,439,480,125.0,equal
1.0,1.0,1,1,A2,A2,439,480,125.0,criticality_heavy
1.0,1.0,1,1,A2,A2,439,480,125.0,throughput_heavy
1.0,1.0,1,1,A2,A2,439,480,125.0,severity_heavy
0.9746794344808964,0.9486832980505138,0,1,A2,A2,439,480,150.0,equal
0.9746794344808964,0.9486832980505138,0,1,A2,A2,439,480,150.0,criticality_heavy
0.9746794344808964,0.9486832980505138,0,1,A2,A2,439,480,150.0,throughput_heavy
0.9746794344808964,0.9486832980505138,0,1,A2,A2,439,480,150.0,severity_heavy
0.9746794344808963,0.9486832980505138,0,1,A1,A1,440,481,100.0,equal
0.9746794344808963,0.9486832980505138,0,1,A1,A1,440,481,100.0,criticality_heavy
0.9746794344808963,0.9486832980505138,0,1,A1,A1,440,481,100.0,throughput_heavy
0.9746794344808963,0.9486832980505138,0,1,A1,A1,440,481,100.0,severity_heavy
0.9999999999999999,1.0,1,1,A1,A1,440,481,125.0,equal
0.9999999999999999,1.0,1,1,A1,A1,440,481,125.0,criticality_heavy
0.9999999999999999,1.0,1,1,A1,A1,440,481,125.0,throughput_heavy
0.9999999999999999,1.0,1,1,A1,A1,440,481,125.0,severity_heavy
0.9999999999999999,1.0,1,1,A1,A1,440,481,150.0,equal
0.9999999999999999,1.0,1,1,A1,A1,440,481,150.0,criticality_heavy
0.9999999999999999,1.0,1,1,A1,A1,440,481,150.0,throughput_heavy
0.9999999999999999,1.0,1,1,A1,A1,440,481,150.0,severity_heavy
1.0,1.0,1,1,A2,A2,441,482,100.0,equal
1.0,1.0,1,1,A2,A2,441,482,100.0,criticality_heavy
1.0,1.0,1,1,A2,A2,441,482,100.0,throughput_heavy
1.0,1.0,1,1,A2,A2,441,482,100.0,severity_heavy
1.0,1.0,1,1,A2,A2,441,482,125.0,equal
1.0,1.0,1,1,A2,A2,441,482,125.0,criticality_heavy
1.0,1.0,1,1,A2,A2,441,482,125.0,throughput_heavy
1.0,1.0,1,1,A2,A2,441,482,125.0,severity_heavy
0.9746794344808964,0.9486832980505138,0,1,A2,A2,441,482,150.0,equal
0.9746794344808964,0.9486832980505138,0,1,A2,A2,441,482,150.0,criticality_heavy
0.9746794344808964,0.9486832980505138,0,1,A2,A2,441,482,150.0,throughput_heavy
0.9746794344808964,0.9486832980505138,0,1,A2,A2,441,482,150.0,severity_heavy
0.8720815992723809,0.7378647873726218,0,0,A3,A4,442,483,100.0,equal
0.8720815992723809,0.7378647873726218,0,0,A3,A4,442,483,100.0,criticality_heavy
0.8720815992723809,0.7378647873726218,0,0,A3,A4,442,483,100.0,throughput_heavy
0.8720815992723809,0.7378647873726218,0,0,A3,A4,442,483,100.0,severity_heavy
0.9999999999999999,1.0,1,1,A3,A3,442,483,125.0,equal
0.9999999999999999,1.0,1,1,A3,A3,442,483,125.0,criticality_heavy
0.9999999999999999,1.0,1,1,A3,A3,442,483,125.0,throughput_heavy
0.9999999999999999,1.0,1,1,A3,A3,442,483,125.0,severity_heavy
0.9999999999999999,1.0,1,1,A3,A3,442,483,150.0,equal
0.9999999999999999,1.0,1,1,A3,A3,442,483,150.0,criticality_heavy
0.9999999999999999,1.0,1,1,A3,A3,442,483,150.0,throughput_heavy
0.9999999999999999,1.0,1,1,A3,A3,442,483,150.0,severity_heavy
0.8947368421052632,0.7777777777777778,0,1,A3,A3,443,484,100.0,equal
0.8947368421052632,0.7777777777777778,0,1,A3,A3,443,484,100.0,criticality_heavy
0.8947368421052632,0.7777777777777778,0,1,A3,A3,443,484,100.0,throughput_heavy
0.8947368421052632,0.7777777777777778,0,1,A3,A3,443,484,100.0,severity_heavy
1.0,1.0,1,1,A3,A3,443,484,125.0,equal
1.0,1.0,1,1,A3,A3,443,484,125.0,criticality_heavy
1.0,1.0,1,1,A3,A3,443,484,125.0,throughput_heavy
1.0,1.0,1,1,A3,A3,443,484,125.0,severity_heavy
0.9746794344808964,0.9486832980505138,0,1,A3,A3,443,484,150.0,equal
0.9746794344808964,0.9486832980505138,0,1,A3,A3,443,484,150.0,criticality_heavy
0.9746794344808964,0.9486832980505138,0,1,A3,A3,443,484,150.0,throughput_heavy
0.9746794344808964,0.9486832980505138,0,1,A3,A3,443,484,150.0,severity_heavy
0.9746794344808963,0.9486832980505138,0,1,A2,A2,444,485,100.0,equal
0.9746794344808963,0.9486832980505138,0,1,A2,A2,444,485,100.0,criticality_heavy
0.9746794344808963,0.9486832980505138,0,1,A2,A2,444,485,100.0,throughput_heavy
0.9746794344808963,0.9486832980505138,0,1,A2,A2,444,485,100.0,severity_heavy
0.9999999999999999,1.0,1,1,A2,A2,444,485,125.0,equal
0.9999999999999999,1.0,1,1,A2,A2,444,485,125.0,criticality_heavy
0.9999999999999999,1.0,1,1,A2,A2,444,485,125.0,throughput_heavy
0.9999999999999999,1.0,1,1,A2,A2,444,485,125.0,severity_heavy
0.9999999999999999,1.0,1,1,A2,A2,444,485,150.0,equal
0.9999999999999999,1.0,1,1,A2,A2,444,485,150.0,criticality_heavy
0.9999999999999999,1.0,1,1,A2,A2,444,485,150.0,throughput_heavy
0.9999999999999999,1.0,1,1,A2,A2,444,485,150.0,severity_heavy
0.8947368421052632,0.7777777777777778,0,0,A5,A4,445,486,100.0,equal
0.8947368421052632,0.7777777777777778,0,0,A5,A4,445,486,100.0,criticality_heavy
0.8947368421052632,0.7777777777777778,0,0,A5,A4,445,486,100.0,throughput_heavy
0.8947368421052632,0.7777777777777778,0,0,A5,A4,445,486,100.0,severity_heavy
1.0,1.0,1,1,A5,A5,445,486,125.0,equal
1.0,1.0,1,1,A5,A5,445,486,125.0,criticality_heavy
1.0,1.0,1,1,A5,A5,445,486,125.0,throughput_heavy
0.8947368421052632,0.7777777777777778,0,0,A5,A4,445,486,125.0,severity_heavy
0.9746794344808964,0.9486832980505138,0,1,A5,A5,445,486,150.0,equal
0.9746794344808964,0.9486832980505138,0,1,A5,A5,445,486,150.0,criticality_heavy
0.9746794344808964,0.9486832980505138,0,1,A5,A5,445,486,150.0,throughput_heavy
0.9746794344808964,0.9486832980505138,0,1,A5,A5,445,486,150.0,severity_heavy
1.0,1.0,1,1,A3,A3,446,487,100.0,equal
1.0,1.0,1,1,A3,A3,446,487,100.0,criticality_heavy
1.0,1.0,1,1,A3,A3,446,487,100.0,throughput_heavy
1.0,1.0,1,1,A3,A3,446,487,100.0,severity_heavy
1.0,1.0,1,1,A3,A3,446,487,125.0,equal
1.0,1.0,1,1,A3,A3,446,487,125.0,criticality_heavy
1.0,1.0,1,1,A3,A3,446,487,125.0,throughput_heavy
1.0,1.0,1,1,A3,A3,446,487,125.0,severity_heavy
0.9746794344808964,0.9486832980505138,0,1,A3,A3,446,487,150.0,equal
0.9746794344808964,0.9486832980505138,0,1,A3,A3,446,487,150.0,criticality_heavy
0.9746794344808964,0.9486832980505138,0,1,A3,A3,446,487,150.0,throughput_heavy
0.9746794344808964,0.9486832980505138,0,1,A3,A3,446,487,150.0,severity_heavy
0.9746794344808963,0.9486832980505138,0,1,A2,A2,447,488,100.0,equal
0.9746794344808963,0.9486832980505138,0,1,A2,A2,447,488,100.0,criticality_heavy
0.9746794344808963,0.9486832980505138,0,1,A2,A2,447,488,100.0,throughput_heavy
0.9746794344808963,0.9486832980505138,0,1,A2,A2,447,488,100.0,severity_heavy
0.9999999999999999,1.0,1,1,A2,A2,447,488,125.0,equal
0.9999999999999999,1.0,1,1,A2,A2,447,488,125.0,criticality_heavy
0.9999999999999999,1.0,1,1,A2,A2,447,488,125.0,throughput_heavy
0.9999999999999999,1.0,1,1,A2,A2,447,488,125.0,severity_heavy
0.8999999999999998,0.8,0,1,A2,A2,447,488,150.0,equal
0.8999999999999998,0.8,0,1,A2,A2,447,488,150.0,criticality_heavy
0.8999999999999998,0.8,0,1,A2,A2,447,488,150.0,throughput_heavy
0.8999999999999998,0.8,0,1,A2,A2,447,488,150.0,severity_heavy
1.0,1.0,1,1,A2,A2,448,489,100.0,equal
1.0,1.0,1,1,A2,A2,448,489,100.0,criticality_heavy
1.0,1.0,1,1,A2,A2,448,489,100.0,throughput_heavy
1.0,1.0,1,1,A2,A2,448,489,100.0,severity_heavy
1.0,1.0,1,1,A2,A2,448,489,125.0,equal
1.0,1.0,1,1,A2,A2,448,489,125.0,criticality_heavy
1.0,1.0,1,1,A2,A2,448,489,125.0,throughput_heavy
1.0,1.0,1,1,A2,A2,448,489,125.0,severity_heavy
0.9746794344808964,0.9486832980505138,0,1,A2,A2,448,489,150.0,equal
0.9746794344808964,0.9486832980505138,0,1,A2,A2,448,489,150.0,criticality_heavy
0.9746794344808964,0.9486832980505138,0,1,A2,A2,448,489,150.0,throughput_heavy
0.9746794344808964,0.9486832980505138,0,1,A2,A2,448,489,150.0,severity_heavy
0.9746794344808963,0.9486832980505138,0,1,A1,A1,449,490,100.0,equal
0.9746794344808963,0.9486832980505138,0,1,A1,A1,449,490,100.0,criticality_heavy
0.9746794344808963,0.9486832980505138,0,1,A1,A1,449,490,100.0,throughput_heavy
0.9746794344808963,0.9486832980505138,0,1,A1,A1,449,490,100.0,severity_heavy
0.9999999999999999,1.0,1,1,A1,A1,449,490,125.0,equal
0.9999999999999999,1.0,1,1,A1,A1,449,490,125.0,criticality_heavy
0.9999999999999999,1.0,1,1,A1,A1,449,490,125.0,throughput_heavy
0.9999999999999999,1.0,1,1,A1,A1,449,490,125.0,severity_heavy
0.8999999999999998,0.8,0,1,A1,A1,449,490,150.0,equal
0.9999999999999999,1.0,1,1,A1,A1,449,490,150.0,criticality_heavy
0.9999999999999999,1.0,1,1,A1,A1,449,490,150.0,throughput_heavy
0.8999999999999998,0.8,0,1,A1,A1,449,490,150.0,severity_heavy
0.8947368421052632,0.7777777777777778,0,0,A3,A5,450,491,100.0,equal
0.8947368421052632,0.7777777777777778,0,0,A3,A5,450,491,100.0,criticality_heavy
0.8947368421052632,0.7777777777777778,0,0,A3,A5,450,491,100.0,throughput_heavy
0.8947368421052632,0.7777777777777778,0,0,A3,A5,450,491,100.0,severity_heavy
1.0,1.0,1,1,A3,A3,450,491,125.0,equal
1.0,1.0,1,1,A3,A3,450,491,125.0,criticality_heavy
1.0,1.0,1,1,A3,A3,450,491,125.0,throughput_heavy
1.0,1.0,1,1,A3,A3,450,491,125.0,severity_heavy
0.9746794344808964,0.9486832980505138,0,1,A3,A3,450,491,150.0,equal
0.9746794344808964,0.9486832980505138,0,1,A3,A3,450,491,150.0,criticality_heavy
0.9746794344808964,0.9486832980505138,0,1,A3,A3,450,491,150.0,throughput_heavy
0.9746794344808964,0.9486832980505138,0,1,A3,A3,450,491,150.0,severity_heavy
0.8947368421052632,0.7777777777777778,0,0,A5,A4,451,492,100.0,equal
0.8947368421052632,0.7777777777777778,0,0,A5,A4,451,492,100.0,criticality_heavy
0.8947368421052632,0.7777777777777778,0,0,A5,A4,451,492,100.0,throughput_heavy
0.8947368421052632,0.7777777777777778,0,0,A5,A4,451,492,100.0,severity_heavy
1.0,1.0,1,1,A5,A5,451,492,125.0,equal
1.0,1.0,1,1,A5,A5,451,492,125.0,criticality_heavy
1.0,1.0,1,1,A5,A5,451,492,125.0,throughput_heavy
0.8947368421052632,0.7777777777777778,0,0,A5,A4,451,492,125.0,severity_heavy
0.9746794344808964,0.9486832980505138,0,1,A5,A5,451,492,150.0,equal
0.9746794344808964,0.9486832980505138,0,1,A5,A5,451,492,150.0,criticality_heavy
0.9746794344808964,0.9486832980505138,0,1,A5,A5,451,492,150.0,throughput_heavy
0.9746794344808964,0.9486832980505138,0,1,A5,A5,451,492,150.0,severity_heavy
1.0,1.0,1,1,A3,A3,452,493,100.0,equal
1.0,1.0,1,1,A3,A3,452,493,100.0,criticality_heavy
1.0,1.0,1,1,A3,A3,452,493,100.0,throughput_heavy
1.0,1.0,1,1,A3,A3,452,493,100.0,severity_heavy
1.0,1.0,1,1,A3,A3,452,493,125.0,equal
1.0,1.0,1,1,A3,A3,452,493,125.0,criticality_heavy
1.0,1.0,1,1,A3,A3,452,493,125.0,throughput_heavy
1.0,1.0,1,1,A3,A3,452,493,125.0,severity_heavy
0.9746794344808964,0.9486832980505138,0,1,A3,A3,452,493,150.0,equal
0.8720815992723809,0.7378647873726218,0,1,A3,A3,452,493,150.0,criticality_heavy
0.8720815992723809,0.7378647873726218,0,1,A3,A3,452,493,150.0,throughput_heavy
0.9746794344808964,0.9486832980505138,0,1,A3,A3,452,493,150.0,severity_heavy
1.0,1.0,1,1,A1,A1,453,494,100.0,equal
1.0,1.0,1,1,A1,A1,453,494,100.0,criticality_heavy
1.0,1.0,1,1,A1,A1,453,494,100.0,throughput_heavy
1.0,1.0,1,1,A1,A1,453,494,100.0,severity_heavy
1.0,1.0,1,1,A1,A1,453,494,125.0,equal
1.0,1.0,1,1,A1,A1,453,494,125.0,criticality_heavy
1.0,1.0,1,1,A1,A1,453,494,125.0,throughput_heavy
1.0,1.0,1,1,A1,A1,453,494,125.0,severity_heavy
0.9746794344808964,0.9486832980505138,0,1,A1,A1,453,494,150.0,equal
0.9746794344808964,0.9486832980505138,0,1,A1,A1,453,494,150.0,criticality_heavy
0.9746794344808964,0.9486832980505138,0,1,A1,A1,453,494,150.0,throughput_heavy
0.8720815992723809,0.7378647873726218,0,1,A1,A1,453,494,150.0,severity_heavy
1.0,1.0,1,1,A3,A3,454,495,100.0,equal
1.0,1.0,1,1,A3,A3,454,495,100.0,criticality_heavy
1.0,1.0,1,1,A3,A3,454,495,100.0,throughput_heavy
1.0,1.0,1,1,A3,A3,454,495,100.0,severity_heavy
1.0,1.0,1,1,A3,A3,454,495,125.0,equal
1.0,1.0,1,1,A3,A3,454,495,125.0,criticality_heavy
1.0,1.0,1,1,A3,A3,454,495,125.0,throughput_heavy
1.0,1.0,1,1,A3,A3,454,495,125.0,severity_heavy
0.8720815992723809,0.7378647873726218,0,1,A3,A3,454,495,150.0,equal
0.8720815992723809,0.7378647873726218,0,1,A3,A3,454,495,150.0,criticality_heavy
0.8720815992723809,0.7378647873726218,0,1,A3,A3,454,495,150.0,throughput_heavy
0.9746794344808964,0.9486832980505138,0,1,A3,A3,454,495,150.0,severity_heavy
0.9746794344808963,0.9486832980505138,0,1,A1,A1,455,496,100.0,equal
0.9746794344808963,0.9486832980505138,0,1,A1,A1,455,496,100.0,criticality_heavy
0.9746794344808963,0.9486832980505138,0,1,A1,A1,455,496,100.0,throughput_heavy
0.9746794344808963,0.9486832980505138,0,1,A1,A1,455,496,100.0,severity_heavy
0.9999999999999999,1.0,1,1,A1,A1,455,496,125.0,equal
0.9999999999999999,1.0,1,1,A1,A1,455,496,125.0,criticality_heavy
0.9999999999999999,1.0,1,1,A1,A1,455,496,125.0,throughput_heavy
0.9999999999999999,1.0,1,1,A1,A1,455,496,125.0,severity_heavy
0.9999999999999999,1.0,1,1,A1,A1,455,496,150.0,equal
0.9999999999999999,1.0,1,1,A1,A1,455,496,150.0,criticality_heavy
0.9999999999999999,1.0,1,1,A1,A1,455,496,150.0,throughput_heavy
0.9999999999999999,1.0,1,1,A1,A1,455,496,150.0,severity_heavy
0.8947368421052632,0.7777777777777778,0,0,A3,A5,456,497,100.0,equal
0.8947368421052632,0.7777777777777778,0,0,A3,A5,456,497,100.0,criticality_heavy
0.8947368421052632,0.7777777777777778,0,0,A3,A5,456,497,100.0,throughput_heavy
0.8947368421052632,0.7777777777777778,0,0,A3,A5,456,497,100.0,severity_heavy
1.0,1.0,1,1,A3,A3,456,497,125.0,equal
1.0,1.0,1,1,A3,A3,456,497,125.0,criticality_heavy
1.0,1.0,1,1,A3,A3,456,497,125.0,throughput_heavy
1.0,1.0,1,1,A3,A3,456,497,125.0,severity_heavy
0.9746794344808964,0.9486832980505138,0,1,A3,A3,456,497,150.0,equal
0.9746794344808964,0.9486832980505138,0,1,A3,A3,456,497,150.0,criticality_heavy
0.9746794344808964,0.9486832980505138,0,1,A3,A3,456,497,150.0,throughput_heavy
0.9746794344808964,0.9486832980505138,0,1,A3,A3,456,497,150.0,severity_heavy
1.0,1.0,1,1,A3,A3,457,498,100.0,equal
1.0,1.0,1,1,A3,A3,457,498,100.0,criticality_heavy
1.0,1.0,1,1,A3,A3,457,498,100.0,throughput_heavy
1.0,1.0,1,1,A3,A3,457,498,100.0,severity_heavy
1.0,1.0,1,1,A3,A3,457,498,125.0,equal
1.0,1.0,1,1,A3,A3,457,498,125.0,criticality_heavy
1.0,1.0,1,1,A3,A3,457,498,125.0,throughput_heavy
1.0,1.0,1,1,A3,A3,457,498,125.0,severity_heavy
0.9746794344808964,0.9486832980505138,0,1,A3,A3,457,498,150.0,equal
0.9746794344808964,0.9486832980505138,0,1,A3,A3,457,498,150.0,criticality_heavy
0.9746794344808964,0.9486832980505138,0,1,A3,A3,457,498,150.0,throughput_heavy
0.9746794344808964,0.9486832980505138,0,1,A3,A3,457,498,150.0,severity_heavy
1.0,1.0,1,1,A1,A1,458,499,100.0,equal
1.0,1.0,1,1,A1,A1,458,499,100.0,criticality_heavy
1.0,1.0,1,1,A1,A1,458,499,100.0,throughput_heavy
1.0,1.0,1,1,A1,A1,458,499,100.0,severity_heavy
1.0,1.0,1,1,A1,A1,458,499,125.0,equal
1.0,1.0,1,1,A1,A1,458,499,125.0,criticality_heavy
1.0,1.0,1,1,A1,A1,458,499,125.0,throughput_heavy
1.0,1.0,1,1,A1,A1,458,499,125.0,severity_heavy
0.9746794344808964,0.9486832980505138,0,1,A1,A1,458,499,150.0,equal
0.9746794344808964,0.9486832980505138,0,1,A1,A1,458,499,150.0,criticality_heavy
0.9746794344808964,0.9486832980505138,0,1,A1,A1,458,499,150.0,throughput_heavy
0.9746794344808964,0.9486832980505138,0,1,A1,A1,458,499,150.0,severity_heavy
0.8947368421052632,0.7777777777777778,0,0,A3,A5,459,500,100.0,equal
0.8947368421052632,0.7777777777777778,0,0,A3,A5,459,500,100.0,criticality_heavy
0.8947368421052632,0.7777777777777778,0,0,A3,A5,459,500,100.0,throughput_heavy
0.8947368421052632,0.7777777777777778,0,0,A3,A5,459,500,100.0,severity_heavy
1.0,1.0,1,1,A3,A3,459,500,125.0,equal
1.0,1.0,1,1,A3,A3,459,500,125.0,criticality_heavy
1.0,1.0,1,1,A3,A3,459,500,125.0,throughput_heavy
1.0,1.0,1,1,A3,A3,459,500,125.0,severity_heavy
0.9746794344808964,0.9486832980505138,0,1,A3,A3,459,500,150.0,equal
0.9746794344808964,0.9486832980505138,0,1,A3,A3,459,500,150.0,criticality_heavy
0.9746794344808964,0.9486832980505138,0,1,A3,A3,459,500,150.0,throughput_heavy
0.9746794344808964,0.9486832980505138,0,1,A3,A3,459,500,150.0,severity_heavy
1.0,1.0,1,1,A2,A2,460,501,100.0,equal
1.0,1.0,1,1,A2,A2,460,501,100.0,criticality_heavy
1.0,1.0,1,1,A2,A2,460,501,100.0,throughput_heavy
1.0,1.0,1,1,A2,A2,460,501,100.0,severity_heavy
1.0,1.0,1,1,A2,A2,460,501,125.0,equal
1.0,1.0,1,1,A2,A2,460,501,125.0,criticality_heavy
1.0,1.0,1,1,A2,A2,460,501,125.0,throughput_heavy
1.0,1.0,1,1,A2,A2,460,501,125.0,severity_heavy
0.9746794344808964,0.9486832980505138,0,1,A2,A2,460,501,150.0,equal
0.9746794344808964,0.9486832980505138,0,1,A2,A2,460,501,150.0,criticality_heavy
0.9746794344808964,0.9486832980505138,0,1,A2,A2,460,501,150.0,throughput_heavy
0.9746794344808964,0.9486832980505138,0,1,A2,A2,460,501,150.0,severity_heavy
0.8207826816681234,0.7378647873726218,0,1,A2,A2,461,502,100.0,equal
0.8207826816681234,0.7378647873726218,0,1,A2,A2,461,502,100.0,criticality_heavy
0.8207826816681234,0.7378647873726218,0,1,A2,A2,461,502,100.0,throughput_heavy
0.8207826816681234,0.7378647873726218,0,1,A2,A2,461,502,100.0,severity_heavy
0.9999999999999999,1.0,1,1,A2,A2,461,502,125.0,equal
0.9999999999999999,1.0,1,1,A2,A2,461,502,125.0,criticality_heavy
0.9999999999999999,1.0,1,1,A2,A2,461,502,125.0,throughput_heavy
0.8999999999999998,0.8,0,1,A2,A2,461,502,125.0,severity_heavy
0.9999999999999999,1.0,1,1,A2,A2,461,502,150.0,equal
0.9999999999999999,1.0,1,1,A2,A2,461,502,150.0,criticality_heavy
0.9999999999999999,1.0,1,1,A2,A2,461,502,150.0,throughput_heavy
0.9999999999999999,1.0,1,1,A2,A2,461,502,150.0,severity_heavy
1.0,1.0,1,1,A2,A2,462,503,100.0,equal
1.0,1.0,1,1,A2,A2,462,503,100.0,criticality_heavy
1.0,1.0,1,1,A2,A2,462,503,100.0,throughput_heavy
1.0,1.0,1,1,A2,A2,462,503,100.0,severity_heavy
1.0,1.0,1,1,A2,A2,462,503,125.0,equal
1.0,1.0,1,1,A2,A2,462,503,125.0,criticality_heavy
1.0,1.0,1,1,A2,A2,462,503,125.0,throughput_heavy
1.0,1.0,1,1,A2,A2,462,503,125.0,severity_heavy
0.9746794344808964,0.9486832980505138,0,1,A2,A2,462,503,150.0,equal
0.9746794344808964,0.9486832980505138,0,1,A2,A2,462,503,150.0,criticality_heavy
0.9746794344808964,0.9486832980505138,0,1,A2,A2,462,503,150.0,throughput_heavy
0.8720815992723809,0.7378647873726218,0,1,A2,A2,462,503,150.0,severity_heavy
0.9746794344808963,0.9486832980505138,0,1,A2,A2,463,504,100.0,equal
0.9746794344808963,0.9486832980505138,0,1,A2,A2,463,504,100.0,criticality_heavy
0.9746794344808963,0.9486832980505138,0,1,A2,A2,463,504,100.0,throughput_heavy
0.9746794344808963,0.9486832980505138,0,1,A2,A2,463,504,100.0,severity_heavy
0.9999999999999999,1.0,1,1,A2,A2,463,504,125.0,equal
0.9999999999999999,1.0,1,1,A2,A2,463,504,125.0,criticality_heavy
0.9999999999999999,1.0,1,1,A2,A2,463,504,125.0,throughput_heavy
0.9999999999999999,1.0,1,1,A2,A2,463,504,125.0,severity_heavy
0.9999999999999999,1.0,1,1,A2,A2,463,504,150.0,equal
0.9999999999999999,1.0,1,1,A2,A2,463,504,150.0,criticality_heavy
0.9999999999999999,1.0,1,1,A2,A2,463,504,150.0,throughput_heavy
0.9999999999999999,1.0,1,1,A2,A2,463,504,150.0,severity_heavy
0.9746794344808963,0.9486832980505138,0,1,A5,A5,464,505,100.0,equal
0.9746794344808963,0.9486832980505138,0,1,A5,A5,464,505,100.0,criticality_heavy
0.9746794344808963,0.9486832980505138,0,1,A5,A5,464,505,100.0,throughput_heavy
0.9746794344808963,0.9486832980505138,0,1,A5,A5,464,505,100.0,severity_heavy
0.9999999999999999,1.0,1,1,A5,A5,464,505,125.0,equal
0.9999999999999999,1.0,1,1,A5,A5,464,505,125.0,criticality_heavy
0.9999999999999999,1.0,1,1,A5,A5,464,505,125.0,throughput_heavy
0.9999999999999999,1.0,1,1,A5,A5,464,505,125.0,severity_heavy
0.8999999999999998,0.8,0,0,A5,A1,464,505,150.0,equal
0.8999999999999998,0.8,0,0,A5,A1,464,505,150.0,criticality_heavy
0.9999999999999999,1.0,1,1,A5,A5,464,505,150.0,throughput_heavy
0.8999999999999998,0.8,0,0,A5,A1,464,505,150.0,severity_heavy
0.9746794344808963,0.9486832980505138,0,1,A1,A1,465,506,100.0,equal
0.9746794344808963,0.9486832980505138,0,1,A1,A1,465,506,100.0,criticality_heavy
0.9746794344808963,0.9486832980505138,0,1,A1,A1,465,506,100.0,throughput_heavy
0.9746794344808963,0.9486832980505138,0,1,A1,A1,465,506,100.0,severity_heavy
0.9999999999999999,1.0,1,1,A1,A1,465,506,125.0,equal
0.9999999999999999,1.0,1,1,A1,A1,465,506,125.0,criticality_heavy
0.9999999999999999,1.0,1,1,A1,A1,465,506,125.0,throughput_heavy
0.9999999999999999,1.0,1,1,A1,A1,465,506,125.0,severity_heavy
0.9999999999999999,1.0,1,1,A1,A1,465,506,150.0,equal
0.9999999999999999,1.0,1,1,A1,A1,465,506,150.0,criticality_heavy
0.9999999999999999,1.0,1,1,A1,A1,465,506,150.0,throughput_heavy
0.9999999999999999,1.0,1,1,A1,A1,465,506,150.0,severity_heavy
1.0,1.0,1,1,A2,A2,466,507,100.0,equal
1.0,1.0,1,1,A2,A2,466,507,100.0,criticality_heavy
1.0,1.0,1,1,A2,A2,466,507,100.0,throughput_heavy
1.0,1.0,1,1,A2,A2,466,507,100.0,severity_heavy
1.0,1.0,1,1,A2,A2,466,507,125.0,equal
1.0,1.0,1,1,A2,A2,466,507,125.0,criticality_heavy
1.0,1.0,1,1,A2,A2,466,507,125.0,throughput_heavy
1.0,1.0,1,1,A2,A2,466,507,125.0,severity_heavy
0.9746794344808964,0.9486832980505138,0,1,A2,A2,466,507,150.0,equal
0.9746794344808964,0.9486832980505138,0,1,A2,A2,466,507,150.0,criticality_heavy
0.9746794344808964,0.9486832980505138,0,1,A2,A2,466,507,150.0,throughput_heavy
0.9746794344808964,0.9486832980505138,0,1,A2,A2,466,507,150.0,severity_heavy
1.0,1.0,1,1,A1,A1,467,508,100.0,equal
1.0,1.0,1,1,A1,A1,467,508,100.0,criticality_heavy
1.0,1.0,1,1,A1,A1,467,508,100.0,throughput_heavy
1.0,1.0,1,1,A1,A1,467,508,100.0,severity_heavy
1.0,1.0,1,1,A1,A1,467,508,125.0,equal
1.0,1.0,1,1,A1,A1,467,508,125.0,criticality_heavy
1.0,1.0,1,1,A1,A1,467,508,125.0,throughput_heavy
1.0,1.0,1,1,A1,A1,467,508,125.0,severity_heavy
0.9746794344808964,0.9486832980505138,0,1,A1,A1,467,508,150.0,equal
0.9746794344808964,0.9486832980505138,0,1,A1,A1,467,508,150.0,criticality_heavy
0.8720815992723809,0.7378647873726218,0,0,A1,A3,467,508,150.0,throughput_heavy
0.8720815992723809,0.7378647873726218,0,0,A1,A3,467,508,150.0,severity_heavy
1.0,1.0,1,1,A2,A2,468,509,100.0,equal
1.0,1.0,1,1,A2,A2,468,509,100.0,criticality_heavy
1.0,1.0,1,1,A2,A2,468,509,100.0,throughput_heavy
1.0,1.0,1,1,A2,A2,468,509,100.0,severity_heavy
1.0,1.0,1,1,A2,A2,468,509,125.0,equal
1.0,1.0,1,1,A2,A2,468,509,125.0,criticality_heavy
1.0,1.0,1,1,A2,A2,468,509,125.0,throughput_heavy
1.0,1.0,1,1,A2,A2,468,509,125.0,severity_heavy
0.9746794344808964,0.9486832980505138,0,1,A2,A2,468,509,150.0,equal
0.9746794344808964,0.9486832980505138,0,1,A2,A2,468,509,150.0,criticality_heavy
0.9746794344808964,0.9486832980505138,0,1,A2,A2,468,509,150.0,throughput_heavy
0.9746794344808964,0.9486832980505138,0,1,A2,A2,468,509,150.0,severity_heavy
0.8720815992723809,0.7378647873726218,0,1,A5,A5,469,510,100.0,equal
0.8720815992723809,0.7378647873726218,0,1,A5,A5,469,510,100.0,criticality_heavy
0.8720815992723809,0.7378647873726218,0,1,A5,A5,469,510,100.0,throughput_heavy
0.8720815992723809,0.7378647873726218,0,1,A5,A5,469,510,100.0,severity_heavy
0.9999999999999999,1.0,1,1,A5,A5,469,510,125.0,equal
0.9999999999999999,1.0,1,1,A5,A5,469,510,125.0,criticality_heavy
0.9999999999999999,1.0,1,1,A5,A5,469,510,125.0,throughput_heavy
0.9999999999999999,1.0,1,1,A5,A5,469,510,125.0,severity_heavy
0.9999999999999999,1.0,1,1,A5,A5,469,510,150.0,equal
0.9999999999999999,1.0,1,1,A5,A5,469,510,150.0,criticality_heavy
0.9999999999999999,1.0,1,1,A5,A5,469,510,150.0,throughput_heavy
0.9999999999999999,1.0,1,1,A5,A5,469,510,150.0,severity_heavy
0.9746794344808963,0.9486832980505138,0,1,A3,A3,470,511,100.0,equal
0.9746794344808963,0.9486832980505138,0,1,A3,A3,470,511,100.0,criticality_heavy
0.9746794344808963,0.9486832980505138,0,1,A3,A3,470,511,100.0,throughput_heavy
0.9746794344808963,0.9486832980505138,0,1,A3,A3,470,511,100.0,severity_heavy
0.9999999999999999,1.0,1,1,A3,A3,470,511,125.0,equal
0.9999999999999999,1.0,1,1,A3,A3,470,511,125.0,criticality_heavy
0.9999999999999999,1.0,1,1,A3,A3,470,511,125.0,throughput_heavy
0.9999999999999999,1.0,1,1,A3,A3,470,511,125.0,severity_heavy
0.9999999999999999,1.0,1,1,A3,A3,470,511,150.0,equal
0.9999999999999999,1.0,1,1,A3,A3,470,511,150.0,criticality_heavy
0.9999999999999999,1.0,1,1,A3,A3,470,511,150.0,throughput_heavy
0.9999999999999999,1.0,1,1,A3,A3,470,511,150.0,severity_heavy
0.8947368421052632,0.7777777777777778,0,1,A1,A1,471,512,100.0,equal
0.8947368421052632,0.7777777777777778,0,1,A1,A1,471,512,100.0,criticality_heavy
0.8947368421052632,0.7777777777777778,0,1,A1,A1,471,512,100.0,throughput_heavy
0.8947368421052632,0.7777777777777778,0,1,A1,A1,471,512,100.0,severity_heavy
1.0,1.0,1,1,A1,A1,471,512,125.0,equal
1.0,1.0,1,1,A1,A1,471,512,125.0,criticality_heavy
1.0,1.0,1,1,A1,A1,471,512,125.0,throughput_heavy
1.0,1.0,1,1,A1,A1,471,512,125.0,severity_heavy
0.9746794344808964,0.9486832980505138,0,1,A1,A1,471,512,150.0,equal
0.9746794344808964,0.9486832980505138,0,1,A1,A1,471,512,150.0,criticality_heavy
0.9746794344808964,0.9486832980505138,0,1,A1,A1,471,512,150.0,throughput_heavy
0.9746794344808964,0.9486832980505138,0,1,A1,A1,471,512,150.0,severity_heavy
0.9746794344808963,0.9486832980505138,0,1,A3,A3,472,513,100.0,equal
0.9746794344808963,0.9486832980505138,0,1,A3,A3,472,513,100.0,criticality_heavy
0.9746794344808963,0.9486832980505138,0,1,A3,A3,472,513,100.0,throughput_heavy
0.9746794344808963,0.9486832980505138,0,1,A3,A3,472,513,100.0,severity_heavy
0.9999999999999999,1.0,1,1,A3,A3,472,513,125.0,equal
0.9999999999999999,1.0,1,1,A3,A3,472,513,125.0,criticality_heavy
0.9999999999999999,1.0,1,1,A3,A3,472,513,125.0,throughput_heavy
0.9999999999999999,1.0,1,1,A3,A3,472,513,125.0,severity_heavy
0.9999999999999999,1.0,1,1,A3,A3,472,513,150.0,equal
0.9999999999999999,1.0,1,1,A3,A3,472,513,150.0,criticality_heavy
0.9999999999999999,1.0,1,1,A3,A3,472,513,150.0,throughput_heavy
0.9999999999999999,1.0,1,1,A3,A3,472,513,150.0,severity_heavy
1.0,1.0,1,1,A1,A1,473,514,100.0,equal
1.0,1.0,1,1,A1,A1,473,514,100.0,criticality_heavy
1.0,1.0,1,1,A1,A1,473,514,100.0,throughput_heavy
1.0,1.0,1,1,A1,A1,473,514,100.0,severity_heavy
1.0,1.0,1,1,A1,A1,473,514,125.0,equal
1.0,1.0,1,1,A1,A1,473,514,125.0,criticality_heavy
1.0,1.0,1,1,A1,A1,473,514,125.0,throughput_heavy
1.0,1.0,1,1,A1,A1,473,514,125.0,severity_heavy
0.8207826816681233,0.7378647873726218,0,1,A1,A1,473,514,150.0,equal
0.8207826816681233,0.7378647873726218,0,1,A1,A1,473,514,150.0,criticality_heavy
0.8207826816681233,0.7378647873726218,0,1,A1,A1,473,514,150.0,throughput_heavy
0.9746794344808964,0.9486832980505138,0,1,A1,A1,473,514,150.0,severity_heavy
0.9999999999999999,1.0,1,1,A2,A2,474,515,100.0,equal
0.9999999999999999,1.0,1,1,A2,A2,474,515,100.0,criticality_heavy
0.9999999999999999,1.0,1,1,A2,A2,474,515,100.0,throughput_heavy
0.9999999999999999,1.0,1,1,A2,A2,474,515,100.0,severity_heavy
0.9999999999999999,1.0,1,1,A2,A2,474,515,125.0,equal
0.9999999999999999,1.0,1,1,A2,A2,474,515,125.0,criticality_heavy
0.9999999999999999,1.0,1,1,A2,A2,474,515,125.0,throughput_heavy
0.9999999999999999,1.0,1,1,A2,A2,474,515,125.0,severity_heavy
0.9999999999999999,1.0,1,1,A2,A2,474,515,150.0,equal
0.8999999999999998,0.8,0,1,A2,A2,474,515,150.0,criticality_heavy
0.9999999999999999,1.0,1,1,A2,A2,474,515,150.0,throughput_heavy
0.8999999999999998,0.8,0,1,A2,A2,474,515,150.0,severity_heavy
0.9746794344808963,0.9486832980505138,0,1,A2,A2,475,516,100.0,equal
0.9746794344808963,0.9486832980505138,0,1,A2,A2,475,516,100.0,criticality_heavy
0.9746794344808963,0.9486832980505138,0,1,A2,A2,475,516,100.0,throughput_heavy
0.9746794344808963,0.9486832980505138,0,1,A2,A2,475,516,100.0,severity_heavy
0.9999999999999999,1.0,1,1,A2,A2,475,516,125.0,equal
0.9999999999999999,1.0,1,1,A2,A2,475,516,125.0,criticality_heavy
0.9999999999999999,1.0,1,1,A2,A2,475,516,125.0,throughput_heavy
0.9999999999999999,1.0,1,1,A2,A2,475,516,125.0,severity_heavy
0.9999999999999999,1.0,1,1,A2,A2,475,516,150.0,equal
0.9999999999999999,1.0,1,1,A2,A2,475,516,150.0,criticality_heavy
0.9999999999999999,1.0,1,1,A2,A2,475,516,150.0,throughput_heavy
0.9999999999999999,1.0,1,1,A2,A2,475,516,150.0,severity_heavy
0.9746794344808963,0.9486832980505138,0,1,A3,A3,476,517,100.0,equal
0.9746794344808963,0.9486832980505138,0,1,A3,A3,476,517,100.0,criticality_heavy
0.9746794344808963,0.9486832980505138,0,1,A3,A3,476,517,100.0,throughput_heavy
0.9746794344808963,0.9486832980505138,0,1,A3,A3,476,517,100.0,severity_heavy
0.9999999999999999,1.0,1,1,A3,A3,476,517,125.0,equal
0.9999999999999999,1.0,1,1,A3,A3,476,517,125.0,criticality_heavy
0.9999999999999999,1.0,1,1,A3,A3,476,517,125.0,throughput_heavy
0.9999999999999999,1.0,1,1,A3,A3,476,517,125.0,severity_heavy
0.9999999999999999,1.0,1,1,A3,A3,476,517,150.0,equal
0.9999999999999999,1.0,1,1,A3,A3,476,517,150.0,criticality_heavy
0.9999999999999999,1.0,1,1,A3,A3,476,517,150.0,throughput_heavy
0.9999999999999999,1.0,1,1,A3,A3,476,517,150.0,severity_heavy
1.0,1.0,1,1,A5,A5,477,518,100.0,equal
1.0,1.0,1,1,A5,A5,477,518,100.0,criticality_heavy
1.0,1.0,1,1,A5,A5,477,518,100.0,throughput_heavy
1.0,1.0,1,1,A5,A5,477,518,100.0,severity_heavy
1.0,1.0,1,1,A5,A5,477,518,125.0,equal
1.0,1.0,1,1,A5,A5,477,518,125.0,criticality_heavy
1.0,1.0,1,1,A5,A5,477,518,125.0,throughput_heavy
1.0,1.0,1,1,A5,A5,477,518,125.0,severity_heavy
0.9746794344808964,0.9486832980505138,0,1,A5,A5,477,518,150.0,equal
0.9746794344808964,0.9486832980505138,0,1,A5,A5,477,518,150.0,criticality_heavy
0.9746794344808964,0.9486832980505138,0,1,A5,A5,477,518,150.0,throughput_heavy
0.9746794344808964,0.9486832980505138,0,1,A5,A5,477,518,150.0,severity_heavy
0.9746794344808963,0.9486832980505138,0,1,A5,A5,478,519,100.0,equal
0.9746794344808963,0.9486832980505138,0,1,A5,A5,478,519,100.0,criticality_heavy
0.9746794344808963,0.9486832980505138,0,1,A5,A5,478,519,100.0,throughput_heavy
0.9746794344808963,0.9486832980505138,0,1,A5,A5,478,519,100.0,severity_heavy
0.9999999999999999,1.0,1,1,A5,A5,478,519,125.0,equal
0.9999999999999999,1.0,1,1,A5,A5,478,519,125.0,criticality_heavy
0.9999999999999999,1.0,1,1,A5,A5,478,519,125.0,throughput_heavy
0.9999999999999999,1.0,1,1,A5,A5,478,519,125.0,severity_heavy
0.9999999999999999,1.0,1,1,A5,A5,478,519,150.0,equal
0.9999999999999999,1.0,1,1,A5,A5,478,519,150.0,criticality_heavy
0.8999999999999998,0.8,0,1,A5,A5,478,519,150.0,throughput_heavy
0.9999999999999999,1.0,1,1,A5,A5,478,519,150.0,severity_heavy
0.9746794344808963,0.9486832980505138,0,1,A3,A3,479,520,100.0,equal
0.9746794344808963,0.9486832980505138,0,1,A3,A3,479,520,100.0,criticality_heavy
0.9746794344808963,0.9486832980505138,0,1,A3,A3,479,520,100.0,throughput_heavy
0.9746794344808963,0.9486832980505138,0,1,A3,A3,479,520,100.0,severity_heavy
0.9999999999999999,1.0,1,1,A3,A3,479,520,125.0,equal
0.8999999999999998,0.8,0,1,A3,A3,479,520,125.0,criticality_heavy
0.8999999999999998,0.8,0,1,A3,A3,479,520,125.0,throughput_heavy
0.9999999999999999,1.0,1,1,A3,A3,479,520,125.0,severity_heavy
0.8999999999999998,0.8,0,1,A3,A3,479,520,150.0,equal
0.8999999999999998,0.8,0,1,A3,A3,479,520,150.0,criticality_heavy
0.8999999999999998,0.8,0,1,A3,A3,479,520,150.0,throughput_heavy
0.8999999999999998,0.8,0,1,A3,A3,479,520,150.0,severity_heavy
0.8720815992723809,0.7378647873726218,0,0,A3,A5,480,521,100.0,equal
0.8720815992723809,0.7378647873726218,0,0,A3,A5,480,521,100.0,criticality_heavy
0.8720815992723809,0.7378647873726218,0,0,A3,A5,480,521,100.0,throughput_heavy
0.8720815992723809,0.7378647873726218,0,0,A3,A5,480,521,100.0,severity_heavy
0.9999999999999999,1.0,1,1,A3,A3,480,521,125.0,equal
0.8999999999999998,0.8,0,0,A3,A5,480,521,125.0,criticality_heavy
0.8999999999999998,0.8,0,0,A3,A5,480,521,125.0,throughput_heavy
0.9999999999999999,1.0,1,1,A3,A3,480,521,125.0,severity_heavy
0.9999999999999999,1.0,1,1,A3,A3,480,521,150.0,equal
0.9999999999999999,1.0,1,1,A3,A3,480,521,150.0,criticality_heavy
0.9999999999999999,1.0,1,1,A3,A3,480,521,150.0,throughput_heavy
0.9999999999999999,1.0,1,1,A3,A3,480,521,150.0,severity_heavy
0.9746794344808963,0.9486832980505138,0,1,A3,A3,481,522,100.0,equal
0.9746794344808963,0.9486832980505138,0,1,A3,A3,481,522,100.0,criticality_heavy
0.9746794344808963,0.9486832980505138,0,1,A3,A3,481,522,100.0,throughput_heavy
0.9746794344808963,0.9486832980505138,0,1,A3,A3,481,522,100.0,severity_heavy
0.9999999999999999,1.0,1,1,A3,A3,481,522,125.0,equal
0.9999999999999999,1.0,1,1,A3,A3,481,522,125.0,criticality_heavy
0.9999999999999999,1.0,1,1,A3,A3,481,522,125.0,throughput_heavy
0.9999999999999999,1.0,1,1,A3,A3,481,522,125.0,severity_heavy
0.9999999999999999,1.0,1,1,A3,A3,481,522,150.0,equal
0.9999999999999999,1.0,1,1,A3,A3,481,522,150.0,criticality_heavy
0.9999999999999999,1.0,1,1,A3,A3,481,522,150.0,throughput_heavy
0.9999999999999999,1.0,1,1,A3,A3,481,522,150.0,severity_heavy
1.0,1.0,1,1,A3,A3,482,523,100.0,equal
1.0,1.0,1,1,A3,A3,482,523,100.0,criticality_heavy
1.0,1.0,1,1,A3,A3,482,523,100.0,throughput_heavy
1.0,1.0,1,1,A3,A3,482,523,100.0,severity_heavy
1.0,1.0,1,1,A3,A3,482,523,125.0,equal
1.0,1.0,1,1,A3,A3,482,523,125.0,criticality_heavy
1.0,1.0,1,1,A3,A3,482,523,125.0,throughput_heavy
1.0,1.0,1,1,A3,A3,482,523,125.0,severity_heavy
0.9746794344808964,0.9486832980505138,0,1,A3,A3,482,523,150.0,equal
0.9746794344808964,0.9486832980505138,0,1,A3,A3,482,523,150.0,criticality_heavy
0.9746794344808964,0.9486832980505138,0,1,A3,A3,482,523,150.0,throughput_heavy
0.9746794344808964,0.9486832980505138,0,1,A3,A3,482,523,150.0,severity_heavy
0.8947368421052632,0.7777777777777778,0,1,A5,A5,483,524,100.0,equal
0.8947368421052632,0.7777777777777778,0,1,A5,A5,483,524,100.0,criticality_heavy
0.8947368421052632,0.7777777777777778,0,1,A5,A5,483,524,100.0,throughput_heavy
0.8947368421052632,0.7777777777777778,0,1,A5,A5,483,524,100.0,severity_heavy
1.0,1.0,1,1,A5,A5,483,524,125.0,equal
1.0,1.0,1,1,A5,A5,483,524,125.0,criticality_heavy
1.0,1.0,1,1,A5,A5,483,524,125.0,throughput_heavy
1.0,1.0,1,1,A5,A5,483,524,125.0,severity_heavy
0.8720815992723809,0.7378647873726218,0,0,A5,A2,483,524,150.0,equal
0.8720815992723809,0.7378647873726218,0,0,A5,A2,483,524,150.0,criticality_heavy
0.8720815992723809,0.7378647873726218,0,0,A5,A2,483,524,150.0,throughput_heavy
0.8720815992723809,0.7378647873726218,0,0,A5,A2,483,524,150.0,severity_heavy
0.9746794344808963,0.9486832980505138,0,1,A1,A1,484,525,100.0,equal
0.9746794344808963,0.9486832980505138,0,1,A1,A1,484,525,100.0,criticality_heavy
0.9746794344808963,0.9486832980505138,0,1,A1,A1,484,525,100.0,throughput_heavy
0.9746794344808963,0.9486832980505138,0,1,A1,A1,484,525,100.0,severity_heavy
0.9999999999999999,1.0,1,1,A1,A1,484,525,125.0,equal
0.9999999999999999,1.0,1,1,A1,A1,484,525,125.0,criticality_heavy
0.9999999999999999,1.0,1,1,A1,A1,484,525,125.0,throughput_heavy
0.9999999999999999,1.0,1,1,A1,A1,484,525,125.0,severity_heavy
0.9999999999999999,1.0,1,1,A1,A1,484,525,150.0,equal
0.9999999999999999,1.0,1,1,A1,A1,484,525,150.0,criticality_heavy
0.9999999999999999,1.0,1,1,A1,A1,484,525,150.0,throughput_heavy
0.9999999999999999,1.0,1,1,A1,A1,484,525,150.0,severity_heavy
0.9746794344808963,0.9486832980505138,0,1,A2,A2,485,526,100.0,equal
0.9746794344808963,0.9486832980505138,0,1,A2,A2,485,526,100.0,criticality_heavy
0.9746794344808963,0.9486832980505138,0,1,A2,A2,485,526,100.0,throughput_heavy
0.9746794344808963,0.9486832980505138,0,1,A2,A2,485,526,100.0,severity_heavy
0.9999999999999999,1.0,1,1,A2,A2,485,526,125.0,equal
0.9999999999999999,1.0,1,1,A2,A2,485,526,125.0,criticality_heavy
0.9999999999999999,1.0,1,1,A2,A2,485,526,125.0,throughput_heavy
0.9999999999999999,1.0,1,1,A2,A2,485,526,125.0,severity_heavy
0.9999999999999999,1.0,1,1,A2,A2,485,526,150.0,equal
0.9999999999999999,1.0,1,1,A2,A2,485,526,150.0,criticality_heavy
0.9999999999999999,1.0,1,1,A2,A2,485,526,150.0,throughput_heavy
0.9999999999999999,1.0,1,1,A2,A2,485,526,150.0,severity_heavy
1.0,1.0,1,1,A2,A2,486,527,100.0,equal
1.0,1.0,1,1,A2,A2,486,527,100.0,criticality_heavy
1.0,1.0,1,1,A2,A2,486,527,100.0,throughput_heavy
1.0,1.0,1,1,A2,A2,486,527,100.0,severity_heavy
1.0,1.0,1,1,A2,A2,486,527,125.0,equal
1.0,1.0,1,1,A2,A2,486,527,125.0,criticality_heavy
1.0,1.0,1,1,A2,A2,486,527,125.0,throughput_heavy
1.0,1.0,1,1,A2,A2,486,527,125.0,severity_heavy
0.9746794344808964,0.9486832980505138,0,1,A2,A2,486,527,150.0,equal
0.9746794344808964,0.9486832980505138,0,1,A2,A2,486,527,150.0,criticality_heavy
0.9746794344808964,0.9486832980505138,0,1,A2,A2,486,527,150.0,throughput_heavy
0.9746794344808964,0.9486832980505138,0,1,A2,A2,486,527,150.0,severity_heavy
0.9746794344808963,0.9486832980505138,0,1,A4,A4,487,528,100.0,equal
0.9746794344808963,0.9486832980505138,0,1,A4,A4,487,528,100.0,criticality_heavy
0.9746794344808963,0.9486832980505138,0,1,A4,A4,487,528,100.0,throughput_heavy
0.9746794344808963,0.9486832980505138,0,1,A4,A4,487,528,100.0,severity_heavy
0.9999999999999999,1.0,1,1,A4,A4,487,528,125.0,equal
0.9999999999999999,1.0,1,1,A4,A4,487,528,125.0,criticality_heavy
0.9999999999999999,1.0,1,1,A4,A4,487,528,125.0,throughput_heavy
0.9999999999999999,1.0,1,1,A4,A4,487,528,125.0,severity_heavy
0.8999999999999998,0.8,0,0,A4,A5,487,528,150.0,equal
0.8999999999999998,0.8,0,0,A4,A5,487,528,150.0,criticality_heavy
0.8999999999999998,0.8,0,0,A4,A5,487,528,150.0,throughput_heavy
0.9999999999999999,1.0,1,1,A4,A4,487,528,150.0,severity_heavy
0.8720815992723809,0.7378647873726218,0,1,A3,A3,488,529,100.0,equal
0.8720815992723809,0.7378647873726218,0,1,A3,A3,488,529,100.0,criticality_heavy
0.8720815992723809,0.7378647873726218,0,1,A3,A3,488,529,100.0,throughput_heavy
0.8720815992723809,0.7378647873726218,0,1,A3,A3,488,529,100.0,severity_heavy
0.9999999999999999,1.0,1,1,A3,A3,488,529,125.0,equal
0.9999999999999999,1.0,1,1,A3,A3,488,529,125.0,criticality_heavy
0.9999999999999999,1.0,1,1,A3,A3,488,529,125.0,throughput_heavy
0.9999999999999999,1.0,1,1,A3,A3,488,529,125.0,severity_heavy
0.7,0.6,0,1,A3,A3,488,529,150.0,equal
0.8999999999999998,0.8,0,1,A3,A3,488,529,150.0,criticality_heavy
0.7,0.6,0,1,A3,A3,488,529,150.0,throughput_heavy
0.7,0.6,0,1,A3,A3,488,529,150.0,severity_heavy
0.8720815992723809,0.7378647873726218,0,0,A1,A5,489,530,100.0,equal
0.8720815992723809,0.7378647873726218,0,0,A1,A5,489,530,100.0,criticality_heavy
0.8720815992723809,0.7378647873726218,0,0,A1,A5,489,530,100.0,throughput_heavy
0.8720815992723809,0.7378647873726218,0,0,A1,A5,489,530,100.0,severity_heavy
0.9999999999999999,1.0,1,1,A1,A1,489,530,125.0,equal
0.9999999999999999,1.0,1,1,A1,A1,489,530,125.0,criticality_heavy
0.8999999999999998,0.8,0,0,A1,A5,489,530,125.0,throughput_heavy
0.9999999999999999,1.0,1,1,A1,A1,489,530,125.0,severity_heavy
0.8999999999999998,0.8,0,1,A1,A1,489,530,150.0,equal
0.8999999999999998,0.8,0,1,A1,A1,489,530,150.0,criticality_heavy
0.8999999999999998,0.8,0,1,A1,A1,489,530,150.0,throughput_heavy
0.8999999999999998,0.8,0,1,A1,A1,489,530,150.0,severity_heavy
1.0,1.0,1,1,A1,A1,490,531,100.0,equal
1.0,1.0,1,1,A1,A1,490,531,100.0,criticality_heavy
1.0,1.0,1,1,A1,A1,490,531,100.0,throughput_heavy
1.0,1.0,1,1,A1,A1,490,531,100.0,severity_heavy
1.0,1.0,1,1,A1,A1,490,531,125.0,equal
1.0,1.0,1,1,A1,A1,490,531,125.0,criticality_heavy
1.0,1.0,1,1,A1,A1,490,531,125.0,throughput_heavy
1.0,1.0,1,1,A1,A1,490,531,125.0,severity_heavy
0.9746794344808964,0.9486832980505138,0,1,A1,A1,490,531,150.0,equal
0.9746794344808964,0.9486832980505138,0,1,A1,A1,490,531,150.0,criticality_heavy
0.9746794344808964,0.9486832980505138,0,1,A1,A1,490,531,150.0,throughput_heavy
0.9746794344808964,0.9486832980505138,0,1,A1,A1,490,531,150.0,severity_heavy
0.8999999999999998,0.8,0,1,A5,A5,491,532,100.0,equal
0.8999999999999998,0.8,0,1,A5,A5,491,532,100.0,criticality_heavy
0.8999999999999998,0.8,0,1,A5,A5,491,532,100.0,throughput_heavy
0.8999999999999998,0.8,0,1,A5,A5,491,532,100.0,severity_heavy
0.9999999999999999,1.0,1,1,A5,A5,491,532,125.0,equal
0.9999999999999999,1.0,1,1,A5,A5,491,532,125.0,criticality_heavy
0.9999999999999999,1.0,1,1,A5,A5,491,532,125.0,throughput_heavy
0.9999999999999999,1.0,1,1,A5,A5,491,532,125.0,severity_heavy
0.8999999999999998,0.8,0,1,A5,A5,491,532,150.0,equal
0.8999999999999998,0.8,0,1,A5,A5,491,532,150.0,criticality_heavy
0.8999999999999998,0.8,0,1,A5,A5,491,532,150.0,throughput_heavy
0.8999999999999998,0.8,0,1,A5,A5,491,532,150.0,severity_heavy
0.8947368421052632,0.7777777777777778,0,0,A2,A1,492,533,100.0,equal
0.8947368421052632,0.7777777777777778,0,0,A2,A1,492,533,100.0,criticality_heavy
0.8947368421052632,0.7777777777777778,0,0,A2,A1,492,533,100.0,throughput_heavy
0.8947368421052632,0.7777777777777778,0,0,A2,A1,492,533,100.0,severity_heavy
1.0,1.0,1,1,A2,A2,492,533,125.0,equal
0.8947368421052632,0.7777777777777778,0,0,A2,A1,492,533,125.0,criticality_heavy
1.0,1.0,1,1,A2,A2,492,533,125.0,throughput_heavy
1.0,1.0,1,1,A2,A2,492,533,125.0,severity_heavy
0.9746794344808964,0.9486832980505138,0,1,A2,A2,492,533,150.0,equal
0.9746794344808964,0.9486832980505138,0,1,A2,A2,492,533,150.0,criticality_heavy
0.9746794344808964,0.9486832980505138,0,1,A2,A2,492,533,150.0,throughput_heavy
0.9746794344808964,0.9486832980505138,0,1,A2,A2,492,533,150.0,severity_heavy
1.0,1.0,1,1,A1,A1,493,534,100.0,equal
1.0,1.0,1,1,A1,A1,493,534,100.0,criticality_heavy
1.0,1.0,1,1,A1,A1,493,534,100.0,throughput_heavy
1.0,1.0,1,1,A1,A1,493,534,100.0,severity_heavy
1.0,1.0,1,1,A1,A1,493,534,125.0,equal
1.0,1.0,1,1,A1,A1,493,534,125.0,criticality_heavy
1.0,1.0,1,1,A1,A1,493,534,125.0,throughput_heavy
1.0,1.0,1,1,A1,A1,493,534,125.0,severity_heavy
0.9746794344808964,0.9486832980505138,0,1,A1,A1,493,534,150.0,equal
0.9746794344808964,0.9486832980505138,0,1,A1,A1,493,534,150.0,criticality_heavy
0.9746794344808964,0.9486832980505138,0,1,A1,A1,493,534,150.0,throughput_heavy
0.9746794344808964,0.9486832980505138,0,1,A1,A1,493,534,150.0,severity_heavy
1.0,1.0,1,1,A2,A2,494,535,100.0,equal
1.0,1.0,1,1,A2,A2,494,535,100.0,criticality_heavy
1.0,1.0,1,1,A2,A2,494,535,100.0,throughput_heavy
1.0,1.0,1,1,A2,A2,494,535,100.0,severity_heavy
1.0,1.0,1,1,A2,A2,494,535,125.0,equal
1.0,1.0,1,1,A2,A2,494,535,125.0,criticality_heavy
1.0,1.0,1,1,A2,A2,494,535,125.0,throughput_heavy
1.0,1.0,1,1,A2,A2,494,535,125.0,severity_heavy
0.9746794344808964,0.9486832980505138,0,1,A2,A2,494,535,150.0,equal
0.8720815992723809,0.7378647873726218,0,1,A2,A2,494,535,150.0,criticality_heavy
0.8720815992723809,0.7378647873726218,0,1,A2,A2,494,535,150.0,throughput_heavy
0.9746794344808964,0.9486832980505138,0,1,A2,A2,494,535,150.0,severity_heavy
0.8999999999999998,0.8,0,1,A3,A3,495,536,100.0,equal
0.8999999999999998,0.8,0,1,A3,A3,495,536,100.0,criticality_heavy
0.8999999999999998,0.8,0,1,A3,A3,495,536,100.0,throughput_heavy
0.8999999999999998,0.8,0,1,A3,A3,495,536,100.0,severity_heavy
0.9999999999999999,1.0,1,1,A3,A3,495,536,125.0,equal
0.8999999999999998,0.8,0,1,A3,A3,495,536,125.0,criticality_heavy
0.9999999999999999,1.0,1,1,A3,A3,495,536,125.0,throughput_heavy
0.9999999999999999,1.0,1,1,A3,A3,495,536,125.0,severity_heavy
0.9999999999999999,1.0,1,1,A3,A3,495,536,150.0,equal
0.9999999999999999,1.0,1,1,A3,A3,495,536,150.0,criticality_heavy
0.9999999999999999,1.0,1,1,A3,A3,495,536,150.0,throughput_heavy
0.9999999999999999,1.0,1,1,A3,A3,495,536,150.0,severity_heavy
1.0,1.0,1,1,A2,A2,496,537,100.0,equal
1.0,1.0,1,1,A2,A2,496,537,100.0,criticality_heavy
1.0,1.0,1,1,A2,A2,496,537,100.0,throughput_heavy
1.0,1.0,1,1,A2,A2,496,537,100.0,severity_heavy
1.0,1.0,1,1,A2,A2,496,537,125.0,equal
1.0,1.0,1,1,A2,A2,496,537,125.0,criticality_heavy
1.0,1.0,1,1,A2,A2,496,537,125.0,throughput_heavy
1.0,1.0,1,1,A2,A2,496,537,125.0,severity_heavy
0.9746794344808964,0.9486832980505138,0,1,A2,A2,496,537,150.0,equal
0.9746794344808964,0.9486832980505138,0,1,A2,A2,496,537,150.0,criticality_heavy
0.9746794344808964,0.9486832980505138,0,1,A2,A2,496,537,150.0,throughput_heavy
0.9746794344808964,0.9486832980505138,0,1,A2,A2,496,537,150.0,severity_heavy
1.0,1.0,1,1,A3,A3,497,538,100.0,equal
1.0,1.0,1,1,A3,A3,497,538,100.0,criticality_heavy
1.0,1.0,1,1,A3,A3,497,538,100.0,throughput_heavy
1.0,1.0,1,1,A3,A3,497,538,100.0,severity_heavy
1.0,1.0,1,1,A3,A3,497,538,125.0,equal
1.0,1.0,1,1,A3,A3,497,538,125.0,criticality_heavy
1.0,1.0,1,1,A3,A3,497,538,125.0,throughput_heavy
1.0,1.0,1,1,A3,A3,497,538,125.0,severity_heavy
0.9746794344808964,0.9486832980505138,0,1,A3,A3,497,538,150.0,equal
0.9746794344808964,0.9486832980505138,0,1,A3,A3,497,538,150.0,criticality_heavy
0.9746794344808964,0.9486832980505138,0,1,A3,A3,497,538,150.0,throughput_heavy
0.9746794344808964,0.9486832980505138,0,1,A3,A3,497,538,150.0,severity_heavy
0.9746794344808963,0.9486832980505138,0,1,A2,A2,498,539,100.0,equal
0.9746794344808963,0.9486832980505138,0,1,A2,A2,498,539,100.0,criticality_heavy
0.9746794344808963,0.9486832980505138,0,1,A2,A2,498,539,100.0,throughput_heavy
0.9746794344808963,0.9486832980505138,0,1,A2,A2,498,539,100.0,severity_heavy
0.9999999999999999,1.0,1,1,A2,A2,498,539,125.0,equal
0.9999999999999999,1.0,1,1,A2,A2,498,539,125.0,criticality_heavy
0.9999999999999999,1.0,1,1,A2,A2,498,539,125.0,throughput_heavy
0.9999999999999999,1.0,1,1,A2,A2,498,539,125.0,severity_heavy
0.9999999999999999,1.0,1,1,A2,A2,498,539,150.0,equal
0.9999999999999999,1.0,1,1,A2,A2,498,539,150.0,criticality_heavy
0.9999999999999999,1.0,1,1,A2,A2,498,539,150.0,throughput_heavy
0.9999999999999999,1.0,1,1,A2,A2,498,539,150.0,severity_heavy
0.9746794344808963,0.9486832980505138,0,1,A2,A2,499,540,100.0,equal
0.9746794344808963,0.9486832980505138,0,1,A2,A2,499,540,100.0,criticality_heavy
0.9746794344808963,0.9486832980505138,0,1,A2,A2,499,540,100.0,throughput_heavy
0.9746794344808963,0.9486832980505138,0,1,A2,A2,499,540,100.0,severity_heavy
0.9999999999999999,1.0,1,1,A2,A2,499,540,125.0,equal
0.9999999999999999,1.0,1,1,A2,A2,499,540,125.0,criticality_heavy
0.9999999999999999,1.0,1,1,A2,A2,499,540,125.0,throughput_heavy
0.9999999999999999,1.0,1,1,A2,A2,499,540,125.0,severity_heavy
0.9999999999999999,1.0,1,1,A2,A2,499,540,150.0,equal
0.9999999999999999,1.0,1,1,A2,A2,499,540,150.0,criticality_heavy
0.9999999999999999,1.0,1,1,A2,A2,499,540,150.0,throughput_heavy
0.9999999999999999,1.0,1,1,A2,A2,499,540,150.0,severity_heavy
0.9746794344808963,0.9486832980505138,0,1,A3,A3,500,541,100.0,equal
0.9746794344808963,0.9486832980505138,0,1,A3,A3,500,541,100.0,criticality_heavy
0.9746794344808963,0.9486832980505138,0,1,A3,A3,500,541,100.0,throughput_heavy
0.9746794344808963,0.9486832980505138,0,1,A3,A3,500,541,100.0,severity_heavy
0.9999999999999999,1.0,1,1,A3,A3,500,541,125.0,equal
0.9999999999999999,1.0,1,1,A3,A3,500,541,125.0,criticality_heavy
0.9999999999999999,1.0,1,1,A3,A3,500,541,125.0,throughput_heavy
0.9999999999999999,1.0,1,1,A3,A3,500,541,125.0,severity_heavy
0.9999999999999999,1.0,1,1,A3,A3,500,541,150.0,equal
0.9999999999999999,1.0,1,1,A3,A3,500,541,150.0,criticality_heavy
0.9999999999999999,1.0,1,1,A3,A3,500,541,150.0,throughput_heavy
0.9999999999999999,1.0,1,1,A3,A3,500,541,150.0,severity_heavy
0.8947368421052632,0.7777777777777778,0,0,A5,A4,501,542,100.0,equal
0.8947368421052632,0.7777777777777778,0,0,A5,A4,501,542,100.0,criticality_heavy
0.8947368421052632,0.7777777777777778,0,0,A5,A4,501,542,100.0,throughput_heavy
0.8947368421052632,0.7777777777777778,0,0,A5,A4,501,542,100.0,severity_heavy
1.0,1.0,1,1,A5,A5,501,542,125.0,equal
1.0,1.0,1,1,A5,A5,501,542,125.0,criticality_heavy
1.0,1.0,1,1,A5,A5,501,542,125.0,throughput_heavy
0.8947368421052632,0.7777777777777778,0,0,A5,A4,501,542,125.0,severity_heavy
0.9746794344808964,0.9486832980505138,0,1,A5,A5,501,542,150.0,equal
0.9746794344808964,0.9486832980505138,0,1,A5,A5,501,542,150.0,criticality_heavy
0.9746794344808964,0.9486832980505138,0,1,A5,A5,501,542,150.0,throughput_heavy
0.9746794344808964,0.9486832980505138,0,1,A5,A5,501,542,150.0,severity_heavy
0.8720815992723809,0.7378647873726218,0,1,A1,A1,502,543,100.0,equal
0.8720815992723809,0.7378647873726218,0,1,A1,A1,502,543,100.0,criticality_heavy
0.8720815992723809,0.7378647873726218,0,1,A1,A1,502,543,100.0,throughput_heavy
0.8720815992723809,0.7378647873726218,0,1,A1,A1,502,543,100.0,severity_heavy
0.9999999999999999,1.0,1,1,A1,A1,502,543,125.0,equal
0.9999999999999999,1.0,1,1,A1,A1,502,543,125.0,criticality_heavy
0.9999999999999999,1.0,1,1,A1,A1,502,543,125.0,throughput_heavy
0.9999999999999999,1.0,1,1,A1,A1,502,543,125.0,severity_heavy
0.9999999999999999,1.0,1,1,A1,A1,502,543,150.0,equal
0.9999999999999999,1.0,1,1,A1,A1,502,543,150.0,criticality_heavy
0.9999999999999999,1.0,1,1,A1,A1,502,543,150.0,throughput_heavy
0.9999999999999999,1.0,1,1,A1,A1,502,543,150.0,severity_heavy
1.0,1.0,1,1,A1,A1,503,544,100.0,equal
1.0,1.0,1,1,A1,A1,503,544,100.0,criticality_heavy
1.0,1.0,1,1,A1,A1,503,544,100.0,throughput_heavy
1.0,1.0,1,1,A1,A1,503,544,100.0,severity_heavy
1.0,1.0,1,1,A1,A1,503,544,125.0,equal
1.0,1.0,1,1,A1,A1,503,544,125.0,criticality_heavy
1.0,1.0,1,1,A1,A1,503,544,125.0,throughput_heavy
1.0,1.0,1,1,A1,A1,503,544,125.0,severity_heavy
0.8720815992723809,0.7378647873726218,0,0,A1,A2,503,544,150.0,equal
0.9746794344808964,0.9486832980505138,0,1,A1,A1,503,544,150.0,criticality_heavy
0.8720815992723809,0.7378647873726218,0,0,A1,A2,503,544,150.0,throughput_heavy
0.8720815992723809,0.7378647873726218,0,0,A1,A2,503,544,150.0,severity_heavy
1.0,1.0,1,1,A3,A3,504,545,100.0,equal
1.0,1.0,1,1,A3,A3,504,545,100.0,criticality_heavy
1.0,1.0,1,1,A3,A3,504,545,100.0,throughput_heavy
1.0,1.0,1,1,A3,A3,504,545,100.0,severity_heavy
1.0,1.0,1,1,A3,A3,504,545,125.0,equal
1.0,1.0,1,1,A3,A3,504,545,125.0,criticality_heavy
1.0,1.0,1,1,A3,A3,504,545,125.0,throughput_heavy
1.0,1.0,1,1,A3,A3,504,545,125.0,severity_heavy
0.9746794344808964,0.9486832980505138,0,1,A3,A3,504,545,150.0,equal
0.9746794344808964,0.9486832980505138,0,1,A3,A3,504,545,150.0,criticality_heavy
0.9746794344808964,0.9486832980505138,0,1,A3,A3,504,545,150.0,throughput_heavy
0.9746794344808964,0.9486832980505138,0,1,A3,A3,504,545,150.0,severity_heavy
0.8947368421052632,0.7777777777777778,0,1,A1,A1,505,546,100.0,equal
0.8947368421052632,0.7777777777777778,0,1,A1,A1,505,546,100.0,criticality_heavy
0.8947368421052632,0.7777777777777778,0,1,A1,A1,505,546,100.0,throughput_heavy
0.8947368421052632,0.7777777777777778,0,1,A1,A1,505,546,100.0,severity_heavy
1.0,1.0,1,1,A1,A1,505,546,125.0,equal
1.0,1.0,1,1,A1,A1,505,546,125.0,criticality_heavy
1.0,1.0,1,1,A1,A1,505,546,125.0,throughput_heavy
1.0,1.0,1,1,A1,A1,505,546,125.0,severity_heavy
0.9746794344808964,0.9486832980505138,0,1,A1,A1,505,546,150.0,equal
0.9746794344808964,0.9486832980505138,0,1,A1,A1,505,546,150.0,criticality_heavy
0.9746794344808964,0.9486832980505138,0,1,A1,A1,505,546,150.0,throughput_heavy
0.9746794344808964,0.9486832980505138,0,1,A1,A1,505,546,150.0,severity_heavy
1.0,1.0,1,1,A3,A3,506,547,100.0,equal
1.0,1.0,1,1,A3,A3,506,547,100.0,criticality_heavy
1.0,1.0,1,1,A3,A3,506,547,100.0,throughput_heavy
1.0,1.0,1,1,A3,A3,506,547,100.0,severity_heavy
1.0,1.0,1,1,A3,A3,506,547,125.0,equal
1.0,1.0,1,1,A3,A3,506,547,125.0,criticality_heavy
1.0,1.0,1,1,A3,A3,506,547,125.0,throughput_heavy
1.0,1.0,1,1,A3,A3,506,547,125.0,severity_heavy
0.9746794344808964,0.9486832980505138,0,1,A3,A3,506,547,150.0,equal
0.9746794344808964,0.9486832980505138,0,1,A3,A3,506,547,150.0,criticality_heavy
0.9746794344808964,0.9486832980505138,0,1,A3,A3,506,547,150.0,throughput_heavy
0.9746794344808964,0.9486832980505138,0,1,A3,A3,506,547,150.0,severity_heavy
0.8720815992723809,0.7378647873726218,0,0,A2,A5,507,548,100.0,equal
0.8720815992723809,0.7378647873726218,0,0,A2,A5,507,548,100.0,criticality_heavy
0.8720815992723809,0.7378647873726218,0,0,A2,A5,507,548,100.0,throughput_heavy
0.9746794344808963,0.9486832980505138,0,1,A2,A2,507,548,100.0,severity_heavy
0.9999999999999999,1.0,1,1,A2,A2,507,548,125.0,equal
0.9999999999999999,1.0,1,1,A2,A2,507,548,125.0,criticality_heavy
0.9999999999999999,1.0,1,1,A2,A2,507,548,125.0,throughput_heavy
0.9999999999999999,1.0,1,1,A2,A2,507,548,125.0,severity_heavy
0.9999999999999999,1.0,1,1,A2,A2,507,548,150.0,equal
0.9999999999999999,1.0,1,1,A2,A2,507,548,150.0,criticality_heavy
0.9999999999999999,1.0,1,1,A2,A2,507,548,150.0,throughput_heavy
0.9999999999999999,1.0,1,1,A2,A2,507,548,150.0,severity_heavy
0.9746794344808963,0.9486832980505138,0,1,A4,A4,508,549,100.0,equal
0.9746794344808963,0.9486832980505138,0,1,A4,A4,508,549,100.0,criticality_heavy
0.9746794344808963,0.9486832980505138,0,1,A4,A4,508,549,100.0,throughput_heavy
0.9746794344808963,0.9486832980505138,0,1,A4,A4,508,549,100.0,severity_heavy
0.9999999999999999,1.0,1,1,A4,A4,508,549,125.0,equal
0.9999999999999999,1.0,1,1,A4,A4,508,549,125.0,criticality_heavy
0.9999999999999999,1.0,1,1,A4,A4,508,549,125.0,throughput_heavy
0.9999999999999999,1.0,1,1,A4,A4,508,549,125.0,severity_heavy
0.9999999999999999,1.0,1,1,A4,A4,508,549,150.0,equal
0.8999999999999998,0.8,0,0,A4,A5,508,549,150.0,criticality_heavy
0.8999999999999998,0.8,0,0,A4,A5,508,549,150.0,throughput_heavy
0.9999999999999999,1.0,1,1,A4,A4,508,549,150.0,severity_heavy
1.0,1.0,1,1,A2,A2,509,550,100.0,equal
1.0,1.0,1,1,A2,A2,509,550,100.0,criticality_heavy
1.0,1.0,1,1,A2,A2,509,550,100.0,throughput_heavy
1.0,1.0,1,1,A2,A2,509,550,100.0,severity_heavy
1.0,1.0,1,1,A2,A2,509,550,125.0,equal
1.0,1.0,1,1,A2,A2,509,550,125.0,criticality_heavy
1.0,1.0,1,1,A2,A2,509,550,125.0,throughput_heavy
1.0,1.0,1,1,A2,A2,509,550,125.0,severity_heavy
0.9746794344808964,0.9486832980505138,0,1,A2,A2,509,550,150.0,equal
0.9746794344808964,0.9486832980505138,0,1,A2,A2,509,550,150.0,criticality_heavy
0.9746794344808964,0.9486832980505138,0,1,A2,A2,509,550,150.0,throughput_heavy
0.9746794344808964,0.9486832980505138,0,1,A2,A2,509,550,150.0,severity_heavy
1.0,1.0,1,1,A5,A5,510,551,100.0,equal
1.0,1.0,1,1,A5,A5,510,551,100.0,criticality_heavy
1.0,1.0,1,1,A5,A5,510,551,100.0,throughput_heavy
1.0,1.0,1,1,A5,A5,510,551,100.0,severity_heavy
1.0,1.0,1,1,A5,A5,510,551,125.0,equal
1.0,1.0,1,1,A5,A5,510,551,125.0,criticality_heavy
1.0,1.0,1,1,A5,A5,510,551,125.0,throughput_heavy
1.0,1.0,1,1,A5,A5,510,551,125.0,severity_heavy
0.9746794344808964,0.9486832980505138,0,1,A5,A5,510,551,150.0,equal
0.9746794344808964,0.9486832980505138,0,1,A5,A5,510,551,150.0,criticality_heavy
0.9746794344808964,0.9486832980505138,0,1,A5,A5,510,551,150.0,throughput_heavy
0.9746794344808964,0.9486832980505138,0,1,A5,A5,510,551,150.0,severity_heavy
0.9746794344808963,0.9486832980505138,0,1,A1,A1,511,552,100.0,equal
0.9746794344808963,0.9486832980505138,0,1,A1,A1,511,552,100.0,criticality_heavy
0.9746794344808963,0.9486832980505138,0,1,A1,A1,511,552,100.0,throughput_heavy
0.9746794344808963,0.9486832980505138,0,1,A1,A1,511,552,100.0,severity_heavy
0.9999999999999999,1.0,1,1,A1,A1,511,552,125.0,equal
0.9999999999999999,1.0,1,1,A1,A1,511,552,125.0,criticality_heavy
0.9999999999999999,1.0,1,1,A1,A1,511,552,125.0,throughput_heavy
0.9999999999999999,1.0,1,1,A1,A1,511,552,125.0,severity_heavy
0.9999999999999999,1.0,1,1,A1,A1,511,552,150.0,equal
0.9999999999999999,1.0,1,1,A1,A1,511,552,150.0,criticality_heavy
0.9999999999999999,1.0,1,1,A1,A1,511,552,150.0,throughput_heavy
0.9999999999999999,1.0,1,1,A1,A1,511,552,150.0,severity_heavy
1.0,1.0,1,1,A2,A2,512,553,100.0,equal
1.0,1.0,1,1,A2,A2,512,553,100.0,criticality_heavy
1.0,1.0,1,1,A2,A2,512,553,100.0,throughput_heavy
1.0,1.0,1,1,A2,A2,512,553,100.0,severity_heavy
1.0,1.0,1,1,A2,A2,512,553,125.0,equal
1.0,1.0,1,1,A2,A2,512,553,125.0,criticality_heavy
1.0,1.0,1,1,A2,A2,512,553,125.0,throughput_heavy
1.0,1.0,1,1,A2,A2,512,553,125.0,severity_heavy
0.9746794344808964,0.9486832980505138,0,1,A2,A2,512,553,150.0,equal
0.9746794344808964,0.9486832980505138,0,1,A2,A2,512,553,150.0,criticality_heavy
0.9746794344808964,0.9486832980505138,0,1,A2,A2,512,553,150.0,throughput_heavy
0.9746794344808964,0.9486832980505138,0,1,A2,A2,512,553,150.0,severity_heavy
0.9746794344808963,0.9486832980505138,0,1,A5,A5,513,554,100.0,equal
0.9746794344808963,0.9486832980505138,0,1,A5,A5,513,554,100.0,criticality_heavy
0.9746794344808963,0.9486832980505138,0,1,A5,A5,513,554,100.0,throughput_heavy
0.9746794344808963,0.9486832980505138,0,1,A5,A5,513,554,100.0,severity_heavy
0.9999999999999999,1.0,1,1,A5,A5,513,554,125.0,equal
0.9999999999999999,1.0,1,1,A5,A5,513,554,125.0,criticality_heavy
0.9999999999999999,1.0,1,1,A5,A5,513,554,125.0,throughput_heavy
0.9999999999999999,1.0,1,1,A5,A5,513,554,125.0,severity_heavy
0.8999999999999998,0.8,0,1,A5,A5,513,554,150.0,equal
0.8999999999999998,0.8,0,1,A5,A5,513,554,150.0,criticality_heavy
0.8999999999999998,0.8,0,1,A5,A5,513,554,150.0,throughput_heavy
0.8999999999999998,0.8,0,1,A5,A5,513,554,150.0,severity_heavy
0.9746794344808963,0.9486832980505138,0,1,A1,A1,514,555,100.0,equal
0.9746794344808963,0.9486832980505138,0,1,A1,A1,514,555,100.0,criticality_heavy
0.9746794344808963,0.9486832980505138,0,1,A1,A1,514,555,100.0,throughput_heavy
0.9746794344808963,0.9486832980505138,0,1,A1,A1,514,555,100.0,severity_heavy
0.9999999999999999,1.0,1,1,A1,A1,514,555,125.0,equal
0.9999999999999999,1.0,1,1,A1,A1,514,555,125.0,criticality_heavy
0.9999999999999999,1.0,1,1,A1,A1,514,555,125.0,throughput_heavy
0.9999999999999999,1.0,1,1,A1,A1,514,555,125.0,severity_heavy
0.9999999999999999,1.0,1,1,A1,A1,514,555,150.0,equal
0.9999999999999999,1.0,1,1,A1,A1,514,555,150.0,criticality_heavy
0.9999999999999999,1.0,1,1,A1,A1,514,555,150.0,throughput_heavy
0.9999999999999999,1.0,1,1,A1,A1,514,555,150.0,severity_heavy
0.9746794344808963,0.9486832980505138,0,1,A1,A1,515,556,100.0,equal
0.9746794344808963,0.9486832980505138,0,1,A1,A1,515,556,100.0,criticality_heavy
0.9746794344808963,0.9486832980505138,0,1,A1,A1,515,556,100.0,throughput_heavy
0.9746794344808963,0.9486832980505138,0,1,A1,A1,515,556,100.0,severity_heavy
0.9999999999999999,1.0,1,1,A1,A1,515,556,125.0,equal
0.9999999999999999,1.0,1,1,A1,A1,515,556,125.0,criticality_heavy
0.9999999999999999,1.0,1,1,A1,A1,515,556,125.0,throughput_heavy
0.9999999999999999,1.0,1,1,A1,A1,515,556,125.0,severity_heavy
0.9999999999999999,1.0,1,1,A1,A1,515,556,150.0,equal
0.9999999999999999,1.0,1,1,A1,A1,515,556,150.0,criticality_heavy
0.9999999999999999,1.0,1,1,A1,A1,515,556,150.0,throughput_heavy
0.8999999999999998,0.8,0,1,A1,A1,515,556,150.0,severity_heavy
0.9746794344808963,0.9486832980505138,0,1,A2,A2,516,557,100.0,equal
0.9746794344808963,0.9486832980505138,0,1,A2,A2,516,557,100.0,criticality_heavy
0.9746794344808963,0.9486832980505138,0,1,A2,A2,516,557,100.0,throughput_heavy
0.9746794344808963,0.9486832980505138,0,1,A2,A2,516,557,100.0,severity_heavy
0.9999999999999999,1.0,1,1,A2,A2,516,557,125.0,equal
0.9999999999999999,1.0,1,1,A2,A2,516,557,125.0,criticality_heavy
0.9999999999999999,1.0,1,1,A2,A2,516,557,125.0,throughput_heavy
0.9999999999999999,1.0,1,1,A2,A2,516,557,125.0,severity_heavy
0.8999999999999998,0.8,0,1,A2,A2,516,557,150.0,equal
0.8999999999999998,0.8,0,1,A2,A2,516,557,150.0,criticality_heavy
0.8999999999999998,0.8,0,1,A2,A2,516,557,150.0,throughput_heavy
0.8999999999999998,0.8,0,1,A2,A2,516,557,150.0,severity_heavy
0.9746794344808963,0.9486832980505138,0,1,A2,A2,517,558,100.0,equal
0.9746794344808963,0.9486832980505138,0,1,A2,A2,517,558,100.0,criticality_heavy
0.9746794344808963,0.9486832980505138,0,1,A2,A2,517,558,100.0,throughput_heavy
0.9746794344808963,0.9486832980505138,0,1,A2,A2,517,558,100.0,severity_heavy
0.9999999999999999,1.0,1,1,A2,A2,517,558,125.0,equal
0.9999999999999999,1.0,1,1,A2,A2,517,558,125.0,criticality_heavy
0.9999999999999999,1.0,1,1,A2,A2,517,558,125.0,throughput_heavy
0.9999999999999999,1.0,1,1,A2,A2,517,558,125.0,severity_heavy
0.9999999999999999,1.0,1,1,A2,A2,517,558,150.0,equal
0.9999999999999999,1.0,1,1,A2,A2,517,558,150.0,criticality_heavy
0.9999999999999999,1.0,1,1,A2,A2,517,558,150.0,throughput_heavy
0.9999999999999999,1.0,1,1,A2,A2,517,558,150.0,severity_heavy
1.0,1.0,1,1,A2,A2,518,559,100.0,equal
1.0,1.0,1,1,A2,A2,518,559,100.0,criticality_heavy
1.0,1.0,1,1,A2,A2,518,559,100.0,throughput_heavy
1.0,1.0,1,1,A2,A2,518,559,100.0,severity_heavy
1.0,1.0,1,1,A2,A2,518,559,125.0,equal
1.0,1.0,1,1,A2,A2,518,559,125.0,criticality_heavy
1.0,1.0,1,1,A2,A2,518,559,125.0,throughput_heavy
1.0,1.0,1,1,A2,A2,518,559,125.0,severity_heavy
0.9746794344808964,0.9486832980505138,0,1,A2,A2,518,559,150.0,equal
0.9746794344808964,0.9486832980505138,0,1,A2,A2,518,559,150.0,criticality_heavy
0.9746794344808964,0.9486832980505138,0,1,A2,A2,518,559,150.0,throughput_heavy
0.9746794344808964,0.9486832980505138,0,1,A2,A2,518,559,150.0,severity_heavy
0.9746794344808963,0.9486832980505138,0,1,A2,A2,519,560,100.0,equal
0.9746794344808963,0.9486832980505138,0,1,A2,A2,519,560,100.0,criticality_heavy
0.9746794344808963,0.9486832980505138,0,1,A2,A2,519,560,100.0,throughput_heavy
0.9746794344808963,0.9486832980505138,0,1,A2,A2,519,560,100.0,severity_heavy
0.9999999999999999,1.0,1,1,A2,A2,519,560,125.0,equal
0.9999999999999999,1.0,1,1,A2,A2,519,560,125.0,criticality_heavy
0.9999999999999999,1.0,1,1,A2,A2,519,560,125.0,throughput_heavy
0.9999999999999999,1.0,1,1,A2,A2,519,560,125.0,severity_heavy
0.9999999999999999,1.0,1,1,A2,A2,519,560,150.0,equal
0.9999999999999999,1.0,1,1,A2,A2,519,560,150.0,criticality_heavy
0.9999999999999999,1.0,1,1,A2,A2,519,560,150.0,throughput_heavy
0.9999999999999999,1.0,1,1,A2,A2,519,560,150.0,severity_heavy
1.0,1.0,1,1,A1,A1,520,561,100.0,equal
1.0,1.0,1,1,A1,A1,520,561,100.0,criticality_heavy
1.0,1.0,1,1,A1,A1,520,561,100.0,throughput_heavy
1.0,1.0,1,1,A1,A1,520,561,100.0,severity_heavy
1.0,1.0,1,1,A1,A1,520,561,125.0,equal
1.0,1.0,1,1,A1,A1,520,561,125.0,criticality_heavy
1.0,1.0,1,1,A1,A1,520,561,125.0,throughput_heavy
1.0,1.0,1,1,A1,A1,520,561,125.0,severity_heavy
0.9746794344808964,0.9486832980505138,0,1,A1,A1,520,561,150.0,equal
0.9746794344808964,0.9486832980505138,0,1,A1,A1,520,561,150.0,criticality_heavy
0.9746794344808964,0.9486832980505138,0,1,A1,A1,520,561,150.0,throughput_heavy
0.9746794344808964,0.9486832980505138,0,1,A1,A1,520,561,150.0,severity_heavy
0.9746794344808963,0.9486832980505138,0,1,A3,A3,521,562,100.0,equal
0.9746794344808963,0.9486832980505138,0,1,A3,A3,521,562,100.0,criticality_heavy
0.9746794344808963,0.9486832980505138,0,1,A3,A3,521,562,100.0,throughput_heavy
0.9746794344808963,0.9486832980505138,0,1,A3,A3,521,562,100.0,severity_heavy
0.9999999999999999,1.0,1,1,A3,A3,521,562,125.0,equal
0.9999999999999999,1.0,1,1,A3,A3,521,562,125.0,criticality_heavy
0.9999999999999999,1.0,1,1,A3,A3,521,562,125.0,throughput_heavy
0.9999999999999999,1.0,1,1,A3,A3,521,562,125.0,severity_heavy
0.9999999999999999,1.0,1,1,A3,A3,521,562,150.0,equal
0.8999999999999998,0.8,0,0,A3,A2,521,562,150.0,criticality_heavy
0.8999999999999998,0.8,0,0,A3,A2,521,562,150.0,throughput_heavy
0.9999999999999999,1.0,1,1,A3,A3,521,562,150.0,severity_heavy
1.0,1.0,1,1,A2,A2,522,563,100.0,equal
1.0,1.0,1,1,A2,A2,522,563,100.0,criticality_heavy
1.0,1.0,1,1,A2,A2,522,563,100.0,throughput_heavy
1.0,1.0,1,1,A2,A2,522,563,100.0,severity_heavy
1.0,1.0,1,1,A2,A2,522,563,125.0,equal
1.0,1.0,1,1,A2,A2,522,563,125.0,criticality_heavy
1.0,1.0,1,1,A2,A2,522,563,125.0,throughput_heavy
1.0,1.0,1,1,A2,A2,522,563,125.0,severity_heavy
0.9746794344808964,0.9486832980505138,0,1,A2,A2,522,563,150.0,equal
0.9746794344808964,0.9486832980505138,0,1,A2,A2,522,563,150.0,criticality_heavy
0.9746794344808964,0.9486832980505138,0,1,A2,A2,522,563,150.0,throughput_heavy
0.9746794344808964,0.9486832980505138,0,1,A2,A2,522,563,150.0,severity_heavy
0.8947368421052632,0.7777777777777778,0,1,A3,A3,523,564,100.0,equal
0.8947368421052632,0.7777777777777778,0,1,A3,A3,523,564,100.0,criticality_heavy
0.8947368421052632,0.7777777777777778,0,1,A3,A3,523,564,100.0,throughput_heavy
0.8947368421052632,0.7777777777777778,0,1,A3,A3,523,564,100.0,severity_heavy
1.0,1.0,1,1,A3,A3,523,564,125.0,equal
1.0,1.0,1,1,A3,A3,523,564,125.0,criticality_heavy
1.0,1.0,1,1,A3,A3,523,564,125.0,throughput_heavy
1.0,1.0,1,1,A3,A3,523,564,125.0,severity_heavy
0.9746794344808964,0.9486832980505138,0,1,A3,A3,523,564,150.0,equal
0.9746794344808964,0.9486832980505138,0,1,A3,A3,523,564,150.0,criticality_heavy
0.9746794344808964,0.9486832980505138,0,1,A3,A3,523,564,150.0,throughput_heavy
0.9746794344808964,0.9486832980505138,0,1,A3,A3,523,564,150.0,severity_heavy
0.9746794344808963,0.9486832980505138,0,1,A3,A3,524,565,100.0,equal
0.9746794344808963,0.9486832980505138,0,1,A3,A3,524,565,100.0,criticality_heavy
0.9746794344808963,0.9486832980505138,0,1,A3,A3,524,565,100.0,throughput_heavy
0.9746794344808963,0.9486832980505138,0,1,A3,A3,524,565,100.0,severity_heavy
0.9999999999999999,1.0,1,1,A3,A3,524,565,125.0,equal
0.9999999999999999,1.0,1,1,A3,A3,524,565,125.0,criticality_heavy
0.9999999999999999,1.0,1,1,A3,A3,524,565,125.0,throughput_heavy
0.9999999999999999,1.0,1,1,A3,A3,524,565,125.0,severity_heavy
0.9999999999999999,1.0,1,1,A3,A3,524,565,150.0,equal
0.9999999999999999,1.0,1,1,A3,A3,524,565,150.0,criticality_heavy
0.9999999999999999,1.0,1,1,A3,A3,524,565,150.0,throughput_heavy
0.8999999999999998,0.8,0,1,A3,A3,524,565,150.0,severity_heavy
1.0,1.0,1,1,A3,A3,525,566,100.0,equal
1.0,1.0,1,1,A3,A3,525,566,100.0,criticality_heavy
1.0,1.0,1,1,A3,A3,525,566,100.0,throughput_heavy
1.0,1.0,1,1,A3,A3,525,566,100.0,severity_heavy
1.0,1.0,1,1,A3,A3,525,566,125.0,equal
1.0,1.0,1,1,A3,A3,525,566,125.0,criticality_heavy
1.0,1.0,1,1,A3,A3,525,566,125.0,throughput_heavy
1.0,1.0,1,1,A3,A3,525,566,125.0,severity_heavy
0.9746794344808964,0.9486832980505138,0,1,A3,A3,525,566,150.0,equal
0.9746794344808964,0.9486832980505138,0,1,A3,A3,525,566,150.0,criticality_heavy
0.9746794344808964,0.9486832980505138,0,1,A3,A3,525,566,150.0,throughput_heavy
0.9746794344808964,0.9486832980505138,0,1,A3,A3,525,566,150.0,severity_heavy
0.8947368421052632,0.7777777777777778,0,0,A2,A5,526,567,100.0,equal
0.8947368421052632,0.7777777777777778,0,0,A2,A5,526,567,100.0,criticality_heavy
0.8947368421052632,0.7777777777777778,0,0,A2,A5,526,567,100.0,throughput_heavy
0.8947368421052632,0.7777777777777778,0,0,A2,A5,526,567,100.0,severity_heavy
1.0,1.0,1,1,A2,A2,526,567,125.0,equal
1.0,1.0,1,1,A2,A2,526,567,125.0,criticality_heavy
1.0,1.0,1,1,A2,A2,526,567,125.0,throughput_heavy
1.0,1.0,1,1,A2,A2,526,567,125.0,severity_heavy
0.9746794344808964,0.9486832980505138,0,1,A2,A2,526,567,150.0,equal
0.9746794344808964,0.9486832980505138,0,1,A2,A2,526,567,150.0,criticality_heavy
0.9746794344808964,0.9486832980505138,0,1,A2,A2,526,567,150.0,throughput_heavy
0.9746794344808964,0.9486832980505138,0,1,A2,A2,526,567,150.0,severity_heavy
1.0,1.0,1,1,A5,A5,527,568,100.0,equal
1.0,1.0,1,1,A5,A5,527,568,100.0,criticality_heavy
1.0,1.0,1,1,A5,A5,527,568,100.0,throughput_heavy
1.0,1.0,1,1,A5,A5,527,568,100.0,severity_heavy
1.0,1.0,1,1,A5,A5,527,568,125.0,equal
1.0,1.0,1,1,A5,A5,527,568,125.0,criticality_heavy
1.0,1.0,1,1,A5,A5,527,568,125.0,throughput_heavy
1.0,1.0,1,1,A5,A5,527,568,125.0,severity_heavy
0.9746794344808964,0.9486832980505138,0,1,A5,A5,527,568,150.0,equal
0.9746794344808964,0.9486832980505138,0,1,A5,A5,527,568,150.0,criticality_heavy
0.9746794344808964,0.9486832980505138,0,1,A5,A5,527,568,150.0,throughput_heavy
0.9746794344808964,0.9486832980505138,0,1,A5,A5,527,568,150.0,severity_heavy
0.9746794344808963,0.9486832980505138,0,1,A2,A2,528,569,100.0,equal
0.9746794344808963,0.9486832980505138,0,1,A2,A2,528,569,100.0,criticality_heavy
0.9746794344808963,0.9486832980505138,0,1,A2,A2,528,569,100.0,throughput_heavy
0.9746794344808963,0.9486832980505138,0,1,A2,A2,528,569,100.0,severity_heavy
0.9999999999999999,1.0,1,1,A2,A2,528,569,125.0,equal
0.9999999999999999,1.0,1,1,A2,A2,528,569,125.0,criticality_heavy
0.9999999999999999,1.0,1,1,A2,A2,528,569,125.0,throughput_heavy
0.9999999999999999,1.0,1,1,A2,A2,528,569,125.0,severity_heavy
0.8999999999999998,0.8,0,1,A2,A2,528,569,150.0,equal
0.8999999999999998,0.8,0,1,A2,A2,528,569,150.0,criticality_heavy
0.8999999999999998,0.8,0,1,A2,A2,528,569,150.0,throughput_heavy
0.8999999999999998,0.8,0,1,A2,A2,528,569,150.0,severity_heavy
0.9746794344808963,0.9486832980505138,0,1,A3,A3,529,570,100.0,equal
0.9746794344808963,0.9486832980505138,0,1,A3,A3,529,570,100.0,criticality_heavy
0.9746794344808963,0.9486832980505138,0,1,A3,A3,529,570,100.0,throughput_heavy
0.9746794344808963,0.9486832980505138,0,1,A3,A3,529,570,100.0,severity_heavy
0.9999999999999999,1.0,1,1,A3,A3,529,570,125.0,equal
0.9999999999999999,1.0,1,1,A3,A3,529,570,125.0,criticality_heavy
0.9999999999999999,1.0,1,1,A3,A3,529,570,125.0,throughput_heavy
0.9999999999999999,1.0,1,1,A3,A3,529,570,125.0,severity_heavy
0.8999999999999998,0.8,0,1,A3,A3,529,570,150.0,equal
0.8999999999999998,0.8,0,1,A3,A3,529,570,150.0,criticality_heavy
0.9999999999999999,1.0,1,1,A3,A3,529,570,150.0,throughput_heavy
0.8999999999999998,0.8,0,1,A3,A3,529,570,150.0,severity_heavy
1.0,1.0,1,1,A1,A1,530,571,100.0,equal
1.0,1.0,1,1,A1,A1,530,571,100.0,criticality_heavy
1.0,1.0,1,1,A1,A1,530,571,100.0,throughput_heavy
1.0,1.0,1,1,A1,A1,530,571,100.0,severity_heavy
1.0,1.0,1,1,A1,A1,530,571,125.0,equal
1.0,1.0,1,1,A1,A1,530,571,125.0,criticality_heavy
1.0,1.0,1,1,A1,A1,530,571,125.0,throughput_heavy
1.0,1.0,1,1,A1,A1,530,571,125.0,severity_heavy
0.9746794344808964,0.9486832980505138,0,1,A1,A1,530,571,150.0,equal
0.9746794344808964,0.9486832980505138,0,1,A1,A1,530,571,150.0,criticality_heavy
0.9746794344808964,0.9486832980505138,0,1,A1,A1,530,571,150.0,throughput_heavy
0.9746794344808964,0.9486832980505138,0,1,A1,A1,530,571,150.0,severity_heavy
1.0,1.0,1,1,A1,A1,531,572,100.0,equal
1.0,1.0,1,1,A1,A1,531,572,100.0,criticality_heavy
1.0,1.0,1,1,A1,A1,531,572,100.0,throughput_heavy
1.0,1.0,1,1,A1,A1,531,572,100.0,severity_heavy
1.0,1.0,1,1,A1,A1,531,572,125.0,equal
1.0,1.0,1,1,A1,A1,531,572,125.0,criticality_heavy
1.0,1.0,1,1,A1,A1,531,572,125.0,throughput_heavy
1.0,1.0,1,1,A1,A1,531,572,125.0,severity_heavy
0.9746794344808964,0.9486832980505138,0,1,A1,A1,531,572,150.0,equal
0.9746794344808964,0.9486832980505138,0,1,A1,A1,531,572,150.0,criticality_heavy
0.9746794344808964,0.9486832980505138,0,1,A1,A1,531,572,150.0,throughput_heavy
0.9746794344808964,0.9486832980505138,0,1,A1,A1,531,572,150.0,severity_heavy
0.8947368421052632,0.7777777777777778,0,0,A3,A4,532,573,100.0,equal
0.8947368421052632,0.7777777777777778,0,0,A3,A4,532,573,100.0,criticality_heavy
0.8947368421052632,0.7777777777777778,0,0,A3,A4,532,573,100.0,throughput_heavy
0.8947368421052632,0.7777777777777778,0,0,A3,A4,532,573,100.0,severity_heavy
1.0,1.0,1,1,A3,A3,532,573,125.0,equal
1.0,1.0,1,1,A3,A3,532,573,125.0,criticality_heavy
1.0,1.0,1,1,A3,A3,532,573,125.0,throughput_heavy
1.0,1.0,1,1,A3,A3,532,573,125.0,severity_heavy
0.9746794344808964,0.9486832980505138,0,1,A3,A3,532,573,150.0,equal
0.9746794344808964,0.9486832980505138,0,1,A3,A3,532,573,150.0,criticality_heavy
0.9746794344808964,0.9486832980505138,0,1,A3,A3,532,573,150.0,throughput_heavy
0.9746794344808964,0.9486832980505138,0,1,A3,A3,532,573,150.0,severity_heavy
1.0,1.0,1,1,A2,A2,533,574,100.0,equal
1.0,1.0,1,1,A2,A2,533,574,100.0,criticality_heavy
1.0,1.0,1,1,A2,A2,533,574,100.0,throughput_heavy
1.0,1.0,1,1,A2,A2,533,574,100.0,severity_heavy
1.0,1.0,1,1,A2,A2,533,574,125.0,equal
1.0,1.0,1,1,A2,A2,533,574,125.0,criticality_heavy
1.0,1.0,1,1,A2,A2,533,574,125.0,throughput_heavy
1.0,1.0,1,1,A2,A2,533,574,125.0,severity_heavy
0.9746794344808964,0.9486832980505138,0,1,A2,A2,533,574,150.0,equal
0.9746794344808964,0.9486832980505138,0,1,A2,A2,533,574,150.0,criticality_heavy
0.9746794344808964,0.9486832980505138,0,1,A2,A2,533,574,150.0,throughput_heavy
0.9746794344808964,0.9486832980505138,0,1,A2,A2,533,574,150.0,severity_heavy
0.9746794344808963,0.9486832980505138,0,1,A2,A2,534,575,100.0,equal
0.9746794344808963,0.9486832980505138,0,1,A2,A2,534,575,100.0,criticality_heavy
0.9746794344808963,0.9486832980505138,0,1,A2,A2,534,575,100.0,throughput_heavy
0.9746794344808963,0.9486832980505138,0,1,A2,A2,534,575,100.0,severity_heavy
0.9999999999999999,1.0,1,1,A2,A2,534,575,125.0,equal
0.9999999999999999,1.0,1,1,A2,A2,534,575,125.0,criticality_heavy
0.9999999999999999,1.0,1,1,A2,A2,534,575,125.0,throughput_heavy
0.9999999999999999,1.0,1,1,A2,A2,534,575,125.0,severity_heavy
0.9999999999999999,1.0,1,1,A2,A2,534,575,150.0,equal
0.9999999999999999,1.0,1,1,A2,A2,534,575,150.0,criticality_heavy
0.9999999999999999,1.0,1,1,A2,A2,534,575,150.0,throughput_heavy
0.9999999999999999,1.0,1,1,A2,A2,534,575,150.0,severity_heavy
0.8947368421052632,0.7777777777777778,0,1,A1,A1,535,576,100.0,equal
0.8947368421052632,0.7777777777777778,0,1,A1,A1,535,576,100.0,criticality_heavy
0.8947368421052632,0.7777777777777778,0,1,A1,A1,535,576,100.0,throughput_heavy
0.8947368421052632,0.7777777777777778,0,1,A1,A1,535,576,100.0,severity_heavy
1.0,1.0,1,1,A1,A1,535,576,125.0,equal
1.0,1.0,1,1,A1,A1,535,576,125.0,criticality_heavy
1.0,1.0,1,1,A1,A1,535,576,125.0,throughput_heavy
1.0,1.0,1,1,A1,A1,535,576,125.0,severity_heavy
0.9746794344808964,0.9486832980505138,0,1,A1,A1,535,576,150.0,equal
0.9746794344808964,0.9486832980505138,0,1,A1,A1,535,576,150.0,criticality_heavy
0.9746794344808964,0.9486832980505138,0,1,A1,A1,535,576,150.0,throughput_heavy
0.9746794344808964,0.9486832980505138,0,1,A1,A1,535,576,150.0,severity_heavy
0.9746794344808963,0.9486832980505138,0,1,A1,A1,536,577,100.0,equal
0.9746794344808963,0.9486832980505138,0,1,A1,A1,536,577,100.0,criticality_heavy
0.9746794344808963,0.9486832980505138,0,1,A1,A1,536,577,100.0,throughput_heavy
0.9746794344808963,0.9486832980505138,0,1,A1,A1,536,577,100.0,severity_heavy
0.9999999999999999,1.0,1,1,A1,A1,536,577,125.0,equal
0.9999999999999999,1.0,1,1,A1,A1,536,577,125.0,criticality_heavy
0.9999999999999999,1.0,1,1,A1,A1,536,577,125.0,throughput_heavy
0.9999999999999999,1.0,1,1,A1,A1,536,577,125.0,severity_heavy
0.8999999999999998,0.8,0,1,A1,A1,536,577,150.0,equal
0.8999999999999998,0.8,0,1,A1,A1,536,577,150.0,criticality_heavy
0.8999999999999998,0.8,0,1,A1,A1,536,577,150.0,throughput_heavy
0.8999999999999998,0.8,0,1,A1,A1,536,577,150.0,severity_heavy
0.8947368421052632,0.7777777777777778,0,0,A1,A4,537,578,100.0,equal
1.0,1.0,1,1,A1,A1,537,578,100.0,criticality_heavy
0.8947368421052632,0.7777777777777778,0,0,A1,A4,537,578,100.0,throughput_heavy
0.8947368421052632,0.7777777777777778,0,0,A1,A4,537,578,100.0,severity_heavy
1.0,1.0,1,1,A1,A1,537,578,125.0,equal
1.0,1.0,1,1,A1,A1,537,578,125.0,criticality_heavy
1.0,1.0,1,1,A1,A1,537,578,125.0,throughput_heavy
1.0,1.0,1,1,A1,A1,537,578,125.0,severity_heavy
0.9746794344808964,0.9486832980505138,0,1,A1,A1,537,578,150.0,equal
0.9746794344808964,0.9486832980505138,0,1,A1,A1,537,578,150.0,criticality_heavy
0.9746794344808964,0.9486832980505138,0,1,A1,A1,537,578,150.0,throughput_heavy
0.9746794344808964,0.9486832980505138,0,1,A1,A1,537,578,150.0,severity_heavy
1.0,1.0,1,1,A2,A2,538,579,100.0,equal
1.0,1.0,1,1,A2,A2,538,579,100.0,criticality_heavy
1.0,1.0,1,1,A2,A2,538,579,100.0,throughput_heavy
1.0,1.0,1,1,A2,A2,538,579,100.0,severity_heavy
1.0,1.0,1,1,A2,A2,538,579,125.0,equal
1.0,1.0,1,1,A2,A2,538,579,125.0,criticality_heavy
1.0,1.0,1,1,A2,A2,538,579,125.0,throughput_heavy
1.0,1.0,1,1,A2,A2,538,579,125.0,severity_heavy
0.9746794344808964,0.9486832980505138,0,1,A2,A2,538,579,150.0,equal
0.9746794344808964,0.9486832980505138,0,1,A2,A2,538,579,150.0,criticality_heavy
0.9746794344808964,0.9486832980505138,0,1,A2,A2,538,579,150.0,throughput_heavy
0.9746794344808964,0.9486832980505138,0,1,A2,A2,538,579,150.0,severity_heavy
0.9746794344808963,0.9486832980505138,0,1,A2,A2,539,580,100.0,equal
0.9746794344808963,0.9486832980505138,0,1,A2,A2,539,580,100.0,criticality_heavy
0.9746794344808963,0.9486832980505138,0,1,A2,A2,539,580,100.0,throughput_heavy
0.9746794344808963,0.9486832980505138,0,1,A2,A2,539,580,100.0,severity_heavy
0.9999999999999999,1.0,1,1,A2,A2,539,580,125.0,equal
0.9999999999999999,1.0,1,1,A2,A2,539,580,125.0,criticality_heavy
0.9999999999999999,1.0,1,1,A2,A2,539,580,125.0,throughput_heavy
0.9999999999999999,1.0,1,1,A2,A2,539,580,125.0,severity_heavy
0.8999999999999998,0.8,0,1,A2,A2,539,580,150.0,equal
0.9999999999999999,1.0,1,1,A2,A2,539,580,150.0,criticality_heavy
0.9999999999999999,1.0,1,1,A2,A2,539,580,150.0,throughput_heavy
0.8999999999999998,0.8,0,1,A2,A2,539,580,150.0,severity_heavy
0.9746794344808963,0.9486832980505138,0,1,A2,A2,540,581,100.0,equal
0.9746794344808963,0.9486832980505138,0,1,A2,A2,540,581,100.0,criticality_heavy
0.9746794344808963,0.9486832980505138,0,1,A2,A2,540,581,100.0,throughput_heavy
0.9746794344808963,0.9486832980505138,0,1,A2,A2,540,581,100.0,severity_heavy
0.9999999999999999,1.0,1,1,A2,A2,540,581,125.0,equal
0.9999999999999999,1.0,1,1,A2,A2,540,581,125.0,criticality_heavy
0.9999999999999999,1.0,1,1,A2,A2,540,581,125.0,throughput_heavy
0.9999999999999999,1.0,1,1,A2,A2,540,581,125.0,severity_heavy
0.9999999999999999,1.0,1,1,A2,A2,540,581,150.0,equal
0.9999999999999999,1.0,1,1,A2,A2,540,581,150.0,criticality_heavy
0.9999999999999999,1.0,1,1,A2,A2,540,581,150.0,throughput_heavy
0.9999999999999999,1.0,1,1,A2,A2,540,581,150.0,severity_heavy
0.8720815992723809,0.7378647873726218,0,1,A3,A3,541,582,100.0,equal
0.8720815992723809,0.7378647873726218,0,1,A3,A3,541,582,100.0,criticality_heavy
0.8720815992723809,0.7378647873726218,0,1,A3,A3,541,582,100.0,throughput_heavy
0.8720815992723809,0.7378647873726218,0,1,A3,A3,541,582,100.0,severity_heavy
0.9999999999999999,1.0,1,1,A3,A3,541,582,125.0,equal
0.9999999999999999,1.0,1,1,A3,A3,541,582,125.0,criticality_heavy
0.9999999999999999,1.0,1,1,A3,A3,541,582,125.0,throughput_heavy
0.9999999999999999,1.0,1,1,A3,A3,541,582,125.0,severity_heavy
0.9999999999999999,1.0,1,1,A3,A3,541,582,150.0,equal
0.9999999999999999,1.0,1,1,A3,A3,541,582,150.0,criticality_heavy
0.9999999999999999,1.0,1,1,A3,A3,541,582,150.0,throughput_heavy
0.9999999999999999,1.0,1,1,A3,A3,541,582,150.0,severity_heavy
0.8720815992723809,0.7378647873726218,0,1,A3,A3,542,583,100.0,equal
0.8720815992723809,0.7378647873726218,0,1,A3,A3,542,583,100.0,criticality_heavy
0.8720815992723809,0.7378647873726218,0,1,A3,A3,542,583,100.0,throughput_heavy
0.8720815992723809,0.7378647873726218,0,1,A3,A3,542,583,100.0,severity_heavy
0.9999999999999999,1.0,1,1,A3,A3,542,583,125.0,equal
0.9999999999999999,1.0,1,1,A3,A3,542,583,125.0,criticality_heavy
0.9999999999999999,1.0,1,1,A3,A3,542,583,125.0,throughput_heavy
0.9999999999999999,1.0,1,1,A3,A3,542,583,125.0,severity_heavy
0.9999999999999999,1.0,1,1,A3,A3,542,583,150.0,equal
0.9999999999999999,1.0,1,1,A3,A3,542,583,150.0,criticality_heavy
0.9999999999999999,1.0,1,1,A3,A3,542,583,150.0,throughput_heavy
0.9999999999999999,1.0,1,1,A3,A3,542,583,150.0,severity_heavy
0.9746794344808963,0.9486832980505138,0,1,A3,A3,543,584,100.0,equal
0.9746794344808963,0.9486832980505138,0,1,A3,A3,543,584,100.0,criticality_heavy
0.9746794344808963,0.9486832980505138,0,1,A3,A3,543,584,100.0,throughput_heavy
0.9746794344808963,0.9486832980505138,0,1,A3,A3,543,584,100.0,severity_heavy
0.9999999999999999,1.0,1,1,A3,A3,543,584,125.0,equal
0.9999999999999999,1.0,1,1,A3,A3,543,584,125.0,criticality_heavy
0.9999999999999999,1.0,1,1,A3,A3,543,584,125.0,throughput_heavy
0.9999999999999999,1.0,1,1,A3,A3,543,584,125.0,severity_heavy
0.9999999999999999,1.0,1,1,A3,A3,543,584,150.0,equal
0.9999999999999999,1.0,1,1,A3,A3,543,584,150.0,criticality_heavy
0.9999999999999999,1.0,1,1,A3,A3,543,584,150.0,throughput_heavy
0.9999999999999999,1.0,1,1,A3,A3,543,584,150.0,severity_heavy
1.0,1.0,1,1,A5,A5,544,585,100.0,equal
1.0,1.0,1,1,A5,A5,544,585,100.0,criticality_heavy
1.0,1.0,1,1,A5,A5,544,585,100.0,throughput_heavy
1.0,1.0,1,1,A5,A5,544,585,100.0,severity_heavy
1.0,1.0,1,1,A5,A5,544,585,125.0,equal
1.0,1.0,1,1,A5,A5,544,585,125.0,criticality_heavy
1.0,1.0,1,1,A5,A5,544,585,125.0,throughput_heavy
1.0,1.0,1,1,A5,A5,544,585,125.0,severity_heavy
0.9746794344808964,0.9486832980505138,0,1,A5,A5,544,585,150.0,equal
0.9746794344808964,0.9486832980505138,0,1,A5,A5,544,585,150.0,criticality_heavy
0.9746794344808964,0.9486832980505138,0,1,A5,A5,544,585,150.0,throughput_heavy
0.9746794344808964,0.9486832980505138,0,1,A5,A5,544,585,150.0,severity_heavy
1.0,1.0,1,1,A1,A1,545,586,100.0,equal
1.0,1.0,1,1,A1,A1,545,586,100.0,criticality_heavy
1.0,1.0,1,1,A1,A1,545,586,100.0,throughput_heavy
1.0,1.0,1,1,A1,A1,545,586,100.0,severity_heavy
1.0,1.0,1,1,A1,A1,545,586,125.0,equal
1.0,1.0,1,1,A1,A1,545,586,125.0,criticality_heavy
1.0,1.0,1,1,A1,A1,545,586,125.0,throughput_heavy
1.0,1.0,1,1,A1,A1,545,586,125.0,severity_heavy
0.9746794344808964,0.9486832980505138,0,1,A1,A1,545,586,150.0,equal
0.9746794344808964,0.9486832980505138,0,1,A1,A1,545,586,150.0,criticality_heavy
0.9746794344808964,0.9486832980505138,0,1,A1,A1,545,586,150.0,throughput_heavy
0.9746794344808964,0.9486832980505138,0,1,A1,A1,545,586,150.0,severity_heavy
0.9746794344808963,0.9486832980505138,0,1,A5,A5,546,587,100.0,equal
0.9746794344808963,0.9486832980505138,0,1,A5,A5,546,587,100.0,criticality_heavy
0.9746794344808963,0.9486832980505138,0,1,A5,A5,546,587,100.0,throughput_heavy
0.9746794344808963,0.9486832980505138,0,1,A5,A5,546,587,100.0,severity_heavy
0.9999999999999999,1.0,1,1,A5,A5,546,587,125.0,equal
0.9999999999999999,1.0,1,1,A5,A5,546,587,125.0,criticality_heavy
0.9999999999999999,1.0,1,1,A5,A5,546,587,125.0,throughput_heavy
0.9999999999999999,1.0,1,1,A5,A5,546,587,125.0,severity_heavy
0.7,0.6,0,1,A5,A5,546,587,150.0,equal
0.7,0.6,0,1,A5,A5,546,587,150.0,criticality_heavy
0.7,0.6,0,1,A5,A5,546,587,150.0,throughput_heavy
0.9999999999999999,1.0,1,1,A5,A5,546,587,150.0,severity_heavy
0.8947368421052632,0.7777777777777778,0,1,A5,A5,547,588,100.0,equal
0.8947368421052632,0.7777777777777778,0,1,A5,A5,547,588,100.0,criticality_heavy
0.8947368421052632,0.7777777777777778,0,1,A5,A5,547,588,100.0,throughput_heavy
0.8947368421052632,0.7777777777777778,0,1,A5,A5,547,588,100.0,severity_heavy
1.0,1.0,1,1,A5,A5,547,588,125.0,equal
1.0,1.0,1,1,A5,A5,547,588,125.0,criticality_heavy
1.0,1.0,1,1,A5,A5,547,588,125.0,throughput_heavy
1.0,1.0,1,1,A5,A5,547,588,125.0,severity_heavy
0.9746794344808964,0.9486832980505138,0,1,A5,A5,547,588,150.0,equal
0.9746794344808964,0.9486832980505138,0,1,A5,A5,547,588,150.0,criticality_heavy
0.9746794344808964,0.9486832980505138,0,1,A5,A5,547,588,150.0,throughput_heavy
0.9746794344808964,0.9486832980505138,0,1,A5,A5,547,588,150.0,severity_heavy
0.9746794344808963,0.9486832980505138,0,1,A5,A5,548,589,100.0,equal
0.9746794344808963,0.9486832980505138,0,1,A5,A5,548,589,100.0,criticality_heavy
0.9746794344808963,0.9486832980505138,0,1,A5,A5,548,589,100.0,throughput_heavy
0.9746794344808963,0.9486832980505138,0,1,A5,A5,548,589,100.0,severity_heavy
0.9999999999999999,1.0,1,1,A5,A5,548,589,125.0,equal
0.9999999999999999,1.0,1,1,A5,A5,548,589,125.0,criticality_heavy
0.9999999999999999,1.0,1,1,A5,A5,548,589,125.0,throughput_heavy
0.9999999999999999,1.0,1,1,A5,A5,548,589,125.0,severity_heavy
0.9999999999999999,1.0,1,1,A5,A5,548,589,150.0,equal
0.9999999999999999,1.0,1,1,A5,A5,548,589,150.0,criticality_heavy
0.9999999999999999,1.0,1,1,A5,A5,548,589,150.0,throughput_heavy
0.9999999999999999,1.0,1,1,A5,A5,548,589,150.0,severity_heavy
0.8720815992723809,0.7378647873726218,0,1,A5,A5,549,590,100.0,equal
0.8720815992723809,0.7378647873726218,0,1,A5,A5,549,590,100.0,criticality_heavy
0.8720815992723809,0.7378647873726218,0,1,A5,A5,549,590,100.0,throughput_heavy
0.8720815992723809,0.7378647873726218,0,1,A5,A5,549,590,100.0,severity_heavy
0.9999999999999999,1.0,1,1,A5,A5,549,590,125.0,equal
0.9999999999999999,1.0,1,1,A5,A5,549,590,125.0,criticality_heavy
0.9999999999999999,1.0,1,1,A5,A5,549,590,125.0,throughput_heavy
0.9999999999999999,1.0,1,1,A5,A5,549,590,125.0,severity_heavy
0.9999999999999999,1.0,1,1,A5,A5,549,590,150.0,equal
0.9999999999999999,1.0,1,1,A5,A5,549,590,150.0,criticality_heavy
0.9999999999999999,1.0,1,1,A5,A5,549,590,150.0,throughput_heavy
0.9999999999999999,1.0,1,1,A5,A5,549,590,150.0,severity_heavy
0.9746794344808963,0.9486832980505138,0,1,A1,A1,550,591,100.0,equal
0.9746794344808963,0.9486832980505138,0,1,A1,A1,550,591,100.0,criticality_heavy
0.9746794344808963,0.9486832980505138,0,1,A1,A1,550,591,100.0,throughput_heavy
0.9746794344808963,0.9486832980505138,0,1,A1,A1,550,591,100.0,severity_heavy
0.9999999999999999,1.0,1,1,A1,A1,550,591,125.0,equal
0.9999999999999999,1.0,1,1,A1,A1,550,591,125.0,criticality_heavy
0.9999999999999999,1.0,1,1,A1,A1,550,591,125.0,throughput_heavy
0.9999999999999999,1.0,1,1,A1,A1,550,591,125.0,severity_heavy
0.9999999999999999,1.0,1,1,A1,A1,550,591,150.0,equal
0.9999999999999999,1.0,1,1,A1,A1,550,591,150.0,criticality_heavy
0.9999999999999999,1.0,1,1,A1,A1,550,591,150.0,throughput_heavy
0.8999999999999998,0.8,0,1,A1,A1,550,591,150.0,severity_heavy
0.9999999999999999,1.0,1,1,A3,A3,551,592,100.0,equal
0.9999999999999999,1.0,1,1,A3,A3,551,592,100.0,criticality_heavy
0.9999999999999999,1.0,1,1,A3,A3,551,592,100.0,throughput_heavy
0.9999999999999999,1.0,1,1,A3,A3,551,592,100.0,severity_heavy
0.9999999999999999,1.0,1,1,A3,A3,551,592,125.0,equal
0.9999999999999999,1.0,1,1,A3,A3,551,592,125.0,criticality_heavy
0.9999999999999999,1.0,1,1,A3,A3,551,592,125.0,throughput_heavy
0.9999999999999999,1.0,1,1,A3,A3,551,592,125.0,severity_heavy
0.8999999999999998,0.8,0,1,A3,A3,551,592,150.0,equal
0.8999999999999998,0.8,0,1,A3,A3,551,592,150.0,criticality_heavy
0.8999999999999998,0.8,0,1,A3,A3,551,592,150.0,throughput_heavy
0.8999999999999998,0.8,0,1,A3,A3,551,592,150.0,severity_heavy
1.0,1.0,1,1,A2,A2,552,593,100.0,equal
1.0,1.0,1,1,A2,A2,552,593,100.0,criticality_heavy
1.0,1.0,1,1,A2,A2,552,593,100.0,throughput_heavy
1.0,1.0,1,1,A2,A2,552,593,100.0,severity_heavy
1.0,1.0,1,1,A2,A2,552,593,125.0,equal
1.0,1.0,1,1,A2,A2,552,593,125.0,criticality_heavy
1.0,1.0,1,1,A2,A2,552,593,125.0,throughput_heavy
1.0,1.0,1,1,A2,A2,552,593,125.0,severity_heavy
0.9746794344808964,0.9486832980505138,0,1,A2,A2,552,593,150.0,equal
0.9746794344808964,0.9486832980505138,0,1,A2,A2,552,593,150.0,criticality_heavy
0.9746794344808964,0.9486832980505138,0,1,A2,A2,552,593,150.0,throughput_heavy
0.9746794344808964,0.9486832980505138,0,1,A2,A2,552,593,150.0,severity_heavy
1.0,1.0,1,1,A5,A5,553,594,100.0,equal
1.0,1.0,1,1,A5,A5,553,594,100.0,criticality_heavy
1.0,1.0,1,1,A5,A5,553,594,100.0,throughput_heavy
1.0,1.0,1,1,A5,A5,553,594,100.0,severity_heavy
1.0,1.0,1,1,A5,A5,553,594,125.0,equal
1.0,1.0,1,1,A5,A5,553,594,125.0,criticality_heavy
1.0,1.0,1,1,A5,A5,553,594,125.0,throughput_heavy
1.0,1.0,1,1,A5,A5,553,594,125.0,severity_heavy
0.8720815992723809,0.7378647873726218,0,0,A5,A3,553,594,150.0,equal
0.8720815992723809,0.7378647873726218,0,0,A5,A3,553,594,150.0,criticality_heavy
0.8720815992723809,0.7378647873726218,0,0,A5,A3,553,594,150.0,throughput_heavy
0.8720815992723809,0.7378647873726218,0,0,A5,A3,553,594,150.0,severity_heavy
1.0,1.0,1,1,A1,A1,554,595,100.0,equal
1.0,1.0,1,1,A1,A1,554,595,100.0,criticality_heavy
1.0,1.0,1,1,A1,A1,554,595,100.0,throughput_heavy
1.0,1.0,1,1,A1,A1,554,595,100.0,severity_heavy
1.0,1.0,1,1,A1,A1,554,595,125.0,equal
1.0,1.0,1,1,A1,A1,554,595,125.0,criticality_heavy
1.0,1.0,1,1,A1,A1,554,595,125.0,throughput_heavy
1.0,1.0,1,1,A1,A1,554,595,125.0,severity_heavy
0.9746794344808964,0.9486832980505138,0,1,A1,A1,554,595,150.0,equal
0.9746794344808964,0.9486832980505138,0,1,A1,A1,554,595,150.0,criticality_heavy
0.9746794344808964,0.9486832980505138,0,1,A1,A1,554,595,150.0,throughput_heavy
0.9746794344808964,0.9486832980505138,0,1,A1,A1,554,595,150.0,severity_heavy
0.8720815992723809,0.7378647873726218,0,1,A1,A1,555,596,100.0,equal
0.8720815992723809,0.7378647873726218,0,1,A1,A1,555,596,100.0,criticality_heavy
0.8720815992723809,0.7378647873726218,0,1,A1,A1,555,596,100.0,throughput_heavy
0.8720815992723809,0.7378647873726218,0,1,A1,A1,555,596,100.0,severity_heavy
0.9999999999999999,1.0,1,1,A1,A1,555,596,125.0,equal
0.9999999999999999,1.0,1,1,A1,A1,555,596,125.0,criticality_heavy
0.9999999999999999,1.0,1,1,A1,A1,555,596,125.0,throughput_heavy
0.9999999999999999,1.0,1,1,A1,A1,555,596,125.0,severity_heavy
0.8999999999999998,0.8,0,0,A1,A2,555,596,150.0,equal
0.9999999999999999,1.0,1,1,A1,A1,555,596,150.0,criticality_heavy
0.8999999999999998,0.8,0,0,A1,A2,555,596,150.0,throughput_heavy
0.8999999999999998,0.8,0,0,A1,A2,555,596,150.0,severity_heavy
0.8207826816681234,0.7378647873726218,0,1,A3,A3,556,597,100.0,equal
0.8207826816681234,0.7378647873726218,0,1,A3,A3,556,597,100.0,criticality_heavy
0.8207826816681234,0.7378647873726218,0,1,A3,A3,556,597,100.0,throughput_heavy
0.8207826816681234,0.7378647873726218,0,1,A3,A3,556,597,100.0,severity_heavy
0.9999999999999999,1.0,1,1,A3,A3,556,597,125.0,equal
0.9999999999999999,1.0,1,1,A3,A3,556,597,125.0,criticality_heavy
0.9999999999999999,1.0,1,1,A3,A3,556,597,125.0,throughput_heavy
0.9999999999999999,1.0,1,1,A3,A3,556,597,125.0,severity_heavy
0.9999999999999999,1.0,1,1,A3,A3,556,597,150.0,equal
0.9999999999999999,1.0,1,1,A3,A3,556,597,150.0,criticality_heavy
0.9999999999999999,1.0,1,1,A3,A3,556,597,150.0,throughput_heavy
0.9999999999999999,1.0,1,1,A3,A3,556,597,150.0,severity_heavy
1.0,1.0,1,1,A2,A2,557,598,100.0,equal
1.0,1.0,1,1,A2,A2,557,598,100.0,criticality_heavy
1.0,1.0,1,1,A2,A2,557,598,100.0,throughput_heavy
1.0,1.0,1,1,A2,A2,557,598,100.0,severity_heavy
1.0,1.0,1,1,A2,A2,557,598,125.0,equal
1.0,1.0,1,1,A2,A2,557,598,125.0,criticality_heavy
1.0,1.0,1,1,A2,A2,557,598,125.0,throughput_heavy
1.0,1.0,1,1,A2,A2,557,598,125.0,severity_heavy
0.9746794344808964,0.9486832980505138,0,1,A2,A2,557,598,150.0,equal
0.9746794344808964,0.9486832980505138,0,1,A2,A2,557,598,150.0,criticality_heavy
0.9746794344808964,0.9486832980505138,0,1,A2,A2,557,598,150.0,throughput_heavy
0.9746794344808964,0.9486832980505138,0,1,A2,A2,557,598,150.0,severity_heavy
0.8720815992723809,0.7378647873726218,0,0,A1,A4,558,599,100.0,equal
0.8720815992723809,0.7378647873726218,0,0,A1,A4,558,599,100.0,criticality_heavy
0.8720815992723809,0.7378647873726218,0,0,A1,A4,558,599,100.0,throughput_heavy
0.8720815992723809,0.7378647873726218,0,0,A1,A4,558,599,100.0,severity_heavy
0.9999999999999999,1.0,1,1,A1,A1,558,599,125.0,equal
0.9999999999999999,1.0,1,1,A1,A1,558,599,125.0,criticality_heavy
0.9999999999999999,1.0,1,1,A1,A1,558,599,125.0,throughput_heavy
0.9999999999999999,1.0,1,1,A1,A1,558,599,125.0,severity_heavy
0.8999999999999998,0.8,0,1,A1,A1,558,599,150.0,equal
0.8999999999999998,0.8,0,1,A1,A1,558,599,150.0,criticality_heavy
0.8999999999999998,0.8,0,1,A1,A1,558,599,150.0,throughput_heavy
0.8999999999999998,0.8,0,1,A1,A1,558,599,150.0,severity_heavy
0.8720815992723809,0.7378647873726218,0,1,A2,A2,559,600,100.0,equal
0.8720815992723809,0.7378647873726218,0,1,A2,A2,559,600,100.0,criticality_heavy
0.8720815992723809,0.7378647873726218,0,1,A2,A2,559,600,100.0,throughput_heavy
0.8720815992723809,0.7378647873726218,0,1,A2,A2,559,600,100.0,severity_heavy
0.9999999999999999,1.0,1,1,A2,A2,559,600,125.0,equal
0.9999999999999999,1.0,1,1,A2,A2,559,600,125.0,criticality_heavy
0.9999999999999999,1.0,1,1,A2,A2,559,600,125.0,throughput_heavy
0.9999999999999999,1.0,1,1,A2,A2,559,600,125.0,severity_heavy
0.9999999999999999,1.0,1,1,A2,A2,559,600,150.0,equal
0.9999999999999999,1.0,1,1,A2,A2,559,600,150.0,criticality_heavy
0.9999999999999999,1.0,1,1,A2,A2,559,600,150.0,throughput_heavy
0.9999999999999999,1.0,1,1,A2,A2,559,600,150.0,severity_heavy
0.9746794344808963,0.9486832980505138,0,1,A3,A3,560,601,100.0,equal
0.9746794344808963,0.9486832980505138,0,1,A3,A3,560,601,100.0,criticality_heavy
0.9746794344808963,0.9486832980505138,0,1,A3,A3,560,601,100.0,throughput_heavy
0.9746794344808963,0.9486832980505138,0,1,A3,A3,560,601,100.0,severity_heavy
0.9999999999999999,1.0,1,1,A3,A3,560,601,125.0,equal
0.9999999999999999,1.0,1,1,A3,A3,560,601,125.0,criticality_heavy
0.9999999999999999,1.0,1,1,A3,A3,560,601,125.0,throughput_heavy
0.9999999999999999,1.0,1,1,A3,A3,560,601,125.0,severity_heavy
0.9999999999999999,1.0,1,1,A3,A3,560,601,150.0,equal
0.8999999999999998,0.8,0,0,A3,A2,560,601,150.0,criticality_heavy
0.8999999999999998,0.8,0,0,A3,A2,560,601,150.0,throughput_heavy
0.9999999999999999,1.0,1,1,A3,A3,560,601,150.0,severity_heavy
1.0,1.0,1,1,A3,A3,561,602,100.0,equal
1.0,1.0,1,1,A3,A3,561,602,100.0,criticality_heavy
1.0,1.0,1,1,A3,A3,561,602,100.0,throughput_heavy
1.0,1.0,1,1,A3,A3,561,602,100.0,severity_heavy
1.0,1.0,1,1,A3,A3,561,602,125.0,equal
1.0,1.0,1,1,A3,A3,561,602,125.0,criticality_heavy
1.0,1.0,1,1,A3,A3,561,602,125.0,throughput_heavy
1.0,1.0,1,1,A3,A3,561,602,125.0,severity_heavy
0.9746794344808964,0.9486832980505138,0,1,A3,A3,561,602,150.0,equal
0.9746794344808964,0.9486832980505138,0,1,A3,A3,561,602,150.0,criticality_heavy
0.9746794344808964,0.9486832980505138,0,1,A3,A3,561,602,150.0,throughput_heavy
0.9746794344808964,0.9486832980505138,0,1,A3,A3,561,602,150.0,severity_heavy
0.8720815992723809,0.7378647873726218,0,0,A2,A4,562,603,100.0,equal
0.8720815992723809,0.7378647873726218,0,0,A2,A4,562,603,100.0,criticality_heavy
0.8720815992723809,0.7378647873726218,0,0,A2,A4,562,603,100.0,throughput_heavy
0.8720815992723809,0.7378647873726218,0,0,A2,A4,562,603,100.0,severity_heavy
0.9999999999999999,1.0,1,1,A2,A2,562,603,125.0,equal
0.9999999999999999,1.0,1,1,A2,A2,562,603,125.0,criticality_heavy
0.9999999999999999,1.0,1,1,A2,A2,562,603,125.0,throughput_heavy
0.9999999999999999,1.0,1,1,A2,A2,562,603,125.0,severity_heavy
0.8999999999999998,0.8,0,1,A2,A2,562,603,150.0,equal
0.8999999999999998,0.8,0,1,A2,A2,562,603,150.0,criticality_heavy
0.8999999999999998,0.8,0,1,A2,A2,562,603,150.0,throughput_heavy
0.8999999999999998,0.8,0,1,A2,A2,562,603,150.0,severity_heavy
0.9746794344808963,0.9486832980505138,0,1,A1,A1,563,604,100.0,equal
0.9746794344808963,0.9486832980505138,0,1,A1,A1,563,604,100.0,criticality_heavy
0.9746794344808963,0.9486832980505138,0,1,A1,A1,563,604,100.0,throughput_heavy
0.9746794344808963,0.9486832980505138,0,1,A1,A1,563,604,100.0,severity_heavy
0.9999999999999999,1.0,1,1,A1,A1,563,604,125.0,equal
0.9999999999999999,1.0,1,1,A1,A1,563,604,125.0,criticality_heavy
0.9999999999999999,1.0,1,1,A1,A1,563,604,125.0,throughput_heavy
0.9999999999999999,1.0,1,1,A1,A1,563,604,125.0,severity_heavy
0.9999999999999999,1.0,1,1,A1,A1,563,604,150.0,equal
0.9999999999999999,1.0,1,1,A1,A1,563,604,150.0,criticality_heavy
0.9999999999999999,1.0,1,1,A1,A1,563,604,150.0,throughput_heavy
0.9999999999999999,1.0,1,1,A1,A1,563,604,150.0,severity_heavy
1.0,1.0,1,1,A2,A2,564,605,100.0,equal
1.0,1.0,1,1,A2,A2,564,605,100.0,criticality_heavy
1.0,1.0,1,1,A2,A2,564,605,100.0,throughput_heavy
1.0,1.0,1,1,A2,A2,564,605,100.0,severity_heavy
1.0,1.0,1,1,A2,A2,564,605,125.0,equal
1.0,1.0,1,1,A2,A2,564,605,125.0,criticality_heavy
1.0,1.0,1,1,A2,A2,564,605,125.0,throughput_heavy
1.0,1.0,1,1,A2,A2,564,605,125.0,severity_heavy
0.9746794344808964,0.9486832980505138,0,1,A2,A2,564,605,150.0,equal
0.9746794344808964,0.9486832980505138,0,1,A2,A2,564,605,150.0,criticality_heavy
0.9746794344808964,0.9486832980505138,0,1,A2,A2,564,605,150.0,throughput_heavy
0.9746794344808964,0.9486832980505138,0,1,A2,A2,564,605,150.0,severity_heavy
0.9746794344808963,0.9486832980505138,0,1,A3,A3,565,606,100.0,equal
0.9746794344808963,0.9486832980505138,0,1,A3,A3,565,606,100.0,criticality_heavy
0.9746794344808963,0.9486832980505138,0,1,A3,A3,565,606,100.0,throughput_heavy
0.9746794344808963,0.9486832980505138,0,1,A3,A3,565,606,100.0,severity_heavy
0.9999999999999999,1.0,1,1,A3,A3,565,606,125.0,equal
0.9999999999999999,1.0,1,1,A3,A3,565,606,125.0,criticality_heavy
0.9999999999999999,1.0,1,1,A3,A3,565,606,125.0,throughput_heavy
0.9999999999999999,1.0,1,1,A3,A3,565,606,125.0,severity_heavy
0.9999999999999999,1.0,1,1,A3,A3,565,606,150.0,equal
0.9999999999999999,1.0,1,1,A3,A3,565,606,150.0,criticality_heavy
0.9999999999999999,1.0,1,1,A3,A3,565,606,150.0,throughput_heavy
0.9999999999999999,1.0,1,1,A3,A3,565,606,150.0,severity_heavy
1.0,1.0,1,1,A2,A2,566,607,100.0,equal
1.0,1.0,1,1,A2,A2,566,607,100.0,criticality_heavy
1.0,1.0,1,1,A2,A2,566,607,100.0,throughput_heavy
1.0,1.0,1,1,A2,A2,566,607,100.0,severity_heavy
1.0,1.0,1,1,A2,A2,566,607,125.0,equal
1.0,1.0,1,1,A2,A2,566,607,125.0,criticality_heavy
1.0,1.0,1,1,A2,A2,566,607,125.0,throughput_heavy
1.0,1.0,1,1,A2,A2,566,607,125.0,severity_heavy
0.9746794344808964,0.9486832980505138,0,1,A2,A2,566,607,150.0,equal
0.9746794344808964,0.9486832980505138,0,1,A2,A2,566,607,150.0,criticality_heavy
0.9746794344808964,0.9486832980505138,0,1,A2,A2,566,607,150.0,throughput_heavy
0.9746794344808964,0.9486832980505138,0,1,A2,A2,566,607,150.0,severity_heavy
0.8947368421052632,0.7777777777777778,0,0,A5,A4,567,608,100.0,equal
0.8947368421052632,0.7777777777777778,0,0,A5,A4,567,608,100.0,criticality_heavy
0.8947368421052632,0.7777777777777778,0,0,A5,A4,567,608,100.0,throughput_heavy
0.8947368421052632,0.7777777777777778,0,0,A5,A4,567,608,100.0,severity_heavy
1.0,1.0,1,1,A5,A5,567,608,125.0,equal
1.0,1.0,1,1,A5,A5,567,608,125.0,criticality_heavy
1.0,1.0,1,1,A5,A5,567,608,125.0,throughput_heavy
0.8947368421052632,0.7777777777777778,0,0,A5,A4,567,608,125.0,severity_heavy
0.9746794344808964,0.9486832980505138,0,1,A5,A5,567,608,150.0,equal
0.9746794344808964,0.9486832980505138,0,1,A5,A5,567,608,150.0,criticality_heavy
0.9746794344808964,0.9486832980505138,0,1,A5,A5,567,608,150.0,throughput_heavy
0.9746794344808964,0.9486832980505138,0,1,A5,A5,567,608,150.0,severity_heavy
0.9746794344808963,0.9486832980505138,0,1,A3,A3,568,609,100.0,equal
0.9746794344808963,0.9486832980505138,0,1,A3,A3,568,609,100.0,criticality_heavy
0.9746794344808963,0.9486832980505138,0,1,A3,A3,568,609,100.0,throughput_heavy
0.9746794344808963,0.9486832980505138,0,1,A3,A3,568,609,100.0,severity_heavy
0.9999999999999999,1.0,1,1,A3,A3,568,609,125.0,equal
0.9999999999999999,1.0,1,1,A3,A3,568,609,125.0,criticality_heavy
0.9999999999999999,1.0,1,1,A3,A3,568,609,125.0,throughput_heavy
0.9999999999999999,1.0,1,1,A3,A3,568,609,125.0,severity_heavy
0.9999999999999999,1.0,1,1,A3,A3,568,609,150.0,equal
0.9999999999999999,1.0,1,1,A3,A3,568,609,150.0,criticality_heavy
0.9999999999999999,1.0,1,1,A3,A3,568,609,150.0,throughput_heavy
0.9999999999999999,1.0,1,1,A3,A3,568,609,150.0,severity_heavy
0.8720815992723809,0.7378647873726218,0,1,A1,A1,569,610,100.0,equal
0.8720815992723809,0.7378647873726218,0,1,A1,A1,569,610,100.0,criticality_heavy
0.8720815992723809,0.7378647873726218,0,1,A1,A1,569,610,100.0,throughput_heavy
0.8720815992723809,0.7378647873726218,0,1,A1,A1,569,610,100.0,severity_heavy
0.9999999999999999,1.0,1,1,A1,A1,569,610,125.0,equal
0.9999999999999999,1.0,1,1,A1,A1,569,610,125.0,criticality_heavy
0.9999999999999999,1.0,1,1,A1,A1,569,610,125.0,throughput_heavy
0.9999999999999999,1.0,1,1,A1,A1,569,610,125.0,severity_heavy
0.9999999999999999,1.0,1,1,A1,A1,569,610,150.0,equal
0.9999999999999999,1.0,1,1,A1,A1,569,610,150.0,criticality_heavy
0.8999999999999998,0.8,0,0,A1,A2,569,610,150.0,throughput_heavy
0.9999999999999999,1.0,1,1,A1,A1,569,610,150.0,severity_heavy
0.8947368421052632,0.7777777777777778,0,0,A2,A5,570,611,100.0,equal
0.8947368421052632,0.7777777777777778,0,0,A2,A5,570,611,100.0,criticality_heavy
0.8947368421052632,0.7777777777777778,0,0,A2,A5,570,611,100.0,throughput_heavy
0.8947368421052632,0.7777777777777778,0,0,A2,A5,570,611,100.0,severity_heavy
1.0,1.0,1,1,A2,A2,570,611,125.0,equal
1.0,1.0,1,1,A2,A2,570,611,125.0,criticality_heavy
1.0,1.0,1,1,A2,A2,570,611,125.0,throughput_heavy
1.0,1.0,1,1,A2,A2,570,611,125.0,severity_heavy
0.9746794344808964,0.9486832980505138,0,1,A2,A2,570,611,150.0,equal
0.9746794344808964,0.9486832980505138,0,1,A2,A2,570,611,150.0,criticality_heavy
0.9746794344808964,0.9486832980505138,0,1,A2,A2,570,611,150.0,throughput_heavy
0.9746794344808964,0.9486832980505138,0,1,A2,A2,570,611,150.0,severity_heavy
0.9746794344808963,0.9486832980505138,0,1,A3,A3,571,612,100.0,equal
0.9746794344808963,0.9486832980505138,0,1,A3,A3,571,612,100.0,criticality_heavy
0.9746794344808963,0.9486832980505138,0,1,A3,A3,571,612,100.0,throughput_heavy
0.9746794344808963,0.9486832980505138,0,1,A3,A3,571,612,100.0,severity_heavy
0.9999999999999999,1.0,1,1,A3,A3,571,612,125.0,equal
0.9999999999999999,1.0,1,1,A3,A3,571,612,125.0,criticality_heavy
0.9999999999999999,1.0,1,1,A3,A3,571,612,125.0,throughput_heavy
0.9999999999999999,1.0,1,1,A3,A3,571,612,125.0,severity_heavy
0.9999999999999999,1.0,1,1,A3,A3,571,612,150.0,equal
0.9999999999999999,1.0,1,1,A3,A3,571,612,150.0,criticality_heavy
0.9999999999999999,1.0,1,1,A3,A3,571,612,150.0,throughput_heavy
0.9999999999999999,1.0,1,1,A3,A3,571,612,150.0,severity_heavy
0.8947368421052632,0.7777777777777778,0,0,A5,A4,572,613,100.0,equal
0.8947368421052632,0.7777777777777778,0,0,A5,A4,572,613,100.0,criticality_heavy
0.8947368421052632,0.7777777777777778,0,0,A5,A4,572,613,100.0,throughput_heavy
0.8947368421052632,0.7777777777777778,0,0,A5,A4,572,613,100.0,severity_heavy
1.0,1.0,1,1,A5,A5,572,613,125.0,equal
1.0,1.0,1,1,A5,A5,572,613,125.0,criticality_heavy
1.0,1.0,1,1,A5,A5,572,613,125.0,throughput_heavy
0.8947368421052632,0.7777777777777778,0,0,A5,A4,572,613,125.0,severity_heavy
0.9746794344808964,0.9486832980505138,0,1,A5,A5,572,613,150.0,equal
0.9746794344808964,0.9486832980505138,0,1,A5,A5,572,613,150.0,criticality_heavy
0.9746794344808964,0.9486832980505138,0,1,A5,A5,572,613,150.0,throughput_heavy
0.9746794344808964,0.9486832980505138,0,1,A5,A5,572,613,150.0,severity_heavy
0.9746794344808963,0.9486832980505138,0,1,A3,A3,573,614,100.0,equal
0.9746794344808963,0.9486832980505138,0,1,A3,A3,573,614,100.0,criticality_heavy
0.9746794344808963,0.9486832980505138,0,1,A3,A3,573,614,100.0,throughput_heavy
0.9746794344808963,0.9486832980505138,0,1,A3,A3,573,614,100.0,severity_heavy
0.9999999999999999,1.0,1,1,A3,A3,573,614,125.0,equal
0.9999999999999999,1.0,1,1,A3,A3,573,614,125.0,criticality_heavy
0.9999999999999999,1.0,1,1,A3,A3,573,614,125.0,throughput_heavy
0.9999999999999999,1.0,1,1,A3,A3,573,614,125.0,severity_heavy
0.8999999999999998,0.8,0,1,A3,A3,573,614,150.0,equal
0.8999999999999998,0.8,0,1,A3,A3,573,614,150.0,criticality_heavy
0.8999999999999998,0.8,0,1,A3,A3,573,614,150.0,throughput_heavy
0.8999999999999998,0.8,0,1,A3,A3,573,614,150.0,severity_heavy
0.9746794344808963,0.9486832980505138,0,1,A2,A2,574,615,100.0,equal
0.9746794344808963,0.9486832980505138,0,1,A2,A2,574,615,100.0,criticality_heavy
0.9746794344808963,0.9486832980505138,0,1,A2,A2,574,615,100.0,throughput_heavy
0.9746794344808963,0.9486832980505138,0,1,A2,A2,574,615,100.0,severity_heavy
0.9999999999999999,1.0,1,1,A2,A2,574,615,125.0,equal
0.9999999999999999,1.0,1,1,A2,A2,574,615,125.0,criticality_heavy
0.9999999999999999,1.0,1,1,A2,A2,574,615,125.0,throughput_heavy
0.9999999999999999,1.0,1,1,A2,A2,574,615,125.0,severity_heavy
0.8999999999999998,0.8,0,1,A2,A2,574,615,150.0,equal
0.8999999999999998,0.8,0,1,A2,A2,574,615,150.0,criticality_heavy
0.8999999999999998,0.8,0,1,A2,A2,574,615,150.0,throughput_heavy
0.8999999999999998,0.8,0,1,A2,A2,574,615,150.0,severity_heavy
0.8947368421052632,0.7777777777777778,0,1,A4,A4,575,616,100.0,equal
0.8947368421052632,0.7777777777777778,0,1,A4,A4,575,616,100.0,criticality_heavy
0.8947368421052632,0.7777777777777778,0,1,A4,A4,575,616,100.0,throughput_heavy
0.8947368421052632,0.7777777777777778,0,1,A4,A4,575,616,100.0,severity_heavy
1.0,1.0,1,1,A4,A4,575,616,125.0,equal
1.0,1.0,1,1,A4,A4,575,616,125.0,criticality_heavy
1.0,1.0,1,1,A4,A4,575,616,125.0,throughput_heavy
1.0,1.0,1,1,A4,A4,575,616,125.0,severity_heavy
0.8720815992723809,0.7378647873726218,0,0,A4,A3,575,616,150.0,equal
0.8720815992723809,0.7378647873726218,0,0,A4,A3,575,616,150.0,criticality_heavy
0.8720815992723809,0.7378647873726218,0,0,A4,A3,575,616,150.0,throughput_heavy
0.8720815992723809,0.7378647873726218,0,0,A4,A3,575,616,150.0,severity_heavy
1.0,1.0,1,1,A2,A2,576,617,100.0,equal
1.0,1.0,1,1,A2,A2,576,617,100.0,criticality_heavy
1.0,1.0,1,1,A2,A2,576,617,100.0,throughput_heavy
1.0,1.0,1,1,A2,A2,576,617,100.0,severity_heavy
1.0,1.0,1,1,A2,A2,576,617,125.0,equal
1.0,1.0,1,1,A2,A2,576,617,125.0,criticality_heavy
1.0,1.0,1,1,A2,A2,576,617,125.0,throughput_heavy
1.0,1.0,1,1,A2,A2,576,617,125.0,severity_heavy
0.8720815992723809,0.7378647873726218,0,1,A2,A2,576,617,150.0,equal
0.8720815992723809,0.7378647873726218,0,1,A2,A2,576,617,150.0,criticality_heavy
0.8720815992723809,0.7378647873726218,0,1,A2,A2,576,617,150.0,throughput_heavy
0.8720815992723809,0.7378647873726218,0,1,A2,A2,576,617,150.0,severity_heavy
1.0,1.0,1,1,A2,A2,577,618,100.0,equal
1.0,1.0,1,1,A2,A2,577,618,100.0,criticality_heavy
1.0,1.0,1,1,A2,A2,577,618,100.0,throughput_heavy
1.0,1.0,1,1,A2,A2,577,618,100.0,severity_heavy
1.0,1.0,1,1,A2,A2,577,618,125.0,equal
1.0,1.0,1,1,A2,A2,577,618,125.0,criticality_heavy
1.0,1.0,1,1,A2,A2,577,618,125.0,throughput_heavy
1.0,1.0,1,1,A2,A2,577,618,125.0,severity_heavy
0.9746794344808964,0.9486832980505138,0,1,A2,A2,577,618,150.0,equal
0.9746794344808964,0.9486832980505138,0,1,A2,A2,577,618,150.0,criticality_heavy
0.9746794344808964,0.9486832980505138,0,1,A2,A2,577,618,150.0,throughput_heavy
0.9746794344808964,0.9486832980505138,0,1,A2,A2,577,618,150.0,severity_heavy
1.0,1.0,1,1,A3,A3,578,619,100.0,equal
1.0,1.0,1,1,A3,A3,578,619,100.0,criticality_heavy
1.0,1.0,1,1,A3,A3,578,619,100.0,throughput_heavy
1.0,1.0,1,1,A3,A3,578,619,100.0,severity_heavy
1.0,1.0,1,1,A3,A3,578,619,125.0,equal
1.0,1.0,1,1,A3,A3,578,619,125.0,criticality_heavy
1.0,1.0,1,1,A3,A3,578,619,125.0,throughput_heavy
1.0,1.0,1,1,A3,A3,578,619,125.0,severity_heavy
0.9746794344808964,0.9486832980505138,0,1,A3,A3,578,619,150.0,equal
0.9746794344808964,0.9486832980505138,0,1,A3,A3,578,619,150.0,criticality_heavy
0.9746794344808964,0.9486832980505138,0,1,A3,A3,578,619,150.0,throughput_heavy
0.9746794344808964,0.9486832980505138,0,1,A3,A3,578,619,150.0,severity_heavy
1.0,1.0,1,1,A5,A5,579,620,100.0,equal
1.0,1.0,1,1,A5,A5,579,620,100.0,criticality_heavy
1.0,1.0,1,1,A5,A5,579,620,100.0,throughput_heavy
1.0,1.0,1,1,A5,A5,579,620,100.0,severity_heavy
1.0,1.0,1,1,A5,A5,579,620,125.0,equal
1.0,1.0,1,1,A5,A5,579,620,125.0,criticality_heavy
1.0,1.0,1,1,A5,A5,579,620,125.0,throughput_heavy
1.0,1.0,1,1,A5,A5,579,620,125.0,severity_heavy
0.8720815992723809,0.7378647873726218,0,1,A5,A5,579,620,150.0,equal
0.8720815992723809,0.7378647873726218,0,1,A5,A5,579,620,150.0,criticality_heavy
0.9746794344808964,0.9486832980505138,0,1,A5,A5,579,620,150.0,throughput_heavy
0.9746794344808964,0.9486832980505138,0,1,A5,A5,579,620,150.0,severity_heavy
1.0,1.0,1,1,A3,A3,580,621,100.0,equal
1.0,1.0,1,1,A3,A3,580,621,100.0,criticality_heavy
1.0,1.0,1,1,A3,A3,580,621,100.0,throughput_heavy
1.0,1.0,1,1,A3,A3,580,621,100.0,severity_heavy
1.0,1.0,1,1,A3,A3,580,621,125.0,equal
1.0,1.0,1,1,A3,A3,580,621,125.0,criticality_heavy
1.0,1.0,1,1,A3,A3,580,621,125.0,throughput_heavy
1.0,1.0,1,1,A3,A3,580,621,125.0,severity_heavy
0.9746794344808964,0.9486832980505138,0,1,A3,A3,580,621,150.0,equal
0.9746794344808964,0.9486832980505138,0,1,A3,A3,580,621,150.0,criticality_heavy
0.9746794344808964,0.9486832980505138,0,1,A3,A3,580,621,150.0,throughput_heavy
0.9746794344808964,0.9486832980505138,0,1,A3,A3,580,621,150.0,severity_heavy
0.8999999999999998,0.8,0,1,A1,A1,581,622,100.0,equal
0.8999999999999998,0.8,0,1,A1,A1,581,622,100.0,criticality_heavy
0.8999999999999998,0.8,0,1,A1,A1,581,622,100.0,throughput_heavy
0.8999999999999998,0.8,0,1,A1,A1,581,622,100.0,severity_heavy
0.9999999999999999,1.0,1,1,A1,A1,581,622,125.0,equal
0.9999999999999999,1.0,1,1,A1,A1,581,622,125.0,criticality_heavy
0.9999999999999999,1.0,1,1,A1,A1,581,622,125.0,throughput_heavy
0.9999999999999999,1.0,1,1,A1,A1,581,622,125.0,severity_heavy
0.9999999999999999,1.0,1,1,A1,A1,581,622,150.0,equal
0.9999999999999999,1.0,1,1,A1,A1,581,622,150.0,criticality_heavy
0.9999999999999999,1.0,1,1,A1,A1,581,622,150.0,throughput_heavy
0.9999999999999999,1.0,1,1,A1,A1,581,622,150.0,severity_heavy
1.0,1.0,1,1,A2,A2,582,623,100.0,equal
1.0,1.0,1,1,A2,A2,582,623,100.0,criticality_heavy
1.0,1.0,1,1,A2,A2,582,623,100.0,throughput_heavy
1.0,1.0,1,1,A2,A2,582,623,100.0,severity_heavy
1.0,1.0,1,1,A2,A2,582,623,125.0,equal
1.0,1.0,1,1,A2,A2,582,623,125.0,criticality_heavy
1.0,1.0,1,1,A2,A2,582,623,125.0,throughput_heavy
1.0,1.0,1,1,A2,A2,582,623,125.0,severity_heavy
0.9746794344808964,0.9486832980505138,0,1,A2,A2,582,623,150.0,equal
0.9746794344808964,0.9486832980505138,0,1,A2,A2,582,623,150.0,criticality_heavy
0.9746794344808964,0.9486832980505138,0,1,A2,A2,582,623,150.0,throughput_heavy
0.9746794344808964,0.9486832980505138,0,1,A2,A2,582,623,150.0,severity_heavy
0.8999999999999998,0.8,0,1,A2,A2,583,624,100.0,equal
0.8999999999999998,0.8,0,1,A2,A2,583,624,100.0,criticality_heavy
0.8999999999999998,0.8,0,1,A2,A2,583,624,100.0,throughput_heavy
0.8999999999999998,0.8,0,1,A2,A2,583,624,100.0,severity_heavy
0.9999999999999999,1.0,1,1,A2,A2,583,624,125.0,equal
0.9999999999999999,1.0,1,1,A2,A2,583,624,125.0,criticality_heavy
0.9999999999999999,1.0,1,1,A2,A2,583,624,125.0,throughput_heavy
0.9999999999999999,1.0,1,1,A2,A2,583,624,125.0,severity_heavy
0.9999999999999999,1.0,1,1,A2,A2,583,624,150.0,equal
0.9999999999999999,1.0,1,1,A2,A2,583,624,150.0,criticality_heavy
0.9999999999999999,1.0,1,1,A2,A2,583,624,150.0,throughput_heavy
0.9999999999999999,1.0,1,1,A2,A2,583,624,150.0,severity_heavy
0.9746794344808963,0.9486832980505138,0,1,A1,A1,584,625,100.0,equal
0.9746794344808963,0.9486832980505138,0,1,A1,A1,584,625,100.0,criticality_heavy
0.9746794344808963,0.9486832980505138,0,1,A1,A1,584,625,100.0,throughput_heavy
0.9746794344808963,0.9486832980505138,0,1,A1,A1,584,625,100.0,severity_heavy
0.9999999999999999,1.0,1,1,A1,A1,584,625,125.0,equal
0.9999999999999999,1.0,1,1,A1,A1,584,625,125.0,criticality_heavy
0.9999999999999999,1.0,1,1,A1,A1,584,625,125.0,throughput_heavy
0.9999999999999999,1.0,1,1,A1,A1,584,625,125.0,severity_heavy
0.9999999999999999,1.0,1,1,A1,A1,584,625,150.0,equal
0.9999999999999999,1.0,1,1,A1,A1,584,625,150.0,criticality_heavy
0.9999999999999999,1.0,1,1,A1,A1,584,625,150.0,throughput_heavy
0.9999999999999999,1.0,1,1,A1,A1,584,625,150.0,severity_heavy
1.0,1.0,1,1,A2,A2,585,626,100.0,equal
1.0,1.0,1,1,A2,A2,585,626,100.0,criticality_heavy
1.0,1.0,1,1,A2,A2,585,626,100.0,throughput_heavy
1.0,1.0,1,1,A2,A2,585,626,100.0,severity_heavy
1.0,1.0,1,1,A2,A2,585,626,125.0,equal
1.0,1.0,1,1,A2,A2,585,626,125.0,criticality_heavy
1.0,1.0,1,1,A2,A2,585,626,125.0,throughput_heavy
1.0,1.0,1,1,A2,A2,585,626,125.0,severity_heavy
0.9746794344808964,0.9486832980505138,0,1,A2,A2,585,626,150.0,equal
0.9746794344808964,0.9486832980505138,0,1,A2,A2,585,626,150.0,criticality_heavy
0.9746794344808964,0.9486832980505138,0,1,A2,A2,585,626,150.0,throughput_heavy
0.9746794344808964,0.9486832980505138,0,1,A2,A2,585,626,150.0,severity_heavy
1.0,1.0,1,1,A3,A3,586,627,100.0,equal
1.0,1.0,1,1,A3,A3,586,627,100.0,criticality_heavy
1.0,1.0,1,1,A3,A3,586,627,100.0,throughput_heavy
1.0,1.0,1,1,A3,A3,586,627,100.0,severity_heavy
1.0,1.0,1,1,A3,A3,586,627,125.0,equal
1.0,1.0,1,1,A3,A3,586,627,125.0,criticality_heavy
1.0,1.0,1,1,A3,A3,586,627,125.0,throughput_heavy
1.0,1.0,1,1,A3,A3,586,627,125.0,severity_heavy
0.9746794344808964,0.9486832980505138,0,1,A3,A3,586,627,150.0,equal
0.9746794344808964,0.9486832980505138,0,1,A3,A3,586,627,150.0,criticality_heavy
0.9746794344808964,0.9486832980505138,0,1,A3,A3,586,627,150.0,throughput_heavy
0.9746794344808964,0.9486832980505138,0,1,A3,A3,586,627,150.0,severity_heavy
0.9746794344808963,0.9486832980505138,0,1,A1,A1,587,628,100.0,equal
0.9746794344808963,0.9486832980505138,0,1,A1,A1,587,628,100.0,criticality_heavy
0.9746794344808963,0.9486832980505138,0,1,A1,A1,587,628,100.0,throughput_heavy
0.9746794344808963,0.9486832980505138,0,1,A1,A1,587,628,100.0,severity_heavy
0.9999999999999999,1.0,1,1,A1,A1,587,628,125.0,equal
0.9999999999999999,1.0,1,1,A1,A1,587,628,125.0,criticality_heavy
0.8999999999999998,0.8,0,0,A1,A3,587,628,125.0,throughput_heavy
0.8999999999999998,0.8,0,0,A1,A3,587,628,125.0,severity_heavy
0.8999999999999998,0.8,0,0,A1,A3,587,628,150.0,equal
0.9999999999999999,1.0,1,1,A1,A1,587,628,150.0,criticality_heavy
0.8999999999999998,0.8,0,0,A1,A3,587,628,150.0,throughput_heavy
0.8999999999999998,0.8,0,0,A1,A3,587,628,150.0,severity_heavy
0.8999999999999998,0.8,0,0,A2,A5,588,629,100.0,equal
0.8999999999999998,0.8,0,0,A2,A5,588,629,100.0,criticality_heavy
0.8999999999999998,0.8,0,0,A2,A5,588,629,100.0,throughput_heavy
0.8999999999999998,0.8,0,0,A2,A5,588,629,100.0,severity_heavy
0.9999999999999999,1.0,1,1,A2,A2,588,629,125.0,equal
0.9999999999999999,1.0,1,1,A2,A2,588,629,125.0,criticality_heavy
0.9999999999999999,1.0,1,1,A2,A2,588,629,125.0,throughput_heavy
0.9999999999999999,1.0,1,1,A2,A2,588,629,125.0,severity_heavy
0.9999999999999999,1.0,1,1,A2,A2,588,629,150.0,equal
0.9999999999999999,1.0,1,1,A2,A2,588,629,150.0,criticality_heavy
0.9999999999999999,1.0,1,1,A2,A2,588,629,150.0,throughput_heavy
0.9999999999999999,1.0,1,1,A2,A2,588,629,150.0,severity_heavy
0.9746794344808963,0.9486832980505138,0,1,A5,A5,589,630,100.0,equal
0.9746794344808963,0.9486832980505138,0,1,A5,A5,589,630,100.0,criticality_heavy
0.9746794344808963,0.9486832980505138,0,1,A5,A5,589,630,100.0,throughput_heavy
0.9746794344808963,0.9486832980505138,0,1,A5,A5,589,630,100.0,severity_heavy
0.9999999999999999,1.0,1,1,A5,A5,589,630,125.0,equal
0.9999999999999999,1.0,1,1,A5,A5,589,630,125.0,criticality_heavy
0.9999999999999999,1.0,1,1,A5,A5,589,630,125.0,throughput_heavy
0.9999999999999999,1.0,1,1,A5,A5,589,630,125.0,severity_heavy
0.8999999999999998,0.8,0,1,A5,A5,589,630,150.0,equal
0.8999999999999998,0.8,0,1,A5,A5,589,630,150.0,criticality_heavy
0.8999999999999998,0.8,0,1,A5,A5,589,630,150.0,throughput_heavy
0.8999999999999998,0.8,0,1,A5,A5,589,630,150.0,severity_heavy
0.8720815992723809,0.7378647873726218,0,1,A1,A1,590,631,100.0,equal
0.8720815992723809,0.7378647873726218,0,1,A1,A1,590,631,100.0,criticality_heavy
0.8720815992723809,0.7378647873726218,0,1,A1,A1,590,631,100.0,throughput_heavy
0.8720815992723809,0.7378647873726218,0,1,A1,A1,590,631,100.0,severity_heavy
0.9999999999999999,1.0,1,1,A1,A1,590,631,125.0,equal
0.9999999999999999,1.0,1,1,A1,A1,590,631,125.0,criticality_heavy
0.9999999999999999,1.0,1,1,A1,A1,590,631,125.0,throughput_heavy
0.9999999999999999,1.0,1,1,A1,A1,590,631,125.0,severity_heavy
0.9999999999999999,1.0,1,1,A1,A1,590,631,150.0,equal
0.9999999999999999,1.0,1,1,A1,A1,590,631,150.0,criticality_heavy
0.9999999999999999,1.0,1,1,A1,A1,590,631,150.0,throughput_heavy
0.9999999999999999,1.0,1,1,A1,A1,590,631,150.0,severity_heavy
0.9746794344808963,0.9486832980505138,0,1,A2,A2,591,632,100.0,equal
0.9746794344808963,0.9486832980505138,0,1,A2,A2,591,632,100.0,criticality_heavy
0.9746794344808963,0.9486832980505138,0,1,A2,A2,591,632,100.0,throughput_heavy
0.9746794344808963,0.9486832980505138,0,1,A2,A2,591,632,100.0,severity_heavy
0.9999999999999999,1.0,1,1,A2,A2,591,632,125.0,equal
0.9999999999999999,1.0,1,1,A2,A2,591,632,125.0,criticality_heavy
0.9999999999999999,1.0,1,1,A2,A2,591,632,125.0,throughput_heavy
0.9999999999999999,1.0,1,1,A2,A2,591,632,125.0,severity_heavy
0.8999999999999998,0.8,0,1,A2,A2,591,632,150.0,equal
0.8999999999999998,0.8,0,1,A2,A2,591,632,150.0,criticality_heavy
0.8999999999999998,0.8,0,1,A2,A2,591,632,150.0,throughput_heavy
0.9999999999999999,1.0,1,1,A2,A2,591,632,150.0,severity_heavy
1.0,1.0,1,1,A2,A2,592,633,100.0,equal
1.0,1.0,1,1,A2,A2,592,633,100.0,criticality_heavy
1.0,1.0,1,1,A2,A2,592,633,100.0,throughput_heavy
1.0,1.0,1,1,A2,A2,592,633,100.0,severity_heavy
1.0,1.0,1,1,A2,A2,592,633,125.0,equal
1.0,1.0,1,1,A2,A2,592,633,125.0,criticality_heavy
1.0,1.0,1,1,A2,A2,592,633,125.0,throughput_heavy
1.0,1.0,1,1,A2,A2,592,633,125.0,severity_heavy
0.9746794344808964,0.9486832980505138,0,1,A2,A2,592,633,150.0,equal
0.9746794344808964,0.9486832980505138,0,1,A2,A2,592,633,150.0,criticality_heavy
0.9746794344808964,0.9486832980505138,0,1,A2,A2,592,633,150.0,throughput_heavy
0.9746794344808964,0.9486832980505138,0,1,A2,A2,592,633,150.0,severity_heavy
0.9746794344808963,0.9486832980505138,0,1,A2,A2,593,634,100.0,equal
0.9746794344808963,0.9486832980505138,0,1,A2,A2,593,634,100.0,criticality_heavy
0.9746794344808963,0.9486832980505138,0,1,A2,A2,593,634,100.0,throughput_heavy
0.9746794344808963,0.9486832980505138,0,1,A2,A2,593,634,100.0,severity_heavy
0.9999999999999999,1.0,1,1,A2,A2,593,634,125.0,equal
0.9999999999999999,1.0,1,1,A2,A2,593,634,125.0,criticality_heavy
0.9999999999999999,1.0,1,1,A2,A2,593,634,125.0,throughput_heavy
0.9999999999999999,1.0,1,1,A2,A2,593,634,125.0,severity_heavy
0.9999999999999999,1.0,1,1,A2,A2,593,634,150.0,equal
0.9999999999999999,1.0,1,1,A2,A2,593,634,150.0,criticality_heavy
0.9999999999999999,1.0,1,1,A2,A2,593,634,150.0,throughput_heavy
0.9999999999999999,1.0,1,1,A2,A2,593,634,150.0,severity_heavy
0.9746794344808963,0.9486832980505138,0,1,A3,A3,594,635,100.0,equal
0.9746794344808963,0.9486832980505138,0,1,A3,A3,594,635,100.0,criticality_heavy
0.9746794344808963,0.9486832980505138,0,1,A3,A3,594,635,100.0,throughput_heavy
0.9746794344808963,0.9486832980505138,0,1,A3,A3,594,635,100.0,severity_heavy
0.9999999999999999,1.0,1,1,A3,A3,594,635,125.0,equal
0.9999999999999999,1.0,1,1,A3,A3,594,635,125.0,criticality_heavy
0.9999999999999999,1.0,1,1,A3,A3,594,635,125.0,throughput_heavy
0.9999999999999999,1.0,1,1,A3,A3,594,635,125.0,severity_heavy
0.9999999999999999,1.0,1,1,A3,A3,594,635,150.0,equal
0.9999999999999999,1.0,1,1,A3,A3,594,635,150.0,criticality_heavy
0.9999999999999999,1.0,1,1,A3,A3,594,635,150.0,throughput_heavy
0.9999999999999999,1.0,1,1,A3,A3,594,635,150.0,severity_heavy
0.9999999999999999,1.0,1,1,A2,A2,595,636,100.0,equal
0.9999999999999999,1.0,1,1,A2,A2,595,636,100.0,criticality_heavy
0.9999999999999999,1.0,1,1,A2,A2,595,636,100.0,throughput_heavy
0.9999999999999999,1.0,1,1,A2,A2,595,636,100.0,severity_heavy
0.9999999999999999,1.0,1,1,A2,A2,595,636,125.0,equal
0.9999999999999999,1.0,1,1,A2,A2,595,636,125.0,criticality_heavy
0.9999999999999999,1.0,1,1,A2,A2,595,636,125.0,throughput_heavy
0.9999999999999999,1.0,1,1,A2,A2,595,636,125.0,severity_heavy
0.9999999999999999,1.0,1,1,A2,A2,595,636,150.0,equal
0.8999999999999998,0.8,0,1,A2,A2,595,636,150.0,criticality_heavy
0.9999999999999999,1.0,1,1,A2,A2,595,636,150.0,throughput_heavy
0.9999999999999999,1.0,1,1,A2,A2,595,636,150.0,severity_heavy
0.9746794344808963,0.9486832980505138,0,1,A2,A2,596,637,100.0,equal
0.9746794344808963,0.9486832980505138,0,1,A2,A2,596,637,100.0,criticality_heavy
0.9746794344808963,0.9486832980505138,0,1,A2,A2,596,637,100.0,throughput_heavy
0.9746794344808963,0.9486832980505138,0,1,A2,A2,596,637,100.0,severity_heavy
0.9999999999999999,1.0,1,1,A2,A2,596,637,125.0,equal
0.9999999999999999,1.0,1,1,A2,A2,596,637,125.0,criticality_heavy
0.9999999999999999,1.0,1,1,A2,A2,596,637,125.0,throughput_heavy
0.9999999999999999,1.0,1,1,A2,A2,596,637,125.0,severity_heavy
0.8999999999999998,0.8,0,1,A2,A2,596,637,150.0,equal
0.8999999999999998,0.8,0,1,A2,A2,596,637,150.0,criticality_heavy
0.8999999999999998,0.8,0,1,A2,A2,596,637,150.0,throughput_heavy
0.8999999999999998,0.8,0,1,A2,A2,596,637,150.0,severity_heavy
0.8720815992723809,0.7378647873726218,0,0,A5,A4,597,638,100.0,equal
0.8720815992723809,0.7378647873726218,0,0,A5,A4,597,638,100.0,criticality_heavy
0.8720815992723809,0.7378647873726218,0,0,A5,A4,597,638,100.0,throughput_heavy
0.8720815992723809,0.7378647873726218,0,0,A5,A4,597,638,100.0,severity_heavy
0.9999999999999999,1.0,1,1,A5,A5,597,638,125.0,equal
0.9999999999999999,1.0,1,1,A5,A5,597,638,125.0,criticality_heavy
0.9999999999999999,1.0,1,1,A5,A5,597,638,125.0,throughput_heavy
0.8999999999999998,0.8,0,0,A5,A4,597,638,125.0,severity_heavy
0.9999999999999999,1.0,1,1,A5,A5,597,638,150.0,equal
0.9999999999999999,1.0,1,1,A5,A5,597,638,150.0,criticality_heavy
0.9999999999999999,1.0,1,1,A5,A5,597,638,150.0,throughput_heavy
0.9999999999999999,1.0,1,1,A5,A5,597,638,150.0,severity_heavy
1.0,1.0,1,1,A3,A3,598,639,100.0,equal
1.0,1.0,1,1,A3,A3,598,639,100.0,criticality_heavy
1.0,1.0,1,1,A3,A3,598,639,100.0,throughput_heavy
1.0,1.0,1,1,A3,A3,598,639,100.0,severity_heavy
1.0,1.0,1,1,A3,A3,598,639,125.0,equal
1.0,1.0,1,1,A3,A3,598,639,125.0,criticality_heavy
1.0,1.0,1,1,A3,A3,598,639,125.0,throughput_heavy
1.0,1.0,1,1,A3,A3,598,639,125.0,severity_heavy
0.9746794344808964,0.9486832980505138,0,1,A3,A3,598,639,150.0,equal
0.9746794344808964,0.9486832980505138,0,1,A3,A3,598,639,150.0,criticality_heavy
0.9746794344808964,0.9486832980505138,0,1,A3,A3,598,639,150.0,throughput_heavy
0.9746794344808964,0.9486832980505138,0,1,A3,A3,598,639,150.0,severity_heavy
0.9746794344808963,0.9486832980505138,0,1,A2,A2,599,640,100.0,equal
0.8720815992723809,0.7378647873726218,0,0,A2,A1,599,640,100.0,criticality_heavy
0.9746794344808963,0.9486832980505138,0,1,A2,A2,599,640,100.0,throughput_heavy
0.9746794344808963,0.9486832980505138,0,1,A2,A2,599,640,100.0,severity_heavy
0.9999999999999999,1.0,1,1,A2,A2,599,640,125.0,equal
0.9999999999999999,1.0,1,1,A2,A2,599,640,125.0,criticality_heavy
0.9999999999999999,1.0,1,1,A2,A2,599,640,125.0,throughput_heavy
0.9999999999999999,1.0,1,1,A2,A2,599,640,125.0,severity_heavy
0.9999999999999999,1.0,1,1,A2,A2,599,640,150.0,equal
0.9999999999999999,1.0,1,1,A2,A2,599,640,150.0,criticality_heavy
0.9999999999999999,1.0,1,1,A2,A2,599,640,150.0,throughput_heavy
0.9999999999999999,1.0,1,1,A2,A2,599,640,150.0,severity_heavy
0.8947368421052632,0.7777777777777778,0,1,A5,A5,600,641,100.0,equal
0.8947368421052632,0.7777777777777778,0,1,A5,A5,600,641,100.0,criticality_heavy
0.8947368421052632,0.7777777777777778,0,1,A5,A5,600,641,100.0,throughput_heavy
0.8947368421052632,0.7777777777777778,0,1,A5,A5,600,641,100.0,severity_heavy
1.0,1.0,1,1,A5,A5,600,641,125.0,equal
1.0,1.0,1,1,A5,A5,600,641,125.0,criticality_heavy
1.0,1.0,1,1,A5,A5,600,641,125.0,throughput_heavy
1.0,1.0,1,1,A5,A5,600,641,125.0,severity_heavy
0.9746794344808964,0.9486832980505138,0,1,A5,A5,600,641,150.0,equal
0.9746794344808964,0.9486832980505138,0,1,A5,A5,600,641,150.0,criticality_heavy
0.9746794344808964,0.9486832980505138,0,1,A5,A5,600,641,150.0,throughput_heavy
0.9746794344808964,0.9486832980505138,0,1,A5,A5,600,641,150.0,severity_heavy
0.8947368421052632,0.7777777777777778,0,0,A3,A5,601,642,100.0,equal
0.8947368421052632,0.7777777777777778,0,0,A3,A5,601,642,100.0,criticality_heavy
0.8947368421052632,0.7777777777777778,0,0,A3,A5,601,642,100.0,throughput_heavy
0.8947368421052632,0.7777777777777778,0,0,A3,A5,601,642,100.0,severity_heavy
1.0,1.0,1,1,A3,A3,601,642,125.0,equal
1.0,1.0,1,1,A3,A3,601,642,125.0,criticality_heavy
1.0,1.0,1,1,A3,A3,601,642,125.0,throughput_heavy
1.0,1.0,1,1,A3,A3,601,642,125.0,severity_heavy
0.9746794344808964,0.9486832980505138,0,1,A3,A3,601,642,150.0,equal
0.9746794344808964,0.9486832980505138,0,1,A3,A3,601,642,150.0,criticality_heavy
0.9746794344808964,0.9486832980505138,0,1,A3,A3,601,642,150.0,throughput_heavy
0.9746794344808964,0.9486832980505138,0,1,A3,A3,601,642,150.0,severity_heavy
0.9999999999999999,1.0,1,1,A3,A3,602,643,100.0,equal
0.9999999999999999,1.0,1,1,A3,A3,602,643,100.0,criticality_heavy
0.9999999999999999,1.0,1,1,A3,A3,602,643,100.0,throughput_heavy
0.9999999999999999,1.0,1,1,A3,A3,602,643,100.0,severity_heavy
0.9999999999999999,1.0,1,1,A3,A3,602,643,125.0,equal
0.9999999999999999,1.0,1,1,A3,A3,602,643,125.0,criticality_heavy
0.9999999999999999,1.0,1,1,A3,A3,602,643,125.0,throughput_heavy
0.9999999999999999,1.0,1,1,A3,A3,602,643,125.0,severity_heavy
0.8999999999999998,0.8,0,1,A3,A3,602,643,150.0,equal
0.8999999999999998,0.8,0,1,A3,A3,602,643,150.0,criticality_heavy
0.9999999999999999,1.0,1,1,A3,A3,602,643,150.0,throughput_heavy
0.8999999999999998,0.8,0,1,A3,A3,602,643,150.0,severity_heavy
0.9746794344808963,0.9486832980505138,0,1,A4,A4,603,644,100.0,equal
0.9746794344808963,0.9486832980505138,0,1,A4,A4,603,644,100.0,criticality_heavy
0.9746794344808963,0.9486832980505138,0,1,A4,A4,603,644,100.0,throughput_heavy
0.9746794344808963,0.9486832980505138,0,1,A4,A4,603,644,100.0,severity_heavy
0.9999999999999999,1.0,1,1,A4,A4,603,644,125.0,equal
0.9999999999999999,1.0,1,1,A4,A4,603,644,125.0,criticality_heavy
0.9999999999999999,1.0,1,1,A4,A4,603,644,125.0,throughput_heavy
0.9999999999999999,1.0,1,1,A4,A4,603,644,125.0,severity_heavy
0.9999999999999999,1.0,1,1,A4,A4,603,644,150.0,equal
0.9999999999999999,1.0,1,1,A4,A4,603,644,150.0,criticality_heavy
0.9999999999999999,1.0,1,1,A4,A4,603,644,150.0,throughput_heavy
0.9999999999999999,1.0,1,1,A4,A4,603,644,150.0,severity_heavy
0.9746794344808963,0.9486832980505138,0,1,A1,A1,604,645,100.0,equal
0.9746794344808963,0.9486832980505138,0,1,A1,A1,604,645,100.0,criticality_heavy
0.9746794344808963,0.9486832980505138,0,1,A1,A1,604,645,100.0,throughput_heavy
0.9746794344808963,0.9486832980505138,0,1,A1,A1,604,645,100.0,severity_heavy
0.9999999999999999,1.0,1,1,A1,A1,604,645,125.0,equal
0.9999999999999999,1.0,1,1,A1,A1,604,645,125.0,criticality_heavy
0.9999999999999999,1.0,1,1,A1,A1,604,645,125.0,throughput_heavy
0.9999999999999999,1.0,1,1,A1,A1,604,645,125.0,severity_heavy
0.9999999999999999,1.0,1,1,A1,A1,604,645,150.0,equal
0.8999999999999998,0.8,0,1,A1,A1,604,645,150.0,criticality_heavy
0.8999999999999998,0.8,0,1,A1,A1,604,645,150.0,throughput_heavy
0.9999999999999999,1.0,1,1,A1,A1,604,645,150.0,severity_heavy
0.9746794344808963,0.9486832980505138,0,1,A3,A3,605,646,100.0,equal
0.9746794344808963,0.9486832980505138,0,1,A3,A3,605,646,100.0,criticality_heavy
0.9746794344808963,0.9486832980505138,0,1,A3,A3,605,646,100.0,throughput_heavy
0.9746794344808963,0.9486832980505138,0,1,A3,A3,605,646,100.0,severity_heavy
0.9999999999999999,1.0,1,1,A3,A3,605,646,125.0,equal
0.9999999999999999,1.0,1,1,A3,A3,605,646,125.0,criticality_heavy
0.9999999999999999,1.0,1,1,A3,A3,605,646,125.0,throughput_heavy
0.9999999999999999,1.0,1,1,A3,A3,605,646,125.0,severity_heavy
0.8999999999999998,0.8,0,1,A3,A3,605,646,150.0,equal
0.8999999999999998,0.8,0,1,A3,A3,605,646,150.0,criticality_heavy
0.8999999999999998,0.8,0,1,A3,A3,605,646,150.0,throughput_heavy
0.9999999999999999,1.0,1,1,A3,A3,605,646,150.0,severity_heavy
0.9999999999999999,1.0,1,1,A3,A3,606,647,100.0,equal
0.9999999999999999,1.0,1,1,A3,A3,606,647,100.0,criticality_heavy
0.9999999999999999,1.0,1,1,A3,A3,606,647,100.0,throughput_heavy
0.9999999999999999,1.0,1,1,A3,A3,606,647,100.0,severity_heavy
0.9999999999999999,1.0,1,1,A3,A3,606,647,125.0,equal
0.9999999999999999,1.0,1,1,A3,A3,606,647,125.0,criticality_heavy
0.9999999999999999,1.0,1,1,A3,A3,606,647,125.0,throughput_heavy
0.9999999999999999,1.0,1,1,A3,A3,606,647,125.0,severity_heavy
0.9999999999999999,1.0,1,1,A3,A3,606,647,150.0,equal
0.9999999999999999,1.0,1,1,A3,A3,606,647,150.0,criticality_heavy
0.9999999999999999,1.0,1,1,A3,A3,606,647,150.0,throughput_heavy
0.9999999999999999,1.0,1,1,A3,A3,606,647,150.0,severity_heavy
0.8720815992723809,0.7378647873726218,0,0,A1,A4,607,648,100.0,equal
0.9746794344808963,0.9486832980505138,0,1,A1,A1,607,648,100.0,criticality_heavy
0.8720815992723809,0.7378647873726218,0,0,A1,A4,607,648,100.0,throughput_heavy
0.8720815992723809,0.7378647873726218,0,0,A1,A4,607,648,100.0,severity_heavy
0.9999999999999999,1.0,1,1,A1,A1,607,648,125.0,equal
0.9999999999999999,1.0,1,1,A1,A1,607,648,125.0,criticality_heavy
0.9999999999999999,1.0,1,1,A1,A1,607,648,125.0,throughput_heavy
0.9999999999999999,1.0,1,1,A1,A1,607,648,125.0,severity_heavy
0.8999999999999998,0.8,0,1,A1,A1,607,648,150.0,equal
0.8999999999999998,0.8,0,1,A1,A1,607,648,150.0,criticality_heavy
0.8999999999999998,0.8,0,1,A1,A1,607,648,150.0,throughput_heavy
0.8999999999999998,0.8,0,1,A1,A1,607,648,150.0,severity_heavy
0.8947368421052632,0.7777777777777778,0,0,A2,A5,608,649,100.0,equal
0.8947368421052632,0.7777777777777778,0,0,A2,A5,608,649,100.0,criticality_heavy
0.8947368421052632,0.7777777777777778,0,0,A2,A5,608,649,100.0,throughput_heavy
0.8947368421052632,0.7777777777777778,0,0,A2,A5,608,649,100.0,severity_heavy
1.0,1.0,1,1,A2,A2,608,649,125.0,equal
1.0,1.0,1,1,A2,A2,608,649,125.0,criticality_heavy
1.0,1.0,1,1,A2,A2,608,649,125.0,throughput_heavy
1.0,1.0,1,1,A2,A2,608,649,125.0,severity_heavy
0.9746794344808964,0.9486832980505138,0,1,A2,A2,608,649,150.0,equal
0.9746794344808964,0.9486832980505138,0,1,A2,A2,608,649,150.0,criticality_heavy
0.9746794344808964,0.9486832980505138,0,1,A2,A2,608,649,150.0,throughput_heavy
0.9746794344808964,0.9486832980505138,0,1,A2,A2,608,649,150.0,severity_heavy
0.9746794344808963,0.9486832980505138,0,1,A2,A2,609,650,100.0,equal
0.9746794344808963,0.9486832980505138,0,1,A2,A2,609,650,100.0,criticality_heavy
0.9746794344808963,0.9486832980505138,0,1,A2,A2,609,650,100.0,throughput_heavy
0.9746794344808963,0.9486832980505138,0,1,A2,A2,609,650,100.0,severity_heavy
0.9999999999999999,1.0,1,1,A2,A2,609,650,125.0,equal
0.9999999999999999,1.0,1,1,A2,A2,609,650,125.0,criticality_heavy
0.9999999999999999,1.0,1,1,A2,A2,609,650,125.0,throughput_heavy
0.9999999999999999,1.0,1,1,A2,A2,609,650,125.0,severity_heavy
0.9999999999999999,1.0,1,1,A2,A2,609,650,150.0,equal
0.9999999999999999,1.0,1,1,A2,A2,609,650,150.0,criticality_heavy
0.9999999999999999,1.0,1,1,A2,A2,609,650,150.0,throughput_heavy
0.9999999999999999,1.0,1,1,A2,A2,609,650,150.0,severity_heavy
1.0,1.0,1,1,A5,A5,610,651,100.0,equal
1.0,1.0,1,1,A5,A5,610,651,100.0,criticality_heavy
1.0,1.0,1,1,A5,A5,610,651,100.0,throughput_heavy
1.0,1.0,1,1,A5,A5,610,651,100.0,severity_heavy
1.0,1.0,1,1,A5,A5,610,651,125.0,equal
1.0,1.0,1,1,A5,A5,610,651,125.0,criticality_heavy
1.0,1.0,1,1,A5,A5,610,651,125.0,throughput_heavy
0.8947368421052632,0.7777777777777778,0,0,A5,A3,610,651,125.0,severity_heavy
0.8720815992723809,0.7378647873726218,0,0,A5,A3,610,651,150.0,equal
0.8720815992723809,0.7378647873726218,0,0,A5,A3,610,651,150.0,criticality_heavy
0.8720815992723809,0.7378647873726218,0,0,A5,A3,610,651,150.0,throughput_heavy
0.8720815992723809,0.7378647873726218,0,0,A5,A3,610,651,150.0,severity_heavy
0.9746794344808963,0.9486832980505138,0,1,A4,A4,611,652,100.0,equal
0.9746794344808963,0.9486832980505138,0,1,A4,A4,611,652,100.0,criticality_heavy
0.9746794344808963,0.9486832980505138,0,1,A4,A4,611,652,100.0,throughput_heavy
0.9746794344808963,0.9486832980505138,0,1,A4,A4,611,652,100.0,severity_heavy
0.9999999999999999,1.0,1,1,A4,A4,611,652,125.0,equal
0.8999999999999998,0.8,0,0,A4,A1,611,652,125.0,criticality_heavy
0.9999999999999999,1.0,1,1,A4,A4,611,652,125.0,throughput_heavy
0.9999999999999999,1.0,1,1,A4,A4,611,652,125.0,severity_heavy
0.8999999999999998,0.8,0,0,A4,A1,611,652,150.0,equal
0.8999999999999998,0.8,0,0,A4,A1,611,652,150.0,criticality_heavy
0.8999999999999998,0.8,0,0,A4,A1,611,652,150.0,throughput_heavy
0.8999999999999998,0.8,0,0,A4,A1,611,652,150.0,severity_heavy
1.0,1.0,1,1,A2,A2,612,653,100.0,equal
1.0,1.0,1,1,A2,A2,612,653,100.0,criticality_heavy
1.0,1.0,1,1,A2,A2,612,653,100.0,throughput_heavy
1.0,1.0,1,1,A2,A2,612,653,100.0,severity_heavy
1.0,1.0,1,1,A2,A2,612,653,125.0,equal
1.0,1.0,1,1,A2,A2,612,653,125.0,criticality_heavy
1.0,1.0,1,1,A2,A2,612,653,125.0,throughput_heavy
1.0,1.0,1,1,A2,A2,612,653,125.0,severity_heavy
0.9746794344808964,0.9486832980505138,0,1,A2,A2,612,653,150.0,equal
0.9746794344808964,0.9486832980505138,0,1,A2,A2,612,653,150.0,criticality_heavy
0.9746794344808964,0.9486832980505138,0,1,A2,A2,612,653,150.0,throughput_heavy
0.9746794344808964,0.9486832980505138,0,1,A2,A2,612,653,150.0,severity_heavy
0.8947368421052632,0.7777777777777778,0,0,A5,A4,613,654,100.0,equal
0.8947368421052632,0.7777777777777778,0,0,A5,A4,613,654,100.0,criticality_heavy
0.8947368421052632,0.7777777777777778,0,0,A5,A4,613,654,100.0,throughput_heavy
0.8947368421052632,0.7777777777777778,0,0,A5,A4,613,654,100.0,severity_heavy
1.0,1.0,1,1,A5,A5,613,654,125.0,equal
1.0,1.0,1,1,A5,A5,613,654,125.0,criticality_heavy
1.0,1.0,1,1,A5,A5,613,654,125.0,throughput_heavy
0.8947368421052632,0.7777777777777778,0,0,A5,A4,613,654,125.0,severity_heavy
0.8720815992723809,0.7378647873726218,0,1,A5,A5,613,654,150.0,equal
0.8720815992723809,0.7378647873726218,0,1,A5,A5,613,654,150.0,criticality_heavy
0.8720815992723809,0.7378647873726218,0,1,A5,A5,613,654,150.0,throughput_heavy
0.6668859288553501,0.5270462766947299,0,0,A5,A3,613,654,150.0,severity_heavy
0.9746794344808963,0.9486832980505138,0,1,A1,A1,614,655,100.0,equal
0.9746794344808963,0.9486832980505138,0,1,A1,A1,614,655,100.0,criticality_heavy
0.9746794344808963,0.9486832980505138,0,1,A1,A1,614,655,100.0,throughput_heavy
0.9746794344808963,0.9486832980505138,0,1,A1,A1,614,655,100.0,severity_heavy
0.9999999999999999,1.0,1,1,A1,A1,614,655,125.0,equal
0.9999999999999999,1.0,1,1,A1,A1,614,655,125.0,criticality_heavy
0.9999999999999999,1.0,1,1,A1,A1,614,655,125.0,throughput_heavy
0.9999999999999999,1.0,1,1,A1,A1,614,655,125.0,severity_heavy
0.9999999999999999,1.0,1,1,A1,A1,614,655,150.0,equal
0.9999999999999999,1.0,1,1,A1,A1,614,655,150.0,criticality_heavy
0.9999999999999999,1.0,1,1,A1,A1,614,655,150.0,throughput_heavy
0.9999999999999999,1.0,1,1,A1,A1,614,655,150.0,severity_heavy
1.0,1.0,1,1,A3,A3,615,656,100.0,equal
1.0,1.0,1,1,A3,A3,615,656,100.0,criticality_heavy
1.0,1.0,1,1,A3,A3,615,656,100.0,throughput_heavy
1.0,1.0,1,1,A3,A3,615,656,100.0,severity_heavy
1.0,1.0,1,1,A3,A3,615,656,125.0,equal
1.0,1.0,1,1,A3,A3,615,656,125.0,criticality_heavy
1.0,1.0,1,1,A3,A3,615,656,125.0,throughput_heavy
1.0,1.0,1,1,A3,A3,615,656,125.0,severity_heavy
0.9746794344808964,0.9486832980505138,0,1,A3,A3,615,656,150.0,equal
0.9746794344808964,0.9486832980505138,0,1,A3,A3,615,656,150.0,criticality_heavy
0.9746794344808964,0.9486832980505138,0,1,A3,A3,615,656,150.0,throughput_heavy
0.9746794344808964,0.9486832980505138,0,1,A3,A3,615,656,150.0,severity_heavy
0.9746794344808963,0.9486832980505138,0,1,A1,A1,616,657,100.0,equal
0.9746794344808963,0.9486832980505138,0,1,A1,A1,616,657,100.0,criticality_heavy
0.9746794344808963,0.9486832980505138,0,1,A1,A1,616,657,100.0,throughput_heavy
0.9746794344808963,0.9486832980505138,0,1,A1,A1,616,657,100.0,severity_heavy
0.9999999999999999,1.0,1,1,A1,A1,616,657,125.0,equal
0.9999999999999999,1.0,1,1,A1,A1,616,657,125.0,criticality_heavy
0.9999999999999999,1.0,1,1,A1,A1,616,657,125.0,throughput_heavy
0.9999999999999999,1.0,1,1,A1,A1,616,657,125.0,severity_heavy
0.9999999999999999,1.0,1,1,A1,A1,616,657,150.0,equal
0.9999999999999999,1.0,1,1,A1,A1,616,657,150.0,criticality_heavy
0.9999999999999999,1.0,1,1,A1,A1,616,657,150.0,throughput_heavy
0.9999999999999999,1.0,1,1,A1,A1,616,657,150.0,severity_heavy
0.9746794344808963,0.9486832980505138,0,1,A2,A2,617,658,100.0,equal
0.9746794344808963,0.9486832980505138,0,1,A2,A2,617,658,100.0,criticality_heavy
0.9746794344808963,0.9486832980505138,0,1,A2,A2,617,658,100.0,throughput_heavy
0.9746794344808963,0.9486832980505138,0,1,A2,A2,617,658,100.0,severity_heavy
0.9999999999999999,1.0,1,1,A2,A2,617,658,125.0,equal
0.9999999999999999,1.0,1,1,A2,A2,617,658,125.0,criticality_heavy
0.9999999999999999,1.0,1,1,A2,A2,617,658,125.0,throughput_heavy
0.9999999999999999,1.0,1,1,A2,A2,617,658,125.0,severity_heavy
0.8999999999999998,0.8,0,1,A2,A2,617,658,150.0,equal
0.8999999999999998,0.8,0,1,A2,A2,617,658,150.0,criticality_heavy
0.8999999999999998,0.8,0,1,A2,A2,617,658,150.0,throughput_heavy
0.8999999999999998,0.8,0,1,A2,A2,617,658,150.0,severity_heavy
0.9746794344808963,0.9486832980505138,0,1,A1,A1,618,659,100.0,equal
0.9746794344808963,0.9486832980505138,0,1,A1,A1,618,659,100.0,criticality_heavy
0.9746794344808963,0.9486832980505138,0,1,A1,A1,618,659,100.0,throughput_heavy
0.9746794344808963,0.9486832980505138,0,1,A1,A1,618,659,100.0,severity_heavy
0.9999999999999999,1.0,1,1,A1,A1,618,659,125.0,equal
0.9999999999999999,1.0,1,1,A1,A1,618,659,125.0,criticality_heavy
0.9999999999999999,1.0,1,1,A1,A1,618,659,125.0,throughput_heavy
0.9999999999999999,1.0,1,1,A1,A1,618,659,125.0,severity_heavy
0.9999999999999999,1.0,1,1,A1,A1,618,659,150.0,equal
0.9999999999999999,1.0,1,1,A1,A1,618,659,150.0,criticality_heavy
0.9999999999999999,1.0,1,1,A1,A1,618,659,150.0,throughput_heavy
0.9999999999999999,1.0,1,1,A1,A1,618,659,150.0,severity_heavy
0.8947368421052632,0.7777777777777778,0,1,A2,A2,619,660,100.0,equal
0.8947368421052632,0.7777777777777778,0,1,A2,A2,619,660,100.0,criticality_heavy
0.8947368421052632,0.7777777777777778,0,1,A2,A2,619,660,100.0,throughput_heavy
0.8947368421052632,0.7777777777777778,0,1,A2,A2,619,660,100.0,severity_heavy
1.0,1.0,1,1,A2,A2,619,660,125.0,equal
1.0,1.0,1,1,A2,A2,619,660,125.0,criticality_heavy
1.0,1.0,1,1,A2,A2,619,660,125.0,throughput_heavy
1.0,1.0,1,1,A2,A2,619,660,125.0,severity_heavy
0.9746794344808964,0.9486832980505138,0,1,A2,A2,619,660,150.0,equal
0.9746794344808964,0.9486832980505138,0,1,A2,A2,619,660,150.0,criticality_heavy
0.9746794344808964,0.9486832980505138,0,1,A2,A2,619,660,150.0,throughput_heavy
0.9746794344808964,0.9486832980505138,0,1,A2,A2,619,660,150.0,severity_heavy
1.0,1.0,1,1,A2,A2,620,661,100.0,equal
1.0,1.0,1,1,A2,A2,620,661,100.0,criticality_heavy
1.0,1.0,1,1,A2,A2,620,661,100.0,throughput_heavy
1.0,1.0,1,1,A2,A2,620,661,100.0,severity_heavy
1.0,1.0,1,1,A2,A2,620,661,125.0,equal
1.0,1.0,1,1,A2,A2,620,661,125.0,criticality_heavy
1.0,1.0,1,1,A2,A2,620,661,125.0,throughput_heavy
1.0,1.0,1,1,A2,A2,620,661,125.0,severity_heavy
0.8720815992723809,0.7378647873726218,0,1,A2,A2,620,661,150.0,equal
0.8720815992723809,0.7378647873726218,0,1,A2,A2,620,661,150.0,criticality_heavy
0.8720815992723809,0.7378647873726218,0,1,A2,A2,620,661,150.0,throughput_heavy
0.8720815992723809,0.7378647873726218,0,1,A2,A2,620,661,150.0,severity_heavy
0.8999999999999998,0.8,0,1,A3,A3,621,662,100.0,equal
0.8999999999999998,0.8,0,1,A3,A3,621,662,100.0,criticality_heavy
0.8999999999999998,0.8,0,1,A3,A3,621,662,100.0,throughput_heavy
0.8999999999999998,0.8,0,1,A3,A3,621,662,100.0,severity_heavy
0.9999999999999999,1.0,1,1,A3,A3,621,662,125.0,equal
0.8999999999999998,0.8,0,1,A3,A3,621,662,125.0,criticality_heavy
0.9999999999999999,1.0,1,1,A3,A3,621,662,125.0,throughput_heavy
0.8999999999999998,0.8,0,1,A3,A3,621,662,125.0,severity_heavy
0.7,0.6,0,1,A3,A3,621,662,150.0,equal
0.7,0.6,0,1,A3,A3,621,662,150.0,criticality_heavy
0.7,0.6,0,1,A3,A3,621,662,150.0,throughput_heavy
0.7,0.6,0,1,A3,A3,621,662,150.0,severity_heavy
0.8720815992723809,0.7378647873726218,0,1,A2,A2,622,663,100.0,equal
0.8720815992723809,0.7378647873726218,0,1,A2,A2,622,663,100.0,criticality_heavy
0.8720815992723809,0.7378647873726218,0,1,A2,A2,622,663,100.0,throughput_heavy
0.8720815992723809,0.7378647873726218,0,1,A2,A2,622,663,100.0,severity_heavy
0.9999999999999999,1.0,1,1,A2,A2,622,663,125.0,equal
0.9999999999999999,1.0,1,1,A2,A2,622,663,125.0,criticality_heavy
0.9999999999999999,1.0,1,1,A2,A2,622,663,125.0,throughput_heavy
0.9999999999999999,1.0,1,1,A2,A2,622,663,125.0,severity_heavy
0.9999999999999999,1.0,1,1,A2,A2,622,663,150.0,equal
0.9999999999999999,1.0,1,1,A2,A2,622,663,150.0,criticality_heavy
0.9999999999999999,1.0,1,1,A2,A2,622,663,150.0,throughput_heavy
0.9999999999999999,1.0,1,1,A2,A2,622,663,150.0,severity_heavy
0.9746794344808963,0.9486832980505138,0,1,A3,A3,623,664,100.0,equal
0.9746794344808963,0.9486832980505138,0,1,A3,A3,623,664,100.0,criticality_heavy
0.9746794344808963,0.9486832980505138,0,1,A3,A3,623,664,100.0,throughput_heavy
0.9746794344808963,0.9486832980505138,0,1,A3,A3,623,664,100.0,severity_heavy
0.9999999999999999,1.0,1,1,A3,A3,623,664,125.0,equal
0.9999999999999999,1.0,1,1,A3,A3,623,664,125.0,criticality_heavy
0.9999999999999999,1.0,1,1,A3,A3,623,664,125.0,throughput_heavy
0.9999999999999999,1.0,1,1,A3,A3,623,664,125.0,severity_heavy
0.9999999999999999,1.0,1,1,A3,A3,623,664,150.0,equal
0.9999999999999999,1.0,1,1,A3,A3,623,664,150.0,criticality_heavy
0.9999999999999999,1.0,1,1,A3,A3,623,664,150.0,throughput_heavy
0.9999999999999999,1.0,1,1,A3,A3,623,664,150.0,severity_heavy
0.9746794344808963,0.9486832980505138,0,1,A2,A2,624,665,100.0,equal
0.9746794344808963,0.9486832980505138,0,1,A2,A2,624,665,100.0,criticality_heavy
0.9746794344808963,0.9486832980505138,0,1,A2,A2,624,665,100.0,throughput_heavy
0.9746794344808963,0.9486832980505138,0,1,A2,A2,624,665,100.0,severity_heavy
0.9999999999999999,1.0,1,1,A2,A2,624,665,125.0,equal
0.9999999999999999,1.0,1,1,A2,A2,624,665,125.0,criticality_heavy
0.9999999999999999,1.0,1,1,A2,A2,624,665,125.0,throughput_heavy
0.9999999999999999,1.0,1,1,A2,A2,624,665,125.0,severity_heavy
0.9999999999999999,1.0,1,1,A2,A2,624,665,150.0,equal
0.9999999999999999,1.0,1,1,A2,A2,624,665,150.0,criticality_heavy
0.9999999999999999,1.0,1,1,A2,A2,624,665,150.0,throughput_heavy
0.9999999999999999,1.0,1,1,A2,A2,624,665,150.0,severity_heavy
0.8207826816681234,0.7378647873726218,0,1,A1,A1,625,666,100.0,equal
0.8207826816681234,0.7378647873726218,0,1,A1,A1,625,666,100.0,criticality_heavy
0.8207826816681234,0.7378647873726218,0,1,A1,A1,625,666,100.0,throughput_heavy
0.8207826816681234,0.7378647873726218,0,1,A1,A1,625,666,100.0,severity_heavy
0.9999999999999999,1.0,1,1,A1,A1,625,666,125.0,equal
0.9999999999999999,1.0,1,1,A1,A1,625,666,125.0,criticality_heavy
0.9999999999999999,1.0,1,1,A1,A1,625,666,125.0,throughput_heavy
0.9999999999999999,1.0,1,1,A1,A1,625,666,125.0,severity_heavy
0.9999999999999999,1.0,1,1,A1,A1,625,666,150.0,equal
0.9999999999999999,1.0,1,1,A1,A1,625,666,150.0,criticality_heavy
0.9999999999999999,1.0,1,1,A1,A1,625,666,150.0,throughput_heavy
0.9999999999999999,1.0,1,1,A1,A1,625,666,150.0,severity_heavy
1.0,1.0,1,1,A5,A5,626,667,100.0,equal
1.0,1.0,1,1,A5,A5,626,667,100.0,criticality_heavy
1.0,1.0,1,1,A5,A5,626,667,100.0,throughput_heavy
1.0,1.0,1,1,A5,A5,626,667,100.0,severity_heavy
1.0,1.0,1,1,A5,A5,626,667,125.0,equal
1.0,1.0,1,1,A5,A5,626,667,125.0,criticality_heavy
1.0,1.0,1,1,A5,A5,626,667,125.0,throughput_heavy
1.0,1.0,1,1,A5,A5,626,667,125.0,severity_heavy
0.9746794344808964,0.9486832980505138,0,1,A5,A5,626,667,150.0,equal
0.9746794344808964,0.9486832980505138,0,1,A5,A5,626,667,150.0,criticality_heavy
0.9746794344808964,0.9486832980505138,0,1,A5,A5,626,667,150.0,throughput_heavy
0.9746794344808964,0.9486832980505138,0,1,A5,A5,626,667,150.0,severity_heavy
1.0,1.0,1,1,A3,A3,627,668,100.0,equal
1.0,1.0,1,1,A3,A3,627,668,100.0,criticality_heavy
1.0,1.0,1,1,A3,A3,627,668,100.0,throughput_heavy
1.0,1.0,1,1,A3,A3,627,668,100.0,severity_heavy
1.0,1.0,1,1,A3,A3,627,668,125.0,equal
1.0,1.0,1,1,A3,A3,627,668,125.0,criticality_heavy
1.0,1.0,1,1,A3,A3,627,668,125.0,throughput_heavy
1.0,1.0,1,1,A3,A3,627,668,125.0,severity_heavy
0.9746794344808964,0.9486832980505138,0,1,A3,A3,627,668,150.0,equal
0.9746794344808964,0.9486832980505138,0,1,A3,A3,627,668,150.0,criticality_heavy
0.9746794344808964,0.9486832980505138,0,1,A3,A3,627,668,150.0,throughput_heavy
0.9746794344808964,0.9486832980505138,0,1,A3,A3,627,668,150.0,severity_heavy
0.8720815992723809,0.7378647873726218,0,0,A3,A5,628,669,100.0,equal
0.8720815992723809,0.7378647873726218,0,0,A3,A5,628,669,100.0,criticality_heavy
0.8720815992723809,0.7378647873726218,0,0,A3,A5,628,669,100.0,throughput_heavy
0.9746794344808963,0.9486832980505138,0,1,A3,A3,628,669,100.0,severity_heavy
0.9999999999999999,1.0,1,1,A3,A3,628,669,125.0,equal
0.9999999999999999,1.0,1,1,A3,A3,628,669,125.0,criticality_heavy
0.9999999999999999,1.0,1,1,A3,A3,628,669,125.0,throughput_heavy
0.9999999999999999,1.0,1,1,A3,A3,628,669,125.0,severity_heavy
0.8999999999999998,0.8,0,1,A3,A3,628,669,150.0,equal
0.9999999999999999,1.0,1,1,A3,A3,628,669,150.0,criticality_heavy
0.8999999999999998,0.8,0,1,A3,A3,628,669,150.0,throughput_heavy
0.9999999999999999,1.0,1,1,A3,A3,628,669,150.0,severity_heavy
0.9746794344808963,0.9486832980505138,0,1,A2,A2,629,670,100.0,equal
0.9746794344808963,0.9486832980505138,0,1,A2,A2,629,670,100.0,criticality_heavy
0.9746794344808963,0.9486832980505138,0,1,A2,A2,629,670,100.0,throughput_heavy
0.9746794344808963,0.9486832980505138,0,1,A2,A2,629,670,100.0,severity_heavy
0.9999999999999999,1.0,1,1,A2,A2,629,670,125.0,equal
0.9999999999999999,1.0,1,1,A2,A2,629,670,125.0,criticality_heavy
0.9999999999999999,1.0,1,1,A2,A2,629,670,125.0,throughput_heavy
0.9999999999999999,1.0,1,1,A2,A2,629,670,125.0,severity_heavy
0.9999999999999999,1.0,1,1,A2,A2,629,670,150.0,equal
0.9999999999999999,1.0,1,1,A2,A2,629,670,150.0,criticality_heavy
0.9999999999999999,1.0,1,1,A2,A2,629,670,150.0,throughput_heavy
0.9999999999999999,1.0,1,1,A2,A2,629,670,150.0,severity_heavy
1.0,1.0,1,1,A2,A2,630,671,100.0,equal
1.0,1.0,1,1,A2,A2,630,671,100.0,criticality_heavy
1.0,1.0,1,1,A2,A2,630,671,100.0,throughput_heavy
1.0,1.0,1,1,A2,A2,630,671,100.0,severity_heavy
1.0,1.0,1,1,A2,A2,630,671,125.0,equal
1.0,1.0,1,1,A2,A2,630,671,125.0,criticality_heavy
1.0,1.0,1,1,A2,A2,630,671,125.0,throughput_heavy
1.0,1.0,1,1,A2,A2,630,671,125.0,severity_heavy
0.9746794344808964,0.9486832980505138,0,1,A2,A2,630,671,150.0,equal
0.9746794344808964,0.9486832980505138,0,1,A2,A2,630,671,150.0,criticality_heavy
0.9746794344808964,0.9486832980505138,0,1,A2,A2,630,671,150.0,throughput_heavy
0.9746794344808964,0.9486832980505138,0,1,A2,A2,630,671,150.0,severity_heavy
1.0,1.0,1,1,A2,A2,631,672,100.0,equal
1.0,1.0,1,1,A2,A2,631,672,100.0,criticality_heavy
1.0,1.0,1,1,A2,A2,631,672,100.0,throughput_heavy
1.0,1.0,1,1,A2,A2,631,672,100.0,severity_heavy
1.0,1.0,1,1,A2,A2,631,672,125.0,equal
1.0,1.0,1,1,A2,A2,631,672,125.0,criticality_heavy
1.0,1.0,1,1,A2,A2,631,672,125.0,throughput_heavy
1.0,1.0,1,1,A2,A2,631,672,125.0,severity_heavy
0.9746794344808964,0.9486832980505138,0,1,A2,A2,631,672,150.0,equal
0.9746794344808964,0.9486832980505138,0,1,A2,A2,631,672,150.0,criticality_heavy
0.9746794344808964,0.9486832980505138,0,1,A2,A2,631,672,150.0,throughput_heavy
0.9746794344808964,0.9486832980505138,0,1,A2,A2,631,672,150.0,severity_heavy
0.9746794344808963,0.9486832980505138,0,1,A1,A1,632,673,100.0,equal
0.9746794344808963,0.9486832980505138,0,1,A1,A1,632,673,100.0,criticality_heavy
0.9746794344808963,0.9486832980505138,0,1,A1,A1,632,673,100.0,throughput_heavy
0.9746794344808963,0.9486832980505138,0,1,A1,A1,632,673,100.0,severity_heavy
0.9999999999999999,1.0,1,1,A1,A1,632,673,125.0,equal
0.9999999999999999,1.0,1,1,A1,A1,632,673,125.0,criticality_heavy
0.9999999999999999,1.0,1,1,A1,A1,632,673,125.0,throughput_heavy
0.9999999999999999,1.0,1,1,A1,A1,632,673,125.0,severity_heavy
0.9999999999999999,1.0,1,1,A1,A1,632,673,150.0,equal
0.9999999999999999,1.0,1,1,A1,A1,632,673,150.0,criticality_heavy
0.9999999999999999,1.0,1,1,A1,A1,632,673,150.0,throughput_heavy
0.9999999999999999,1.0,1,1,A1,A1,632,673,150.0,severity_heavy
0.9746794344808963,0.9486832980505138,0,1,A3,A3,633,674,100.0,equal
0.9746794344808963,0.9486832980505138,0,1,A3,A3,633,674,100.0,criticality_heavy
0.9746794344808963,0.9486832980505138,0,1,A3,A3,633,674,100.0,throughput_heavy
0.9746794344808963,0.9486832980505138,0,1,A3,A3,633,674,100.0,severity_heavy
0.9999999999999999,1.0,1,1,A3,A3,633,674,125.0,equal
0.9999999999999999,1.0,1,1,A3,A3,633,674,125.0,criticality_heavy
0.9999999999999999,1.0,1,1,A3,A3,633,674,125.0,throughput_heavy
0.9999999999999999,1.0,1,1,A3,A3,633,674,125.0,severity_heavy
0.9999999999999999,1.0,1,1,A3,A3,633,674,150.0,equal
0.9999999999999999,1.0,1,1,A3,A3,633,674,150.0,criticality_heavy
0.9999999999999999,1.0,1,1,A3,A3,633,674,150.0,throughput_heavy
0.9999999999999999,1.0,1,1,A3,A3,633,674,150.0,severity_heavy
1.0,1.0,1,1,A3,A3,634,675,100.0,equal
1.0,1.0,1,1,A3,A3,634,675,100.0,criticality_heavy
1.0,1.0,1,1,A3,A3,634,675,100.0,throughput_heavy
1.0,1.0,1,1,A3,A3,634,675,100.0,severity_heavy
1.0,1.0,1,1,A3,A3,634,675,125.0,equal
1.0,1.0,1,1,A3,A3,634,675,125.0,criticality_heavy
1.0,1.0,1,1,A3,A3,634,675,125.0,throughput_heavy
1.0,1.0,1,1,A3,A3,634,675,125.0,severity_heavy
0.9746794344808964,0.9486832980505138,0,1,A3,A3,634,675,150.0,equal
0.9746794344808964,0.9486832980505138,0,1,A3,A3,634,675,150.0,criticality_heavy
0.9746794344808964,0.9486832980505138,0,1,A3,A3,634,675,150.0,throughput_heavy
0.9746794344808964,0.9486832980505138,0,1,A3,A3,634,675,150.0,severity_heavy
1.0,1.0,1,1,A3,A3,635,676,100.0,equal
1.0,1.0,1,1,A3,A3,635,676,100.0,criticality_heavy
1.0,1.0,1,1,A3,A3,635,676,100.0,throughput_heavy
1.0,1.0,1,1,A3,A3,635,676,100.0,severity_heavy
1.0,1.0,1,1,A3,A3,635,676,125.0,equal
1.0,1.0,1,1,A3,A3,635,676,125.0,criticality_heavy
1.0,1.0,1,1,A3,A3,635,676,125.0,throughput_heavy
1.0,1.0,1,1,A3,A3,635,676,125.0,severity_heavy
0.9746794344808964,0.9486832980505138,0,1,A3,A3,635,676,150.0,equal
0.9746794344808964,0.9486832980505138,0,1,A3,A3,635,676,150.0,criticality_heavy
0.9746794344808964,0.9486832980505138,0,1,A3,A3,635,676,150.0,throughput_heavy
0.9746794344808964,0.9486832980505138,0,1,A3,A3,635,676,150.0,severity_heavy
0.9746794344808963,0.9486832980505138,0,1,A3,A3,636,677,100.0,equal
0.9746794344808963,0.9486832980505138,0,1,A3,A3,636,677,100.0,criticality_heavy
0.9746794344808963,0.9486832980505138,0,1,A3,A3,636,677,100.0,throughput_heavy
0.9746794344808963,0.9486832980505138,0,1,A3,A3,636,677,100.0,severity_heavy
0.9999999999999999,1.0,1,1,A3,A3,636,677,125.0,equal
0.9999999999999999,1.0,1,1,A3,A3,636,677,125.0,criticality_heavy
0.9999999999999999,1.0,1,1,A3,A3,636,677,125.0,throughput_heavy
0.9999999999999999,1.0,1,1,A3,A3,636,677,125.0,severity_heavy
0.9999999999999999,1.0,1,1,A3,A3,636,677,150.0,equal
0.9999999999999999,1.0,1,1,A3,A3,636,677,150.0,criticality_heavy
0.9999999999999999,1.0,1,1,A3,A3,636,677,150.0,throughput_heavy
0.9999999999999999,1.0,1,1,A3,A3,636,677,150.0,severity_heavy
0.9746794344808963,0.9486832980505138,0,1,A4,A4,637,678,100.0,equal
0.9746794344808963,0.9486832980505138,0,1,A4,A4,637,678,100.0,criticality_heavy
0.9746794344808963,0.9486832980505138,0,1,A4,A4,637,678,100.0,throughput_heavy
0.9746794344808963,0.9486832980505138,0,1,A4,A4,637,678,100.0,severity_heavy
0.9999999999999999,1.0,1,1,A4,A4,637,678,125.0,equal
0.9999999999999999,1.0,1,1,A4,A4,637,678,125.0,criticality_heavy
0.9999999999999999,1.0,1,1,A4,A4,637,678,125.0,throughput_heavy
0.9999999999999999,1.0,1,1,A4,A4,637,678,125.0,severity_heavy
0.8999999999999998,0.8,0,0,A4,A5,637,678,150.0,equal
0.8999999999999998,0.8,0,0,A4,A5,637,678,150.0,criticality_heavy
0.8999999999999998,0.8,0,0,A4,A5,637,678,150.0,throughput_heavy
0.9999999999999999,1.0,1,1,A4,A4,637,678,150.0,severity_heavy
0.9746794344808963,0.9486832980505138,0,1,A2,A2,638,679,100.0,equal
0.9746794344808963,0.9486832980505138,0,1,A2,A2,638,679,100.0,criticality_heavy
0.9746794344808963,0.9486832980505138,0,1,A2,A2,638,679,100.0,throughput_heavy
0.9746794344808963,0.9486832980505138,0,1,A2,A2,638,679,100.0,severity_heavy
0.9999999999999999,1.0,1,1,A2,A2,638,679,125.0,equal
0.9999999999999999,1.0,1,1,A2,A2,638,679,125.0,criticality_heavy
0.9999999999999999,1.0,1,1,A2,A2,638,679,125.0,throughput_heavy
0.9999999999999999,1.0,1,1,A2,A2,638,679,125.0,severity_heavy
0.8999999999999998,0.8,0,1,A2,A2,638,679,150.0,equal
0.8999999999999998,0.8,0,1,A2,A2,638,679,150.0,criticality_heavy
0.8999999999999998,0.8,0,1,A2,A2,638,679,150.0,throughput_heavy
0.8999999999999998,0.8,0,1,A2,A2,638,679,150.0,severity_heavy
0.9746794344808963,0.9486832980505138,0,1,A2,A2,639,680,100.0,equal
0.9746794344808963,0.9486832980505138,0,1,A2,A2,639,680,100.0,criticality_heavy
0.9746794344808963,0.9486832980505138,0,1,A2,A2,639,680,100.0,throughput_heavy
0.9746794344808963,0.9486832980505138,0,1,A2,A2,639,680,100.0,severity_heavy
0.9999999999999999,1.0,1,1,A2,A2,639,680,125.0,equal
0.9999999999999999,1.0,1,1,A2,A2,639,680,125.0,criticality_heavy
0.9999999999999999,1.0,1,1,A2,A2,639,680,125.0,throughput_heavy
0.9999999999999999,1.0,1,1,A2,A2,639,680,125.0,severity_heavy
0.8999999999999998,0.8,0,1,A2,A2,639,680,150.0,equal
0.8999999999999998,0.8,0,1,A2,A2,639,680,150.0,criticality_heavy
0.8999999999999998,0.8,0,1,A2,A2,639,680,150.0,throughput_heavy
0.8999999999999998,0.8,0,1,A2,A2,639,680,150.0,severity_heavy
0.8720815992723809,0.7378647873726218,0,0,A3,A5,640,681,100.0,equal
0.8720815992723809,0.7378647873726218,0,0,A3,A5,640,681,100.0,criticality_heavy
0.8720815992723809,0.7378647873726218,0,0,A3,A5,640,681,100.0,throughput_heavy
0.8720815992723809,0.7378647873726218,0,0,A3,A5,640,681,100.0,severity_heavy
0.9999999999999999,1.0,1,1,A3,A3,640,681,125.0,equal
0.9999999999999999,1.0,1,1,A3,A3,640,681,125.0,criticality_heavy
0.9999999999999999,1.0,1,1,A3,A3,640,681,125.0,throughput_heavy
0.9999999999999999,1.0,1,1,A3,A3,640,681,125.0,severity_heavy
0.9999999999999999,1.0,1,1,A3,A3,640,681,150.0,equal
0.9999999999999999,1.0,1,1,A3,A3,640,681,150.0,criticality_heavy
0.8999999999999998,0.8,0,1,A3,A3,640,681,150.0,throughput_heavy
0.9999999999999999,1.0,1,1,A3,A3,640,681,150.0,severity_heavy
0.9746794344808963,0.9486832980505138,0,1,A3,A3,641,682,100.0,equal
0.9746794344808963,0.9486832980505138,0,1,A3,A3,641,682,100.0,criticality_heavy
0.9746794344808963,0.9486832980505138,0,1,A3,A3,641,682,100.0,throughput_heavy
0.9746794344808963,0.9486832980505138,0,1,A3,A3,641,682,100.0,severity_heavy
0.9999999999999999,1.0,1,1,A3,A3,641,682,125.0,equal
0.9999999999999999,1.0,1,1,A3,A3,641,682,125.0,criticality_heavy
0.9999999999999999,1.0,1,1,A3,A3,641,682,125.0,throughput_heavy
0.9999999999999999,1.0,1,1,A3,A3,641,682,125.0,severity_heavy
0.8999999999999998,0.8,0,1,A3,A3,641,682,150.0,equal
0.8999999999999998,0.8,0,1,A3,A3,641,682,150.0,criticality_heavy
0.8999999999999998,0.8,0,1,A3,A3,641,682,150.0,throughput_heavy
0.9999999999999999,1.0,1,1,A3,A3,641,682,150.0,severity_heavy
1.0,1.0,1,1,A2,A2,642,683,100.0,equal
1.0,1.0,1,1,A2,A2,642,683,100.0,criticality_heavy
1.0,1.0,1,1,A2,A2,642,683,100.0,throughput_heavy
1.0,1.0,1,1,A2,A2,642,683,100.0,severity_heavy
1.0,1.0,1,1,A2,A2,642,683,125.0,equal
1.0,1.0,1,1,A2,A2,642,683,125.0,criticality_heavy
1.0,1.0,1,1,A2,A2,642,683,125.0,throughput_heavy
1.0,1.0,1,1,A2,A2,642,683,125.0,severity_heavy
0.9746794344808964,0.9486832980505138,0,1,A2,A2,642,683,150.0,equal
0.9746794344808964,0.9486832980505138,0,1,A2,A2,642,683,150.0,criticality_heavy
0.9746794344808964,0.9486832980505138,0,1,A2,A2,642,683,150.0,throughput_heavy
0.9746794344808964,0.9486832980505138,0,1,A2,A2,642,683,150.0,severity_heavy
0.9746794344808963,0.9486832980505138,0,1,A1,A1,643,684,100.0,equal
0.9746794344808963,0.9486832980505138,0,1,A1,A1,643,684,100.0,criticality_heavy
0.9746794344808963,0.9486832980505138,0,1,A1,A1,643,684,100.0,throughput_heavy
0.9746794344808963,0.9486832980505138,0,1,A1,A1,643,684,100.0,severity_heavy
0.9999999999999999,1.0,1,1,A1,A1,643,684,125.0,equal
0.9999999999999999,1.0,1,1,A1,A1,643,684,125.0,criticality_heavy
0.9999999999999999,1.0,1,1,A1,A1,643,684,125.0,throughput_heavy
0.9999999999999999,1.0,1,1,A1,A1,643,684,125.0,severity_heavy
0.9999999999999999,1.0,1,1,A1,A1,643,684,150.0,equal
0.9999999999999999,1.0,1,1,A1,A1,643,684,150.0,criticality_heavy
0.9999999999999999,1.0,1,1,A1,A1,643,684,150.0,throughput_heavy
0.9999999999999999,1.0,1,1,A1,A1,643,684,150.0,severity_heavy
0.9746794344808963,0.9486832980505138,0,1,A3,A3,644,685,100.0,equal
0.9746794344808963,0.9486832980505138,0,1,A3,A3,644,685,100.0,criticality_heavy
0.9746794344808963,0.9486832980505138,0,1,A3,A3,644,685,100.0,throughput_heavy
0.9746794344808963,0.9486832980505138,0,1,A3,A3,644,685,100.0,severity_heavy
0.9999999999999999,1.0,1,1,A3,A3,644,685,125.0,equal
0.9999999999999999,1.0,1,1,A3,A3,644,685,125.0,criticality_heavy
0.9999999999999999,1.0,1,1,A3,A3,644,685,125.0,throughput_heavy
0.9999999999999999,1.0,1,1,A3,A3,644,685,125.0,severity_heavy
0.9999999999999999,1.0,1,1,A3,A3,644,685,150.0,equal
0.9999999999999999,1.0,1,1,A3,A3,644,685,150.0,criticality_heavy
0.9999999999999999,1.0,1,1,A3,A3,644,685,150.0,throughput_heavy
0.9999999999999999,1.0,1,1,A3,A3,644,685,150.0,severity_heavy
1.0,1.0,1,1,A3,A3,645,686,100.0,equal
1.0,1.0,1,1,A3,A3,645,686,100.0,criticality_heavy
1.0,1.0,1,1,A3,A3,645,686,100.0,throughput_heavy
1.0,1.0,1,1,A3,A3,645,686,100.0,severity_heavy
1.0,1.0,1,1,A3,A3,645,686,125.0,equal
1.0,1.0,1,1,A3,A3,645,686,125.0,criticality_heavy
1.0,1.0,1,1,A3,A3,645,686,125.0,throughput_heavy
1.0,1.0,1,1,A3,A3,645,686,125.0,severity_heavy
0.9746794344808964,0.9486832980505138,0,1,A3,A3,645,686,150.0,equal
0.9746794344808964,0.9486832980505138,0,1,A3,A3,645,686,150.0,criticality_heavy
0.9746794344808964,0.9486832980505138,0,1,A3,A3,645,686,150.0,throughput_heavy
0.9746794344808964,0.9486832980505138,0,1,A3,A3,645,686,150.0,severity_heavy
1.0,1.0,1,1,A2,A2,646,687,100.0,equal
1.0,1.0,1,1,A2,A2,646,687,100.0,criticality_heavy
1.0,1.0,1,1,A2,A2,646,687,100.0,throughput_heavy
1.0,1.0,1,1,A2,A2,646,687,100.0,severity_heavy
1.0,1.0,1,1,A2,A2,646,687,125.0,equal
1.0,1.0,1,1,A2,A2,646,687,125.0,criticality_heavy
1.0,1.0,1,1,A2,A2,646,687,125.0,throughput_heavy
1.0,1.0,1,1,A2,A2,646,687,125.0,severity_heavy
0.9746794344808964,0.9486832980505138,0,1,A2,A2,646,687,150.0,equal
0.9746794344808964,0.9486832980505138,0,1,A2,A2,646,687,150.0,criticality_heavy
0.9746794344808964,0.9486832980505138,0,1,A2,A2,646,687,150.0,throughput_heavy
0.9746794344808964,0.9486832980505138,0,1,A2,A2,646,687,150.0,severity_heavy
1.0,1.0,1,1,A2,A2,647,688,100.0,equal
1.0,1.0,1,1,A2,A2,647,688,100.0,criticality_heavy
1.0,1.0,1,1,A2,A2,647,688,100.0,throughput_heavy
1.0,1.0,1,1,A2,A2,647,688,100.0,severity_heavy
1.0,1.0,1,1,A2,A2,647,688,125.0,equal
1.0,1.0,1,1,A2,A2,647,688,125.0,criticality_heavy
1.0,1.0,1,1,A2,A2,647,688,125.0,throughput_heavy
1.0,1.0,1,1,A2,A2,647,688,125.0,severity_heavy
0.9746794344808964,0.9486832980505138,0,1,A2,A2,647,688,150.0,equal
0.9746794344808964,0.9486832980505138,0,1,A2,A2,647,688,150.0,criticality_heavy
0.9746794344808964,0.9486832980505138,0,1,A2,A2,647,688,150.0,throughput_heavy
0.9746794344808964,0.9486832980505138,0,1,A2,A2,647,688,150.0,severity_heavy
0.8947368421052632,0.7777777777777778,0,0,A2,A4,648,689,100.0,equal
0.8947368421052632,0.7777777777777778,0,0,A2,A4,648,689,100.0,criticality_heavy
0.8947368421052632,0.7777777777777778,0,0,A2,A4,648,689,100.0,throughput_heavy
0.8947368421052632,0.7777777777777778,0,0,A2,A4,648,689,100.0,severity_heavy
1.0,1.0,1,1,A2,A2,648,689,125.0,equal
1.0,1.0,1,1,A2,A2,648,689,125.0,criticality_heavy
1.0,1.0,1,1,A2,A2,648,689,125.0,throughput_heavy
1.0,1.0,1,1,A2,A2,648,689,125.0,severity_heavy
0.9746794344808964,0.9486832980505138,0,1,A2,A2,648,689,150.0,equal
0.9746794344808964,0.9486832980505138,0,1,A2,A2,648,689,150.0,criticality_heavy
0.9746794344808964,0.9486832980505138,0,1,A2,A2,648,689,150.0,throughput_heavy
0.9746794344808964,0.9486832980505138,0,1,A2,A2,648,689,150.0,severity_heavy
1.0,1.0,1,1,A1,A1,649,690,100.0,equal
1.0,1.0,1,1,A1,A1,649,690,100.0,criticality_heavy
1.0,1.0,1,1,A1,A1,649,690,100.0,throughput_heavy
1.0,1.0,1,1,A1,A1,649,690,100.0,severity_heavy
1.0,1.0,1,1,A1,A1,649,690,125.0,equal
1.0,1.0,1,1,A1,A1,649,690,125.0,criticality_heavy
1.0,1.0,1,1,A1,A1,649,690,125.0,throughput_heavy
1.0,1.0,1,1,A1,A1,649,690,125.0,severity_heavy
0.9746794344808964,0.9486832980505138,0,1,A1,A1,649,690,150.0,equal
0.9746794344808964,0.9486832980505138,0,1,A1,A1,649,690,150.0,criticality_heavy
0.9746794344808964,0.9486832980505138,0,1,A1,A1,649,690,150.0,throughput_heavy
0.9746794344808964,0.9486832980505138,0,1,A1,A1,649,690,150.0,severity_heavy
1.0,1.0,1,1,A2,A2,650,691,100.0,equal
1.0,1.0,1,1,A2,A2,650,691,100.0,criticality_heavy
1.0,1.0,1,1,A2,A2,650,691,100.0,throughput_heavy
1.0,1.0,1,1,A2,A2,650,691,100.0,severity_heavy
1.0,1.0,1,1,A2,A2,650,691,125.0,equal
1.0,1.0,1,1,A2,A2,650,691,125.0,criticality_heavy
1.0,1.0,1,1,A2,A2,650,691,125.0,throughput_heavy
1.0,1.0,1,1,A2,A2,650,691,125.0,severity_heavy
0.9746794344808964,0.9486832980505138,0,1,A2,A2,650,691,150.0,equal
0.9746794344808964,0.9486832980505138,0,1,A2,A2,650,691,150.0,criticality_heavy
0.9746794344808964,0.9486832980505138,0,1,A2,A2,650,691,150.0,throughput_heavy
0.9746794344808964,0.9486832980505138,0,1,A2,A2,650,691,150.0,severity_heavy
0.9746794344808963,0.9486832980505138,0,1,A2,A2,651,692,100.0,equal
0.9746794344808963,0.9486832980505138,0,1,A2,A2,651,692,100.0,criticality_heavy
0.9746794344808963,0.9486832980505138,0,1,A2,A2,651,692,100.0,throughput_heavy
0.9746794344808963,0.9486832980505138,0,1,A2,A2,651,692,100.0,severity_heavy
0.9999999999999999,1.0,1,1,A2,A2,651,692,125.0,equal
0.9999999999999999,1.0,1,1,A2,A2,651,692,125.0,criticality_heavy
0.9999999999999999,1.0,1,1,A2,A2,651,692,125.0,throughput_heavy
0.9999999999999999,1.0,1,1,A2,A2,651,692,125.0,severity_heavy
0.9999999999999999,1.0,1,1,A2,A2,651,692,150.0,equal
0.9999999999999999,1.0,1,1,A2,A2,651,692,150.0,criticality_heavy
0.9999999999999999,1.0,1,1,A2,A2,651,692,150.0,throughput_heavy
0.9999999999999999,1.0,1,1,A2,A2,651,692,150.0,severity_heavy
0.9746794344808963,0.9486832980505138,0,1,A1,A1,652,693,100.0,equal
0.9746794344808963,0.9486832980505138,0,1,A1,A1,652,693,100.0,criticality_heavy
0.9746794344808963,0.9486832980505138,0,1,A1,A1,652,693,100.0,throughput_heavy
0.9746794344808963,0.9486832980505138,0,1,A1,A1,652,693,100.0,severity_heavy
0.9999999999999999,1.0,1,1,A1,A1,652,693,125.0,equal
0.9999999999999999,1.0,1,1,A1,A1,652,693,125.0,criticality_heavy
0.9999999999999999,1.0,1,1,A1,A1,652,693,125.0,throughput_heavy
0.9999999999999999,1.0,1,1,A1,A1,652,693,125.0,severity_heavy
0.9999999999999999,1.0,1,1,A1,A1,652,693,150.0,equal
0.9999999999999999,1.0,1,1,A1,A1,652,693,150.0,criticality_heavy
0.9999999999999999,1.0,1,1,A1,A1,652,693,150.0,throughput_heavy
0.9999999999999999,1.0,1,1,A1,A1,652,693,150.0,severity_heavy
1.0,1.0,1,1,A2,A2,653,694,100.0,equal
1.0,1.0,1,1,A2,A2,653,694,100.0,criticality_heavy
1.0,1.0,1,1,A2,A2,653,694,100.0,throughput_heavy
1.0,1.0,1,1,A2,A2,653,694,100.0,severity_heavy
1.0,1.0,1,1,A2,A2,653,694,125.0,equal
1.0,1.0,1,1,A2,A2,653,694,125.0,criticality_heavy
1.0,1.0,1,1,A2,A2,653,694,125.0,throughput_heavy
1.0,1.0,1,1,A2,A2,653,694,125.0,severity_heavy
0.9746794344808964,0.9486832980505138,0,1,A2,A2,653,694,150.0,equal
0.9746794344808964,0.9486832980505138,0,1,A2,A2,653,694,150.0,criticality_heavy
0.9746794344808964,0.9486832980505138,0,1,A2,A2,653,694,150.0,throughput_heavy
0.9746794344808964,0.9486832980505138,0,1,A2,A2,653,694,150.0,severity_heavy
0.9746794344808963,0.9486832980505138,0,1,A1,A1,654,695,100.0,equal
0.9746794344808963,0.9486832980505138,0,1,A1,A1,654,695,100.0,criticality_heavy
0.9746794344808963,0.9486832980505138,0,1,A1,A1,654,695,100.0,throughput_heavy
0.9746794344808963,0.9486832980505138,0,1,A1,A1,654,695,100.0,severity_heavy
0.9999999999999999,1.0,1,1,A1,A1,654,695,125.0,equal
0.9999999999999999,1.0,1,1,A1,A1,654,695,125.0,criticality_heavy
0.9999999999999999,1.0,1,1,A1,A1,654,695,125.0,throughput_heavy
0.9999999999999999,1.0,1,1,A1,A1,654,695,125.0,severity_heavy
0.9999999999999999,1.0,1,1,A1,A1,654,695,150.0,equal
0.9999999999999999,1.0,1,1,A1,A1,654,695,150.0,criticality_heavy
0.9999999999999999,1.0,1,1,A1,A1,654,695,150.0,throughput_heavy
0.8999999999999998,0.8,0,1,A1,A1,654,695,150.0,severity_heavy
1.0,1.0,1,1,A2,A2,655,696,100.0,equal
1.0,1.0,1,1,A2,A2,655,696,100.0,criticality_heavy
1.0,1.0,1,1,A2,A2,655,696,100.0,throughput_heavy
1.0,1.0,1,1,A2,A2,655,696,100.0,severity_heavy
1.0,1.0,1,1,A2,A2,655,696,125.0,equal
1.0,1.0,1,1,A2,A2,655,696,125.0,criticality_heavy
1.0,1.0,1,1,A2,A2,655,696,125.0,throughput_heavy
1.0,1.0,1,1,A2,A2,655,696,125.0,severity_heavy
0.9746794344808964,0.9486832980505138,0,1,A2,A2,655,696,150.0,equal
0.9746794344808964,0.9486832980505138,0,1,A2,A2,655,696,150.0,criticality_heavy
0.9746794344808964,0.9486832980505138,0,1,A2,A2,655,696,150.0,throughput_heavy
0.9746794344808964,0.9486832980505138,0,1,A2,A2,655,696,150.0,severity_heavy
0.8207826816681234,0.7378647873726218,0,1,A5,A5,656,697,100.0,equal
0.8207826816681234,0.7378647873726218,0,1,A5,A5,656,697,100.0,criticality_heavy
0.8207826816681234,0.7378647873726218,0,1,A5,A5,656,697,100.0,throughput_heavy
0.8207826816681234,0.7378647873726218,0,1,A5,A5,656,697,100.0,severity_heavy
0.9999999999999999,1.0,1,1,A5,A5,656,697,125.0,equal
0.9999999999999999,1.0,1,1,A5,A5,656,697,125.0,criticality_heavy
0.9999999999999999,1.0,1,1,A5,A5,656,697,125.0,throughput_heavy
0.8999999999999998,0.8,0,0,A5,A3,656,697,125.0,severity_heavy
0.8999999999999998,0.8,0,0,A5,A3,656,697,150.0,equal
0.8999999999999998,0.8,0,0,A5,A3,656,697,150.0,criticality_heavy
0.8999999999999998,0.8,0,0,A5,A3,656,697,150.0,throughput_heavy
0.8999999999999998,0.8,0,0,A5,A3,656,697,150.0,severity_heavy
1.0,1.0,1,1,A3,A3,657,698,100.0,equal
1.0,1.0,1,1,A3,A3,657,698,100.0,criticality_heavy
1.0,1.0,1,1,A3,A3,657,698,100.0,throughput_heavy
1.0,1.0,1,1,A3,A3,657,698,100.0,severity_heavy
1.0,1.0,1,1,A3,A3,657,698,125.0,equal
1.0,1.0,1,1,A3,A3,657,698,125.0,criticality_heavy
1.0,1.0,1,1,A3,A3,657,698,125.0,throughput_heavy
1.0,1.0,1,1,A3,A3,657,698,125.0,severity_heavy
0.9746794344808964,0.9486832980505138,0,1,A3,A3,657,698,150.0,equal
0.9746794344808964,0.9486832980505138,0,1,A3,A3,657,698,150.0,criticality_heavy
0.9746794344808964,0.9486832980505138,0,1,A3,A3,657,698,150.0,throughput_heavy
0.9746794344808964,0.9486832980505138,0,1,A3,A3,657,698,150.0,severity_heavy
0.8720815992723809,0.7378647873726218,0,1,A1,A1,658,699,100.0,equal
0.8720815992723809,0.7378647873726218,0,1,A1,A1,658,699,100.0,criticality_heavy
0.8720815992723809,0.7378647873726218,0,1,A1,A1,658,699,100.0,throughput_heavy
0.8720815992723809,0.7378647873726218,0,1,A1,A1,658,699,100.0,severity_heavy
0.9999999999999999,1.0,1,1,A1,A1,658,699,125.0,equal
0.9999999999999999,1.0,1,1,A1,A1,658,699,125.0,criticality_heavy
0.9999999999999999,1.0,1,1,A1,A1,658,699,125.0,throughput_heavy
0.9999999999999999,1.0,1,1,A1,A1,658,699,125.0,severity_heavy
0.9999999999999999,1.0,1,1,A1,A1,658,699,150.0,equal
0.9999999999999999,1.0,1,1,A1,A1,658,699,150.0,criticality_heavy
0.9999999999999999,1.0,1,1,A1,A1,658,699,150.0,throughput_heavy
0.9999999999999999,1.0,1,1,A1,A1,658,699,150.0,severity_heavy
0.9746794344808963,0.9486832980505138,0,1,A3,A3,659,700,100.0,equal
0.9746794344808963,0.9486832980505138,0,1,A3,A3,659,700,100.0,criticality_heavy
0.9746794344808963,0.9486832980505138,0,1,A3,A3,659,700,100.0,throughput_heavy
0.9746794344808963,0.9486832980505138,0,1,A3,A3,659,700,100.0,severity_heavy
0.9999999999999999,1.0,1,1,A3,A3,659,700,125.0,equal
0.9999999999999999,1.0,1,1,A3,A3,659,700,125.0,criticality_heavy
0.9999999999999999,1.0,1,1,A3,A3,659,700,125.0,throughput_heavy
0.9999999999999999,1.0,1,1,A3,A3,659,700,125.0,severity_heavy
0.9999999999999999,1.0,1,1,A3,A3,659,700,150.0,equal
0.9999999999999999,1.0,1,1,A3,A3,659,700,150.0,criticality_heavy
0.9999999999999999,1.0,1,1,A3,A3,659,700,150.0,throughput_heavy
0.9999999999999999,1.0,1,1,A3,A3,659,700,150.0,severity_heavy
1.0,1.0,1,1,A1,A1,660,701,100.0,equal
1.0,1.0,1,1,A1,A1,660,701,100.0,criticality_heavy
1.0,1.0,1,1,A1,A1,660,701,100.0,throughput_heavy
1.0,1.0,1,1,A1,A1,660,701,100.0,severity_heavy
1.0,1.0,1,1,A1,A1,660,701,125.0,equal
1.0,1.0,1,1,A1,A1,660,701,125.0,criticality_heavy
1.0,1.0,1,1,A1,A1,660,701,125.0,throughput_heavy
1.0,1.0,1,1,A1,A1,660,701,125.0,severity_heavy
0.9746794344808964,0.9486832980505138,0,1,A1,A1,660,701,150.0,equal
0.9746794344808964,0.9486832980505138,0,1,A1,A1,660,701,150.0,criticality_heavy
0.9746794344808964,0.9486832980505138,0,1,A1,A1,660,701,150.0,throughput_heavy
0.9746794344808964,0.9486832980505138,0,1,A1,A1,660,701,150.0,severity_heavy
0.9746794344808963,0.9486832980505138,0,1,A2,A2,661,702,100.0,equal
0.9746794344808963,0.9486832980505138,0,1,A2,A2,661,702,100.0,criticality_heavy
0.9746794344808963,0.9486832980505138,0,1,A2,A2,661,702,100.0,throughput_heavy
0.9746794344808963,0.9486832980505138,0,1,A2,A2,661,702,100.0,severity_heavy
0.9999999999999999,1.0,1,1,A2,A2,661,702,125.0,equal
0.9999999999999999,1.0,1,1,A2,A2,661,702,125.0,criticality_heavy
0.9999999999999999,1.0,1,1,A2,A2,661,702,125.0,throughput_heavy
0.9999999999999999,1.0,1,1,A2,A2,661,702,125.0,severity_heavy
0.8999999999999998,0.8,0,1,A2,A2,661,702,150.0,equal
0.8999999999999998,0.8,0,1,A2,A2,661,702,150.0,criticality_heavy
0.8999999999999998,0.8,0,1,A2,A2,661,702,150.0,throughput_heavy
0.8999999999999998,0.8,0,1,A2,A2,661,702,150.0,severity_heavy
1.0,1.0,1,1,A5,A5,662,703,100.0,equal
1.0,1.0,1,1,A5,A5,662,703,100.0,criticality_heavy
1.0,1.0,1,1,A5,A5,662,703,100.0,throughput_heavy
1.0,1.0,1,1,A5,A5,662,703,100.0,severity_heavy
1.0,1.0,1,1,A5,A5,662,703,125.0,equal
1.0,1.0,1,1,A5,A5,662,703,125.0,criticality_heavy
1.0,1.0,1,1,A5,A5,662,703,125.0,throughput_heavy
1.0,1.0,1,1,A5,A5,662,703,125.0,severity_heavy
0.8720815992723809,0.7378647873726218,0,1,A5,A5,662,703,150.0,equal
0.8720815992723809,0.7378647873726218,0,1,A5,A5,662,703,150.0,criticality_heavy
0.8720815992723809,0.7378647873726218,0,1,A5,A5,662,703,150.0,throughput_heavy
0.8720815992723809,0.7378647873726218,0,1,A5,A5,662,703,150.0,severity_heavy
1.0,1.0,1,1,A2,A2,663,704,100.0,equal
1.0,1.0,1,1,A2,A2,663,704,100.0,criticality_heavy
1.0,1.0,1,1,A2,A2,663,704,100.0,throughput_heavy
1.0,1.0,1,1,A2,A2,663,704,100.0,severity_heavy
1.0,1.0,1,1,A2,A2,663,704,125.0,equal
1.0,1.0,1,1,A2,A2,663,704,125.0,criticality_heavy
1.0,1.0,1,1,A2,A2,663,704,125.0,throughput_heavy
1.0,1.0,1,1,A2,A2,663,704,125.0,severity_heavy
0.9746794344808964,0.9486832980505138,0,1,A2,A2,663,704,150.0,equal
0.9746794344808964,0.9486832980505138,0,1,A2,A2,663,704,150.0,criticality_heavy
0.9746794344808964,0.9486832980505138,0,1,A2,A2,663,704,150.0,throughput_heavy
0.9746794344808964,0.9486832980505138,0,1,A2,A2,663,704,150.0,severity_heavy
0.9999999999999999,1.0,1,1,A2,A2,664,705,100.0,equal
0.9999999999999999,1.0,1,1,A2,A2,664,705,100.0,criticality_heavy
0.9999999999999999,1.0,1,1,A2,A2,664,705,100.0,throughput_heavy
0.9999999999999999,1.0,1,1,A2,A2,664,705,100.0,severity_heavy
0.9999999999999999,1.0,1,1,A2,A2,664,705,125.0,equal
0.9999999999999999,1.0,1,1,A2,A2,664,705,125.0,criticality_heavy
0.9999999999999999,1.0,1,1,A2,A2,664,705,125.0,throughput_heavy
0.9999999999999999,1.0,1,1,A2,A2,664,705,125.0,severity_heavy
0.9999999999999999,1.0,1,1,A2,A2,664,705,150.0,equal
0.9999999999999999,1.0,1,1,A2,A2,664,705,150.0,criticality_heavy
0.9999999999999999,1.0,1,1,A2,A2,664,705,150.0,throughput_heavy
0.9999999999999999,1.0,1,1,A2,A2,664,705,150.0,severity_heavy
0.9746794344808963,0.9486832980505138,0,1,A3,A3,665,706,100.0,equal
0.9746794344808963,0.9486832980505138,0,1,A3,A3,665,706,100.0,criticality_heavy
0.9746794344808963,0.9486832980505138,0,1,A3,A3,665,706,100.0,throughput_heavy
0.9746794344808963,0.9486832980505138,0,1,A3,A3,665,706,100.0,severity_heavy
0.9999999999999999,1.0,1,1,A3,A3,665,706,125.0,equal
0.9999999999999999,1.0,1,1,A3,A3,665,706,125.0,criticality_heavy
0.9999999999999999,1.0,1,1,A3,A3,665,706,125.0,throughput_heavy
0.9999999999999999,1.0,1,1,A3,A3,665,706,125.0,severity_heavy
0.9999999999999999,1.0,1,1,A3,A3,665,706,150.0,equal
0.9999999999999999,1.0,1,1,A3,A3,665,706,150.0,criticality_heavy
0.9999999999999999,1.0,1,1,A3,A3,665,706,150.0,throughput_heavy
0.9999999999999999,1.0,1,1,A3,A3,665,706,150.0,severity_heavy
0.9746794344808963,0.9486832980505138,0,1,A5,A5,666,707,100.0,equal
0.9746794344808963,0.9486832980505138,0,1,A5,A5,666,707,100.0,criticality_heavy
0.9746794344808963,0.9486832980505138,0,1,A5,A5,666,707,100.0,throughput_heavy
0.8720815992723809,0.7378647873726218,0,0,A5,A4,666,707,100.0,severity_heavy
0.9999999999999999,1.0,1,1,A5,A5,666,707,125.0,equal
0.9999999999999999,1.0,1,1,A5,A5,666,707,125.0,criticality_heavy
0.9999999999999999,1.0,1,1,A5,A5,666,707,125.0,throughput_heavy
0.9999999999999999,1.0,1,1,A5,A5,666,707,125.0,severity_heavy
0.8999999999999998,0.8,0,1,A5,A5,666,707,150.0,equal
0.8999999999999998,0.8,0,1,A5,A5,666,707,150.0,criticality_heavy
0.8999999999999998,0.8,0,1,A5,A5,666,707,150.0,throughput_heavy
0.7,0.6,0,0,A5,A3,666,707,150.0,severity_heavy
1.0,1.0,1,1,A5,A5,667,708,100.0,equal
1.0,1.0,1,1,A5,A5,667,708,100.0,criticality_heavy
1.0,1.0,1,1,A5,A5,667,708,100.0,throughput_heavy
1.0,1.0,1,1,A5,A5,667,708,100.0,severity_heavy
1.0,1.0,1,1,A5,A5,667,708,125.0,equal
1.0,1.0,1,1,A5,A5,667,708,125.0,criticality_heavy
1.0,1.0,1,1,A5,A5,667,708,125.0,throughput_heavy
1.0,1.0,1,1,A5,A5,667,708,125.0,severity_heavy
0.8720815992723809,0.7378647873726218,0,1,A5,A5,667,708,150.0,equal
0.8720815992723809,0.7378647873726218,0,1,A5,A5,667,708,150.0,criticality_heavy
0.8720815992723809,0.7378647873726218,0,1,A5,A5,667,708,150.0,throughput_heavy
0.8720815992723809,0.7378647873726218,0,1,A5,A5,667,708,150.0,severity_heavy
1.0,1.0,1,1,A2,A2,668,709,100.0,equal
1.0,1.0,1,1,A2,A2,668,709,100.0,criticality_heavy
1.0,1.0,1,1,A2,A2,668,709,100.0,throughput_heavy
1.0,1.0,1,1,A2,A2,668,709,100.0,severity_heavy
1.0,1.0,1,1,A2,A2,668,709,125.0,equal
1.0,1.0,1,1,A2,A2,668,709,125.0,criticality_heavy
1.0,1.0,1,1,A2,A2,668,709,125.0,throughput_heavy
1.0,1.0,1,1,A2,A2,668,709,125.0,severity_heavy
0.9746794344808964,0.9486832980505138,0,1,A2,A2,668,709,150.0,equal
0.9746794344808964,0.9486832980505138,0,1,A2,A2,668,709,150.0,criticality_heavy
0.9746794344808964,0.9486832980505138,0,1,A2,A2,668,709,150.0,throughput_heavy
0.9746794344808964,0.9486832980505138,0,1,A2,A2,668,709,150.0,severity_heavy
0.9999999999999999,1.0,1,1,A4,A4,669,710,100.0,equal
0.9999999999999999,1.0,1,1,A4,A4,669,710,100.0,criticality_heavy
0.9999999999999999,1.0,1,1,A4,A4,669,710,100.0,throughput_heavy
0.9999999999999999,1.0,1,1,A4,A4,669,710,100.0,severity_heavy
0.9999999999999999,1.0,1,1,A4,A4,669,710,125.0,equal
0.8999999999999998,0.8,0,0,A4,A1,669,710,125.0,criticality_heavy
0.8999999999999998,0.8,0,1,A4,A4,669,710,125.0,throughput_heavy
0.8999999999999998,0.8,0,1,A4,A4,669,710,125.0,severity_heavy
0.6,0.4,0,0,A4,A3,669,710,150.0,equal
0.7,0.6,0,0,A4,A1,669,710,150.0,criticality_heavy
0.6,0.4,0,0,A4,A3,669,710,150.0,throughput_heavy
0.6,0.4,0,0,A4,A3,669,710,150.0,severity_heavy
0.9746794344808963,0.9486832980505138,0,1,A1,A1,670,711,100.0,equal
0.9746794344808963,0.9486832980505138,0,1,A1,A1,670,711,100.0,criticality_heavy
0.9746794344808963,0.9486832980505138,0,1,A1,A1,670,711,100.0,throughput_heavy
0.9746794344808963,0.9486832980505138,0,1,A1,A1,670,711,100.0,severity_heavy
0.9999999999999999,1.0,1,1,A1,A1,670,711,125.0,equal
0.9999999999999999,1.0,1,1,A1,A1,670,711,125.0,criticality_heavy
0.9999999999999999,1.0,1,1,A1,A1,670,711,125.0,throughput_heavy
0.9999999999999999,1.0,1,1,A1,A1,670,711,125.0,severity_heavy
0.9999999999999999,1.0,1,1,A1,A1,670,711,150.0,equal
0.9999999999999999,1.0,1,1,A1,A1,670,711,150.0,criticality_heavy
0.9999999999999999,1.0,1,1,A1,A1,670,711,150.0,throughput_heavy
0.8999999999999998,0.8,0,1,A1,A1,670,711,150.0,severity_heavy
0.9746794344808963,0.9486832980505138,0,1,A3,A3,671,712,100.0,equal
0.9746794344808963,0.9486832980505138,0,1,A3,A3,671,712,100.0,criticality_heavy
0.9746794344808963,0.9486832980505138,0,1,A3,A3,671,712,100.0,throughput_heavy
0.9746794344808963,0.9486832980505138,0,1,A3,A3,671,712,100.0,severity_heavy
0.9999999999999999,1.0,1,1,A3,A3,671,712,125.0,equal
0.9999999999999999,1.0,1,1,A3,A3,671,712,125.0,criticality_heavy
0.9999999999999999,1.0,1,1,A3,A3,671,712,125.0,throughput_heavy
0.9999999999999999,1.0,1,1,A3,A3,671,712,125.0,severity_heavy
0.9999999999999999,1.0,1,1,A3,A3,671,712,150.0,equal
0.9999999999999999,1.0,1,1,A3,A3,671,712,150.0,criticality_heavy
0.9999999999999999,1.0,1,1,A3,A3,671,712,150.0,throughput_heavy
0.9999999999999999,1.0,1,1,A3,A3,671,712,150.0,severity_heavy
1.0,1.0,1,1,A1,A1,672,713,100.0,equal
1.0,1.0,1,1,A1,A1,672,713,100.0,criticality_heavy
1.0,1.0,1,1,A1,A1,672,713,100.0,throughput_heavy
1.0,1.0,1,1,A1,A1,672,713,100.0,severity_heavy
1.0,1.0,1,1,A1,A1,672,713,125.0,equal
1.0,1.0,1,1,A1,A1,672,713,125.0,criticality_heavy
0.8947368421052632,0.7777777777777778,0,0,A1,A2,672,713,125.0,throughput_heavy
1.0,1.0,1,1,A1,A1,672,713,125.0,severity_heavy
0.8720815992723809,0.7378647873726218,0,0,A1,A2,672,713,150.0,equal
0.8720815992723809,0.7378647873726218,0,0,A1,A2,672,713,150.0,criticality_heavy
0.8720815992723809,0.7378647873726218,0,0,A1,A2,672,713,150.0,throughput_heavy
0.8720815992723809,0.7378647873726218,0,0,A1,A2,672,713,150.0,severity_heavy
0.9999999999999999,1.0,1,1,A1,A1,673,714,100.0,equal
0.9999999999999999,1.0,1,1,A1,A1,673,714,100.0,criticality_heavy
0.9999999999999999,1.0,1,1,A1,A1,673,714,100.0,throughput_heavy
0.9999999999999999,1.0,1,1,A1,A1,673,714,100.0,severity_heavy
0.9999999999999999,1.0,1,1,A1,A1,673,714,125.0,equal
0.9999999999999999,1.0,1,1,A1,A1,673,714,125.0,criticality_heavy
0.9999999999999999,1.0,1,1,A1,A1,673,714,125.0,throughput_heavy
0.9999999999999999,1.0,1,1,A1,A1,673,714,125.0,severity_heavy
0.8999999999999998,0.8,0,1,A1,A1,673,714,150.0,equal
0.8999999999999998,0.8,0,1,A1,A1,673,714,150.0,criticality_heavy
0.8999999999999998,0.8,0,1,A1,A1,673,714,150.0,throughput_heavy
0.8999999999999998,0.8,0,1,A1,A1,673,714,150.0,severity_heavy
0.9746794344808963,0.9486832980505138,0,1,A1,A1,674,715,100.0,equal
0.9746794344808963,0.9486832980505138,0,1,A1,A1,674,715,100.0,criticality_heavy
0.9746794344808963,0.9486832980505138,0,1,A1,A1,674,715,100.0,throughput_heavy
0.9746794344808963,0.9486832980505138,0,1,A1,A1,674,715,100.0,severity_heavy
0.9999999999999999,1.0,1,1,A1,A1,674,715,125.0,equal
0.9999999999999999,1.0,1,1,A1,A1,674,715,125.0,criticality_heavy
0.9999999999999999,1.0,1,1,A1,A1,674,715,125.0,throughput_heavy
0.9999999999999999,1.0,1,1,A1,A1,674,715,125.0,severity_heavy
0.7999999999999999,0.6,0,0,A1,A2,674,715,150.0,equal
0.8999999999999998,0.8,0,1,A1,A1,674,715,150.0,criticality_heavy
0.7999999999999999,0.6,0,0,A1,A2,674,715,150.0,throughput_heavy
0.8999999999999998,0.8,0,1,A1,A1,674,715,150.0,severity_heavy
1.0,1.0,1,1,A2,A2,675,716,100.0,equal
1.0,1.0,1,1,A2,A2,675,716,100.0,criticality_heavy
1.0,1.0,1,1,A2,A2,675,716,100.0,throughput_heavy
1.0,1.0,1,1,A2,A2,675,716,100.0,severity_heavy
1.0,1.0,1,1,A2,A2,675,716,125.0,equal
1.0,1.0,1,1,A2,A2,675,716,125.0,criticality_heavy
1.0,1.0,1,1,A2,A2,675,716,125.0,throughput_heavy
1.0,1.0,1,1,A2,A2,675,716,125.0,severity_heavy
0.9746794344808964,0.9486832980505138,0,1,A2,A2,675,716,150.0,equal
0.9746794344808964,0.9486832980505138,0,1,A2,A2,675,716,150.0,criticality_heavy
0.9746794344808964,0.9486832980505138,0,1,A2,A2,675,716,150.0,throughput_heavy
0.9746794344808964,0.9486832980505138,0,1,A2,A2,675,716,150.0,severity_heavy
0.9746794344808963,0.9486832980505138,0,1,A3,A3,676,717,100.0,equal
0.9746794344808963,0.9486832980505138,0,1,A3,A3,676,717,100.0,criticality_heavy
0.9746794344808963,0.9486832980505138,0,1,A3,A3,676,717,100.0,throughput_heavy
0.9746794344808963,0.9486832980505138,0,1,A3,A3,676,717,100.0,severity_heavy
0.9999999999999999,1.0,1,1,A3,A3,676,717,125.0,equal
0.9999999999999999,1.0,1,1,A3,A3,676,717,125.0,criticality_heavy
0.9999999999999999,1.0,1,1,A3,A3,676,717,125.0,throughput_heavy
0.9999999999999999,1.0,1,1,A3,A3,676,717,125.0,severity_heavy
0.8999999999999998,0.8,0,1,A3,A3,676,717,150.0,equal
0.8999999999999998,0.8,0,1,A3,A3,676,717,150.0,criticality_heavy
0.8999999999999998,0.8,0,1,A3,A3,676,717,150.0,throughput_heavy
0.8999999999999998,0.8,0,1,A3,A3,676,717,150.0,severity_heavy
0.8720815992723809,0.7378647873726218,0,0,A5,A4,677,718,100.0,equal
0.8720815992723809,0.7378647873726218,0,0,A5,A4,677,718,100.0,criticality_heavy
0.8720815992723809,0.7378647873726218,0,0,A5,A4,677,718,100.0,throughput_heavy
0.8720815992723809,0.7378647873726218,0,0,A5,A4,677,718,100.0,severity_heavy
0.9999999999999999,1.0,1,1,A5,A5,677,718,125.0,equal
0.9999999999999999,1.0,1,1,A5,A5,677,718,125.0,criticality_heavy
0.9999999999999999,1.0,1,1,A5,A5,677,718,125.0,throughput_heavy
0.8999999999999998,0.8,0,0,A5,A4,677,718,125.0,severity_heavy
0.9999999999999999,1.0,1,1,A5,A5,677,718,150.0,equal
0.9999999999999999,1.0,1,1,A5,A5,677,718,150.0,criticality_heavy
0.9999999999999999,1.0,1,1,A5,A5,677,718,150.0,throughput_heavy
0.8999999999999998,0.8,0,0,A5,A4,677,718,150.0,severity_heavy
0.9746794344808963,0.9486832980505138,0,1,A1,A1,678,719,100.0,equal
0.9746794344808963,0.9486832980505138,0,1,A1,A1,678,719,100.0,criticality_heavy
0.9746794344808963,0.9486832980505138,0,1,A1,A1,678,719,100.0,throughput_heavy
0.9746794344808963,0.9486832980505138,0,1,A1,A1,678,719,100.0,severity_heavy
0.9999999999999999,1.0,1,1,A1,A1,678,719,125.0,equal
0.9999999999999999,1.0,1,1,A1,A1,678,719,125.0,criticality_heavy
0.9999999999999999,1.0,1,1,A1,A1,678,719,125.0,throughput_heavy
0.9999999999999999,1.0,1,1,A1,A1,678,719,125.0,severity_heavy
0.8999999999999998,0.8,0,1,A1,A1,678,719,150.0,equal
0.8999999999999998,0.8,0,1,A1,A1,678,719,150.0,criticality_heavy
0.8999999999999998,0.8,0,1,A1,A1,678,719,150.0,throughput_heavy
0.8999999999999998,0.8,0,1,A1,A1,678,719,150.0,severity_heavy
0.8999999999999998,0.8,0,1,A3,A3,679,720,100.0,equal
0.8999999999999998,0.8,0,1,A3,A3,679,720,100.0,criticality_heavy
0.8999999999999998,0.8,0,1,A3,A3,679,720,100.0,throughput_heavy
0.8999999999999998,0.8,0,1,A3,A3,679,720,100.0,severity_heavy
0.9999999999999999,1.0,1,1,A3,A3,679,720,125.0,equal
0.9999999999999999,1.0,1,1,A3,A3,679,720,125.0,criticality_heavy
0.9999999999999999,1.0,1,1,A3,A3,679,720,125.0,throughput_heavy
0.9999999999999999,1.0,1,1,A3,A3,679,720,125.0,severity_heavy
0.8999999999999998,0.8,0,1,A3,A3,679,720,150.0,equal
0.8999999999999998,0.8,0,1,A3,A3,679,720,150.0,criticality_heavy
0.8999999999999998,0.8,0,1,A3,A3,679,720,150.0,throughput_heavy
0.8999999999999998,0.8,0,1,A3,A3,679,720,150.0,severity_heavy
1.0,1.0,1,1,A2,A2,680,721,100.0,equal
1.0,1.0,1,1,A2,A2,680,721,100.0,criticality_heavy
1.0,1.0,1,1,A2,A2,680,721,100.0,throughput_heavy
1.0,1.0,1,1,A2,A2,680,721,100.0,severity_heavy
1.0,1.0,1,1,A2,A2,680,721,125.0,equal
1.0,1.0,1,1,A2,A2,680,721,125.0,criticality_heavy
1.0,1.0,1,1,A2,A2,680,721,125.0,throughput_heavy
1.0,1.0,1,1,A2,A2,680,721,125.0,severity_heavy
0.9746794344808964,0.9486832980505138,0,1,A2,A2,680,721,150.0,equal
0.9746794344808964,0.9486832980505138,0,1,A2,A2,680,721,150.0,criticality_heavy
0.9746794344808964,0.9486832980505138,0,1,A2,A2,680,721,150.0,throughput_heavy
0.9746794344808964,0.9486832980505138,0,1,A2,A2,680,721,150.0,severity_heavy
0.8947368421052632,0.7777777777777778,0,1,A3,A3,681,722,100.0,equal
0.8947368421052632,0.7777777777777778,0,1,A3,A3,681,722,100.0,criticality_heavy
0.8947368421052632,0.7777777777777778,0,1,A3,A3,681,722,100.0,throughput_heavy
0.8947368421052632,0.7777777777777778,0,1,A3,A3,681,722,100.0,severity_heavy
1.0,1.0,1,1,A3,A3,681,722,125.0,equal
1.0,1.0,1,1,A3,A3,681,722,125.0,criticality_heavy
1.0,1.0,1,1,A3,A3,681,722,125.0,throughput_heavy
1.0,1.0,1,1,A3,A3,681,722,125.0,severity_heavy
0.9746794344808964,0.9486832980505138,0,1,A3,A3,681,722,150.0,equal
0.9746794344808964,0.9486832980505138,0,1,A3,A3,681,722,150.0,criticality_heavy
0.9746794344808964,0.9486832980505138,0,1,A3,A3,681,722,150.0,throughput_heavy
0.9746794344808964,0.9486832980505138,0,1,A3,A3,681,722,150.0,severity_heavy
1.0,1.0,1,1,A2,A2,682,723,100.0,equal
1.0,1.0,1,1,A2,A2,682,723,100.0,criticality_heavy
1.0,1.0,1,1,A2,A2,682,723,100.0,throughput_heavy
1.0,1.0,1,1,A2,A2,682,723,100.0,severity_heavy
1.0,1.0,1,1,A2,A2,682,723,125.0,equal
1.0,1.0,1,1,A2,A2,682,723,125.0,criticality_heavy
1.0,1.0,1,1,A2,A2,682,723,125.0,throughput_heavy
1.0,1.0,1,1,A2,A2,682,723,125.0,severity_heavy
0.9746794344808964,0.9486832980505138,0,1,A2,A2,682,723,150.0,equal
0.9746794344808964,0.9486832980505138,0,1,A2,A2,682,723,150.0,criticality_heavy
0.9746794344808964,0.9486832980505138,0,1,A2,A2,682,723,150.0,throughput_heavy
0.9746794344808964,0.9486832980505138,0,1,A2,A2,682,723,150.0,severity_heavy
1.0,1.0,1,1,A1,A1,683,724,100.0,equal
1.0,1.0,1,1,A1,A1,683,724,100.0,criticality_heavy
1.0,1.0,1,1,A1,A1,683,724,100.0,throughput_heavy
1.0,1.0,1,1,A1,A1,683,724,100.0,severity_heavy
1.0,1.0,1,1,A1,A1,683,724,125.0,equal
1.0,1.0,1,1,A1,A1,683,724,125.0,criticality_heavy
0.8947368421052632,0.7777777777777778,0,0,A1,A2,683,724,125.0,throughput_heavy
1.0,1.0,1,1,A1,A1,683,724,125.0,severity_heavy
0.8720815992723809,0.7378647873726218,0,0,A1,A2,683,724,150.0,equal
0.8720815992723809,0.7378647873726218,0,0,A1,A2,683,724,150.0,criticality_heavy
0.8720815992723809,0.7378647873726218,0,0,A1,A2,683,724,150.0,throughput_heavy
0.8720815992723809,0.7378647873726218,0,0,A1,A2,683,724,150.0,severity_heavy
1.0,1.0,1,1,A1,A1,684,725,100.0,equal
1.0,1.0,1,1,A1,A1,684,725,100.0,criticality_heavy
1.0,1.0,1,1,A1,A1,684,725,100.0,throughput_heavy
1.0,1.0,1,1,A1,A1,684,725,100.0,severity_heavy
1.0,1.0,1,1,A1,A1,684,725,125.0,equal
1.0,1.0,1,1,A1,A1,684,725,125.0,criticality_heavy
1.0,1.0,1,1,A1,A1,684,725,125.0,throughput_heavy
1.0,1.0,1,1,A1,A1,684,725,125.0,severity_heavy
0.9746794344808964,0.9486832980505138,0,1,A1,A1,684,725,150.0,equal
0.9746794344808964,0.9486832980505138,0,1,A1,A1,684,725,150.0,criticality_heavy
0.9746794344808964,0.9486832980505138,0,1,A1,A1,684,725,150.0,throughput_heavy
0.9746794344808964,0.9486832980505138,0,1,A1,A1,684,725,150.0,severity_heavy
1.0,1.0,1,1,A1,A1,685,726,100.0,equal
1.0,1.0,1,1,A1,A1,685,726,100.0,criticality_heavy
1.0,1.0,1,1,A1,A1,685,726,100.0,throughput_heavy
1.0,1.0,1,1,A1,A1,685,726,100.0,severity_heavy
1.0,1.0,1,1,A1,A1,685,726,125.0,equal
1.0,1.0,1,1,A1,A1,685,726,125.0,criticality_heavy
1.0,1.0,1,1,A1,A1,685,726,125.0,throughput_heavy
1.0,1.0,1,1,A1,A1,685,726,125.0,severity_heavy
0.8720815992723809,0.7378647873726218,0,1,A1,A1,685,726,150.0,equal
0.8720815992723809,0.7378647873726218,0,1,A1,A1,685,726,150.0,criticality_heavy
0.8720815992723809,0.7378647873726218,0,1,A1,A1,685,726,150.0,throughput_heavy
0.8720815992723809,0.7378647873726218,0,1,A1,A1,685,726,150.0,severity_heavy
1.0,1.0,1,1,A3,A3,686,727,100.0,equal
1.0,1.0,1,1,A3,A3,686,727,100.0,criticality_heavy
1.0,1.0,1,1,A3,A3,686,727,100.0,throughput_heavy
1.0,1.0,1,1,A3,A3,686,727,100.0,severity_heavy
1.0,1.0,1,1,A3,A3,686,727,125.0,equal
1.0,1.0,1,1,A3,A3,686,727,125.0,criticality_heavy
1.0,1.0,1,1,A3,A3,686,727,125.0,throughput_heavy
1.0,1.0,1,1,A3,A3,686,727,125.0,severity_heavy
0.9746794344808964,0.9486832980505138,0,1,A3,A3,686,727,150.0,equal
0.9746794344808964,0.9486832980505138,0,1,A3,A3,686,727,150.0,criticality_heavy
0.9746794344808964,0.9486832980505138,0,1,A3,A3,686,727,150.0,throughput_heavy
0.9746794344808964,0.9486832980505138,0,1,A3,A3,686,727,150.0,severity_heavy
1.0,1.0,1,1,A3,A3,687,728,100.0,equal
1.0,1.0,1,1,A3,A3,687,728,100.0,criticality_heavy
1.0,1.0,1,1,A3,A3,687,728,100.0,throughput_heavy
1.0,1.0,1,1,A3,A3,687,728,100.0,severity_heavy
1.0,1.0,1,1,A3,A3,687,728,125.0,equal
1.0,1.0,1,1,A3,A3,687,728,125.0,criticality_heavy
1.0,1.0,1,1,A3,A3,687,728,125.0,throughput_heavy
1.0,1.0,1,1,A3,A3,687,728,125.0,severity_heavy
0.9746794344808964,0.9486832980505138,0,1,A3,A3,687,728,150.0,equal
0.9746794344808964,0.9486832980505138,0,1,A3,A3,687,728,150.0,criticality_heavy
0.9746794344808964,0.9486832980505138,0,1,A3,A3,687,728,150.0,throughput_heavy
0.9746794344808964,0.9486832980505138,0,1,A3,A3,687,728,150.0,severity_heavy
1.0,1.0,1,1,A5,A5,688,729,100.0,equal
1.0,1.0,1,1,A5,A5,688,729,100.0,criticality_heavy
1.0,1.0,1,1,A5,A5,688,729,100.0,throughput_heavy
1.0,1.0,1,1,A5,A5,688,729,100.0,severity_heavy
1.0,1.0,1,1,A5,A5,688,729,125.0,equal
1.0,1.0,1,1,A5,A5,688,729,125.0,criticality_heavy
1.0,1.0,1,1,A5,A5,688,729,125.0,throughput_heavy
1.0,1.0,1,1,A5,A5,688,729,125.0,severity_heavy
0.9746794344808964,0.9486832980505138,0,1,A5,A5,688,729,150.0,equal
0.9746794344808964,0.9486832980505138,0,1,A5,A5,688,729,150.0,criticality_heavy
0.9746794344808964,0.9486832980505138,0,1,A5,A5,688,729,150.0,throughput_heavy
0.9746794344808964,0.9486832980505138,0,1,A5,A5,688,729,150.0,severity_heavy
0.9746794344808963,0.9486832980505138,0,1,A1,A1,689,730,100.0,equal
0.9746794344808963,0.9486832980505138,0,1,A1,A1,689,730,100.0,criticality_heavy
0.9746794344808963,0.9486832980505138,0,1,A1,A1,689,730,100.0,throughput_heavy
0.9746794344808963,0.9486832980505138,0,1,A1,A1,689,730,100.0,severity_heavy
0.9999999999999999,1.0,1,1,A1,A1,689,730,125.0,equal
0.9999999999999999,1.0,1,1,A1,A1,689,730,125.0,criticality_heavy
0.9999999999999999,1.0,1,1,A1,A1,689,730,125.0,throughput_heavy
0.9999999999999999,1.0,1,1,A1,A1,689,730,125.0,severity_heavy
0.8999999999999998,0.8,0,1,A1,A1,689,730,150.0,equal
0.8999999999999998,0.8,0,1,A1,A1,689,730,150.0,criticality_heavy
0.8999999999999998,0.8,0,1,A1,A1,689,730,150.0,throughput_heavy
0.8999999999999998,0.8,0,1,A1,A1,689,730,150.0,severity_heavy
1.0,1.0,1,1,A2,A2,690,731,100.0,equal
1.0,1.0,1,1,A2,A2,690,731,100.0,criticality_heavy
1.0,1.0,1,1,A2,A2,690,731,100.0,throughput_heavy
1.0,1.0,1,1,A2,A2,690,731,100.0,severity_heavy
1.0,1.0,1,1,A2,A2,690,731,125.0,equal
1.0,1.0,1,1,A2,A2,690,731,125.0,criticality_heavy
1.0,1.0,1,1,A2,A2,690,731,125.0,throughput_heavy
1.0,1.0,1,1,A2,A2,690,731,125.0,severity_heavy
0.9746794344808964,0.9486832980505138,0,1,A2,A2,690,731,150.0,equal
0.9746794344808964,0.9486832980505138,0,1,A2,A2,690,731,150.0,criticality_heavy
0.9746794344808964,0.9486832980505138,0,1,A2,A2,690,731,150.0,throughput_heavy
0.9746794344808964,0.9486832980505138,0,1,A2,A2,690,731,150.0,severity_heavy
0.8720815992723809,0.7378647873726218,0,0,A2,A5,691,732,100.0,equal
0.8720815992723809,0.7378647873726218,0,0,A2,A5,691,732,100.0,criticality_heavy
0.8720815992723809,0.7378647873726218,0,0,A2,A5,691,732,100.0,throughput_heavy
0.8720815992723809,0.7378647873726218,0,0,A2,A5,691,732,100.0,severity_heavy
0.9999999999999999,1.0,1,1,A2,A2,691,732,125.0,equal
0.9999999999999999,1.0,1,1,A2,A2,691,732,125.0,criticality_heavy
0.9999999999999999,1.0,1,1,A2,A2,691,732,125.0,throughput_heavy
0.9999999999999999,1.0,1,1,A2,A2,691,732,125.0,severity_heavy
0.9999999999999999,1.0,1,1,A2,A2,691,732,150.0,equal
0.9999999999999999,1.0,1,1,A2,A2,691,732,150.0,criticality_heavy
0.9999999999999999,1.0,1,1,A2,A2,691,732,150.0,throughput_heavy
0.9999999999999999,1.0,1,1,A2,A2,691,732,150.0,severity_heavy
1.0,1.0,1,1,A2,A2,692,733,100.0,equal
1.0,1.0,1,1,A2,A2,692,733,100.0,criticality_heavy
1.0,1.0,1,1,A2,A2,692,733,100.0,throughput_heavy
1.0,1.0,1,1,A2,A2,692,733,100.0,severity_heavy
1.0,1.0,1,1,A2,A2,692,733,125.0,equal
1.0,1.0,1,1,A2,A2,692,733,125.0,criticality_heavy
1.0,1.0,1,1,A2,A2,692,733,125.0,throughput_heavy
1.0,1.0,1,1,A2,A2,692,733,125.0,severity_heavy
0.9746794344808964,0.9486832980505138,0,1,A2,A2,692,733,150.0,equal
0.9746794344808964,0.9486832980505138,0,1,A2,A2,692,733,150.0,criticality_heavy
0.9746794344808964,0.9486832980505138,0,1,A2,A2,692,733,150.0,throughput_heavy
0.9746794344808964,0.9486832980505138,0,1,A2,A2,692,733,150.0,severity_heavy
1.0,1.0,1,1,A3,A3,693,734,100.0,equal
1.0,1.0,1,1,A3,A3,693,734,100.0,criticality_heavy
1.0,1.0,1,1,A3,A3,693,734,100.0,throughput_heavy
1.0,1.0,1,1,A3,A3,693,734,100.0,severity_heavy
1.0,1.0,1,1,A3,A3,693,734,125.0,equal
1.0,1.0,1,1,A3,A3,693,734,125.0,criticality_heavy
1.0,1.0,1,1,A3,A3,693,734,125.0,throughput_heavy
1.0,1.0,1,1,A3,A3,693,734,125.0,severity_heavy
0.8720815992723809,0.7378647873726218,0,1,A3,A3,693,734,150.0,equal
0.8720815992723809,0.7378647873726218,0,1,A3,A3,693,734,150.0,criticality_heavy
0.8720815992723809,0.7378647873726218,0,1,A3,A3,693,734,150.0,throughput_heavy
0.8720815992723809,0.7378647873726218,0,1,A3,A3,693,734,150.0,severity_heavy
0.8947368421052632,0.7777777777777778,0,1,A3,A3,694,735,100.0,equal
0.8947368421052632,0.7777777777777778,0,1,A3,A3,694,735,100.0,criticality_heavy
0.8947368421052632,0.7777777777777778,0,1,A3,A3,694,735,100.0,throughput_heavy
0.8947368421052632,0.7777777777777778,0,1,A3,A3,694,735,100.0,severity_heavy
1.0,1.0,1,1,A3,A3,694,735,125.0,equal
1.0,1.0,1,1,A3,A3,694,735,125.0,criticality_heavy
1.0,1.0,1,1,A3,A3,694,735,125.0,throughput_heavy
1.0,1.0,1,1,A3,A3,694,735,125.0,severity_heavy
0.9746794344808964,0.9486832980505138,0,1,A3,A3,694,735,150.0,equal
0.9746794344808964,0.9486832980505138,0,1,A3,A3,694,735,150.0,criticality_heavy
0.9746794344808964,0.9486832980505138,0,1,A3,A3,694,735,150.0,throughput_heavy
0.9746794344808964,0.9486832980505138,0,1,A3,A3,694,735,150.0,severity_heavy
0.9746794344808963,0.9486832980505138,0,1,A3,A3,695,736,100.0,equal
0.9746794344808963,0.9486832980505138,0,1,A3,A3,695,736,100.0,criticality_heavy
0.9746794344808963,0.9486832980505138,0,1,A3,A3,695,736,100.0,throughput_heavy
0.9746794344808963,0.9486832980505138,0,1,A3,A3,695,736,100.0,severity_heavy
0.9999999999999999,1.0,1,1,A3,A3,695,736,125.0,equal
0.9999999999999999,1.0,1,1,A3,A3,695,736,125.0,criticality_heavy
0.9999999999999999,1.0,1,1,A3,A3,695,736,125.0,throughput_heavy
0.9999999999999999,1.0,1,1,A3,A3,695,736,125.0,severity_heavy
0.9999999999999999,1.0,1,1,A3,A3,695,736,150.0,equal
0.9999999999999999,1.0,1,1,A3,A3,695,736,150.0,criticality_heavy
0.9999999999999999,1.0,1,1,A3,A3,695,736,150.0,throughput_heavy
0.9999999999999999,1.0,1,1,A3,A3,695,736,150.0,severity_heavy
0.9746794344808963,0.9486832980505138,0,1,A1,A1,696,737,100.0,equal
0.9746794344808963,0.9486832980505138,0,1,A1,A1,696,737,100.0,criticality_heavy
0.9746794344808963,0.9486832980505138,0,1,A1,A1,696,737,100.0,throughput_heavy
0.9746794344808963,0.9486832980505138,0,1,A1,A1,696,737,100.0,severity_heavy
0.9999999999999999,1.0,1,1,A1,A1,696,737,125.0,equal
0.9999999999999999,1.0,1,1,A1,A1,696,737,125.0,criticality_heavy
0.9999999999999999,1.0,1,1,A1,A1,696,737,125.0,throughput_heavy
0.9999999999999999,1.0,1,1,A1,A1,696,737,125.0,severity_heavy
0.7999999999999999,0.6,0,0,A1,A2,696,737,150.0,equal
0.8999999999999998,0.8,0,1,A1,A1,696,737,150.0,criticality_heavy
0.7999999999999999,0.6,0,0,A1,A2,696,737,150.0,throughput_heavy
0.7999999999999999,0.6,0,0,A1,A2,696,737,150.0,severity_heavy
0.8720815992723809,0.7378647873726218,0,0,A3,A4,697,738,100.0,equal
0.8720815992723809,0.7378647873726218,0,0,A3,A4,697,738,100.0,criticality_heavy
0.8720815992723809,0.7378647873726218,0,0,A3,A4,697,738,100.0,throughput_heavy
0.8720815992723809,0.7378647873726218,0,0,A3,A4,697,738,100.0,severity_heavy
0.9999999999999999,1.0,1,1,A3,A3,697,738,125.0,equal
0.9999999999999999,1.0,1,1,A3,A3,697,738,125.0,criticality_heavy
0.9999999999999999,1.0,1,1,A3,A3,697,738,125.0,throughput_heavy
0.9999999999999999,1.0,1,1,A3,A3,697,738,125.0,severity_heavy
0.9999999999999999,1.0,1,1,A3,A3,697,738,150.0,equal
0.9999999999999999,1.0,1,1,A3,A3,697,738,150.0,criticality_heavy
0.9999999999999999,1.0,1,1,A3,A3,697,738,150.0,throughput_heavy
0.9999999999999999,1.0,1,1,A3,A3,697,738,150.0,severity_heavy
0.9746794344808963,0.9486832980505138,0,1,A5,A5,698,739,100.0,equal
0.9746794344808963,0.9486832980505138,0,1,A5,A5,698,739,100.0,criticality_heavy
0.9746794344808963,0.9486832980505138,0,1,A5,A5,698,739,100.0,throughput_heavy
0.9746794344808963,0.9486832980505138,0,1,A5,A5,698,739,100.0,severity_heavy
0.9999999999999999,1.0,1,1,A5,A5,698,739,125.0,equal
0.9999999999999999,1.0,1,1,A5,A5,698,739,125.0,criticality_heavy
0.9999999999999999,1.0,1,1,A5,A5,698,739,125.0,throughput_heavy
0.8999999999999998,0.8,0,0,A5,A1,698,739,125.0,severity_heavy
0.8999999999999998,0.8,0,0,A5,A1,698,739,150.0,equal
0.8999999999999998,0.8,0,0,A5,A1,698,739,150.0,criticality_heavy
0.9999999999999999,1.0,1,1,A5,A5,698,739,150.0,throughput_heavy
0.8999999999999998,0.8,0,0,A5,A1,698,739,150.0,severity_heavy
0.8207826816681234,0.7378647873726218,0,1,A3,A3,699,740,100.0,equal
0.8207826816681234,0.7378647873726218,0,1,A3,A3,699,740,100.0,criticality_heavy
0.8207826816681234,0.7378647873726218,0,1,A3,A3,699,740,100.0,throughput_heavy
0.8207826816681234,0.7378647873726218,0,1,A3,A3,699,740,100.0,severity_heavy
0.9999999999999999,1.0,1,1,A3,A3,699,740,125.0,equal
0.9999999999999999,1.0,1,1,A3,A3,699,740,125.0,criticality_heavy
0.9999999999999999,1.0,1,1,A3,A3,699,740,125.0,throughput_heavy
0.9999999999999999,1.0,1,1,A3,A3,699,740,125.0,severity_heavy
0.9999999999999999,1.0,1,1,A3,A3,699,740,150.0,equal
0.9999999999999999,1.0,1,1,A3,A3,699,740,150.0,criticality_heavy
0.9999999999999999,1.0,1,1,A3,A3,699,740,150.0,throughput_heavy
0.9999999999999999,1.0,1,1,A3,A3,699,740,150.0,severity_heavy
1.0,1.0,1,1,A2,A2,700,741,100.0,equal
1.0,1.0,1,1,A2,A2,700,741,100.0,criticality_heavy
1.0,1.0,1,1,A2,A2,700,741,100.0,throughput_heavy
1.0,1.0,1,1,A2,A2,700,741,100.0,severity_heavy
1.0,1.0,1,1,A2,A2,700,741,125.0,equal
1.0,1.0,1,1,A2,A2,700,741,125.0,criticality_heavy
1.0,1.0,1,1,A2,A2,700,741,125.0,throughput_heavy
1.0,1.0,1,1,A2,A2,700,741,125.0,severity_heavy
0.9746794344808964,0.9486832980505138,0,1,A2,A2,700,741,150.0,equal
0.9746794344808964,0.9486832980505138,0,1,A2,A2,700,741,150.0,criticality_heavy
0.9746794344808964,0.9486832980505138,0,1,A2,A2,700,741,150.0,throughput_heavy
0.9746794344808964,0.9486832980505138,0,1,A2,A2,700,741,150.0,severity_heavy
1.0,1.0,1,1,A2,A2,701,742,100.0,equal
1.0,1.0,1,1,A2,A2,701,742,100.0,criticality_heavy
1.0,1.0,1,1,A2,A2,701,742,100.0,throughput_heavy
1.0,1.0,1,1,A2,A2,701,742,100.0,severity_heavy
1.0,1.0,1,1,A2,A2,701,742,125.0,equal
1.0,1.0,1,1,A2,A2,701,742,125.0,criticality_heavy
1.0,1.0,1,1,A2,A2,701,742,125.0,throughput_heavy
1.0,1.0,1,1,A2,A2,701,742,125.0,severity_heavy
0.9746794344808964,0.9486832980505138,0,1,A2,A2,701,742,150.0,equal
0.9746794344808964,0.9486832980505138,0,1,A2,A2,701,742,150.0,criticality_heavy
0.9746794344808964,0.9486832980505138,0,1,A2,A2,701,742,150.0,throughput_heavy
0.9746794344808964,0.9486832980505138,0,1,A2,A2,701,742,150.0,severity_heavy
0.9746794344808963,0.9486832980505138,0,1,A5,A5,702,743,100.0,equal
0.9746794344808963,0.9486832980505138,0,1,A5,A5,702,743,100.0,criticality_heavy
0.9746794344808963,0.9486832980505138,0,1,A5,A5,702,743,100.0,throughput_heavy
0.9746794344808963,0.9486832980505138,0,1,A5,A5,702,743,100.0,severity_heavy
0.9999999999999999,1.0,1,1,A5,A5,702,743,125.0,equal
0.9999999999999999,1.0,1,1,A5,A5,702,743,125.0,criticality_heavy
0.9999999999999999,1.0,1,1,A5,A5,702,743,125.0,throughput_heavy
0.9999999999999999,1.0,1,1,A5,A5,702,743,125.0,severity_heavy
0.6,0.4,0,1,A5,A5,702,743,150.0,equal
0.6,0.4,0,1,A5,A5,702,743,150.0,criticality_heavy
0.6,0.4,0,1,A5,A5,702,743,150.0,throughput_heavy
0.6,0.4,0,1,A5,A5,702,743,150.0,severity_heavy
1.0,1.0,1,1,A3,A3,703,744,100.0,equal
1.0,1.0,1,1,A3,A3,703,744,100.0,criticality_heavy
1.0,1.0,1,1,A3,A3,703,744,100.0,throughput_heavy
1.0,1.0,1,1,A3,A3,703,744,100.0,severity_heavy
1.0,1.0,1,1,A3,A3,703,744,125.0,equal
1.0,1.0,1,1,A3,A3,703,744,125.0,criticality_heavy
1.0,1.0,1,1,A3,A3,703,744,125.0,throughput_heavy
1.0,1.0,1,1,A3,A3,703,744,125.0,severity_heavy
0.9746794344808964,0.9486832980505138,0,1,A3,A3,703,744,150.0,equal
0.9746794344808964,0.9486832980505138,0,1,A3,A3,703,744,150.0,criticality_heavy
0.9746794344808964,0.9486832980505138,0,1,A3,A3,703,744,150.0,throughput_heavy
0.9746794344808964,0.9486832980505138,0,1,A3,A3,703,744,150.0,severity_heavy
1.0,1.0,1,1,A5,A5,704,745,100.0,equal
1.0,1.0,1,1,A5,A5,704,745,100.0,criticality_heavy
1.0,1.0,1,1,A5,A5,704,745,100.0,throughput_heavy
1.0,1.0,1,1,A5,A5,704,745,100.0,severity_heavy
1.0,1.0,1,1,A5,A5,704,745,125.0,equal
1.0,1.0,1,1,A5,A5,704,745,125.0,criticality_heavy
1.0,1.0,1,1,A5,A5,704,745,125.0,throughput_heavy
1.0,1.0,1,1,A5,A5,704,745,125.0,severity_heavy
0.8720815992723809,0.7378647873726218,0,1,A5,A5,704,745,150.0,equal
0.8720815992723809,0.7378647873726218,0,1,A5,A5,704,745,150.0,criticality_heavy
0.8720815992723809,0.7378647873726218,0,1,A5,A5,704,745,150.0,throughput_heavy
0.8720815992723809,0.7378647873726218,0,1,A5,A5,704,745,150.0,severity_heavy
0.8207826816681234,0.7378647873726218,0,1,A1,A1,705,746,100.0,equal
0.8207826816681234,0.7378647873726218,0,1,A1,A1,705,746,100.0,criticality_heavy
0.8207826816681234,0.7378647873726218,0,1,A1,A1,705,746,100.0,throughput_heavy
0.8207826816681234,0.7378647873726218,0,1,A1,A1,705,746,100.0,severity_heavy
0.9999999999999999,1.0,1,1,A1,A1,705,746,125.0,equal
0.9999999999999999,1.0,1,1,A1,A1,705,746,125.0,criticality_heavy
0.9999999999999999,1.0,1,1,A1,A1,705,746,125.0,throughput_heavy
0.9999999999999999,1.0,1,1,A1,A1,705,746,125.0,severity_heavy
0.9999999999999999,1.0,1,1,A1,A1,705,746,150.0,equal
0.9999999999999999,1.0,1,1,A1,A1,705,746,150.0,criticality_heavy
0.9999999999999999,1.0,1,1,A1,A1,705,746,150.0,throughput_heavy
0.9999999999999999,1.0,1,1,A1,A1,705,746,150.0,severity_heavy
0.9746794344808963,0.9486832980505138,0,1,A2,A2,706,747,100.0,equal
0.9746794344808963,0.9486832980505138,0,1,A2,A2,706,747,100.0,criticality_heavy
0.9746794344808963,0.9486832980505138,0,1,A2,A2,706,747,100.0,throughput_heavy
0.9746794344808963,0.9486832980505138,0,1,A2,A2,706,747,100.0,severity_heavy
0.9999999999999999,1.0,1,1,A2,A2,706,747,125.0,equal
0.9999999999999999,1.0,1,1,A2,A2,706,747,125.0,criticality_heavy
0.9999999999999999,1.0,1,1,A2,A2,706,747,125.0,throughput_heavy
0.9999999999999999,1.0,1,1,A2,A2,706,747,125.0,severity_heavy
0.9999999999999999,1.0,1,1,A2,A2,706,747,150.0,equal
0.9999999999999999,1.0,1,1,A2,A2,706,747,150.0,criticality_heavy
0.9999999999999999,1.0,1,1,A2,A2,706,747,150.0,throughput_heavy
0.9999999999999999,1.0,1,1,A2,A2,706,747,150.0,severity_heavy
1.0,1.0,1,1,A3,A3,707,748,100.0,equal
1.0,1.0,1,1,A3,A3,707,748,100.0,criticality_heavy
1.0,1.0,1,1,A3,A3,707,748,100.0,throughput_heavy
1.0,1.0,1,1,A3,A3,707,748,100.0,severity_heavy
1.0,1.0,1,1,A3,A3,707,748,125.0,equal
1.0,1.0,1,1,A3,A3,707,748,125.0,criticality_heavy
1.0,1.0,1,1,A3,A3,707,748,125.0,throughput_heavy
1.0,1.0,1,1,A3,A3,707,748,125.0,severity_heavy
0.9746794344808964,0.9486832980505138,0,1,A3,A3,707,748,150.0,equal
0.9746794344808964,0.9486832980505138,0,1,A3,A3,707,748,150.0,criticality_heavy
0.9746794344808964,0.9486832980505138,0,1,A3,A3,707,748,150.0,throughput_heavy
0.9746794344808964,0.9486832980505138,0,1,A3,A3,707,748,150.0,severity_heavy
0.9746794344808963,0.9486832980505138,0,1,A3,A3,708,749,100.0,equal
0.9746794344808963,0.9486832980505138,0,1,A3,A3,708,749,100.0,criticality_heavy
0.9746794344808963,0.9486832980505138,0,1,A3,A3,708,749,100.0,throughput_heavy
0.9746794344808963,0.9486832980505138,0,1,A3,A3,708,749,100.0,severity_heavy
0.9999999999999999,1.0,1,1,A3,A3,708,749,125.0,equal
0.9999999999999999,1.0,1,1,A3,A3,708,749,125.0,criticality_heavy
0.9999999999999999,1.0,1,1,A3,A3,708,749,125.0,throughput_heavy
0.9999999999999999,1.0,1,1,A3,A3,708,749,125.0,severity_heavy
0.9999999999999999,1.0,1,1,A3,A3,708,749,150.0,equal
0.9999999999999999,1.0,1,1,A3,A3,708,749,150.0,criticality_heavy
0.9999999999999999,1.0,1,1,A3,A3,708,749,150.0,throughput_heavy
0.9999999999999999,1.0,1,1,A3,A3,708,749,150.0,severity_heavy
0.8720815992723809,0.7378647873726218,0,0,A3,A4,709,750,100.0,equal
0.8720815992723809,0.7378647873726218,0,0,A3,A4,709,750,100.0,criticality_heavy
0.8720815992723809,0.7378647873726218,0,0,A3,A4,709,750,100.0,throughput_heavy
0.8720815992723809,0.7378647873726218,0,0,A3,A4,709,750,100.0,severity_heavy
0.9999999999999999,1.0,1,1,A3,A3,709,750,125.0,equal
0.9999999999999999,1.0,1,1,A3,A3,709,750,125.0,criticality_heavy
0.9999999999999999,1.0,1,1,A3,A3,709,750,125.0,throughput_heavy
0.9999999999999999,1.0,1,1,A3,A3,709,750,125.0,severity_heavy
0.8999999999999998,0.8,0,1,A3,A3,709,750,150.0,equal
0.8999999999999998,0.8,0,1,A3,A3,709,750,150.0,criticality_heavy
0.8999999999999998,0.8,0,1,A3,A3,709,750,150.0,throughput_heavy
0.8999999999999998,0.8,0,1,A3,A3,709,750,150.0,severity_heavy
0.9746794344808963,0.9486832980505138,0,1,A2,A2,710,751,100.0,equal
0.9746794344808963,0.9486832980505138,0,1,A2,A2,710,751,100.0,criticality_heavy
0.9746794344808963,0.9486832980505138,0,1,A2,A2,710,751,100.0,throughput_heavy
0.9746794344808963,0.9486832980505138,0,1,A2,A2,710,751,100.0,severity_heavy
0.9999999999999999,1.0,1,1,A2,A2,710,751,125.0,equal
0.9999999999999999,1.0,1,1,A2,A2,710,751,125.0,criticality_heavy
0.9999999999999999,1.0,1,1,A2,A2,710,751,125.0,throughput_heavy
0.9999999999999999,1.0,1,1,A2,A2,710,751,125.0,severity_heavy
0.8999999999999998,0.8,0,1,A2,A2,710,751,150.0,equal
0.8999999999999998,0.8,0,1,A2,A2,710,751,150.0,criticality_heavy
0.8999999999999998,0.8,0,1,A2,A2,710,751,150.0,throughput_heavy
0.8999999999999998,0.8,0,1,A2,A2,710,751,150.0,severity_heavy
0.9746794344808963,0.9486832980505138,0,1,A3,A3,711,752,100.0,equal
0.9746794344808963,0.9486832980505138,0,1,A3,A3,711,752,100.0,criticality_heavy
0.9746794344808963,0.9486832980505138,0,1,A3,A3,711,752,100.0,throughput_heavy
0.9746794344808963,0.9486832980505138,0,1,A3,A3,711,752,100.0,severity_heavy
0.9999999999999999,1.0,1,1,A3,A3,711,752,125.0,equal
0.9999999999999999,1.0,1,1,A3,A3,711,752,125.0,criticality_heavy
0.9999999999999999,1.0,1,1,A3,A3,711,752,125.0,throughput_heavy
0.9999999999999999,1.0,1,1,A3,A3,711,752,125.0,severity_heavy
0.9999999999999999,1.0,1,1,A3,A3,711,752,150.0,equal
0.9999999999999999,1.0,1,1,A3,A3,711,752,150.0,criticality_heavy
0.9999999999999999,1.0,1,1,A3,A3,711,752,150.0,throughput_heavy
0.9999999999999999,1.0,1,1,A3,A3,711,752,150.0,severity_heavy
0.8947368421052632,0.7777777777777778,0,0,A2,A4,712,753,100.0,equal
0.8947368421052632,0.7777777777777778,0,0,A2,A4,712,753,100.0,criticality_heavy
0.8947368421052632,0.7777777777777778,0,0,A2,A4,712,753,100.0,throughput_heavy
0.8947368421052632,0.7777777777777778,0,0,A2,A4,712,753,100.0,severity_heavy
1.0,1.0,1,1,A2,A2,712,753,125.0,equal
1.0,1.0,1,1,A2,A2,712,753,125.0,criticality_heavy
1.0,1.0,1,1,A2,A2,712,753,125.0,throughput_heavy
1.0,1.0,1,1,A2,A2,712,753,125.0,severity_heavy
0.9746794344808964,0.9486832980505138,0,1,A2,A2,712,753,150.0,equal
0.9746794344808964,0.9486832980505138,0,1,A2,A2,712,753,150.0,criticality_heavy
0.9746794344808964,0.9486832980505138,0,1,A2,A2,712,753,150.0,throughput_heavy
0.9746794344808964,0.9486832980505138,0,1,A2,A2,712,753,150.0,severity_heavy
0.8720815992723809,0.7378647873726218,0,0,A2,A5,713,754,100.0,equal
0.8720815992723809,0.7378647873726218,0,0,A2,A5,713,754,100.0,criticality_heavy
0.8720815992723809,0.7378647873726218,0,0,A2,A5,713,754,100.0,throughput_heavy
0.8720815992723809,0.7378647873726218,0,0,A2,A5,713,754,100.0,severity_heavy
0.9999999999999999,1.0,1,1,A2,A2,713,754,125.0,equal
0.9999999999999999,1.0,1,1,A2,A2,713,754,125.0,criticality_heavy
0.9999999999999999,1.0,1,1,A2,A2,713,754,125.0,throughput_heavy
0.9999999999999999,1.0,1,1,A2,A2,713,754,125.0,severity_heavy
0.9999999999999999,1.0,1,1,A2,A2,713,754,150.0,equal
0.9999999999999999,1.0,1,1,A2,A2,713,754,150.0,criticality_heavy
0.9999999999999999,1.0,1,1,A2,A2,713,754,150.0,throughput_heavy
0.9999999999999999,1.0,1,1,A2,A2,713,754,150.0,severity_heavy
1.0,1.0,1,1,A2,A2,714,755,100.0,equal
1.0,1.0,1,1,A2,A2,714,755,100.0,criticality_heavy
1.0,1.0,1,1,A2,A2,714,755,100.0,throughput_heavy
1.0,1.0,1,1,A2,A2,714,755,100.0,severity_heavy
1.0,1.0,1,1,A2,A2,714,755,125.0,equal
1.0,1.0,1,1,A2,A2,714,755,125.0,criticality_heavy
1.0,1.0,1,1,A2,A2,714,755,125.0,throughput_heavy
1.0,1.0,1,1,A2,A2,714,755,125.0,severity_heavy
0.8720815992723809,0.7378647873726218,0,1,A2,A2,714,755,150.0,equal
0.8720815992723809,0.7378647873726218,0,1,A2,A2,714,755,150.0,criticality_heavy
0.9746794344808964,0.9486832980505138,0,1,A2,A2,714,755,150.0,throughput_heavy
0.9746794344808964,0.9486832980505138,0,1,A2,A2,714,755,150.0,severity_heavy
0.9746794344808963,0.9486832980505138,0,1,A5,A5,715,756,100.0,equal
0.9746794344808963,0.9486832980505138,0,1,A5,A5,715,756,100.0,criticality_heavy
0.9746794344808963,0.9486832980505138,0,1,A5,A5,715,756,100.0,throughput_heavy
0.9746794344808963,0.9486832980505138,0,1,A5,A5,715,756,100.0,severity_heavy
0.9999999999999999,1.0,1,1,A5,A5,715,756,125.0,equal
0.9999999999999999,1.0,1,1,A5,A5,715,756,125.0,criticality_heavy
0.9999999999999999,1.0,1,1,A5,A5,715,756,125.0,throughput_heavy
0.9999999999999999,1.0,1,1,A5,A5,715,756,125.0,severity_heavy
0.8999999999999998,0.8,0,0,A5,A3,715,756,150.0,equal
0.8999999999999998,0.8,0,0,A5,A3,715,756,150.0,criticality_heavy
0.8999999999999998,0.8,0,0,A5,A3,715,756,150.0,throughput_heavy
0.8999999999999998,0.8,0,0,A5,A3,715,756,150.0,severity_heavy
0.9746794344808963,0.9486832980505138,0,1,A3,A3,716,757,100.0,equal
0.9746794344808963,0.9486832980505138,0,1,A3,A3,716,757,100.0,criticality_heavy
0.9746794344808963,0.9486832980505138,0,1,A3,A3,716,757,100.0,throughput_heavy
0.9746794344808963,0.9486832980505138,0,1,A3,A3,716,757,100.0,severity_heavy
0.9999999999999999,1.0,1,1,A3,A3,716,757,125.0,equal
0.9999999999999999,1.0,1,1,A3,A3,716,757,125.0,criticality_heavy
0.9999999999999999,1.0,1,1,A3,A3,716,757,125.0,throughput_heavy
0.9999999999999999,1.0,1,1,A3,A3,716,757,125.0,severity_heavy
0.9999999999999999,1.0,1,1,A3,A3,716,757,150.0,equal
0.9999999999999999,1.0,1,1,A3,A3,716,757,150.0,criticality_heavy
0.9999999999999999,1.0,1,1,A3,A3,716,757,150.0,throughput_heavy
0.9999999999999999,1.0,1,1,A3,A3,716,757,150.0,severity_heavy
0.8207826816681234,0.7378647873726218,0,1,A2,A2,717,758,100.0,equal
0.8207826816681234,0.7378647873726218,0,1,A2,A2,717,758,100.0,criticality_heavy
0.8207826816681234,0.7378647873726218,0,1,A2,A2,717,758,100.0,throughput_heavy
0.8207826816681234,0.7378647873726218,0,1,A2,A2,717,758,100.0,severity_heavy
0.9999999999999999,1.0,1,1,A2,A2,717,758,125.0,equal
0.9999999999999999,1.0,1,1,A2,A2,717,758,125.0,criticality_heavy
0.9999999999999999,1.0,1,1,A2,A2,717,758,125.0,throughput_heavy
0.9999999999999999,1.0,1,1,A2,A2,717,758,125.0,severity_heavy
0.9999999999999999,1.0,1,1,A2,A2,717,758,150.0,equal
0.9999999999999999,1.0,1,1,A2,A2,717,758,150.0,criticality_heavy
0.9999999999999999,1.0,1,1,A2,A2,717,758,150.0,throughput_heavy
0.9999999999999999,1.0,1,1,A2,A2,717,758,150.0,severity_heavy
0.9746794344808963,0.9486832980505138,0,1,A2,A2,718,759,100.0,equal
0.9746794344808963,0.9486832980505138,0,1,A2,A2,718,759,100.0,criticality_heavy
0.9746794344808963,0.9486832980505138,0,1,A2,A2,718,759,100.0,throughput_heavy
0.9746794344808963,0.9486832980505138,0,1,A2,A2,718,759,100.0,severity_heavy
0.9999999999999999,1.0,1,1,A2,A2,718,759,125.0,equal
0.9999999999999999,1.0,1,1,A2,A2,718,759,125.0,criticality_heavy
0.9999999999999999,1.0,1,1,A2,A2,718,759,125.0,throughput_heavy
0.9999999999999999,1.0,1,1,A2,A2,718,759,125.0,severity_heavy
0.8999999999999998,0.8,0,1,A2,A2,718,759,150.0,equal
0.8999999999999998,0.8,0,1,A2,A2,718,759,150.0,criticality_heavy
0.8999999999999998,0.8,0,1,A2,A2,718,759,150.0,throughput_heavy
0.8999999999999998,0.8,0,1,A2,A2,718,759,150.0,severity_heavy
0.9746794344808963,0.9486832980505138,0,1,A3,A3,719,760,100.0,equal
0.9746794344808963,0.9486832980505138,0,1,A3,A3,719,760,100.0,criticality_heavy
0.9746794344808963,0.9486832980505138,0,1,A3,A3,719,760,100.0,throughput_heavy
0.9746794344808963,0.9486832980505138,0,1,A3,A3,719,760,100.0,severity_heavy
0.9999999999999999,1.0,1,1,A3,A3,719,760,125.0,equal
0.9999999999999999,1.0,1,1,A3,A3,719,760,125.0,criticality_heavy
0.9999999999999999,1.0,1,1,A3,A3,719,760,125.0,throughput_heavy
0.9999999999999999,1.0,1,1,A3,A3,719,760,125.0,severity_heavy
0.9999999999999999,1.0,1,1,A3,A3,719,760,150.0,equal
0.9999999999999999,1.0,1,1,A3,A3,719,760,150.0,criticality_heavy
0.9999999999999999,1.0,1,1,A3,A3,719,760,150.0,throughput_heavy
0.9999999999999999,1.0,1,1,A3,A3,719,760,150.0,severity_heavy
0.8207826816681234,0.7378647873726218,0,1,A3,A3,720,761,100.0,equal
0.8207826816681234,0.7378647873726218,0,1,A3,A3,720,761,100.0,criticality_heavy
0.8207826816681234,0.7378647873726218,0,1,A3,A3,720,761,100.0,throughput_heavy
0.8207826816681234,0.7378647873726218,0,1,A3,A3,720,761,100.0,severity_heavy
0.9999999999999999,1.0,1,1,A3,A3,720,761,125.0,equal
0.9999999999999999,1.0,1,1,A3,A3,720,761,125.0,criticality_heavy
0.9999999999999999,1.0,1,1,A3,A3,720,761,125.0,throughput_heavy
0.9999999999999999,1.0,1,1,A3,A3,720,761,125.0,severity_heavy
0.9999999999999999,1.0,1,1,A3,A3,720,761,150.0,equal
0.9999999999999999,1.0,1,1,A3,A3,720,761,150.0,criticality_heavy
0.9999999999999999,1.0,1,1,A3,A3,720,761,150.0,throughput_heavy
0.9999999999999999,1.0,1,1,A3,A3,720,761,150.0,severity_heavy
0.9746794344808963,0.9486832980505138,0,1,A3,A3,721,762,100.0,equal
0.9746794344808963,0.9486832980505138,0,1,A3,A3,721,762,100.0,criticality_heavy
0.9746794344808963,0.9486832980505138,0,1,A3,A3,721,762,100.0,throughput_heavy
0.9746794344808963,0.9486832980505138,0,1,A3,A3,721,762,100.0,severity_heavy
0.9999999999999999,1.0,1,1,A3,A3,721,762,125.0,equal
0.9999999999999999,1.0,1,1,A3,A3,721,762,125.0,criticality_heavy
0.9999999999999999,1.0,1,1,A3,A3,721,762,125.0,throughput_heavy
0.9999999999999999,1.0,1,1,A3,A3,721,762,125.0,severity_heavy
0.9999999999999999,1.0,1,1,A3,A3,721,762,150.0,equal
0.9999999999999999,1.0,1,1,A3,A3,721,762,150.0,criticality_heavy
0.9999999999999999,1.0,1,1,A3,A3,721,762,150.0,throughput_heavy
0.9999999999999999,1.0,1,1,A3,A3,721,762,150.0,severity_heavy
0.9746794344808963,0.9486832980505138,0,1,A2,A2,722,763,100.0,equal
0.9746794344808963,0.9486832980505138,0,1,A2,A2,722,763,100.0,criticality_heavy
0.9746794344808963,0.9486832980505138,0,1,A2,A2,722,763,100.0,throughput_heavy
0.9746794344808963,0.9486832980505138,0,1,A2,A2,722,763,100.0,severity_heavy
0.9999999999999999,1.0,1,1,A2,A2,722,763,125.0,equal
0.9999999999999999,1.0,1,1,A2,A2,722,763,125.0,criticality_heavy
0.9999999999999999,1.0,1,1,A2,A2,722,763,125.0,throughput_heavy
0.9999999999999999,1.0,1,1,A2,A2,722,763,125.0,severity_heavy
0.9999999999999999,1.0,1,1,A2,A2,722,763,150.0,equal
0.9999999999999999,1.0,1,1,A2,A2,722,763,150.0,criticality_heavy
0.9999999999999999,1.0,1,1,A2,A2,722,763,150.0,throughput_heavy
0.9999999999999999,1.0,1,1,A2,A2,722,763,150.0,severity_heavy
1.0,1.0,1,1,A2,A2,723,764,100.0,equal
1.0,1.0,1,1,A2,A2,723,764,100.0,criticality_heavy
1.0,1.0,1,1,A2,A2,723,764,100.0,throughput_heavy
1.0,1.0,1,1,A2,A2,723,764,100.0,severity_heavy
1.0,1.0,1,1,A2,A2,723,764,125.0,equal
1.0,1.0,1,1,A2,A2,723,764,125.0,criticality_heavy
1.0,1.0,1,1,A2,A2,723,764,125.0,throughput_heavy
0.8947368421052632,0.7777777777777778,0,1,A2,A2,723,764,125.0,severity_heavy
0.8720815992723809,0.7378647873726218,0,1,A2,A2,723,764,150.0,equal
0.8720815992723809,0.7378647873726218,0,1,A2,A2,723,764,150.0,criticality_heavy
0.8720815992723809,0.7378647873726218,0,1,A2,A2,723,764,150.0,throughput_heavy
0.8720815992723809,0.7378647873726218,0,1,A2,A2,723,764,150.0,severity_heavy
0.8947368421052632,0.7777777777777778,0,0,A1,A5,724,765,100.0,equal
0.8947368421052632,0.7777777777777778,0,0,A1,A5,724,765,100.0,criticality_heavy
0.8947368421052632,0.7777777777777778,0,0,A1,A5,724,765,100.0,throughput_heavy
1.0,1.0,1,1,A1,A1,724,765,100.0,severity_heavy
1.0,1.0,1,1,A1,A1,724,765,125.0,equal
1.0,1.0,1,1,A1,A1,724,765,125.0,criticality_heavy
0.8947368421052632,0.7777777777777778,0,0,A1,A5,724,765,125.0,throughput_heavy
1.0,1.0,1,1,A1,A1,724,765,125.0,severity_heavy
0.9746794344808964,0.9486832980505138,0,1,A1,A1,724,765,150.0,equal
0.9746794344808964,0.9486832980505138,0,1,A1,A1,724,765,150.0,criticality_heavy
0.9746794344808964,0.9486832980505138,0,1,A1,A1,724,765,150.0,throughput_heavy
0.9746794344808964,0.9486832980505138,0,1,A1,A1,724,765,150.0,severity_heavy
0.9746794344808963,0.9486832980505138,0,1,A3,A3,725,766,100.0,equal
0.9746794344808963,0.9486832980505138,0,1,A3,A3,725,766,100.0,criticality_heavy
0.9746794344808963,0.9486832980505138,0,1,A3,A3,725,766,100.0,throughput_heavy
0.9746794344808963,0.9486832980505138,0,1,A3,A3,725,766,100.0,severity_heavy
0.9999999999999999,1.0,1,1,A3,A3,725,766,125.0,equal
0.9999999999999999,1.0,1,1,A3,A3,725,766,125.0,criticality_heavy
0.9999999999999999,1.0,1,1,A3,A3,725,766,125.0,throughput_heavy
0.9999999999999999,1.0,1,1,A3,A3,725,766,125.0,severity_heavy
0.9999999999999999,1.0,1,1,A3,A3,725,766,150.0,equal
0.9999999999999999,1.0,1,1,A3,A3,725,766,150.0,criticality_heavy
0.9999999999999999,1.0,1,1,A3,A3,725,766,150.0,throughput_heavy
0.9999999999999999,1.0,1,1,A3,A3,725,766,150.0,severity_heavy
0.8207826816681234,0.7378647873726218,0,1,A1,A1,726,767,100.0,equal
0.8207826816681234,0.7378647873726218,0,1,A1,A1,726,767,100.0,criticality_heavy
0.8207826816681234,0.7378647873726218,0,1,A1,A1,726,767,100.0,throughput_heavy
0.8207826816681234,0.7378647873726218,0,1,A1,A1,726,767,100.0,severity_heavy
0.9999999999999999,1.0,1,1,A1,A1,726,767,125.0,equal
0.9999999999999999,1.0,1,1,A1,A1,726,767,125.0,criticality_heavy
0.9999999999999999,1.0,1,1,A1,A1,726,767,125.0,throughput_heavy
0.9999999999999999,1.0,1,1,A1,A1,726,767,125.0,severity_heavy
0.9999999999999999,1.0,1,1,A1,A1,726,767,150.0,equal
0.9999999999999999,1.0,1,1,A1,A1,726,767,150.0,criticality_heavy
0.9999999999999999,1.0,1,1,A1,A1,726,767,150.0,throughput_heavy
0.9999999999999999,1.0,1,1,A1,A1,726,767,150.0,severity_heavy
0.9746794344808963,0.9486832980505138,0,1,A3,A3,727,768,100.0,equal
0.9746794344808963,0.9486832980505138,0,1,A3,A3,727,768,100.0,criticality_heavy
0.9746794344808963,0.9486832980505138,0,1,A3,A3,727,768,100.0,throughput_heavy
0.9746794344808963,0.9486832980505138,0,1,A3,A3,727,768,100.0,severity_heavy
0.9999999999999999,1.0,1,1,A3,A3,727,768,125.0,equal
0.9999999999999999,1.0,1,1,A3,A3,727,768,125.0,criticality_heavy
0.9999999999999999,1.0,1,1,A3,A3,727,768,125.0,throughput_heavy
0.9999999999999999,1.0,1,1,A3,A3,727,768,125.0,severity_heavy
0.9999999999999999,1.0,1,1,A3,A3,727,768,150.0,equal
0.9999999999999999,1.0,1,1,A3,A3,727,768,150.0,criticality_heavy
0.9999999999999999,1.0,1,1,A3,A3,727,768,150.0,throughput_heavy
0.9999999999999999,1.0,1,1,A3,A3,727,768,150.0,severity_heavy
0.9746794344808963,0.9486832980505138,0,1,A2,A2,728,769,100.0,equal
0.9746794344808963,0.9486832980505138,0,1,A2,A2,728,769,100.0,criticality_heavy
0.9746794344808963,0.9486832980505138,0,1,A2,A2,728,769,100.0,throughput_heavy
0.9746794344808963,0.9486832980505138,0,1,A2,A2,728,769,100.0,severity_heavy
0.9999999999999999,1.0,1,1,A2,A2,728,769,125.0,equal
0.9999999999999999,1.0,1,1,A2,A2,728,769,125.0,criticality_heavy
0.9999999999999999,1.0,1,1,A2,A2,728,769,125.0,throughput_heavy
0.9999999999999999,1.0,1,1,A2,A2,728,769,125.0,severity_heavy
0.9999999999999999,1.0,1,1,A2,A2,728,769,150.0,equal
0.8999999999999998,0.8,0,1,A2,A2,728,769,150.0,criticality_heavy
0.9999999999999999,1.0,1,1,A2,A2,728,769,150.0,throughput_heavy
0.9999999999999999,1.0,1,1,A2,A2,728,769,150.0,severity_heavy
0.9746794344808963,0.9486832980505138,0,1,A5,A5,729,770,100.0,equal
0.9746794344808963,0.9486832980505138,0,1,A5,A5,729,770,100.0,criticality_heavy
0.9746794344808963,0.9486832980505138,0,1,A5,A5,729,770,100.0,throughput_heavy
0.9746794344808963,0.9486832980505138,0,1,A5,A5,729,770,100.0,severity_heavy
0.9999999999999999,1.0,1,1,A5,A5,729,770,125.0,equal
0.9999999999999999,1.0,1,1,A5,A5,729,770,125.0,criticality_heavy
0.9999999999999999,1.0,1,1,A5,A5,729,770,125.0,throughput_heavy
0.9999999999999999,1.0,1,1,A5,A5,729,770,125.0,severity_heavy
0.8999999999999998,0.8,0,1,A5,A5,729,770,150.0,equal
0.8999999999999998,0.8,0,1,A5,A5,729,770,150.0,criticality_heavy
0.8999999999999998,0.8,0,1,A5,A5,729,770,150.0,throughput_heavy
0.8999999999999998,0.8,0,1,A5,A5,729,770,150.0,severity_heavy
0.9746794344808963,0.9486832980505138,0,1,A1,A1,730,771,100.0,equal
0.9746794344808963,0.9486832980505138,0,1,A1,A1,730,771,100.0,criticality_heavy
0.9746794344808963,0.9486832980505138,0,1,A1,A1,730,771,100.0,throughput_heavy
0.9746794344808963,0.9486832980505138,0,1,A1,A1,730,771,100.0,severity_heavy
0.9999999999999999,1.0,1,1,A1,A1,730,771,125.0,equal
0.9999999999999999,1.0,1,1,A1,A1,730,771,125.0,criticality_heavy
0.9999999999999999,1.0,1,1,A1,A1,730,771,125.0,throughput_heavy
0.9999999999999999,1.0,1,1,A1,A1,730,771,125.0,severity_heavy
0.8999999999999998,0.8,0,1,A1,A1,730,771,150.0,equal
0.8999999999999998,0.8,0,1,A1,A1,730,771,150.0,criticality_heavy
0.8999999999999998,0.8,0,1,A1,A1,730,771,150.0,throughput_heavy
0.8999999999999998,0.8,0,1,A1,A1,730,771,150.0,severity_heavy
0.9746794344808963,0.9486832980505138,0,1,A2,A2,731,772,100.0,equal
0.9746794344808963,0.9486832980505138,0,1,A2,A2,731,772,100.0,criticality_heavy
0.9746794344808963,0.9486832980505138,0,1,A2,A2,731,772,100.0,throughput_heavy
0.9746794344808963,0.9486832980505138,0,1,A2,A2,731,772,100.0,severity_heavy
0.9999999999999999,1.0,1,1,A2,A2,731,772,125.0,equal
0.9999999999999999,1.0,1,1,A2,A2,731,772,125.0,criticality_heavy
0.9999999999999999,1.0,1,1,A2,A2,731,772,125.0,throughput_heavy
0.9999999999999999,1.0,1,1,A2,A2,731,772,125.0,severity_heavy
0.9999999999999999,1.0,1,1,A2,A2,731,772,150.0,equal
0.9999999999999999,1.0,1,1,A2,A2,731,772,150.0,criticality_heavy
0.9999999999999999,1.0,1,1,A2,A2,731,772,150.0,throughput_heavy
0.9999999999999999,1.0,1,1,A2,A2,731,772,150.0,severity_heavy
0.8947368421052632,0.7777777777777778,0,0,A2,A1,732,773,100.0,equal
0.8947368421052632,0.7777777777777778,0,0,A2,A1,732,773,100.0,criticality_heavy
1.0,1.0,1,1,A2,A2,732,773,100.0,throughput_heavy
0.8947368421052632,0.7777777777777778,0,0,A2,A1,732,773,100.0,severity_heavy
1.0,1.0,1,1,A2,A2,732,773,125.0,equal
1.0,1.0,1,1,A2,A2,732,773,125.0,criticality_heavy
1.0,1.0,1,1,A2,A2,732,773,125.0,throughput_heavy
1.0,1.0,1,1,A2,A2,732,773,125.0,severity_heavy
0.9746794344808964,0.9486832980505138,0,1,A2,A2,732,773,150.0,equal
0.9746794344808964,0.9486832980505138,0,1,A2,A2,732,773,150.0,criticality_heavy
0.9746794344808964,0.9486832980505138,0,1,A2,A2,732,773,150.0,throughput_heavy
0.9746794344808964,0.9486832980505138,0,1,A2,A2,732,773,150.0,severity_heavy
1.0,1.0,1,1,A1,A1,733,774,100.0,equal
1.0,1.0,1,1,A1,A1,733,774,100.0,criticality_heavy
1.0,1.0,1,1,A1,A1,733,774,100.0,throughput_heavy
1.0,1.0,1,1,A1,A1,733,774,100.0,severity_heavy
1.0,1.0,1,1,A1,A1,733,774,125.0,equal
1.0,1.0,1,1,A1,A1,733,774,125.0,criticality_heavy
1.0,1.0,1,1,A1,A1,733,774,125.0,throughput_heavy
1.0,1.0,1,1,A1,A1,733,774,125.0,severity_heavy
0.8720815992723809,0.7378647873726218,0,1,A1,A1,733,774,150.0,equal
0.8720815992723809,0.7378647873726218,0,1,A1,A1,733,774,150.0,criticality_heavy
0.8720815992723809,0.7378647873726218,0,1,A1,A1,733,774,150.0,throughput_heavy
0.8720815992723809,0.7378647873726218,0,1,A1,A1,733,774,150.0,severity_heavy
1.0,1.0,1,1,A2,A2,734,775,100.0,equal
1.0,1.0,1,1,A2,A2,734,775,100.0,criticality_heavy
1.0,1.0,1,1,A2,A2,734,775,100.0,throughput_heavy
1.0,1.0,1,1,A2,A2,734,775,100.0,severity_heavy
1.0,1.0,1,1,A2,A2,734,775,125.0,equal
1.0,1.0,1,1,A2,A2,734,775,125.0,criticality_heavy
1.0,1.0,1,1,A2,A2,734,775,125.0,throughput_heavy
1.0,1.0,1,1,A2,A2,734,775,125.0,severity_heavy
0.9746794344808964,0.9486832980505138,0,1,A2,A2,734,775,150.0,equal
0.9746794344808964,0.9486832980505138,0,1,A2,A2,734,775,150.0,criticality_heavy
0.9746794344808964,0.9486832980505138,0,1,A2,A2,734,775,150.0,throughput_heavy
0.9746794344808964,0.9486832980505138,0,1,A2,A2,734,775,150.0,severity_heavy
0.9746794344808963,0.9486832980505138,0,1,A3,A3,735,776,100.0,equal
0.9746794344808963,0.9486832980505138,0,1,A3,A3,735,776,100.0,criticality_heavy
0.9746794344808963,0.9486832980505138,0,1,A3,A3,735,776,100.0,throughput_heavy
0.9746794344808963,0.9486832980505138,0,1,A3,A3,735,776,100.0,severity_heavy
0.9999999999999999,1.0,1,1,A3,A3,735,776,125.0,equal
0.9999999999999999,1.0,1,1,A3,A3,735,776,125.0,criticality_heavy
0.9999999999999999,1.0,1,1,A3,A3,735,776,125.0,throughput_heavy
0.9999999999999999,1.0,1,1,A3,A3,735,776,125.0,severity_heavy
0.9999999999999999,1.0,1,1,A3,A3,735,776,150.0,equal
0.9999999999999999,1.0,1,1,A3,A3,735,776,150.0,criticality_heavy
0.9999999999999999,1.0,1,1,A3,A3,735,776,150.0,throughput_heavy
0.9999999999999999,1.0,1,1,A3,A3,735,776,150.0,severity_heavy
0.8207826816681234,0.7378647873726218,0,1,A1,A1,736,777,100.0,equal
0.8207826816681234,0.7378647873726218,0,1,A1,A1,736,777,100.0,criticality_heavy
0.8207826816681234,0.7378647873726218,0,1,A1,A1,736,777,100.0,throughput_heavy
0.8207826816681234,0.7378647873726218,0,1,A1,A1,736,777,100.0,severity_heavy
0.9999999999999999,1.0,1,1,A1,A1,736,777,125.0,equal
0.9999999999999999,1.0,1,1,A1,A1,736,777,125.0,criticality_heavy
0.9999999999999999,1.0,1,1,A1,A1,736,777,125.0,throughput_heavy
0.9999999999999999,1.0,1,1,A1,A1,736,777,125.0,severity_heavy
0.9999999999999999,1.0,1,1,A1,A1,736,777,150.0,equal
0.9999999999999999,1.0,1,1,A1,A1,736,777,150.0,criticality_heavy
0.9999999999999999,1.0,1,1,A1,A1,736,777,150.0,throughput_heavy
0.9999999999999999,1.0,1,1,A1,A1,736,777,150.0,severity_heavy
0.8720815992723809,0.7378647873726218,0,0,A3,A5,737,778,100.0,equal
0.8720815992723809,0.7378647873726218,0,0,A3,A5,737,778,100.0,criticality_heavy
0.8720815992723809,0.7378647873726218,0,0,A3,A5,737,778,100.0,throughput_heavy
0.9746794344808963,0.9486832980505138,0,1,A3,A3,737,778,100.0,severity_heavy
0.9999999999999999,1.0,1,1,A3,A3,737,778,125.0,equal
0.9999999999999999,1.0,1,1,A3,A3,737,778,125.0,criticality_heavy
0.9999999999999999,1.0,1,1,A3,A3,737,778,125.0,throughput_heavy
0.9999999999999999,1.0,1,1,A3,A3,737,778,125.0,severity_heavy
0.9999999999999999,1.0,1,1,A3,A3,737,778,150.0,equal
0.9999999999999999,1.0,1,1,A3,A3,737,778,150.0,criticality_heavy
0.9999999999999999,1.0,1,1,A3,A3,737,778,150.0,throughput_heavy
0.9999999999999999,1.0,1,1,A3,A3,737,778,150.0,severity_heavy
0.9746794344808963,0.9486832980505138,0,1,A5,A5,738,779,100.0,equal
0.9746794344808963,0.9486832980505138,0,1,A5,A5,738,779,100.0,criticality_heavy
0.9746794344808963,0.9486832980505138,0,1,A5,A5,738,779,100.0,throughput_heavy
0.9746794344808963,0.9486832980505138,0,1,A5,A5,738,779,100.0,severity_heavy
0.9999999999999999,1.0,1,1,A5,A5,738,779,125.0,equal
0.9999999999999999,1.0,1,1,A5,A5,738,779,125.0,criticality_heavy
0.9999999999999999,1.0,1,1,A5,A5,738,779,125.0,throughput_heavy
0.9999999999999999,1.0,1,1,A5,A5,738,779,125.0,severity_heavy
0.9999999999999999,1.0,1,1,A5,A5,738,779,150.0,equal
0.9999999999999999,1.0,1,1,A5,A5,738,779,150.0,criticality_heavy
0.9999999999999999,1.0,1,1,A5,A5,738,779,150.0,throughput_heavy
0.9999999999999999,1.0,1,1,A5,A5,738,779,150.0,severity_heavy
0.8720815992723809,0.7378647873726218,0,1,A5,A5,739,780,100.0,equal
0.8720815992723809,0.7378647873726218,0,1,A5,A5,739,780,100.0,criticality_heavy
0.8720815992723809,0.7378647873726218,0,1,A5,A5,739,780,100.0,throughput_heavy
0.8720815992723809,0.7378647873726218,0,1,A5,A5,739,780,100.0,severity_heavy
0.9999999999999999,1.0,1,1,A5,A5,739,780,125.0,equal
0.9999999999999999,1.0,1,1,A5,A5,739,780,125.0,criticality_heavy
0.9999999999999999,1.0,1,1,A5,A5,739,780,125.0,throughput_heavy
0.9999999999999999,1.0,1,1,A5,A5,739,780,125.0,severity_heavy
0.8999999999999998,0.8,0,1,A5,A5,739,780,150.0,equal
0.8999999999999998,0.8,0,1,A5,A5,739,780,150.0,criticality_heavy
0.8999999999999998,0.8,0,1,A5,A5,739,780,150.0,throughput_heavy
0.8999999999999998,0.8,0,1,A5,A5,739,780,150.0,severity_heavy
1.0,1.0,1,1,A2,A2,740,781,100.0,equal
1.0,1.0,1,1,A2,A2,740,781,100.0,criticality_heavy
1.0,1.0,1,1,A2,A2,740,781,100.0,throughput_heavy
1.0,1.0,1,1,A2,A2,740,781,100.0,severity_heavy
1.0,1.0,1,1,A2,A2,740,781,125.0,equal
1.0,1.0,1,1,A2,A2,740,781,125.0,criticality_heavy
1.0,1.0,1,1,A2,A2,740,781,125.0,throughput_heavy
1.0,1.0,1,1,A2,A2,740,781,125.0,severity_heavy
0.9746794344808964,0.9486832980505138,0,1,A2,A2,740,781,150.0,equal
0.9746794344808964,0.9486832980505138,0,1,A2,A2,740,781,150.0,criticality_heavy
0.9746794344808964,0.9486832980505138,0,1,A2,A2,740,781,150.0,throughput_heavy
0.9746794344808964,0.9486832980505138,0,1,A2,A2,740,781,150.0,severity_heavy
1.0,1.0,1,1,A2,A2,741,782,100.0,equal
1.0,1.0,1,1,A2,A2,741,782,100.0,criticality_heavy
1.0,1.0,1,1,A2,A2,741,782,100.0,throughput_heavy
1.0,1.0,1,1,A2,A2,741,782,100.0,severity_heavy
1.0,1.0,1,1,A2,A2,741,782,125.0,equal
1.0,1.0,1,1,A2,A2,741,782,125.0,criticality_heavy
1.0,1.0,1,1,A2,A2,741,782,125.0,throughput_heavy
1.0,1.0,1,1,A2,A2,741,782,125.0,severity_heavy
0.9746794344808964,0.9486832980505138,0,1,A2,A2,741,782,150.0,equal
0.9746794344808964,0.9486832980505138,0,1,A2,A2,741,782,150.0,criticality_heavy
0.9746794344808964,0.9486832980505138,0,1,A2,A2,741,782,150.0,throughput_heavy
0.9746794344808964,0.9486832980505138,0,1,A2,A2,741,782,150.0,severity_heavy
0.9746794344808963,0.9486832980505138,0,1,A2,A2,742,783,100.0,equal
0.9746794344808963,0.9486832980505138,0,1,A2,A2,742,783,100.0,criticality_heavy
0.9746794344808963,0.9486832980505138,0,1,A2,A2,742,783,100.0,throughput_heavy
0.9746794344808963,0.9486832980505138,0,1,A2,A2,742,783,100.0,severity_heavy
0.9999999999999999,1.0,1,1,A2,A2,742,783,125.0,equal
0.9999999999999999,1.0,1,1,A2,A2,742,783,125.0,criticality_heavy
0.9999999999999999,1.0,1,1,A2,A2,742,783,125.0,throughput_heavy
0.9999999999999999,1.0,1,1,A2,A2,742,783,125.0,severity_heavy
0.9999999999999999,1.0,1,1,A2,A2,742,783,150.0,equal
0.9999999999999999,1.0,1,1,A2,A2,742,783,150.0,criticality_heavy
0.9999999999999999,1.0,1,1,A2,A2,742,783,150.0,throughput_heavy
0.9999999999999999,1.0,1,1,A2,A2,742,783,150.0,severity_heavy
0.8207826816681234,0.7378647873726218,0,1,A5,A5,743,784,100.0,equal
0.8207826816681234,0.7378647873726218,0,1,A5,A5,743,784,100.0,criticality_heavy
0.8207826816681234,0.7378647873726218,0,1,A5,A5,743,784,100.0,throughput_heavy
0.8207826816681234,0.7378647873726218,0,1,A5,A5,743,784,100.0,severity_heavy
0.9999999999999999,1.0,1,1,A5,A5,743,784,125.0,equal
0.9999999999999999,1.0,1,1,A5,A5,743,784,125.0,criticality_heavy
0.9999999999999999,1.0,1,1,A5,A5,743,784,125.0,throughput_heavy
0.9999999999999999,1.0,1,1,A5,A5,743,784,125.0,severity_heavy
0.9999999999999999,1.0,1,1,A5,A5,743,784,150.0,equal
0.9999999999999999,1.0,1,1,A5,A5,743,784,150.0,criticality_heavy
0.9999999999999999,1.0,1,1,A5,A5,743,784,150.0,throughput_heavy
0.9999999999999999,1.0,1,1,A5,A5,743,784,150.0,severity_heavy
1.0,1.0,1,1,A4,A4,744,785,100.0,equal
1.0,1.0,1,1,A4,A4,744,785,100.0,criticality_heavy
1.0,1.0,1,1,A4,A4,744,785,100.0,throughput_heavy
1.0,1.0,1,1,A4,A4,744,785,100.0,severity_heavy
1.0,1.0,1,1,A4,A4,744,785,125.0,equal
1.0,1.0,1,1,A4,A4,744,785,125.0,criticality_heavy
1.0,1.0,1,1,A4,A4,744,785,125.0,throughput_heavy
1.0,1.0,1,1,A4,A4,744,785,125.0,severity_heavy
0.9746794344808964,0.9486832980505138,0,1,A4,A4,744,785,150.0,equal
0.9746794344808964,0.9486832980505138,0,1,A4,A4,744,785,150.0,criticality_heavy
0.9746794344808964,0.9486832980505138,0,1,A4,A4,744,785,150.0,throughput_heavy
0.9746794344808964,0.9486832980505138,0,1,A4,A4,744,785,150.0,severity_heavy
0.9999999999999999,1.0,1,1,A1,A1,745,786,100.0,equal
0.9999999999999999,1.0,1,1,A1,A1,745,786,100.0,criticality_heavy
0.9999999999999999,1.0,1,1,A1,A1,745,786,100.0,throughput_heavy
0.9999999999999999,1.0,1,1,A1,A1,745,786,100.0,severity_heavy
0.9999999999999999,1.0,1,1,A1,A1,745,786,125.0,equal
0.9999999999999999,1.0,1,1,A1,A1,745,786,125.0,criticality_heavy
0.9999999999999999,1.0,1,1,A1,A1,745,786,125.0,throughput_heavy
0.9999999999999999,1.0,1,1,A1,A1,745,786,125.0,severity_heavy
0.8999999999999998,0.8,0,1,A1,A1,745,786,150.0,equal
0.8999999999999998,0.8,0,1,A1,A1,745,786,150.0,criticality_heavy
0.8999999999999998,0.8,0,1,A1,A1,745,786,150.0,throughput_heavy
0.8999999999999998,0.8,0,1,A1,A1,745,786,150.0,severity_heavy
0.9746794344808963,0.9486832980505138,0,1,A5,A5,746,787,100.0,equal
0.9746794344808963,0.9486832980505138,0,1,A5,A5,746,787,100.0,criticality_heavy
0.9746794344808963,0.9486832980505138,0,1,A5,A5,746,787,100.0,throughput_heavy
0.9746794344808963,0.9486832980505138,0,1,A5,A5,746,787,100.0,severity_heavy
0.9999999999999999,1.0,1,1,A5,A5,746,787,125.0,equal
0.9999999999999999,1.0,1,1,A5,A5,746,787,125.0,criticality_heavy
0.9999999999999999,1.0,1,1,A5,A5,746,787,125.0,throughput_heavy
0.9999999999999999,1.0,1,1,A5,A5,746,787,125.0,severity_heavy
0.8999999999999998,0.8,0,1,A5,A5,746,787,150.0,equal
0.8999999999999998,0.8,0,1,A5,A5,746,787,150.0,criticality_heavy
0.8999999999999998,0.8,0,1,A5,A5,746,787,150.0,throughput_heavy
0.8999999999999998,0.8,0,1,A5,A5,746,787,150.0,severity_heavy
1.0,1.0,1,1,A1,A1,747,788,100.0,equal
1.0,1.0,1,1,A1,A1,747,788,100.0,criticality_heavy
1.0,1.0,1,1,A1,A1,747,788,100.0,throughput_heavy
1.0,1.0,1,1,A1,A1,747,788,100.0,severity_heavy
1.0,1.0,1,1,A1,A1,747,788,125.0,equal
1.0,1.0,1,1,A1,A1,747,788,125.0,criticality_heavy
1.0,1.0,1,1,A1,A1,747,788,125.0,throughput_heavy
1.0,1.0,1,1,A1,A1,747,788,125.0,severity_heavy
0.9746794344808964,0.9486832980505138,0,1,A1,A1,747,788,150.0,equal
0.9746794344808964,0.9486832980505138,0,1,A1,A1,747,788,150.0,criticality_heavy
0.9746794344808964,0.9486832980505138,0,1,A1,A1,747,788,150.0,throughput_heavy
0.9746794344808964,0.9486832980505138,0,1,A1,A1,747,788,150.0,severity_heavy
0.8947368421052632,0.7777777777777778,0,0,A3,A5,748,789,100.0,equal
0.8947368421052632,0.7777777777777778,0,0,A3,A5,748,789,100.0,criticality_heavy
0.8947368421052632,0.7777777777777778,0,0,A3,A5,748,789,100.0,throughput_heavy
0.8947368421052632,0.7777777777777778,0,0,A3,A5,748,789,100.0,severity_heavy
1.0,1.0,1,1,A3,A3,748,789,125.0,equal
0.8947368421052632,0.7777777777777778,0,0,A3,A5,748,789,125.0,criticality_heavy
0.8947368421052632,0.7777777777777778,0,0,A3,A5,748,789,125.0,throughput_heavy
1.0,1.0,1,1,A3,A3,748,789,125.0,severity_heavy
0.9746794344808964,0.9486832980505138,0,1,A3,A3,748,789,150.0,equal
0.9746794344808964,0.9486832980505138,0,1,A3,A3,748,789,150.0,criticality_heavy
0.9746794344808964,0.9486832980505138,0,1,A3,A3,748,789,150.0,throughput_heavy
0.9746794344808964,0.9486832980505138,0,1,A3,A3,748,789,150.0,severity_heavy
1.0,1.0,1,1,A2,A2,749,790,100.0,equal
1.0,1.0,1,1,A2,A2,749,790,100.0,criticality_heavy
1.0,1.0,1,1,A2,A2,749,790,100.0,throughput_heavy
1.0,1.0,1,1,A2,A2,749,790,100.0,severity_heavy
1.0,1.0,1,1,A2,A2,749,790,125.0,equal
1.0,1.0,1,1,A2,A2,749,790,125.0,criticality_heavy
1.0,1.0,1,1,A2,A2,749,790,125.0,throughput_heavy
1.0,1.0,1,1,A2,A2,749,790,125.0,severity_heavy
0.9746794344808964,0.9486832980505138,0,1,A2,A2,749,790,150.0,equal
0.9746794344808964,0.9486832980505138,0,1,A2,A2,749,790,150.0,criticality_heavy
0.9746794344808964,0.9486832980505138,0,1,A2,A2,749,790,150.0,throughput_heavy
0.9746794344808964,0.9486832980505138,0,1,A2,A2,749,790,150.0,severity_heavy
0.9746794344808963,0.9486832980505138,0,1,A1,A1,750,791,100.0,equal
0.9746794344808963,0.9486832980505138,0,1,A1,A1,750,791,100.0,criticality_heavy
0.9746794344808963,0.9486832980505138,0,1,A1,A1,750,791,100.0,throughput_heavy
0.9746794344808963,0.9486832980505138,0,1,A1,A1,750,791,100.0,severity_heavy
0.9999999999999999,1.0,1,1,A1,A1,750,791,125.0,equal
0.9999999999999999,1.0,1,1,A1,A1,750,791,125.0,criticality_heavy
0.9999999999999999,1.0,1,1,A1,A1,750,791,125.0,throughput_heavy
0.9999999999999999,1.0,1,1,A1,A1,750,791,125.0,severity_heavy
0.9999999999999999,1.0,1,1,A1,A1,750,791,150.0,equal
0.9999999999999999,1.0,1,1,A1,A1,750,791,150.0,criticality_heavy
0.9999999999999999,1.0,1,1,A1,A1,750,791,150.0,throughput_heavy
0.9999999999999999,1.0,1,1,A1,A1,750,791,150.0,severity_heavy
0.8947368421052632,0.7777777777777778,0,0,A3,A1,751,792,100.0,equal
0.8947368421052632,0.7777777777777778,0,0,A3,A1,751,792,100.0,criticality_heavy
0.8947368421052632,0.7777777777777778,0,0,A3,A1,751,792,100.0,throughput_heavy
0.8947368421052632,0.7777777777777778,0,0,A3,A1,751,792,100.0,severity_heavy
1.0,1.0,1,1,A3,A3,751,792,125.0,equal
0.8947368421052632,0.7777777777777778,0,0,A3,A1,751,792,125.0,criticality_heavy
1.0,1.0,1,1,A3,A3,751,792,125.0,throughput_heavy
1.0,1.0,1,1,A3,A3,751,792,125.0,severity_heavy
0.9746794344808964,0.9486832980505138,0,1,A3,A3,751,792,150.0,equal
0.9746794344808964,0.9486832980505138,0,1,A3,A3,751,792,150.0,criticality_heavy
0.9746794344808964,0.9486832980505138,0,1,A3,A3,751,792,150.0,throughput_heavy
0.9746794344808964,0.9486832980505138,0,1,A3,A3,751,792,150.0,severity_heavy
1.0,1.0,1,1,A3,A3,752,793,100.0,equal
1.0,1.0,1,1,A3,A3,752,793,100.0,criticality_heavy
1.0,1.0,1,1,A3,A3,752,793,100.0,throughput_heavy
1.0,1.0,1,1,A3,A3,752,793,100.0,severity_heavy
1.0,1.0,1,1,A3,A3,752,793,125.0,equal
1.0,1.0,1,1,A3,A3,752,793,125.0,criticality_heavy
1.0,1.0,1,1,A3,A3,752,793,125.0,throughput_heavy
1.0,1.0,1,1,A3,A3,752,793,125.0,severity_heavy
0.9746794344808964,0.9486832980505138,0,1,A3,A3,752,793,150.0,equal
0.9746794344808964,0.9486832980505138,0,1,A3,A3,752,793,150.0,criticality_heavy
0.9746794344808964,0.9486832980505138,0,1,A3,A3,752,793,150.0,throughput_heavy
0.9746794344808964,0.9486832980505138,0,1,A3,A3,752,793,150.0,severity_heavy
0.8947368421052632,0.7777777777777778,0,0,A2,A5,753,794,100.0,equal
0.8947368421052632,0.7777777777777778,0,0,A2,A5,753,794,100.0,criticality_heavy
0.8947368421052632,0.7777777777777778,0,0,A2,A5,753,794,100.0,throughput_heavy
0.8947368421052632,0.7777777777777778,0,0,A2,A5,753,794,100.0,severity_heavy
1.0,1.0,1,1,A2,A2,753,794,125.0,equal
1.0,1.0,1,1,A2,A2,753,794,125.0,criticality_heavy
1.0,1.0,1,1,A2,A2,753,794,125.0,throughput_heavy
1.0,1.0,1,1,A2,A2,753,794,125.0,severity_heavy
0.9746794344808964,0.9486832980505138,0,1,A2,A2,753,794,150.0,equal
0.9746794344808964,0.9486832980505138,0,1,A2,A2,753,794,150.0,criticality_heavy
0.9746794344808964,0.9486832980505138,0,1,A2,A2,753,794,150.0,throughput_heavy
0.9746794344808964,0.9486832980505138,0,1,A2,A2,753,794,150.0,severity_heavy
0.9746794344808963,0.9486832980505138,0,1,A2,A2,754,795,100.0,equal
0.9746794344808963,0.9486832980505138,0,1,A2,A2,754,795,100.0,criticality_heavy
0.9746794344808963,0.9486832980505138,0,1,A2,A2,754,795,100.0,throughput_heavy
0.9746794344808963,0.9486832980505138,0,1,A2,A2,754,795,100.0,severity_heavy
0.9999999999999999,1.0,1,1,A2,A2,754,795,125.0,equal
0.9999999999999999,1.0,1,1,A2,A2,754,795,125.0,criticality_heavy
0.9999999999999999,1.0,1,1,A2,A2,754,795,125.0,throughput_heavy
0.9999999999999999,1.0,1,1,A2,A2,754,795,125.0,severity_heavy
0.9999999999999999,1.0,1,1,A2,A2,754,795,150.0,equal
0.9999999999999999,1.0,1,1,A2,A2,754,795,150.0,criticality_heavy
0.9999999999999999,1.0,1,1,A2,A2,754,795,150.0,throughput_heavy
0.9999999999999999,1.0,1,1,A2,A2,754,795,150.0,severity_heavy
1.0,1.0,1,1,A1,A1,755,796,100.0,equal
1.0,1.0,1,1,A1,A1,755,796,100.0,criticality_heavy
0.8947368421052632,0.7777777777777778,0,0,A1,A4,755,796,100.0,throughput_heavy
0.8947368421052632,0.7777777777777778,0,0,A1,A4,755,796,100.0,severity_heavy
1.0,1.0,1,1,A1,A1,755,796,125.0,equal
1.0,1.0,1,1,A1,A1,755,796,125.0,criticality_heavy
1.0,1.0,1,1,A1,A1,755,796,125.0,throughput_heavy
1.0,1.0,1,1,A1,A1,755,796,125.0,severity_heavy
0.9746794344808964,0.9486832980505138,0,1,A1,A1,755,796,150.0,equal
0.9746794344808964,0.9486832980505138,0,1,A1,A1,755,796,150.0,criticality_heavy
0.9746794344808964,0.9486832980505138,0,1,A1,A1,755,796,150.0,throughput_heavy
0.9746794344808964,0.9486832980505138,0,1,A1,A1,755,796,150.0,severity_heavy
0.9746794344808963,0.9486832980505138,0,1,A2,A2,756,797,100.0,equal
0.9746794344808963,0.9486832980505138,0,1,A2,A2,756,797,100.0,criticality_heavy
0.9746794344808963,0.9486832980505138,0,1,A2,A2,756,797,100.0,throughput_heavy
0.9746794344808963,0.9486832980505138,0,1,A2,A2,756,797,100.0,severity_heavy
0.9999999999999999,1.0,1,1,A2,A2,756,797,125.0,equal
0.9999999999999999,1.0,1,1,A2,A2,756,797,125.0,criticality_heavy
0.9999999999999999,1.0,1,1,A2,A2,756,797,125.0,throughput_heavy
0.9999999999999999,1.0,1,1,A2,A2,756,797,125.0,severity_heavy
0.9999999999999999,1.0,1,1,A2,A2,756,797,150.0,equal
0.9999999999999999,1.0,1,1,A2,A2,756,797,150.0,criticality_heavy
0.9999999999999999,1.0,1,1,A2,A2,756,797,150.0,throughput_heavy
0.9999999999999999,1.0,1,1,A2,A2,756,797,150.0,severity_heavy
1.0,1.0,1,1,A2,A2,757,798,100.0,equal
1.0,1.0,1,1,A2,A2,757,798,100.0,criticality_heavy
1.0,1.0,1,1,A2,A2,757,798,100.0,throughput_heavy
1.0,1.0,1,1,A2,A2,757,798,100.0,severity_heavy
1.0,1.0,1,1,A2,A2,757,798,125.0,equal
1.0,1.0,1,1,A2,A2,757,798,125.0,criticality_heavy
1.0,1.0,1,1,A2,A2,757,798,125.0,throughput_heavy
1.0,1.0,1,1,A2,A2,757,798,125.0,severity_heavy
0.9746794344808964,0.9486832980505138,0,1,A2,A2,757,798,150.0,equal
0.9746794344808964,0.9486832980505138,0,1,A2,A2,757,798,150.0,criticality_heavy
0.9746794344808964,0.9486832980505138,0,1,A2,A2,757,798,150.0,throughput_heavy
0.9746794344808964,0.9486832980505138,0,1,A2,A2,757,798,150.0,severity_heavy
0.8720815992723809,0.7378647873726218,0,1,A2,A2,758,799,100.0,equal
0.9746794344808963,0.9486832980505138,0,1,A2,A2,758,799,100.0,criticality_heavy
0.8720815992723809,0.7378647873726218,0,1,A2,A2,758,799,100.0,throughput_heavy
0.8720815992723809,0.7378647873726218,0,1,A2,A2,758,799,100.0,severity_heavy
0.9999999999999999,1.0,1,1,A2,A2,758,799,125.0,equal
0.9999999999999999,1.0,1,1,A2,A2,758,799,125.0,criticality_heavy
0.9999999999999999,1.0,1,1,A2,A2,758,799,125.0,throughput_heavy
0.9999999999999999,1.0,1,1,A2,A2,758,799,125.0,severity_heavy
0.9999999999999999,1.0,1,1,A2,A2,758,799,150.0,equal
0.9999999999999999,1.0,1,1,A2,A2,758,799,150.0,criticality_heavy
0.9999999999999999,1.0,1,1,A2,A2,758,799,150.0,throughput_heavy
0.9999999999999999,1.0,1,1,A2,A2,758,799,150.0,severity_heavy
0.9746794344808963,0.9486832980505138,0,1,A2,A2,759,800,100.0,equal
0.9746794344808963,0.9486832980505138,0,1,A2,A2,759,800,100.0,criticality_heavy
0.9746794344808963,0.9486832980505138,0,1,A2,A2,759,800,100.0,throughput_heavy
0.9746794344808963,0.9486832980505138,0,1,A2,A2,759,800,100.0,severity_heavy
0.9999999999999999,1.0,1,1,A2,A2,759,800,125.0,equal
0.9999999999999999,1.0,1,1,A2,A2,759,800,125.0,criticality_heavy
0.9999999999999999,1.0,1,1,A2,A2,759,800,125.0,throughput_heavy
0.9999999999999999,1.0,1,1,A2,A2,759,800,125.0,severity_heavy
0.9999999999999999,1.0,1,1,A2,A2,759,800,150.0,equal
0.9999999999999999,1.0,1,1,A2,A2,759,800,150.0,criticality_heavy
0.9999999999999999,1.0,1,1,A2,A2,759,800,150.0,throughput_heavy
0.9999999999999999,1.0,1,1,A2,A2,759,800,150.0,severity_heavy
0.9746794344808963,0.9486832980505138,0,1,A1,A1,760,801,100.0,equal
0.9746794344808963,0.9486832980505138,0,1,A1,A1,760,801,100.0,criticality_heavy
0.9746794344808963,0.9486832980505138,0,1,A1,A1,760,801,100.0,throughput_heavy
0.9746794344808963,0.9486832980505138,0,1,A1,A1,760,801,100.0,severity_heavy
0.9999999999999999,1.0,1,1,A1,A1,760,801,125.0,equal
0.9999999999999999,1.0,1,1,A1,A1,760,801,125.0,criticality_heavy
0.9999999999999999,1.0,1,1,A1,A1,760,801,125.0,throughput_heavy
0.9999999999999999,1.0,1,1,A1,A1,760,801,125.0,severity_heavy
0.9999999999999999,1.0,1,1,A1,A1,760,801,150.0,equal
0.9999999999999999,1.0,1,1,A1,A1,760,801,150.0,criticality_heavy
0.9999999999999999,1.0,1,1,A1,A1,760,801,150.0,throughput_heavy
0.9999999999999999,1.0,1,1,A1,A1,760,801,150.0,severity_heavy
0.9746794344808963,0.9486832980505138,0,1,A1,A1,761,802,100.0,equal
0.9746794344808963,0.9486832980505138,0,1,A1,A1,761,802,100.0,criticality_heavy
0.9746794344808963,0.9486832980505138,0,1,A1,A1,761,802,100.0,throughput_heavy
0.9746794344808963,0.9486832980505138,0,1,A1,A1,761,802,100.0,severity_heavy
0.9999999999999999,1.0,1,1,A1,A1,761,802,125.0,equal
0.9999999999999999,1.0,1,1,A1,A1,761,802,125.0,criticality_heavy
0.8999999999999998,0.8,0,0,A1,A2,761,802,125.0,throughput_heavy
0.9999999999999999,1.0,1,1,A1,A1,761,802,125.0,severity_heavy
0.8999999999999998,0.8,0,0,A1,A2,761,802,150.0,equal
0.8999999999999998,0.8,0,0,A1,A2,761,802,150.0,criticality_heavy
0.8999999999999998,0.8,0,0,A1,A2,761,802,150.0,throughput_heavy
0.8999999999999998,0.8,0,0,A1,A2,761,802,150.0,severity_heavy
1.0,1.0,1,1,A1,A1,762,803,100.0,equal
1.0,1.0,1,1,A1,A1,762,803,100.0,criticality_heavy
0.8947368421052632,0.7777777777777778,0,0,A1,A5,762,803,100.0,throughput_heavy
1.0,1.0,1,1,A1,A1,762,803,100.0,severity_heavy
1.0,1.0,1,1,A1,A1,762,803,125.0,equal
1.0,1.0,1,1,A1,A1,762,803,125.0,criticality_heavy
1.0,1.0,1,1,A1,A1,762,803,125.0,throughput_heavy
1.0,1.0,1,1,A1,A1,762,803,125.0,severity_heavy
0.9746794344808964,0.9486832980505138,0,1,A1,A1,762,803,150.0,equal
0.9746794344808964,0.9486832980505138,0,1,A1,A1,762,803,150.0,criticality_heavy
0.9746794344808964,0.9486832980505138,0,1,A1,A1,762,803,150.0,throughput_heavy
0.9746794344808964,0.9486832980505138,0,1,A1,A1,762,803,150.0,severity_heavy
0.9746794344808963,0.9486832980505138,0,1,A2,A2,763,804,100.0,equal
0.9746794344808963,0.9486832980505138,0,1,A2,A2,763,804,100.0,criticality_heavy
0.9746794344808963,0.9486832980505138,0,1,A2,A2,763,804,100.0,throughput_heavy
0.9746794344808963,0.9486832980505138,0,1,A2,A2,763,804,100.0,severity_heavy
0.9999999999999999,1.0,1,1,A2,A2,763,804,125.0,equal
0.9999999999999999,1.0,1,1,A2,A2,763,804,125.0,criticality_heavy
0.9999999999999999,1.0,1,1,A2,A2,763,804,125.0,throughput_heavy
0.9999999999999999,1.0,1,1,A2,A2,763,804,125.0,severity_heavy
0.9999999999999999,1.0,1,1,A2,A2,763,804,150.0,equal
0.9999999999999999,1.0,1,1,A2,A2,763,804,150.0,criticality_heavy
0.9999999999999999,1.0,1,1,A2,A2,763,804,150.0,throughput_heavy
0.9999999999999999,1.0,1,1,A2,A2,763,804,150.0,severity_heavy
0.9746794344808963,0.9486832980505138,0,1,A3,A3,764,805,100.0,equal
0.9746794344808963,0.9486832980505138,0,1,A3,A3,764,805,100.0,criticality_heavy
0.9746794344808963,0.9486832980505138,0,1,A3,A3,764,805,100.0,throughput_heavy
0.9746794344808963,0.9486832980505138,0,1,A3,A3,764,805,100.0,severity_heavy
0.9999999999999999,1.0,1,1,A3,A3,764,805,125.0,equal
0.9999999999999999,1.0,1,1,A3,A3,764,805,125.0,criticality_heavy
0.9999999999999999,1.0,1,1,A3,A3,764,805,125.0,throughput_heavy
0.9999999999999999,1.0,1,1,A3,A3,764,805,125.0,severity_heavy
0.8999999999999998,0.8,0,1,A3,A3,764,805,150.0,equal
0.8999999999999998,0.8,0,1,A3,A3,764,805,150.0,criticality_heavy
0.8999999999999998,0.8,0,1,A3,A3,764,805,150.0,throughput_heavy
0.8999999999999998,0.8,0,1,A3,A3,764,805,150.0,severity_heavy
0.9746794344808963,0.9486832980505138,0,1,A2,A2,765,806,100.0,equal
0.9746794344808963,0.9486832980505138,0,1,A2,A2,765,806,100.0,criticality_heavy
0.9746794344808963,0.9486832980505138,0,1,A2,A2,765,806,100.0,throughput_heavy
0.9746794344808963,0.9486832980505138,0,1,A2,A2,765,806,100.0,severity_heavy
0.9999999999999999,1.0,1,1,A2,A2,765,806,125.0,equal
0.9999999999999999,1.0,1,1,A2,A2,765,806,125.0,criticality_heavy
0.9999999999999999,1.0,1,1,A2,A2,765,806,125.0,throughput_heavy
0.9999999999999999,1.0,1,1,A2,A2,765,806,125.0,severity_heavy
0.8999999999999998,0.8,0,1,A2,A2,765,806,150.0,equal
0.8999999999999998,0.8,0,1,A2,A2,765,806,150.0,criticality_heavy
0.9999999999999999,1.0,1,1,A2,A2,765,806,150.0,throughput_heavy
0.9999999999999999,1.0,1,1,A2,A2,765,806,150.0,severity_heavy
1.0,1.0,1,1,A5,A5,766,807,100.0,equal
1.0,1.0,1,1,A5,A5,766,807,100.0,criticality_heavy
1.0,1.0,1,1,A5,A5,766,807,100.0,throughput_heavy
1.0,1.0,1,1,A5,A5,766,807,100.0,severity_heavy
1.0,1.0,1,1,A5,A5,766,807,125.0,equal
1.0,1.0,1,1,A5,A5,766,807,125.0,criticality_heavy
1.0,1.0,1,1,A5,A5,766,807,125.0,throughput_heavy
1.0,1.0,1,1,A5,A5,766,807,125.0,severity_heavy
0.9746794344808964,0.9486832980505138,0,1,A5,A5,766,807,150.0,equal
0.9746794344808964,0.9486832980505138,0,1,A5,A5,766,807,150.0,criticality_heavy
0.9746794344808964,0.9486832980505138,0,1,A5,A5,766,807,150.0,throughput_heavy
0.8720815992723809,0.7378647873726218,0,0,A5,A3,766,807,150.0,severity_heavy
0.9746794344808963,0.9486832980505138,0,1,A5,A5,767,808,100.0,equal
0.9746794344808963,0.9486832980505138,0,1,A5,A5,767,808,100.0,criticality_heavy
0.9746794344808963,0.9486832980505138,0,1,A5,A5,767,808,100.0,throughput_heavy
0.9746794344808963,0.9486832980505138,0,1,A5,A5,767,808,100.0,severity_heavy
0.9999999999999999,1.0,1,1,A5,A5,767,808,125.0,equal
0.9999999999999999,1.0,1,1,A5,A5,767,808,125.0,criticality_heavy
0.9999999999999999,1.0,1,1,A5,A5,767,808,125.0,throughput_heavy
0.8999999999999998,0.8,0,0,A5,A3,767,808,125.0,severity_heavy
0.8999999999999998,0.8,0,0,A5,A3,767,808,150.0,equal
0.8999999999999998,0.8,0,0,A5,A3,767,808,150.0,criticality_heavy
0.8999999999999998,0.8,0,0,A5,A3,767,808,150.0,throughput_heavy
0.8999999999999998,0.8,0,0,A5,A3,767,808,150.0,severity_heavy
1.0,1.0,1,1,A1,A1,768,809,100.0,equal
1.0,1.0,1,1,A1,A1,768,809,100.0,criticality_heavy
1.0,1.0,1,1,A1,A1,768,809,100.0,throughput_heavy
1.0,1.0,1,1,A1,A1,768,809,100.0,severity_heavy
1.0,1.0,1,1,A1,A1,768,809,125.0,equal
1.0,1.0,1,1,A1,A1,768,809,125.0,criticality_heavy
1.0,1.0,1,1,A1,A1,768,809,125.0,throughput_heavy
1.0,1.0,1,1,A1,A1,768,809,125.0,severity_heavy
0.8720815992723809,0.7378647873726218,0,1,A1,A1,768,809,150.0,equal
0.8720815992723809,0.7378647873726218,0,1,A1,A1,768,809,150.0,criticality_heavy
0.8720815992723809,0.7378647873726218,0,1,A1,A1,768,809,150.0,throughput_heavy
0.8720815992723809,0.7378647873726218,0,1,A1,A1,768,809,150.0,severity_heavy
0.8720815992723809,0.7378647873726218,0,0,A3,A4,769,810,100.0,equal
0.8720815992723809,0.7378647873726218,0,0,A3,A4,769,810,100.0,criticality_heavy
0.8720815992723809,0.7378647873726218,0,0,A3,A4,769,810,100.0,throughput_heavy
0.8720815992723809,0.7378647873726218,0,0,A3,A4,769,810,100.0,severity_heavy
0.9999999999999999,1.0,1,1,A3,A3,769,810,125.0,equal
0.9999999999999999,1.0,1,1,A3,A3,769,810,125.0,criticality_heavy
0.9999999999999999,1.0,1,1,A3,A3,769,810,125.0,throughput_heavy
0.9999999999999999,1.0,1,1,A3,A3,769,810,125.0,severity_heavy
0.8999999999999998,0.8,0,1,A3,A3,769,810,150.0,equal
0.8999999999999998,0.8,0,1,A3,A3,769,810,150.0,criticality_heavy
0.8999999999999998,0.8,0,1,A3,A3,769,810,150.0,throughput_heavy
0.8999999999999998,0.8,0,1,A3,A3,769,810,150.0,severity_heavy
1.0,1.0,1,1,A1,A1,770,811,100.0,equal
1.0,1.0,1,1,A1,A1,770,811,100.0,criticality_heavy
1.0,1.0,1,1,A1,A1,770,811,100.0,throughput_heavy
1.0,1.0,1,1,A1,A1,770,811,100.0,severity_heavy
1.0,1.0,1,1,A1,A1,770,811,125.0,equal
1.0,1.0,1,1,A1,A1,770,811,125.0,criticality_heavy
1.0,1.0,1,1,A1,A1,770,811,125.0,throughput_heavy
1.0,1.0,1,1,A1,A1,770,811,125.0,severity_heavy
0.8720815992723809,0.7378647873726218,0,1,A1,A1,770,811,150.0,equal
0.8720815992723809,0.7378647873726218,0,1,A1,A1,770,811,150.0,criticality_heavy
0.8720815992723809,0.7378647873726218,0,1,A1,A1,770,811,150.0,throughput_heavy
0.8720815992723809,0.7378647873726218,0,1,A1,A1,770,811,150.0,severity_heavy
0.8720815992723809,0.7378647873726218,0,0,A3,A5,771,812,100.0,equal
0.8720815992723809,0.7378647873726218,0,0,A3,A5,771,812,100.0,criticality_heavy
0.8720815992723809,0.7378647873726218,0,0,A3,A5,771,812,100.0,throughput_heavy
0.9746794344808963,0.9486832980505138,0,1,A3,A3,771,812,100.0,severity_heavy
0.9999999999999999,1.0,1,1,A3,A3,771,812,125.0,equal
0.9999999999999999,1.0,1,1,A3,A3,771,812,125.0,criticality_heavy
0.9999999999999999,1.0,1,1,A3,A3,771,812,125.0,throughput_heavy
0.9999999999999999,1.0,1,1,A3,A3,771,812,125.0,severity_heavy
0.9999999999999999,1.0,1,1,A3,A3,771,812,150.0,equal
0.9999999999999999,1.0,1,1,A3,A3,771,812,150.0,criticality_heavy
0.9999999999999999,1.0,1,1,A3,A3,771,812,150.0,throughput_heavy
0.9999999999999999,1.0,1,1,A3,A3,771,812,150.0,severity_heavy
1.0,1.0,1,1,A2,A2,772,813,100.0,equal
1.0,1.0,1,1,A2,A2,772,813,100.0,criticality_heavy
1.0,1.0,1,1,A2,A2,772,813,100.0,throughput_heavy
1.0,1.0,1,1,A2,A2,772,813,100.0,severity_heavy
1.0,1.0,1,1,A2,A2,772,813,125.0,equal
1.0,1.0,1,1,A2,A2,772,813,125.0,criticality_heavy
1.0,1.0,1,1,A2,A2,772,813,125.0,throughput_heavy
1.0,1.0,1,1,A2,A2,772,813,125.0,severity_heavy
0.9746794344808964,0.9486832980505138,0,1,A2,A2,772,813,150.0,equal
0.9746794344808964,0.9486832980505138,0,1,A2,A2,772,813,150.0,criticality_heavy
0.9746794344808964,0.9486832980505138,0,1,A2,A2,772,813,150.0,throughput_heavy
0.9746794344808964,0.9486832980505138,0,1,A2,A2,772,813,150.0,severity_heavy
0.9746794344808963,0.9486832980505138,0,1,A3,A3,773,814,100.0,equal
0.9746794344808963,0.9486832980505138,0,1,A3,A3,773,814,100.0,criticality_heavy
0.9746794344808963,0.9486832980505138,0,1,A3,A3,773,814,100.0,throughput_heavy
0.9746794344808963,0.9486832980505138,0,1,A3,A3,773,814,100.0,severity_heavy
0.9999999999999999,1.0,1,1,A3,A3,773,814,125.0,equal
0.9999999999999999,1.0,1,1,A3,A3,773,814,125.0,criticality_heavy
0.9999999999999999,1.0,1,1,A3,A3,773,814,125.0,throughput_heavy
0.9999999999999999,1.0,1,1,A3,A3,773,814,125.0,severity_heavy
0.9999999999999999,1.0,1,1,A3,A3,773,814,150.0,equal
0.9999999999999999,1.0,1,1,A3,A3,773,814,150.0,criticality_heavy
0.9999999999999999,1.0,1,1,A3,A3,773,814,150.0,throughput_heavy
0.9999999999999999,1.0,1,1,A3,A3,773,814,150.0,severity_heavy
1.0,1.0,1,1,A2,A2,774,815,100.0,equal
1.0,1.0,1,1,A2,A2,774,815,100.0,criticality_heavy
1.0,1.0,1,1,A2,A2,774,815,100.0,throughput_heavy
1.0,1.0,1,1,A2,A2,774,815,100.0,severity_heavy
1.0,1.0,1,1,A2,A2,774,815,125.0,equal
1.0,1.0,1,1,A2,A2,774,815,125.0,criticality_heavy
1.0,1.0,1,1,A2,A2,774,815,125.0,throughput_heavy
1.0,1.0,1,1,A2,A2,774,815,125.0,severity_heavy
0.8720815992723809,0.7378647873726218,0,1,A2,A2,774,815,150.0,equal
0.8720815992723809,0.7378647873726218,0,1,A2,A2,774,815,150.0,criticality_heavy
0.8720815992723809,0.7378647873726218,0,1,A2,A2,774,815,150.0,throughput_heavy
0.8720815992723809,0.7378647873726218,0,1,A2,A2,774,815,150.0,severity_heavy
1.0,1.0,1,1,A3,A3,775,816,100.0,equal
1.0,1.0,1,1,A3,A3,775,816,100.0,criticality_heavy
1.0,1.0,1,1,A3,A3,775,816,100.0,throughput_heavy
1.0,1.0,1,1,A3,A3,775,816,100.0,severity_heavy
1.0,1.0,1,1,A3,A3,775,816,125.0,equal
1.0,1.0,1,1,A3,A3,775,816,125.0,criticality_heavy
1.0,1.0,1,1,A3,A3,775,816,125.0,throughput_heavy
1.0,1.0,1,1,A3,A3,775,816,125.0,severity_heavy
0.8720815992723809,0.7378647873726218,0,1,A3,A3,775,816,150.0,equal
0.8720815992723809,0.7378647873726218,0,1,A3,A3,775,816,150.0,criticality_heavy
0.9746794344808964,0.9486832980505138,0,1,A3,A3,775,816,150.0,throughput_heavy
0.9746794344808964,0.9486832980505138,0,1,A3,A3,775,816,150.0,severity_heavy
1.0,1.0,1,1,A3,A3,776,817,100.0,equal
1.0,1.0,1,1,A3,A3,776,817,100.0,criticality_heavy
1.0,1.0,1,1,A3,A3,776,817,100.0,throughput_heavy
1.0,1.0,1,1,A3,A3,776,817,100.0,severity_heavy
1.0,1.0,1,1,A3,A3,776,817,125.0,equal
1.0,1.0,1,1,A3,A3,776,817,125.0,criticality_heavy
1.0,1.0,1,1,A3,A3,776,817,125.0,throughput_heavy
1.0,1.0,1,1,A3,A3,776,817,125.0,severity_heavy
0.9746794344808964,0.9486832980505138,0,1,A3,A3,776,817,150.0,equal
0.9746794344808964,0.9486832980505138,0,1,A3,A3,776,817,150.0,criticality_heavy
0.9746794344808964,0.9486832980505138,0,1,A3,A3,776,817,150.0,throughput_heavy
0.9746794344808964,0.9486832980505138,0,1,A3,A3,776,817,150.0,severity_heavy
0.8720815992723809,0.7378647873726218,0,0,A1,A4,777,818,100.0,equal
0.8720815992723809,0.7378647873726218,0,0,A1,A4,777,818,100.0,criticality_heavy
0.8720815992723809,0.7378647873726218,0,0,A1,A4,777,818,100.0,throughput_heavy
0.8720815992723809,0.7378647873726218,0,0,A1,A4,777,818,100.0,severity_heavy
0.9999999999999999,1.0,1,1,A1,A1,777,818,125.0,equal
0.9999999999999999,1.0,1,1,A1,A1,777,818,125.0,criticality_heavy
0.9999999999999999,1.0,1,1,A1,A1,777,818,125.0,throughput_heavy
0.9999999999999999,1.0,1,1,A1,A1,777,818,125.0,severity_heavy
0.9999999999999999,1.0,1,1,A1,A1,777,818,150.0,equal
0.8999999999999998,0.8,0,1,A1,A1,777,818,150.0,criticality_heavy
0.8999999999999998,0.8,0,1,A1,A1,777,818,150.0,throughput_heavy
0.9999999999999999,1.0,1,1,A1,A1,777,818,150.0,severity_heavy
0.8947368421052632,0.7777777777777778,0,1,A1,A1,778,819,100.0,equal
0.8947368421052632,0.7777777777777778,0,1,A1,A1,778,819,100.0,criticality_heavy
0.8947368421052632,0.7777777777777778,0,1,A1,A1,778,819,100.0,throughput_heavy
0.8947368421052632,0.7777777777777778,0,1,A1,A1,778,819,100.0,severity_heavy
1.0,1.0,1,1,A1,A1,778,819,125.0,equal
1.0,1.0,1,1,A1,A1,778,819,125.0,criticality_heavy
1.0,1.0,1,1,A1,A1,778,819,125.0,throughput_heavy
1.0,1.0,1,1,A1,A1,778,819,125.0,severity_heavy
0.9746794344808964,0.9486832980505138,0,1,A1,A1,778,819,150.0,equal
0.9746794344808964,0.9486832980505138,0,1,A1,A1,778,819,150.0,criticality_heavy
0.9746794344808964,0.9486832980505138,0,1,A1,A1,778,819,150.0,throughput_heavy
0.9746794344808964,0.9486832980505138,0,1,A1,A1,778,819,150.0,severity_heavy
0.9746794344808963,0.9486832980505138,0,1,A3,A3,779,820,100.0,equal
0.9746794344808963,0.9486832980505138,0,1,A3,A3,779,820,100.0,criticality_heavy
0.9746794344808963,0.9486832980505138,0,1,A3,A3,779,820,100.0,throughput_heavy
0.9746794344808963,0.9486832980505138,0,1,A3,A3,779,820,100.0,severity_heavy
0.9999999999999999,1.0,1,1,A3,A3,779,820,125.0,equal
0.9999999999999999,1.0,1,1,A3,A3,779,820,125.0,criticality_heavy
0.9999999999999999,1.0,1,1,A3,A3,779,820,125.0,throughput_heavy
0.9999999999999999,1.0,1,1,A3,A3,779,820,125.0,severity_heavy
0.9999999999999999,1.0,1,1,A3,A3,779,820,150.0,equal
0.9999999999999999,1.0,1,1,A3,A3,779,820,150.0,criticality_heavy
0.9999999999999999,1.0,1,1,A3,A3,779,820,150.0,throughput_heavy
0.9999999999999999,1.0,1,1,A3,A3,779,820,150.0,severity_heavy
0.9746794344808963,0.9486832980505138,0,1,A3,A3,780,821,100.0,equal
0.9746794344808963,0.9486832980505138,0,1,A3,A3,780,821,100.0,criticality_heavy
0.9746794344808963,0.9486832980505138,0,1,A3,A3,780,821,100.0,throughput_heavy
0.9746794344808963,0.9486832980505138,0,1,A3,A3,780,821,100.0,severity_heavy
0.9999999999999999,1.0,1,1,A3,A3,780,821,125.0,equal
0.9999999999999999,1.0,1,1,A3,A3,780,821,125.0,criticality_heavy
0.9999999999999999,1.0,1,1,A3,A3,780,821,125.0,throughput_heavy
0.9999999999999999,1.0,1,1,A3,A3,780,821,125.0,severity_heavy
0.9999999999999999,1.0,1,1,A3,A3,780,821,150.0,equal
0.9999999999999999,1.0,1,1,A3,A3,780,821,150.0,criticality_heavy
0.8999999999999998,0.8,0,1,A3,A3,780,821,150.0,throughput_heavy
0.9999999999999999,1.0,1,1,A3,A3,780,821,150.0,severity_heavy
0.9746794344808963,0.9486832980505138,0,1,A3,A3,781,822,100.0,equal
0.9746794344808963,0.9486832980505138,0,1,A3,A3,781,822,100.0,criticality_heavy
0.9746794344808963,0.9486832980505138,0,1,A3,A3,781,822,100.0,throughput_heavy
0.9746794344808963,0.9486832980505138,0,1,A3,A3,781,822,100.0,severity_heavy
0.9999999999999999,1.0,1,1,A3,A3,781,822,125.0,equal
0.9999999999999999,1.0,1,1,A3,A3,781,822,125.0,criticality_heavy
0.9999999999999999,1.0,1,1,A3,A3,781,822,125.0,throughput_heavy
0.9999999999999999,1.0,1,1,A3,A3,781,822,125.0,severity_heavy
0.9999999999999999,1.0,1,1,A3,A3,781,822,150.0,equal
0.9999999999999999,1.0,1,1,A3,A3,781,822,150.0,criticality_heavy
0.9999999999999999,1.0,1,1,A3,A3,781,822,150.0,throughput_heavy
0.9999999999999999,1.0,1,1,A3,A3,781,822,150.0,severity_heavy
1.0,1.0,1,1,A2,A2,782,823,100.0,equal
1.0,1.0,1,1,A2,A2,782,823,100.0,criticality_heavy
1.0,1.0,1,1,A2,A2,782,823,100.0,throughput_heavy
1.0,1.0,1,1,A2,A2,782,823,100.0,severity_heavy
1.0,1.0,1,1,A2,A2,782,823,125.0,equal
1.0,1.0,1,1,A2,A2,782,823,125.0,criticality_heavy
1.0,1.0,1,1,A2,A2,782,823,125.0,throughput_heavy
1.0,1.0,1,1,A2,A2,782,823,125.0,severity_heavy
0.9746794344808964,0.9486832980505138,0,1,A2,A2,782,823,150.0,equal
0.9746794344808964,0.9486832980505138,0,1,A2,A2,782,823,150.0,criticality_heavy
0.9746794344808964,0.9486832980505138,0,1,A2,A2,782,823,150.0,throughput_heavy
0.9746794344808964,0.9486832980505138,0,1,A2,A2,782,823,150.0,severity_heavy
0.9746794344808963,0.9486832980505138,0,1,A1,A1,783,824,100.0,equal
0.9746794344808963,0.9486832980505138,0,1,A1,A1,783,824,100.0,criticality_heavy
0.9746794344808963,0.9486832980505138,0,1,A1,A1,783,824,100.0,throughput_heavy
0.9746794344808963,0.9486832980505138,0,1,A1,A1,783,824,100.0,severity_heavy
0.9999999999999999,1.0,1,1,A1,A1,783,824,125.0,equal
0.9999999999999999,1.0,1,1,A1,A1,783,824,125.0,criticality_heavy
0.9999999999999999,1.0,1,1,A1,A1,783,824,125.0,throughput_heavy
0.9999999999999999,1.0,1,1,A1,A1,783,824,125.0,severity_heavy
0.8999999999999998,0.8,0,0,A1,A2,783,824,150.0,equal
0.9999999999999999,1.0,1,1,A1,A1,783,824,150.0,criticality_heavy
0.8999999999999998,0.8,0,0,A1,A2,783,824,150.0,throughput_heavy
0.7999999999999999,0.6,0,0,A1,A2,783,824,150.0,severity_heavy
0.9999999999999999,1.0,1,1,A2,A2,784,825,100.0,equal
0.9999999999999999,1.0,1,1,A2,A2,784,825,100.0,criticality_heavy
0.9999999999999999,1.0,1,1,A2,A2,784,825,100.0,throughput_heavy
0.9999999999999999,1.0,1,1,A2,A2,784,825,100.0,severity_heavy
0.9999999999999999,1.0,1,1,A2,A2,784,825,125.0,equal
0.9999999999999999,1.0,1,1,A2,A2,784,825,125.0,criticality_heavy
0.9999999999999999,1.0,1,1,A2,A2,784,825,125.0,throughput_heavy
0.9999999999999999,1.0,1,1,A2,A2,784,825,125.0,severity_heavy
0.9999999999999999,1.0,1,1,A2,A2,784,825,150.0,equal
0.9999999999999999,1.0,1,1,A2,A2,784,825,150.0,criticality_heavy
0.9999999999999999,1.0,1,1,A2,A2,784,825,150.0,throughput_heavy
0.9999999999999999,1.0,1,1,A2,A2,784,825,150.0,severity_heavy
0.8207826816681234,0.7378647873726218,0,1,A2,A2,785,826,100.0,equal
0.8207826816681234,0.7378647873726218,0,1,A2,A2,785,826,100.0,criticality_heavy
0.8207826816681234,0.7378647873726218,0,1,A2,A2,785,826,100.0,throughput_heavy
0.8207826816681234,0.7378647873726218,0,1,A2,A2,785,826,100.0,severity_heavy
0.9999999999999999,1.0,1,1,A2,A2,785,826,125.0,equal
0.9999999999999999,1.0,1,1,A2,A2,785,826,125.0,criticality_heavy
0.9999999999999999,1.0,1,1,A2,A2,785,826,125.0,throughput_heavy
0.9999999999999999,1.0,1,1,A2,A2,785,826,125.0,severity_heavy
0.9999999999999999,1.0,1,1,A2,A2,785,826,150.0,equal
0.9999999999999999,1.0,1,1,A2,A2,785,826,150.0,criticality_heavy
0.9999999999999999,1.0,1,1,A2,A2,785,826,150.0,throughput_heavy
0.9999999999999999,1.0,1,1,A2,A2,785,826,150.0,severity_heavy
1.0,1.0,1,1,A3,A3,786,827,100.0,equal
1.0,1.0,1,1,A3,A3,786,827,100.0,criticality_heavy
1.0,1.0,1,1,A3,A3,786,827,100.0,throughput_heavy
1.0,1.0,1,1,A3,A3,786,827,100.0,severity_heavy
1.0,1.0,1,1,A3,A3,786,827,125.0,equal
1.0,1.0,1,1,A3,A3,786,827,125.0,criticality_heavy
1.0,1.0,1,1,A3,A3,786,827,125.0,throughput_heavy
1.0,1.0,1,1,A3,A3,786,827,125.0,severity_heavy
0.9746794344808964,0.9486832980505138,0,1,A3,A3,786,827,150.0,equal
0.9746794344808964,0.9486832980505138,0,1,A3,A3,786,827,150.0,criticality_heavy
0.9746794344808964,0.9486832980505138,0,1,A3,A3,786,827,150.0,throughput_heavy
0.9746794344808964,0.9486832980505138,0,1,A3,A3,786,827,150.0,severity_heavy
0.9746794344808963,0.9486832980505138,0,1,A1,A1,787,828,100.0,equal
0.9746794344808963,0.9486832980505138,0,1,A1,A1,787,828,100.0,criticality_heavy
0.9746794344808963,0.9486832980505138,0,1,A1,A1,787,828,100.0,throughput_heavy
0.9746794344808963,0.9486832980505138,0,1,A1,A1,787,828,100.0,severity_heavy
0.9999999999999999,1.0,1,1,A1,A1,787,828,125.0,equal
0.9999999999999999,1.0,1,1,A1,A1,787,828,125.0,criticality_heavy
0.9999999999999999,1.0,1,1,A1,A1,787,828,125.0,throughput_heavy
0.9999999999999999,1.0,1,1,A1,A1,787,828,125.0,severity_heavy
0.8999999999999998,0.8,0,1,A1,A1,787,828,150.0,equal
0.8999999999999998,0.8,0,1,A1,A1,787,828,150.0,criticality_heavy
0.8999999999999998,0.8,0,1,A1,A1,787,828,150.0,throughput_heavy
0.8999999999999998,0.8,0,1,A1,A1,787,828,150.0,severity_heavy
0.9746794344808963,0.9486832980505138,0,1,A2,A2,788,829,100.0,equal
0.9746794344808963,0.9486832980505138,0,1,A2,A2,788,829,100.0,criticality_heavy
0.9746794344808963,0.9486832980505138,0,1,A2,A2,788,829,100.0,throughput_heavy
0.9746794344808963,0.9486832980505138,0,1,A2,A2,788,829,100.0,severity_heavy
0.9999999999999999,1.0,1,1,A2,A2,788,829,125.0,equal
0.9999999999999999,1.0,1,1,A2,A2,788,829,125.0,criticality_heavy
0.9999999999999999,1.0,1,1,A2,A2,788,829,125.0,throughput_heavy
0.9999999999999999,1.0,1,1,A2,A2,788,829,125.0,severity_heavy
0.9999999999999999,1.0,1,1,A2,A2,788,829,150.0,equal
0.9999999999999999,1.0,1,1,A2,A2,788,829,150.0,criticality_heavy
0.9999999999999999,1.0,1,1,A2,A2,788,829,150.0,throughput_heavy
0.9999999999999999,1.0,1,1,A2,A2,788,829,150.0,severity_heavy
0.9999999999999999,1.0,1,1,A2,A2,789,830,100.0,equal
0.9999999999999999,1.0,1,1,A2,A2,789,830,100.0,criticality_heavy
0.9999999999999999,1.0,1,1,A2,A2,789,830,100.0,throughput_heavy
0.9999999999999999,1.0,1,1,A2,A2,789,830,100.0,severity_heavy
0.9999999999999999,1.0,1,1,A2,A2,789,830,125.0,equal
0.9999999999999999,1.0,1,1,A2,A2,789,830,125.0,criticality_heavy
0.9999999999999999,1.0,1,1,A2,A2,789,830,125.0,throughput_heavy
0.9999999999999999,1.0,1,1,A2,A2,789,830,125.0,severity_heavy
0.9999999999999999,1.0,1,1,A2,A2,789,830,150.0,equal
0.9999999999999999,1.0,1,1,A2,A2,789,830,150.0,criticality_heavy
0.9999999999999999,1.0,1,1,A2,A2,789,830,150.0,throughput_heavy
0.9999999999999999,1.0,1,1,A2,A2,789,830,150.0,severity_heavy
0.9746794344808963,0.9486832980505138,0,1,A1,A1,790,831,100.0,equal
0.9746794344808963,0.9486832980505138,0,1,A1,A1,790,831,100.0,criticality_heavy
0.9746794344808963,0.9486832980505138,0,1,A1,A1,790,831,100.0,throughput_heavy
0.9746794344808963,0.9486832980505138,0,1,A1,A1,790,831,100.0,severity_heavy
0.9999999999999999,1.0,1,1,A1,A1,790,831,125.0,equal
0.9999999999999999,1.0,1,1,A1,A1,790,831,125.0,criticality_heavy
0.9999999999999999,1.0,1,1,A1,A1,790,831,125.0,throughput_heavy
0.9999999999999999,1.0,1,1,A1,A1,790,831,125.0,severity_heavy
0.9999999999999999,1.0,1,1,A1,A1,790,831,150.0,equal
0.9999999999999999,1.0,1,1,A1,A1,790,831,150.0,criticality_heavy
0.9999999999999999,1.0,1,1,A1,A1,790,831,150.0,throughput_heavy
0.9999999999999999,1.0,1,1,A1,A1,790,831,150.0,severity_heavy
0.9746794344808963,0.9486832980505138,0,1,A1,A1,791,832,100.0,equal
0.9746794344808963,0.9486832980505138,0,1,A1,A1,791,832,100.0,criticality_heavy
0.9746794344808963,0.9486832980505138,0,1,A1,A1,791,832,100.0,throughput_heavy
0.9746794344808963,0.9486832980505138,0,1,A1,A1,791,832,100.0,severity_heavy
0.9999999999999999,1.0,1,1,A1,A1,791,832,125.0,equal
0.9999999999999999,1.0,1,1,A1,A1,791,832,125.0,criticality_heavy
0.9999999999999999,1.0,1,1,A1,A1,791,832,125.0,throughput_heavy
0.9999999999999999,1.0,1,1,A1,A1,791,832,125.0,severity_heavy
0.9999999999999999,1.0,1,1,A1,A1,791,832,150.0,equal
0.9999999999999999,1.0,1,1,A1,A1,791,832,150.0,criticality_heavy
0.9999999999999999,1.0,1,1,A1,A1,791,832,150.0,throughput_heavy
0.9999999999999999,1.0,1,1,A1,A1,791,832,150.0,severity_heavy
0.8207826816681234,0.7378647873726218,0,1,A2,A2,792,833,100.0,equal
0.8207826816681234,0.7378647873726218,0,1,A2,A2,792,833,100.0,criticality_heavy
0.8207826816681234,0.7378647873726218,0,1,A2,A2,792,833,100.0,throughput_heavy
0.8207826816681234,0.7378647873726218,0,1,A2,A2,792,833,100.0,severity_heavy
0.9999999999999999,1.0,1,1,A2,A2,792,833,125.0,equal
0.9999999999999999,1.0,1,1,A2,A2,792,833,125.0,criticality_heavy
0.9999999999999999,1.0,1,1,A2,A2,792,833,125.0,throughput_heavy
0.9999999999999999,1.0,1,1,A2,A2,792,833,125.0,severity_heavy
0.9999999999999999,1.0,1,1,A2,A2,792,833,150.0,equal
0.9999999999999999,1.0,1,1,A2,A2,792,833,150.0,criticality_heavy
0.9999999999999999,1.0,1,1,A2,A2,792,833,150.0,throughput_heavy
0.9999999999999999,1.0,1,1,A2,A2,792,833,150.0,severity_heavy
1.0,1.0,1,1,A1,A1,793,834,100.0,equal
1.0,1.0,1,1,A1,A1,793,834,100.0,criticality_heavy
1.0,1.0,1,1,A1,A1,793,834,100.0,throughput_heavy
1.0,1.0,1,1,A1,A1,793,834,100.0,severity_heavy
1.0,1.0,1,1,A1,A1,793,834,125.0,equal
1.0,1.0,1,1,A1,A1,793,834,125.0,criticality_heavy
1.0,1.0,1,1,A1,A1,793,834,125.0,throughput_heavy
1.0,1.0,1,1,A1,A1,793,834,125.0,severity_heavy
0.8720815992723809,0.7378647873726218,0,1,A1,A1,793,834,150.0,equal
0.8720815992723809,0.7378647873726218,0,1,A1,A1,793,834,150.0,criticality_heavy
0.8720815992723809,0.7378647873726218,0,1,A1,A1,793,834,150.0,throughput_heavy
0.8720815992723809,0.7378647873726218,0,1,A1,A1,793,834,150.0,severity_heavy
0.9746794344808963,0.9486832980505138,0,1,A5,A5,794,835,100.0,equal
0.9746794344808963,0.9486832980505138,0,1,A5,A5,794,835,100.0,criticality_heavy
0.9746794344808963,0.9486832980505138,0,1,A5,A5,794,835,100.0,throughput_heavy
0.9746794344808963,0.9486832980505138,0,1,A5,A5,794,835,100.0,severity_heavy
0.9999999999999999,1.0,1,1,A5,A5,794,835,125.0,equal
0.9999999999999999,1.0,1,1,A5,A5,794,835,125.0,criticality_heavy
0.9999999999999999,1.0,1,1,A5,A5,794,835,125.0,throughput_heavy
0.9999999999999999,1.0,1,1,A5,A5,794,835,125.0,severity_heavy
0.8999999999999998,0.8,0,0,A5,A3,794,835,150.0,equal
0.9999999999999999,1.0,1,1,A5,A5,794,835,150.0,criticality_heavy
0.9999999999999999,1.0,1,1,A5,A5,794,835,150.0,throughput_heavy
0.8999999999999998,0.8,0,0,A5,A3,794,835,150.0,severity_heavy
1.0,1.0,1,1,A2,A2,795,836,100.0,equal
1.0,1.0,1,1,A2,A2,795,836,100.0,criticality_heavy
1.0,1.0,1,1,A2,A2,795,836,100.0,throughput_heavy
1.0,1.0,1,1,A2,A2,795,836,100.0,severity_heavy
1.0,1.0,1,1,A2,A2,795,836,125.0,equal
1.0,1.0,1,1,A2,A2,795,836,125.0,criticality_heavy
1.0,1.0,1,1,A2,A2,795,836,125.0,throughput_heavy
1.0,1.0,1,1,A2,A2,795,836,125.0,severity_heavy
0.9746794344808964,0.9486832980505138,0,1,A2,A2,795,836,150.0,equal
0.9746794344808964,0.9486832980505138,0,1,A2,A2,795,836,150.0,criticality_heavy
0.9746794344808964,0.9486832980505138,0,1,A2,A2,795,836,150.0,throughput_heavy
0.9746794344808964,0.9486832980505138,0,1,A2,A2,795,836,150.0,severity_heavy
0.9746794344808963,0.9486832980505138,0,1,A2,A2,796,837,100.0,equal
0.9746794344808963,0.9486832980505138,0,1,A2,A2,796,837,100.0,criticality_heavy
0.9746794344808963,0.9486832980505138,0,1,A2,A2,796,837,100.0,throughput_heavy
0.9746794344808963,0.9486832980505138,0,1,A2,A2,796,837,100.0,severity_heavy
0.9999999999999999,1.0,1,1,A2,A2,796,837,125.0,equal
0.9999999999999999,1.0,1,1,A2,A2,796,837,125.0,criticality_heavy
0.9999999999999999,1.0,1,1,A2,A2,796,837,125.0,throughput_heavy
0.9999999999999999,1.0,1,1,A2,A2,796,837,125.0,severity_heavy
0.9999999999999999,1.0,1,1,A2,A2,796,837,150.0,equal
0.8999999999999998,0.8,0,1,A2,A2,796,837,150.0,criticality_heavy
0.9999999999999999,1.0,1,1,A2,A2,796,837,150.0,throughput_heavy
0.8999999999999998,0.8,0,1,A2,A2,796,837,150.0,severity_heavy
0.9746794344808963,0.9486832980505138,0,1,A2,A2,797,838,100.0,equal
0.8720815992723809,0.7378647873726218,0,0,A2,A5,797,838,100.0,criticality_heavy
0.8720815992723809,0.7378647873726218,0,0,A2,A5,797,838,100.0,throughput_heavy
0.9746794344808963,0.9486832980505138,0,1,A2,A2,797,838,100.0,severity_heavy
0.9999999999999999,1.0,1,1,A2,A2,797,838,125.0,equal
0.9999999999999999,1.0,1,1,A2,A2,797,838,125.0,criticality_heavy
0.9999999999999999,1.0,1,1,A2,A2,797,838,125.0,throughput_heavy
0.9999999999999999,1.0,1,1,A2,A2,797,838,125.0,severity_heavy
0.9999999999999999,1.0,1,1,A2,A2,797,838,150.0,equal
0.9999999999999999,1.0,1,1,A2,A2,797,838,150.0,criticality_heavy
0.9999999999999999,1.0,1,1,A2,A2,797,838,150.0,throughput_heavy
0.9999999999999999,1.0,1,1,A2,A2,797,838,150.0,severity_heavy
0.9746794344808963,0.9486832980505138,0,1,A2,A2,798,839,100.0,equal
0.9746794344808963,0.9486832980505138,0,1,A2,A2,798,839,100.0,criticality_heavy
0.9746794344808963,0.9486832980505138,0,1,A2,A2,798,839,100.0,throughput_heavy
0.9746794344808963,0.9486832980505138,0,1,A2,A2,798,839,100.0,severity_heavy
0.9999999999999999,1.0,1,1,A2,A2,798,839,125.0,equal
0.9999999999999999,1.0,1,1,A2,A2,798,839,125.0,criticality_heavy
0.9999999999999999,1.0,1,1,A2,A2,798,839,125.0,throughput_heavy
0.9999999999999999,1.0,1,1,A2,A2,798,839,125.0,severity_heavy
0.8999999999999998,0.8,0,1,A2,A2,798,839,150.0,equal
0.8999999999999998,0.8,0,1,A2,A2,798,839,150.0,criticality_heavy
0.8999999999999998,0.8,0,1,A2,A2,798,839,150.0,throughput_heavy
0.8999999999999998,0.8,0,1,A2,A2,798,839,150.0,severity_heavy
0.9746794344808963,0.9486832980505138,0,1,A5,A5,799,840,100.0,equal
0.9746794344808963,0.9486832980505138,0,1,A5,A5,799,840,100.0,criticality_heavy
0.9746794344808963,0.9486832980505138,0,1,A5,A5,799,840,100.0,throughput_heavy
0.9746794344808963,0.9486832980505138,0,1,A5,A5,799,840,100.0,severity_heavy
0.9999999999999999,1.0,1,1,A5,A5,799,840,125.0,equal
0.9999999999999999,1.0,1,1,A5,A5,799,840,125.0,criticality_heavy
0.9999999999999999,1.0,1,1,A5,A5,799,840,125.0,throughput_heavy
0.8999999999999998,0.8,0,0,A5,A3,799,840,125.0,severity_heavy
0.8999999999999998,0.8,0,0,A5,A3,799,840,150.0,equal
0.8999999999999998,0.8,0,0,A5,A3,799,840,150.0,criticality_heavy
0.8999999999999998,0.8,0,0,A5,A3,799,840,150.0,throughput_heavy
0.8999999999999998,0.8,0,0,A5,A3,799,840,150.0,severity_heavy
0.9746794344808963,0.9486832980505138,0,1,A5,A5,800,841,100.0,equal
0.9746794344808963,0.9486832980505138,0,1,A5,A5,800,841,100.0,criticality_heavy
0.9746794344808963,0.9486832980505138,0,1,A5,A5,800,841,100.0,throughput_heavy
0.9746794344808963,0.9486832980505138,0,1,A5,A5,800,841,100.0,severity_heavy
0.9999999999999999,1.0,1,1,A5,A5,800,841,125.0,equal
0.9999999999999999,1.0,1,1,A5,A5,800,841,125.0,criticality_heavy
0.9999999999999999,1.0,1,1,A5,A5,800,841,125.0,throughput_heavy
0.9999999999999999,1.0,1,1,A5,A5,800,841,125.0,severity_heavy
0.8999999999999998,0.8,0,1,A5,A5,800,841,150.0,equal
0.8999999999999998,0.8,0,1,A5,A5,800,841,150.0,criticality_heavy
0.8999999999999998,0.8,0,1,A5,A5,800,841,150.0,throughput_heavy
0.8999999999999998,0.8,0,1,A5,A5,800,841,150.0,severity_heavy
1.0,1.0,1,1,A3,A3,801,842,100.0,equal
1.0,1.0,1,1,A3,A3,801,842,100.0,criticality_heavy
1.0,1.0,1,1,A3,A3,801,842,100.0,throughput_heavy
1.0,1.0,1,1,A3,A3,801,842,100.0,severity_heavy
1.0,1.0,1,1,A3,A3,801,842,125.0,equal
1.0,1.0,1,1,A3,A3,801,842,125.0,criticality_heavy
1.0,1.0,1,1,A3,A3,801,842,125.0,throughput_heavy
1.0,1.0,1,1,A3,A3,801,842,125.0,severity_heavy
0.9746794344808964,0.9486832980505138,0,1,A3,A3,801,842,150.0,equal
0.9746794344808964,0.9486832980505138,0,1,A3,A3,801,842,150.0,criticality_heavy
0.9746794344808964,0.9486832980505138,0,1,A3,A3,801,842,150.0,throughput_heavy
0.9746794344808964,0.9486832980505138,0,1,A3,A3,801,842,150.0,severity_heavy
0.8720815992723809,0.7378647873726218,0,0,A2,A1,802,843,100.0,equal
0.8720815992723809,0.7378647873726218,0,0,A2,A1,802,843,100.0,criticality_heavy
0.9746794344808963,0.9486832980505138,0,1,A2,A2,802,843,100.0,throughput_heavy
0.8720815992723809,0.7378647873726218,0,0,A2,A1,802,843,100.0,severity_heavy
0.9999999999999999,1.0,1,1,A2,A2,802,843,125.0,equal
0.9999999999999999,1.0,1,1,A2,A2,802,843,125.0,criticality_heavy
0.9999999999999999,1.0,1,1,A2,A2,802,843,125.0,throughput_heavy
0.9999999999999999,1.0,1,1,A2,A2,802,843,125.0,severity_heavy
0.8999999999999998,0.8,0,1,A2,A2,802,843,150.0,equal
0.8999999999999998,0.8,0,1,A2,A2,802,843,150.0,criticality_heavy
0.8999999999999998,0.8,0,1,A2,A2,802,843,150.0,throughput_heavy
0.9999999999999999,1.0,1,1,A2,A2,802,843,150.0,severity_heavy
0.9746794344808963,0.9486832980505138,0,1,A5,A5,803,844,100.0,equal
0.9746794344808963,0.9486832980505138,0,1,A5,A5,803,844,100.0,criticality_heavy
0.9746794344808963,0.9486832980505138,0,1,A5,A5,803,844,100.0,throughput_heavy
0.9746794344808963,0.9486832980505138,0,1,A5,A5,803,844,100.0,severity_heavy
0.9999999999999999,1.0,1,1,A5,A5,803,844,125.0,equal
0.9999999999999999,1.0,1,1,A5,A5,803,844,125.0,criticality_heavy
0.9999999999999999,1.0,1,1,A5,A5,803,844,125.0,throughput_heavy
0.9999999999999999,1.0,1,1,A5,A5,803,844,125.0,severity_heavy
0.9999999999999999,1.0,1,1,A5,A5,803,844,150.0,equal
0.9999999999999999,1.0,1,1,A5,A5,803,844,150.0,criticality_heavy
0.9999999999999999,1.0,1,1,A5,A5,803,844,150.0,throughput_heavy
0.9999999999999999,1.0,1,1,A5,A5,803,844,150.0,severity_heavy
1.0,1.0,1,1,A2,A2,804,845,100.0,equal
1.0,1.0,1,1,A2,A2,804,845,100.0,criticality_heavy
1.0,1.0,1,1,A2,A2,804,845,100.0,throughput_heavy
1.0,1.0,1,1,A2,A2,804,845,100.0,severity_heavy
1.0,1.0,1,1,A2,A2,804,845,125.0,equal
1.0,1.0,1,1,A2,A2,804,845,125.0,criticality_heavy
1.0,1.0,1,1,A2,A2,804,845,125.0,throughput_heavy
1.0,1.0,1,1,A2,A2,804,845,125.0,severity_heavy
0.9746794344808964,0.9486832980505138,0,1,A2,A2,804,845,150.0,equal
0.9746794344808964,0.9486832980505138,0,1,A2,A2,804,845,150.0,criticality_heavy
0.9746794344808964,0.9486832980505138,0,1,A2,A2,804,845,150.0,throughput_heavy
0.9746794344808964,0.9486832980505138,0,1,A2,A2,804,845,150.0,severity_heavy
1.0,1.0,1,1,A2,A2,805,846,100.0,equal
1.0,1.0,1,1,A2,A2,805,846,100.0,criticality_heavy
1.0,1.0,1,1,A2,A2,805,846,100.0,throughput_heavy
1.0,1.0,1,1,A2,A2,805,846,100.0,severity_heavy
1.0,1.0,1,1,A2,A2,805,846,125.0,equal
1.0,1.0,1,1,A2,A2,805,846,125.0,criticality_heavy
1.0,1.0,1,1,A2,A2,805,846,125.0,throughput_heavy
1.0,1.0,1,1,A2,A2,805,846,125.0,severity_heavy
0.9746794344808964,0.9486832980505138,0,1,A2,A2,805,846,150.0,equal
0.8720815992723809,0.7378647873726218,0,1,A2,A2,805,846,150.0,criticality_heavy
0.9746794344808964,0.9486832980505138,0,1,A2,A2,805,846,150.0,throughput_heavy
0.9746794344808964,0.9486832980505138,0,1,A2,A2,805,846,150.0,severity_heavy
1.0,1.0,1,1,A5,A5,806,847,100.0,equal
1.0,1.0,1,1,A5,A5,806,847,100.0,criticality_heavy
1.0,1.0,1,1,A5,A5,806,847,100.0,throughput_heavy
1.0,1.0,1,1,A5,A5,806,847,100.0,severity_heavy
1.0,1.0,1,1,A5,A5,806,847,125.0,equal
1.0,1.0,1,1,A5,A5,806,847,125.0,criticality_heavy
1.0,1.0,1,1,A5,A5,806,847,125.0,throughput_heavy
1.0,1.0,1,1,A5,A5,806,847,125.0,severity_heavy
0.8720815992723809,0.7378647873726218,0,1,A5,A5,806,847,150.0,equal
0.8720815992723809,0.7378647873726218,0,1,A5,A5,806,847,150.0,criticality_heavy
0.9746794344808964,0.9486832980505138,0,1,A5,A5,806,847,150.0,throughput_heavy
0.9746794344808964,0.9486832980505138,0,1,A5,A5,806,847,150.0,severity_heavy
0.9746794344808963,0.9486832980505138,0,1,A3,A3,807,848,100.0,equal
0.9746794344808963,0.9486832980505138,0,1,A3,A3,807,848,100.0,criticality_heavy
0.9746794344808963,0.9486832980505138,0,1,A3,A3,807,848,100.0,throughput_heavy
0.9746794344808963,0.9486832980505138,0,1,A3,A3,807,848,100.0,severity_heavy
0.9999999999999999,1.0,1,1,A3,A3,807,848,125.0,equal
0.9999999999999999,1.0,1,1,A3,A3,807,848,125.0,criticality_heavy
0.9999999999999999,1.0,1,1,A3,A3,807,848,125.0,throughput_heavy
0.9999999999999999,1.0,1,1,A3,A3,807,848,125.0,severity_heavy
0.9999999999999999,1.0,1,1,A3,A3,807,848,150.0,equal
0.9999999999999999,1.0,1,1,A3,A3,807,848,150.0,criticality_heavy
0.9999999999999999,1.0,1,1,A3,A3,807,848,150.0,throughput_heavy
0.9999999999999999,1.0,1,1,A3,A3,807,848,150.0,severity_heavy
0.9746794344808963,0.9486832980505138,0,1,A3,A3,808,849,100.0,equal
0.9746794344808963,0.9486832980505138,0,1,A3,A3,808,849,100.0,criticality_heavy
0.9746794344808963,0.9486832980505138,0,1,A3,A3,808,849,100.0,throughput_heavy
0.9746794344808963,0.9486832980505138,0,1,A3,A3,808,849,100.0,severity_heavy
0.9999999999999999,1.0,1,1,A3,A3,808,849,125.0,equal
0.9999999999999999,1.0,1,1,A3,A3,808,849,125.0,criticality_heavy
0.9999999999999999,1.0,1,1,A3,A3,808,849,125.0,throughput_heavy
0.9999999999999999,1.0,1,1,A3,A3,808,849,125.0,severity_heavy
0.8999999999999998,0.8,0,0,A3,A2,808,849,150.0,equal
0.8999999999999998,0.8,0,0,A3,A2,808,849,150.0,criticality_heavy
0.8999999999999998,0.8,0,0,A3,A2,808,849,150.0,throughput_heavy
0.9999999999999999,1.0,1,1,A3,A3,808,849,150.0,severity_heavy
0.8720815992723809,0.7378647873726218,0,1,A2,A2,809,850,100.0,equal
0.8720815992723809,0.7378647873726218,0,1,A2,A2,809,850,100.0,criticality_heavy
0.8720815992723809,0.7378647873726218,0,1,A2,A2,809,850,100.0,throughput_heavy
0.8720815992723809,0.7378647873726218,0,1,A2,A2,809,850,100.0,severity_heavy
0.9999999999999999,1.0,1,1,A2,A2,809,850,125.0,equal
0.8999999999999998,0.8,0,1,A2,A2,809,850,125.0,criticality_heavy
0.9999999999999999,1.0,1,1,A2,A2,809,850,125.0,throughput_heavy
0.9999999999999999,1.0,1,1,A2,A2,809,850,125.0,severity_heavy
0.9999999999999999,1.0,1,1,A2,A2,809,850,150.0,equal
0.9999999999999999,1.0,1,1,A2,A2,809,850,150.0,criticality_heavy
0.9999999999999999,1.0,1,1,A2,A2,809,850,150.0,throughput_heavy
0.9999999999999999,1.0,1,1,A2,A2,809,850,150.0,severity_heavy
0.9746794344808963,0.9486832980505138,0,1,A3,A3,810,851,100.0,equal
0.9746794344808963,0.9486832980505138,0,1,A3,A3,810,851,100.0,criticality_heavy
0.9746794344808963,0.9486832980505138,0,1,A3,A3,810,851,100.0,throughput_heavy
0.9746794344808963,0.9486832980505138,0,1,A3,A3,810,851,100.0,severity_heavy
0.9999999999999999,1.0,1,1,A3,A3,810,851,125.0,equal
0.9999999999999999,1.0,1,1,A3,A3,810,851,125.0,criticality_heavy
0.9999999999999999,1.0,1,1,A3,A3,810,851,125.0,throughput_heavy
0.9999999999999999,1.0,1,1,A3,A3,810,851,125.0,severity_heavy
0.9999999999999999,1.0,1,1,A3,A3,810,851,150.0,equal
0.9999999999999999,1.0,1,1,A3,A3,810,851,150.0,criticality_heavy
0.9999999999999999,1.0,1,1,A3,A3,810,851,150.0,throughput_heavy
0.9999999999999999,1.0,1,1,A3,A3,810,851,150.0,severity_heavy
0.8947368421052632,0.7777777777777778,0,0,A3,A5,811,852,100.0,equal
0.8947368421052632,0.7777777777777778,0,0,A3,A5,811,852,100.0,criticality_heavy
0.8947368421052632,0.7777777777777778,0,0,A3,A5,811,852,100.0,throughput_heavy
1.0,1.0,1,1,A3,A3,811,852,100.0,severity_heavy
1.0,1.0,1,1,A3,A3,811,852,125.0,equal
1.0,1.0,1,1,A3,A3,811,852,125.0,criticality_heavy
1.0,1.0,1,1,A3,A3,811,852,125.0,throughput_heavy
1.0,1.0,1,1,A3,A3,811,852,125.0,severity_heavy
0.9746794344808964,0.9486832980505138,0,1,A3,A3,811,852,150.0,equal
0.9746794344808964,0.9486832980505138,0,1,A3,A3,811,852,150.0,criticality_heavy
0.9746794344808964,0.9486832980505138,0,1,A3,A3,811,852,150.0,throughput_heavy
0.9746794344808964,0.9486832980505138,0,1,A3,A3,811,852,150.0,severity_heavy
0.8720815992723809,0.7378647873726218,0,1,A1,A1,812,853,100.0,equal
0.8720815992723809,0.7378647873726218,0,1,A1,A1,812,853,100.0,criticality_heavy
0.8720815992723809,0.7378647873726218,0,1,A1,A1,812,853,100.0,throughput_heavy
0.8720815992723809,0.7378647873726218,0,1,A1,A1,812,853,100.0,severity_heavy
0.9999999999999999,1.0,1,1,A1,A1,812,853,125.0,equal
0.9999999999999999,1.0,1,1,A1,A1,812,853,125.0,criticality_heavy
0.9999999999999999,1.0,1,1,A1,A1,812,853,125.0,throughput_heavy
0.9999999999999999,1.0,1,1,A1,A1,812,853,125.0,severity_heavy
0.9999999999999999,1.0,1,1,A1,A1,812,853,150.0,equal
0.9999999999999999,1.0,1,1,A1,A1,812,853,150.0,criticality_heavy
0.9999999999999999,1.0,1,1,A1,A1,812,853,150.0,throughput_heavy
0.9999999999999999,1.0,1,1,A1,A1,812,853,150.0,severity_heavy
1.0,1.0,1,1,A2,A2,813,854,100.0,equal
1.0,1.0,1,1,A2,A2,813,854,100.0,criticality_heavy
1.0,1.0,1,1,A2,A2,813,854,100.0,throughput_heavy
1.0,1.0,1,1,A2,A2,813,854,100.0,severity_heavy
1.0,1.0,1,1,A2,A2,813,854,125.0,equal
1.0,1.0,1,1,A2,A2,813,854,125.0,criticality_heavy
1.0,1.0,1,1,A2,A2,813,854,125.0,throughput_heavy
1.0,1.0,1,1,A2,A2,813,854,125.0,severity_heavy
0.9746794344808964,0.9486832980505138,0,1,A2,A2,813,854,150.0,equal
0.9746794344808964,0.9486832980505138,0,1,A2,A2,813,854,150.0,criticality_heavy
0.9746794344808964,0.9486832980505138,0,1,A2,A2,813,854,150.0,throughput_heavy
0.9746794344808964,0.9486832980505138,0,1,A2,A2,813,854,150.0,severity_heavy
0.8720815992723809,0.7378647873726218,0,0,A5,A4,814,855,100.0,equal
0.8720815992723809,0.7378647873726218,0,0,A5,A4,814,855,100.0,criticality_heavy
0.8720815992723809,0.7378647873726218,0,0,A5,A4,814,855,100.0,throughput_heavy
0.8720815992723809,0.7378647873726218,0,0,A5,A4,814,855,100.0,severity_heavy
0.9999999999999999,1.0,1,1,A5,A5,814,855,125.0,equal
0.9999999999999999,1.0,1,1,A5,A5,814,855,125.0,criticality_heavy
0.9999999999999999,1.0,1,1,A5,A5,814,855,125.0,throughput_heavy
0.7,0.6,0,0,A5,A4,814,855,125.0,severity_heavy
0.7,0.6,0,0,A5,A3,814,855,150.0,equal
0.7,0.6,0,0,A5,A3,814,855,150.0,criticality_heavy
0.7,0.6,0,0,A5,A3,814,855,150.0,throughput_heavy
0.7,0.6,0,0,A5,A3,814,855,150.0,severity_heavy
0.9746794344808963,0.9486832980505138,0,1,A3,A3,815,856,100.0,equal
0.9746794344808963,0.9486832980505138,0,1,A3,A3,815,856,100.0,criticality_heavy
0.9746794344808963,0.9486832980505138,0,1,A3,A3,815,856,100.0,throughput_heavy
0.9746794344808963,0.9486832980505138,0,1,A3,A3,815,856,100.0,severity_heavy
0.9999999999999999,1.0,1,1,A3,A3,815,856,125.0,equal
0.9999999999999999,1.0,1,1,A3,A3,815,856,125.0,criticality_heavy
0.9999999999999999,1.0,1,1,A3,A3,815,856,125.0,throughput_heavy
0.9999999999999999,1.0,1,1,A3,A3,815,856,125.0,severity_heavy
0.9999999999999999,1.0,1,1,A3,A3,815,856,150.0,equal
0.9999999999999999,1.0,1,1,A3,A3,815,856,150.0,criticality_heavy
0.9999999999999999,1.0,1,1,A3,A3,815,856,150.0,throughput_heavy
0.9999999999999999,1.0,1,1,A3,A3,815,856,150.0,severity_heavy
1.0,1.0,1,1,A2,A2,816,857,100.0,equal
1.0,1.0,1,1,A2,A2,816,857,100.0,criticality_heavy
1.0,1.0,1,1,A2,A2,816,857,100.0,throughput_heavy
1.0,1.0,1,1,A2,A2,816,857,100.0,severity_heavy
1.0,1.0,1,1,A2,A2,816,857,125.0,equal
1.0,1.0,1,1,A2,A2,816,857,125.0,criticality_heavy
1.0,1.0,1,1,A2,A2,816,857,125.0,throughput_heavy
1.0,1.0,1,1,A2,A2,816,857,125.0,severity_heavy
0.8720815992723809,0.7378647873726218,0,1,A2,A2,816,857,150.0,equal
0.8720815992723809,0.7378647873726218,0,1,A2,A2,816,857,150.0,criticality_heavy
0.8720815992723809,0.7378647873726218,0,1,A2,A2,816,857,150.0,throughput_heavy
0.8720815992723809,0.7378647873726218,0,1,A2,A2,816,857,150.0,severity_heavy
0.9746794344808963,0.9486832980505138,0,1,A5,A5,817,858,100.0,equal
0.9746794344808963,0.9486832980505138,0,1,A5,A5,817,858,100.0,criticality_heavy
0.9746794344808963,0.9486832980505138,0,1,A5,A5,817,858,100.0,throughput_heavy
0.9746794344808963,0.9486832980505138,0,1,A5,A5,817,858,100.0,severity_heavy
0.9999999999999999,1.0,1,1,A5,A5,817,858,125.0,equal
0.8999999999999998,0.8,0,1,A5,A5,817,858,125.0,criticality_heavy
0.9999999999999999,1.0,1,1,A5,A5,817,858,125.0,throughput_heavy
0.9999999999999999,1.0,1,1,A5,A5,817,858,125.0,severity_heavy
0.8999999999999998,0.8,0,1,A5,A5,817,858,150.0,equal
0.8999999999999998,0.8,0,1,A5,A5,817,858,150.0,criticality_heavy
0.8999999999999998,0.8,0,1,A5,A5,817,858,150.0,throughput_heavy
0.8999999999999998,0.8,0,1,A5,A5,817,858,150.0,severity_heavy
0.8947368421052632,0.7777777777777778,0,1,A3,A3,818,859,100.0,equal
0.8947368421052632,0.7777777777777778,0,1,A3,A3,818,859,100.0,criticality_heavy
0.8947368421052632,0.7777777777777778,0,1,A3,A3,818,859,100.0,throughput_heavy
0.8947368421052632,0.7777777777777778,0,1,A3,A3,818,859,100.0,severity_heavy
1.0,1.0,1,1,A3,A3,818,859,125.0,equal
1.0,1.0,1,1,A3,A3,818,859,125.0,criticality_heavy
1.0,1.0,1,1,A3,A3,818,859,125.0,throughput_heavy
0.8947368421052632,0.7777777777777778,0,1,A3,A3,818,859,125.0,severity_heavy
0.9746794344808964,0.9486832980505138,0,1,A3,A3,818,859,150.0,equal
0.9746794344808964,0.9486832980505138,0,1,A3,A3,818,859,150.0,criticality_heavy
0.9746794344808964,0.9486832980505138,0,1,A3,A3,818,859,150.0,throughput_heavy
0.9746794344808964,0.9486832980505138,0,1,A3,A3,818,859,150.0,severity_heavy
1.0,1.0,1,1,A2,A2,819,860,100.0,equal
1.0,1.0,1,1,A2,A2,819,860,100.0,criticality_heavy
1.0,1.0,1,1,A2,A2,819,860,100.0,throughput_heavy
1.0,1.0,1,1,A2,A2,819,860,100.0,severity_heavy
1.0,1.0,1,1,A2,A2,819,860,125.0,equal
1.0,1.0,1,1,A2,A2,819,860,125.0,criticality_heavy
1.0,1.0,1,1,A2,A2,819,860,125.0,throughput_heavy
1.0,1.0,1,1,A2,A2,819,860,125.0,severity_heavy
0.9746794344808964,0.9486832980505138,0,1,A2,A2,819,860,150.0,equal
0.9746794344808964,0.9486832980505138,0,1,A2,A2,819,860,150.0,criticality_heavy
0.9746794344808964,0.9486832980505138,0,1,A2,A2,819,860,150.0,throughput_heavy
0.9746794344808964,0.9486832980505138,0,1,A2,A2,819,860,150.0,severity_heavy
0.9746794344808963,0.9486832980505138,0,1,A3,A3,820,861,100.0,equal
0.9746794344808963,0.9486832980505138,0,1,A3,A3,820,861,100.0,criticality_heavy
0.9746794344808963,0.9486832980505138,0,1,A3,A3,820,861,100.0,throughput_heavy
0.9746794344808963,0.9486832980505138,0,1,A3,A3,820,861,100.0,severity_heavy
0.9999999999999999,1.0,1,1,A3,A3,820,861,125.0,equal
0.9999999999999999,1.0,1,1,A3,A3,820,861,125.0,criticality_heavy
0.9999999999999999,1.0,1,1,A3,A3,820,861,125.0,throughput_heavy
0.9999999999999999,1.0,1,1,A3,A3,820,861,125.0,severity_heavy
0.9999999999999999,1.0,1,1,A3,A3,820,861,150.0,equal
0.9999999999999999,1.0,1,1,A3,A3,820,861,150.0,criticality_heavy
0.9999999999999999,1.0,1,1,A3,A3,820,861,150.0,throughput_heavy
0.9999999999999999,1.0,1,1,A3,A3,820,861,150.0,severity_heavy
0.8947368421052632,0.7777777777777778,0,1,A1,A1,821,862,100.0,equal
0.8947368421052632,0.7777777777777778,0,1,A1,A1,821,862,100.0,criticality_heavy
0.8947368421052632,0.7777777777777778,0,1,A1,A1,821,862,100.0,throughput_heavy
0.8947368421052632,0.7777777777777778,0,1,A1,A1,821,862,100.0,severity_heavy
1.0,1.0,1,1,A1,A1,821,862,125.0,equal
1.0,1.0,1,1,A1,A1,821,862,125.0,criticality_heavy
1.0,1.0,1,1,A1,A1,821,862,125.0,throughput_heavy
0.8947368421052632,0.7777777777777778,0,1,A1,A1,821,862,125.0,severity_heavy
0.9746794344808964,0.9486832980505138,0,1,A1,A1,821,862,150.0,equal
0.9746794344808964,0.9486832980505138,0,1,A1,A1,821,862,150.0,criticality_heavy
0.9746794344808964,0.9486832980505138,0,1,A1,A1,821,862,150.0,throughput_heavy
0.9746794344808964,0.9486832980505138,0,1,A1,A1,821,862,150.0,severity_heavy
1.0,1.0,1,1,A2,A2,822,863,100.0,equal
1.0,1.0,1,1,A2,A2,822,863,100.0,criticality_heavy
1.0,1.0,1,1,A2,A2,822,863,100.0,throughput_heavy
1.0,1.0,1,1,A2,A2,822,863,100.0,severity_heavy
1.0,1.0,1,1,A2,A2,822,863,125.0,equal
1.0,1.0,1,1,A2,A2,822,863,125.0,criticality_heavy
1.0,1.0,1,1,A2,A2,822,863,125.0,throughput_heavy
1.0,1.0,1,1,A2,A2,822,863,125.0,severity_heavy
0.9746794344808964,0.9486832980505138,0,1,A2,A2,822,863,150.0,equal
0.9746794344808964,0.9486832980505138,0,1,A2,A2,822,863,150.0,criticality_heavy
0.9746794344808964,0.9486832980505138,0,1,A2,A2,822,863,150.0,throughput_heavy
0.9746794344808964,0.9486832980505138,0,1,A2,A2,822,863,150.0,severity_heavy
0.9746794344808963,0.9486832980505138,0,1,A2,A2,823,864,100.0,equal
0.9746794344808963,0.9486832980505138,0,1,A2,A2,823,864,100.0,criticality_heavy
0.9746794344808963,0.9486832980505138,0,1,A2,A2,823,864,100.0,throughput_heavy
0.9746794344808963,0.9486832980505138,0,1,A2,A2,823,864,100.0,severity_heavy
0.9999999999999999,1.0,1,1,A2,A2,823,864,125.0,equal
0.9999999999999999,1.0,1,1,A2,A2,823,864,125.0,criticality_heavy
0.9999999999999999,1.0,1,1,A2,A2,823,864,125.0,throughput_heavy
0.9999999999999999,1.0,1,1,A2,A2,823,864,125.0,severity_heavy
0.8999999999999998,0.8,0,1,A2,A2,823,864,150.0,equal
0.8999999999999998,0.8,0,1,A2,A2,823,864,150.0,criticality_heavy
0.8999999999999998,0.8,0,1,A2,A2,823,864,150.0,throughput_heavy
0.8999999999999998,0.8,0,1,A2,A2,823,864,150.0,severity_heavy
0.9746794344808963,0.9486832980505138,0,1,A3,A3,824,865,100.0,equal
0.9746794344808963,0.9486832980505138,0,1,A3,A3,824,865,100.0,criticality_heavy
0.9746794344808963,0.9486832980505138,0,1,A3,A3,824,865,100.0,throughput_heavy
0.9746794344808963,0.9486832980505138,0,1,A3,A3,824,865,100.0,severity_heavy
0.9999999999999999,1.0,1,1,A3,A3,824,865,125.0,equal
0.9999999999999999,1.0,1,1,A3,A3,824,865,125.0,criticality_heavy
0.9999999999999999,1.0,1,1,A3,A3,824,865,125.0,throughput_heavy
0.9999999999999999,1.0,1,1,A3,A3,824,865,125.0,severity_heavy
0.8999999999999998,0.8,0,1,A3,A3,824,865,150.0,equal
0.8999999999999998,0.8,0,1,A3,A3,824,865,150.0,criticality_heavy
0.8999999999999998,0.8,0,1,A3,A3,824,865,150.0,throughput_heavy
0.8999999999999998,0.8,0,1,A3,A3,824,865,150.0,severity_heavy
0.9746794344808963,0.9486832980505138,0,1,A2,A2,825,866,100.0,equal
0.9746794344808963,0.9486832980505138,0,1,A2,A2,825,866,100.0,criticality_heavy
0.9746794344808963,0.9486832980505138,0,1,A2,A2,825,866,100.0,throughput_heavy
0.9746794344808963,0.9486832980505138,0,1,A2,A2,825,866,100.0,severity_heavy
0.9999999999999999,1.0,1,1,A2,A2,825,866,125.0,equal
0.9999999999999999,1.0,1,1,A2,A2,825,866,125.0,criticality_heavy
0.9999999999999999,1.0,1,1,A2,A2,825,866,125.0,throughput_heavy
0.9999999999999999,1.0,1,1,A2,A2,825,866,125.0,severity_heavy
0.8999999999999998,0.8,0,1,A2,A2,825,866,150.0,equal
0.8999999999999998,0.8,0,1,A2,A2,825,866,150.0,criticality_heavy
0.8999999999999998,0.8,0,1,A2,A2,825,866,150.0,throughput_heavy
0.8999999999999998,0.8,0,1,A2,A2,825,866,150.0,severity_heavy
1.0,1.0,1,1,A1,A1,826,867,100.0,equal
1.0,1.0,1,1,A1,A1,826,867,100.0,criticality_heavy
1.0,1.0,1,1,A1,A1,826,867,100.0,throughput_heavy
1.0,1.0,1,1,A1,A1,826,867,100.0,severity_heavy
1.0,1.0,1,1,A1,A1,826,867,125.0,equal
1.0,1.0,1,1,A1,A1,826,867,125.0,criticality_heavy
1.0,1.0,1,1,A1,A1,826,867,125.0,throughput_heavy
1.0,1.0,1,1,A1,A1,826,867,125.0,severity_heavy
0.8720815992723809,0.7378647873726218,0,1,A1,A1,826,867,150.0,equal
0.9746794344808964,0.9486832980505138,0,1,A1,A1,826,867,150.0,criticality_heavy
0.9746794344808964,0.9486832980505138,0,1,A1,A1,826,867,150.0,throughput_heavy
0.8720815992723809,0.7378647873726218,0,1,A1,A1,826,867,150.0,severity_heavy
1.0,1.0,1,1,A2,A2,827,868,100.0,equal
1.0,1.0,1,1,A2,A2,827,868,100.0,criticality_heavy
1.0,1.0,1,1,A2,A2,827,868,100.0,throughput_heavy
1.0,1.0,1,1,A2,A2,827,868,100.0,severity_heavy
1.0,1.0,1,1,A2,A2,827,868,125.0,equal
1.0,1.0,1,1,A2,A2,827,868,125.0,criticality_heavy
1.0,1.0,1,1,A2,A2,827,868,125.0,throughput_heavy
1.0,1.0,1,1,A2,A2,827,868,125.0,severity_heavy
0.9746794344808964,0.9486832980505138,0,1,A2,A2,827,868,150.0,equal
0.9746794344808964,0.9486832980505138,0,1,A2,A2,827,868,150.0,criticality_heavy
0.9746794344808964,0.9486832980505138,0,1,A2,A2,827,868,150.0,throughput_heavy
0.9746794344808964,0.9486832980505138,0,1,A2,A2,827,868,150.0,severity_heavy
0.8207826816681234,0.7378647873726218,0,1,A2,A2,828,869,100.0,equal
0.8207826816681234,0.7378647873726218,0,1,A2,A2,828,869,100.0,criticality_heavy
0.8207826816681234,0.7378647873726218,0,1,A2,A2,828,869,100.0,throughput_heavy
0.8207826816681234,0.7378647873726218,0,1,A2,A2,828,869,100.0,severity_heavy
0.9999999999999999,1.0,1,1,A2,A2,828,869,125.0,equal
0.8999999999999998,0.8,0,1,A2,A2,828,869,125.0,criticality_heavy
0.9999999999999999,1.0,1,1,A2,A2,828,869,125.0,throughput_heavy
0.9999999999999999,1.0,1,1,A2,A2,828,869,125.0,severity_heavy
0.9999999999999999,1.0,1,1,A2,A2,828,869,150.0,equal
0.9999999999999999,1.0,1,1,A2,A2,828,869,150.0,criticality_heavy
0.9999999999999999,1.0,1,1,A2,A2,828,869,150.0,throughput_heavy
0.9999999999999999,1.0,1,1,A2,A2,828,869,150.0,severity_heavy
0.9999999999999999,1.0,1,1,A2,A2,829,870,100.0,equal
0.9999999999999999,1.0,1,1,A2,A2,829,870,100.0,criticality_heavy
0.9999999999999999,1.0,1,1,A2,A2,829,870,100.0,throughput_heavy
0.9999999999999999,1.0,1,1,A2,A2,829,870,100.0,severity_heavy
0.9999999999999999,1.0,1,1,A2,A2,829,870,125.0,equal
0.9999999999999999,1.0,1,1,A2,A2,829,870,125.0,criticality_heavy
0.9999999999999999,1.0,1,1,A2,A2,829,870,125.0,throughput_heavy
0.9999999999999999,1.0,1,1,A2,A2,829,870,125.0,severity_heavy
0.9999999999999999,1.0,1,1,A2,A2,829,870,150.0,equal
0.9999999999999999,1.0,1,1,A2,A2,829,870,150.0,criticality_heavy
0.9999999999999999,1.0,1,1,A2,A2,829,870,150.0,throughput_heavy
0.9999999999999999,1.0,1,1,A2,A2,829,870,150.0,severity_heavy
1.0,1.0,1,1,A1,A1,830,871,100.0,equal
1.0,1.0,1,1,A1,A1,830,871,100.0,criticality_heavy
1.0,1.0,1,1,A1,A1,830,871,100.0,throughput_heavy
1.0,1.0,1,1,A1,A1,830,871,100.0,severity_heavy
1.0,1.0,1,1,A1,A1,830,871,125.0,equal
1.0,1.0,1,1,A1,A1,830,871,125.0,criticality_heavy
1.0,1.0,1,1,A1,A1,830,871,125.0,throughput_heavy
1.0,1.0,1,1,A1,A1,830,871,125.0,severity_heavy
0.9746794344808964,0.9486832980505138,0,1,A1,A1,830,871,150.0,equal
0.9746794344808964,0.9486832980505138,0,1,A1,A1,830,871,150.0,criticality_heavy
0.9746794344808964,0.9486832980505138,0,1,A1,A1,830,871,150.0,throughput_heavy
0.9746794344808964,0.9486832980505138,0,1,A1,A1,830,871,150.0,severity_heavy
0.8720815992723809,0.7378647873726218,0,1,A5,A5,831,872,100.0,equal
0.8720815992723809,0.7378647873726218,0,1,A5,A5,831,872,100.0,criticality_heavy
0.8720815992723809,0.7378647873726218,0,1,A5,A5,831,872,100.0,throughput_heavy
0.8720815992723809,0.7378647873726218,0,1,A5,A5,831,872,100.0,severity_heavy
0.9999999999999999,1.0,1,1,A5,A5,831,872,125.0,equal
0.9999999999999999,1.0,1,1,A5,A5,831,872,125.0,criticality_heavy
0.9999999999999999,1.0,1,1,A5,A5,831,872,125.0,throughput_heavy
0.9999999999999999,1.0,1,1,A5,A5,831,872,125.0,severity_heavy
0.8999999999999998,0.8,0,1,A5,A5,831,872,150.0,equal
0.8999999999999998,0.8,0,1,A5,A5,831,872,150.0,criticality_heavy
0.8999999999999998,0.8,0,1,A5,A5,831,872,150.0,throughput_heavy
0.9999999999999999,1.0,1,1,A5,A5,831,872,150.0,severity_heavy
0.9999999999999999,1.0,1,1,A3,A3,832,873,100.0,equal
0.9999999999999999,1.0,1,1,A3,A3,832,873,100.0,criticality_heavy
0.9999999999999999,1.0,1,1,A3,A3,832,873,100.0,throughput_heavy
0.9999999999999999,1.0,1,1,A3,A3,832,873,100.0,severity_heavy
0.9999999999999999,1.0,1,1,A3,A3,832,873,125.0,equal
0.9999999999999999,1.0,1,1,A3,A3,832,873,125.0,criticality_heavy
0.9999999999999999,1.0,1,1,A3,A3,832,873,125.0,throughput_heavy
0.9999999999999999,1.0,1,1,A3,A3,832,873,125.0,severity_heavy
0.7999999999999999,0.6,0,0,A3,A2,832,873,150.0,equal
0.7999999999999999,0.6,0,0,A3,A2,832,873,150.0,criticality_heavy
0.7999999999999999,0.6,0,0,A3,A2,832,873,150.0,throughput_heavy
0.8999999999999998,0.8,0,1,A3,A3,832,873,150.0,severity_heavy
0.9746794344808963,0.9486832980505138,0,1,A2,A2,833,874,100.0,equal
0.9746794344808963,0.9486832980505138,0,1,A2,A2,833,874,100.0,criticality_heavy
0.9746794344808963,0.9486832980505138,0,1,A2,A2,833,874,100.0,throughput_heavy
0.9746794344808963,0.9486832980505138,0,1,A2,A2,833,874,100.0,severity_heavy
0.9999999999999999,1.0,1,1,A2,A2,833,874,125.0,equal
0.9999999999999999,1.0,1,1,A2,A2,833,874,125.0,criticality_heavy
0.9999999999999999,1.0,1,1,A2,A2,833,874,125.0,throughput_heavy
0.9999999999999999,1.0,1,1,A2,A2,833,874,125.0,severity_heavy
0.9999999999999999,1.0,1,1,A2,A2,833,874,150.0,equal
0.9999999999999999,1.0,1,1,A2,A2,833,874,150.0,criticality_heavy
0.9999999999999999,1.0,1,1,A2,A2,833,874,150.0,throughput_heavy
0.9999999999999999,1.0,1,1,A2,A2,833,874,150.0,severity_heavy
1.0,1.0,1,1,A2,A2,834,875,100.0,equal
1.0,1.0,1,1,A2,A2,834,875,100.0,criticality_heavy
1.0,1.0,1,1,A2,A2,834,875,100.0,throughput_heavy
1.0,1.0,1,1,A2,A2,834,875,100.0,severity_heavy
1.0,1.0,1,1,A2,A2,834,875,125.0,equal
1.0,1.0,1,1,A2,A2,834,875,125.0,criticality_heavy
1.0,1.0,1,1,A2,A2,834,875,125.0,throughput_heavy
1.0,1.0,1,1,A2,A2,834,875,125.0,severity_heavy
0.9746794344808964,0.9486832980505138,0,1,A2,A2,834,875,150.0,equal
0.9746794344808964,0.9486832980505138,0,1,A2,A2,834,875,150.0,criticality_heavy
0.9746794344808964,0.9486832980505138,0,1,A2,A2,834,875,150.0,throughput_heavy
0.8720815992723809,0.7378647873726218,0,1,A2,A2,834,875,150.0,severity_heavy
0.8947368421052632,0.7777777777777778,0,0,A1,A4,835,876,100.0,equal
0.8947368421052632,0.7777777777777778,0,0,A1,A4,835,876,100.0,criticality_heavy
0.8947368421052632,0.7777777777777778,0,0,A1,A4,835,876,100.0,throughput_heavy
0.8947368421052632,0.7777777777777778,0,0,A1,A4,835,876,100.0,severity_heavy
1.0,1.0,1,1,A1,A1,835,876,125.0,equal
1.0,1.0,1,1,A1,A1,835,876,125.0,criticality_heavy
1.0,1.0,1,1,A1,A1,835,876,125.0,throughput_heavy
1.0,1.0,1,1,A1,A1,835,876,125.0,severity_heavy
0.9746794344808964,0.9486832980505138,0,1,A1,A1,835,876,150.0,equal
0.9746794344808964,0.9486832980505138,0,1,A1,A1,835,876,150.0,criticality_heavy
0.9746794344808964,0.9486832980505138,0,1,A1,A1,835,876,150.0,throughput_heavy
0.9746794344808964,0.9486832980505138,0,1,A1,A1,835,876,150.0,severity_heavy
1.0,1.0,1,1,A2,A2,836,877,100.0,equal
1.0,1.0,1,1,A2,A2,836,877,100.0,criticality_heavy
1.0,1.0,1,1,A2,A2,836,877,100.0,throughput_heavy
1.0,1.0,1,1,A2,A2,836,877,100.0,severity_heavy
1.0,1.0,1,1,A2,A2,836,877,125.0,equal
1.0,1.0,1,1,A2,A2,836,877,125.0,criticality_heavy
1.0,1.0,1,1,A2,A2,836,877,125.0,throughput_heavy
1.0,1.0,1,1,A2,A2,836,877,125.0,severity_heavy
0.9746794344808964,0.9486832980505138,0,1,A2,A2,836,877,150.0,equal
0.9746794344808964,0.9486832980505138,0,1,A2,A2,836,877,150.0,criticality_heavy
0.9746794344808964,0.9486832980505138,0,1,A2,A2,836,877,150.0,throughput_heavy
0.9746794344808964,0.9486832980505138,0,1,A2,A2,836,877,150.0,severity_heavy
0.8207826816681234,0.7378647873726218,0,1,A2,A2,837,878,100.0,equal
0.8207826816681234,0.7378647873726218,0,1,A2,A2,837,878,100.0,criticality_heavy
0.8207826816681234,0.7378647873726218,0,1,A2,A2,837,878,100.0,throughput_heavy
0.8207826816681234,0.7378647873726218,0,1,A2,A2,837,878,100.0,severity_heavy
0.9999999999999999,1.0,1,1,A2,A2,837,878,125.0,equal
0.9999999999999999,1.0,1,1,A2,A2,837,878,125.0,criticality_heavy
0.9999999999999999,1.0,1,1,A2,A2,837,878,125.0,throughput_heavy
0.9999999999999999,1.0,1,1,A2,A2,837,878,125.0,severity_heavy
0.9999999999999999,1.0,1,1,A2,A2,837,878,150.0,equal
0.9999999999999999,1.0,1,1,A2,A2,837,878,150.0,criticality_heavy
0.9999999999999999,1.0,1,1,A2,A2,837,878,150.0,throughput_heavy
0.9999999999999999,1.0,1,1,A2,A2,837,878,150.0,severity_heavy
1.0,1.0,1,1,A3,A3,838,879,100.0,equal
1.0,1.0,1,1,A3,A3,838,879,100.0,criticality_heavy
1.0,1.0,1,1,A3,A3,838,879,100.0,throughput_heavy
1.0,1.0,1,1,A3,A3,838,879,100.0,severity_heavy
1.0,1.0,1,1,A3,A3,838,879,125.0,equal
1.0,1.0,1,1,A3,A3,838,879,125.0,criticality_heavy
1.0,1.0,1,1,A3,A3,838,879,125.0,throughput_heavy
1.0,1.0,1,1,A3,A3,838,879,125.0,severity_heavy
0.8720815992723809,0.7378647873726218,0,1,A3,A3,838,879,150.0,equal
0.8720815992723809,0.7378647873726218,0,1,A3,A3,838,879,150.0,criticality_heavy
0.8720815992723809,0.7378647873726218,0,1,A3,A3,838,879,150.0,throughput_heavy
0.8720815992723809,0.7378647873726218,0,1,A3,A3,838,879,150.0,severity_heavy
0.8720815992723809,0.7378647873726218,0,0,A3,A4,839,880,100.0,equal
0.8720815992723809,0.7378647873726218,0,0,A3,A4,839,880,100.0,criticality_heavy
0.8720815992723809,0.7378647873726218,0,0,A3,A4,839,880,100.0,throughput_heavy
0.8720815992723809,0.7378647873726218,0,0,A3,A4,839,880,100.0,severity_heavy
0.9999999999999999,1.0,1,1,A3,A3,839,880,125.0,equal
0.9999999999999999,1.0,1,1,A3,A3,839,880,125.0,criticality_heavy
0.9999999999999999,1.0,1,1,A3,A3,839,880,125.0,throughput_heavy
0.9999999999999999,1.0,1,1,A3,A3,839,880,125.0,severity_heavy
0.8999999999999998,0.8,0,1,A3,A3,839,880,150.0,equal
0.8999999999999998,0.8,0,1,A3,A3,839,880,150.0,criticality_heavy
0.8999999999999998,0.8,0,1,A3,A3,839,880,150.0,throughput_heavy
0.8999999999999998,0.8,0,1,A3,A3,839,880,150.0,severity_heavy
1.0,1.0,1,1,A5,A5,840,881,100.0,equal
1.0,1.0,1,1,A5,A5,840,881,100.0,criticality_heavy
1.0,1.0,1,1,A5,A5,840,881,100.0,throughput_heavy
1.0,1.0,1,1,A5,A5,840,881,100.0,severity_heavy
1.0,1.0,1,1,A5,A5,840,881,125.0,equal
1.0,1.0,1,1,A5,A5,840,881,125.0,criticality_heavy
1.0,1.0,1,1,A5,A5,840,881,125.0,throughput_heavy
1.0,1.0,1,1,A5,A5,840,881,125.0,severity_heavy
0.9746794344808964,0.9486832980505138,0,1,A5,A5,840,881,150.0,equal
0.9746794344808964,0.9486832980505138,0,1,A5,A5,840,881,150.0,criticality_heavy
0.9746794344808964,0.9486832980505138,0,1,A5,A5,840,881,150.0,throughput_heavy
0.9746794344808964,0.9486832980505138,0,1,A5,A5,840,881,150.0,severity_heavy
0.8720815992723809,0.7378647873726218,0,1,A3,A3,841,882,100.0,equal
0.8720815992723809,0.7378647873726218,0,1,A3,A3,841,882,100.0,criticality_heavy
0.8720815992723809,0.7378647873726218,0,1,A3,A3,841,882,100.0,throughput_heavy
0.8720815992723809,0.7378647873726218,0,1,A3,A3,841,882,100.0,severity_heavy
0.9999999999999999,1.0,1,1,A3,A3,841,882,125.0,equal
0.9999999999999999,1.0,1,1,A3,A3,841,882,125.0,criticality_heavy
0.9999999999999999,1.0,1,1,A3,A3,841,882,125.0,throughput_heavy
0.9999999999999999,1.0,1,1,A3,A3,841,882,125.0,severity_heavy
0.9999999999999999,1.0,1,1,A3,A3,841,882,150.0,equal
0.9999999999999999,1.0,1,1,A3,A3,841,882,150.0,criticality_heavy
0.9999999999999999,1.0,1,1,A3,A3,841,882,150.0,throughput_heavy
0.9999999999999999,1.0,1,1,A3,A3,841,882,150.0,severity_heavy
1.0,1.0,1,1,A3,A3,842,883,100.0,equal
1.0,1.0,1,1,A3,A3,842,883,100.0,criticality_heavy
1.0,1.0,1,1,A3,A3,842,883,100.0,throughput_heavy
1.0,1.0,1,1,A3,A3,842,883,100.0,severity_heavy
1.0,1.0,1,1,A3,A3,842,883,125.0,equal
1.0,1.0,1,1,A3,A3,842,883,125.0,criticality_heavy
1.0,1.0,1,1,A3,A3,842,883,125.0,throughput_heavy
1.0,1.0,1,1,A3,A3,842,883,125.0,severity_heavy
0.9746794344808964,0.9486832980505138,0,1,A3,A3,842,883,150.0,equal
0.9746794344808964,0.9486832980505138,0,1,A3,A3,842,883,150.0,criticality_heavy
0.9746794344808964,0.9486832980505138,0,1,A3,A3,842,883,150.0,throughput_heavy
0.9746794344808964,0.9486832980505138,0,1,A3,A3,842,883,150.0,severity_heavy
0.9746794344808963,0.9486832980505138,0,1,A3,A3,843,884,100.0,equal
0.9746794344808963,0.9486832980505138,0,1,A3,A3,843,884,100.0,criticality_heavy
0.9746794344808963,0.9486832980505138,0,1,A3,A3,843,884,100.0,throughput_heavy
0.9746794344808963,0.9486832980505138,0,1,A3,A3,843,884,100.0,severity_heavy
0.9999999999999999,1.0,1,1,A3,A3,843,884,125.0,equal
0.9999999999999999,1.0,1,1,A3,A3,843,884,125.0,criticality_heavy
0.9999999999999999,1.0,1,1,A3,A3,843,884,125.0,throughput_heavy
0.9999999999999999,1.0,1,1,A3,A3,843,884,125.0,severity_heavy
0.9999999999999999,1.0,1,1,A3,A3,843,884,150.0,equal
0.9999999999999999,1.0,1,1,A3,A3,843,884,150.0,criticality_heavy
0.9999999999999999,1.0,1,1,A3,A3,843,884,150.0,throughput_heavy
0.9999999999999999,1.0,1,1,A3,A3,843,884,150.0,severity_heavy
1.0,1.0,1,1,A3,A3,844,885,100.0,equal
1.0,1.0,1,1,A3,A3,844,885,100.0,criticality_heavy
1.0,1.0,1,1,A3,A3,844,885,100.0,throughput_heavy
1.0,1.0,1,1,A3,A3,844,885,100.0,severity_heavy
1.0,1.0,1,1,A3,A3,844,885,125.0,equal
1.0,1.0,1,1,A3,A3,844,885,125.0,criticality_heavy
1.0,1.0,1,1,A3,A3,844,885,125.0,throughput_heavy
1.0,1.0,1,1,A3,A3,844,885,125.0,severity_heavy
0.9746794344808964,0.9486832980505138,0,1,A3,A3,844,885,150.0,equal
0.8720815992723809,0.7378647873726218,0,0,A3,A2,844,885,150.0,criticality_heavy
0.8720815992723809,0.7378647873726218,0,0,A3,A2,844,885,150.0,throughput_heavy
0.9746794344808964,0.9486832980505138,0,1,A3,A3,844,885,150.0,severity_heavy
0.9746794344808963,0.9486832980505138,0,1,A3,A3,845,886,100.0,equal
0.9746794344808963,0.9486832980505138,0,1,A3,A3,845,886,100.0,criticality_heavy
0.9746794344808963,0.9486832980505138,0,1,A3,A3,845,886,100.0,throughput_heavy
0.9746794344808963,0.9486832980505138,0,1,A3,A3,845,886,100.0,severity_heavy
0.9999999999999999,1.0,1,1,A3,A3,845,886,125.0,equal
0.9999999999999999,1.0,1,1,A3,A3,845,886,125.0,criticality_heavy
0.9999999999999999,1.0,1,1,A3,A3,845,886,125.0,throughput_heavy
0.9999999999999999,1.0,1,1,A3,A3,845,886,125.0,severity_heavy
0.9999999999999999,1.0,1,1,A3,A3,845,886,150.0,equal
0.9999999999999999,1.0,1,1,A3,A3,845,886,150.0,criticality_heavy
0.9999999999999999,1.0,1,1,A3,A3,845,886,150.0,throughput_heavy
0.9999999999999999,1.0,1,1,A3,A3,845,886,150.0,severity_heavy
0.9746794344808963,0.9486832980505138,0,1,A2,A2,846,887,100.0,equal
0.9746794344808963,0.9486832980505138,0,1,A2,A2,846,887,100.0,criticality_heavy
0.9746794344808963,0.9486832980505138,0,1,A2,A2,846,887,100.0,throughput_heavy
0.9746794344808963,0.9486832980505138,0,1,A2,A2,846,887,100.0,severity_heavy
0.9999999999999999,1.0,1,1,A2,A2,846,887,125.0,equal
0.9999999999999999,1.0,1,1,A2,A2,846,887,125.0,criticality_heavy
0.9999999999999999,1.0,1,1,A2,A2,846,887,125.0,throughput_heavy
0.9999999999999999,1.0,1,1,A2,A2,846,887,125.0,severity_heavy
0.9999999999999999,1.0,1,1,A2,A2,846,887,150.0,equal
0.9999999999999999,1.0,1,1,A2,A2,846,887,150.0,criticality_heavy
0.9999999999999999,1.0,1,1,A2,A2,846,887,150.0,throughput_heavy
0.9999999999999999,1.0,1,1,A2,A2,846,887,150.0,severity_heavy
0.9746794344808963,0.9486832980505138,0,1,A1,A1,847,888,100.0,equal
0.9746794344808963,0.9486832980505138,0,1,A1,A1,847,888,100.0,criticality_heavy
0.9746794344808963,0.9486832980505138,0,1,A1,A1,847,888,100.0,throughput_heavy
0.9746794344808963,0.9486832980505138,0,1,A1,A1,847,888,100.0,severity_heavy
0.9999999999999999,1.0,1,1,A1,A1,847,888,125.0,equal
0.9999999999999999,1.0,1,1,A1,A1,847,888,125.0,criticality_heavy
0.9999999999999999,1.0,1,1,A1,A1,847,888,125.0,throughput_heavy
0.9999999999999999,1.0,1,1,A1,A1,847,888,125.0,severity_heavy
0.8999999999999998,0.8,0,1,A1,A1,847,888,150.0,equal
0.9999999999999999,1.0,1,1,A1,A1,847,888,150.0,criticality_heavy
0.9999999999999999,1.0,1,1,A1,A1,847,888,150.0,throughput_heavy
0.8999999999999998,0.8,0,1,A1,A1,847,888,150.0,severity_heavy
1.0,1.0,1,1,A1,A1,848,889,100.0,equal
1.0,1.0,1,1,A1,A1,848,889,100.0,criticality_heavy
1.0,1.0,1,1,A1,A1,848,889,100.0,throughput_heavy
1.0,1.0,1,1,A1,A1,848,889,100.0,severity_heavy
1.0,1.0,1,1,A1,A1,848,889,125.0,equal
1.0,1.0,1,1,A1,A1,848,889,125.0,criticality_heavy
1.0,1.0,1,1,A1,A1,848,889,125.0,throughput_heavy
1.0,1.0,1,1,A1,A1,848,889,125.0,severity_heavy
0.9746794344808964,0.9486832980505138,0,1,A1,A1,848,889,150.0,equal
0.9746794344808964,0.9486832980505138,0,1,A1,A1,848,889,150.0,criticality_heavy
0.9746794344808964,0.9486832980505138,0,1,A1,A1,848,889,150.0,throughput_heavy
0.9746794344808964,0.9486832980505138,0,1,A1,A1,848,889,150.0,severity_heavy
0.8947368421052632,0.7777777777777778,0,1,A2,A2,849,890,100.0,equal
0.8947368421052632,0.7777777777777778,0,1,A2,A2,849,890,100.0,criticality_heavy
0.8947368421052632,0.7777777777777778,0,1,A2,A2,849,890,100.0,throughput_heavy
0.8947368421052632,0.7777777777777778,0,1,A2,A2,849,890,100.0,severity_heavy
1.0,1.0,1,1,A2,A2,849,890,125.0,equal
1.0,1.0,1,1,A2,A2,849,890,125.0,criticality_heavy
1.0,1.0,1,1,A2,A2,849,890,125.0,throughput_heavy
1.0,1.0,1,1,A2,A2,849,890,125.0,severity_heavy
0.9746794344808964,0.9486832980505138,0,1,A2,A2,849,890,150.0,equal
0.9746794344808964,0.9486832980505138,0,1,A2,A2,849,890,150.0,criticality_heavy
0.9746794344808964,0.9486832980505138,0,1,A2,A2,849,890,150.0,throughput_heavy
0.9746794344808964,0.9486832980505138,0,1,A2,A2,849,890,150.0,severity_heavy
1.0,1.0,1,1,A1,A1,850,891,100.0,equal
1.0,1.0,1,1,A1,A1,850,891,100.0,criticality_heavy
1.0,1.0,1,1,A1,A1,850,891,100.0,throughput_heavy
1.0,1.0,1,1,A1,A1,850,891,100.0,severity_heavy
1.0,1.0,1,1,A1,A1,850,891,125.0,equal
1.0,1.0,1,1,A1,A1,850,891,125.0,criticality_heavy
1.0,1.0,1,1,A1,A1,850,891,125.0,throughput_heavy
1.0,1.0,1,1,A1,A1,850,891,125.0,severity_heavy
0.8720815992723809,0.7378647873726218,0,1,A1,A1,850,891,150.0,equal
0.8720815992723809,0.7378647873726218,0,1,A1,A1,850,891,150.0,criticality_heavy
0.8720815992723809,0.7378647873726218,0,1,A1,A1,850,891,150.0,throughput_heavy
0.8720815992723809,0.7378647873726218,0,1,A1,A1,850,891,150.0,severity_heavy
1.0,1.0,1,1,A1,A1,851,892,100.0,equal
1.0,1.0,1,1,A1,A1,851,892,100.0,criticality_heavy
1.0,1.0,1,1,A1,A1,851,892,100.0,throughput_heavy
1.0,1.0,1,1,A1,A1,851,892,100.0,severity_heavy
1.0,1.0,1,1,A1,A1,851,892,125.0,equal
1.0,1.0,1,1,A1,A1,851,892,125.0,criticality_heavy
1.0,1.0,1,1,A1,A1,851,892,125.0,throughput_heavy
1.0,1.0,1,1,A1,A1,851,892,125.0,severity_heavy
0.9746794344808964,0.9486832980505138,0,1,A1,A1,851,892,150.0,equal
0.9746794344808964,0.9486832980505138,0,1,A1,A1,851,892,150.0,criticality_heavy
0.9746794344808964,0.9486832980505138,0,1,A1,A1,851,892,150.0,throughput_heavy
0.9746794344808964,0.9486832980505138,0,1,A1,A1,851,892,150.0,severity_heavy
1.0,1.0,1,1,A4,A4,852,893,100.0,equal
1.0,1.0,1,1,A4,A4,852,893,100.0,criticality_heavy
1.0,1.0,1,1,A4,A4,852,893,100.0,throughput_heavy
1.0,1.0,1,1,A4,A4,852,893,100.0,severity_heavy
1.0,1.0,1,1,A4,A4,852,893,125.0,equal
1.0,1.0,1,1,A4,A4,852,893,125.0,criticality_heavy
1.0,1.0,1,1,A4,A4,852,893,125.0,throughput_heavy
1.0,1.0,1,1,A4,A4,852,893,125.0,severity_heavy
0.8720815992723809,0.7378647873726218,0,0,A4,A5,852,893,150.0,equal
0.8720815992723809,0.7378647873726218,0,0,A4,A5,852,893,150.0,criticality_heavy
0.8720815992723809,0.7378647873726218,0,0,A4,A5,852,893,150.0,throughput_heavy
0.9746794344808964,0.9486832980505138,0,1,A4,A4,852,893,150.0,severity_heavy
0.9746794344808963,0.9486832980505138,0,1,A2,A2,853,894,100.0,equal
0.9746794344808963,0.9486832980505138,0,1,A2,A2,853,894,100.0,criticality_heavy
0.9746794344808963,0.9486832980505138,0,1,A2,A2,853,894,100.0,throughput_heavy
0.9746794344808963,0.9486832980505138,0,1,A2,A2,853,894,100.0,severity_heavy
0.9999999999999999,1.0,1,1,A2,A2,853,894,125.0,equal
0.9999999999999999,1.0,1,1,A2,A2,853,894,125.0,criticality_heavy
0.9999999999999999,1.0,1,1,A2,A2,853,894,125.0,throughput_heavy
0.9999999999999999,1.0,1,1,A2,A2,853,894,125.0,severity_heavy
0.9999999999999999,1.0,1,1,A2,A2,853,894,150.0,equal
0.9999999999999999,1.0,1,1,A2,A2,853,894,150.0,criticality_heavy
0.9999999999999999,1.0,1,1,A2,A2,853,894,150.0,throughput_heavy
0.9999999999999999,1.0,1,1,A2,A2,853,894,150.0,severity_heavy
0.9746794344808963,0.9486832980505138,0,1,A2,A2,854,895,100.0,equal
0.9746794344808963,0.9486832980505138,0,1,A2,A2,854,895,100.0,criticality_heavy
0.9746794344808963,0.9486832980505138,0,1,A2,A2,854,895,100.0,throughput_heavy
0.9746794344808963,0.9486832980505138,0,1,A2,A2,854,895,100.0,severity_heavy
0.9999999999999999,1.0,1,1,A2,A2,854,895,125.0,equal
0.9999999999999999,1.0,1,1,A2,A2,854,895,125.0,criticality_heavy
0.9999999999999999,1.0,1,1,A2,A2,854,895,125.0,throughput_heavy
0.9999999999999999,1.0,1,1,A2,A2,854,895,125.0,severity_heavy
0.9999999999999999,1.0,1,1,A2,A2,854,895,150.0,equal
0.9999999999999999,1.0,1,1,A2,A2,854,895,150.0,criticality_heavy
0.9999999999999999,1.0,1,1,A2,A2,854,895,150.0,throughput_heavy
0.9999999999999999,1.0,1,1,A2,A2,854,895,150.0,severity_heavy
0.8720815992723809,0.7378647873726218,0,1,A1,A1,855,896,100.0,equal
0.8720815992723809,0.7378647873726218,0,1,A1,A1,855,896,100.0,criticality_heavy
0.8720815992723809,0.7378647873726218,0,1,A1,A1,855,896,100.0,throughput_heavy
0.8720815992723809,0.7378647873726218,0,1,A1,A1,855,896,100.0,severity_heavy
0.9999999999999999,1.0,1,1,A1,A1,855,896,125.0,equal
0.9999999999999999,1.0,1,1,A1,A1,855,896,125.0,criticality_heavy
0.9999999999999999,1.0,1,1,A1,A1,855,896,125.0,throughput_heavy
0.9999999999999999,1.0,1,1,A1,A1,855,896,125.0,severity_heavy
0.9999999999999999,1.0,1,1,A1,A1,855,896,150.0,equal
0.9999999999999999,1.0,1,1,A1,A1,855,896,150.0,criticality_heavy
0.9999999999999999,1.0,1,1,A1,A1,855,896,150.0,throughput_heavy
0.9999999999999999,1.0,1,1,A1,A1,855,896,150.0,severity_heavy
0.9746794344808963,0.9486832980505138,0,1,A4,A4,856,897,100.0,equal
0.9746794344808963,0.9486832980505138,0,1,A4,A4,856,897,100.0,criticality_heavy
0.9746794344808963,0.9486832980505138,0,1,A4,A4,856,897,100.0,throughput_heavy
0.9746794344808963,0.9486832980505138,0,1,A4,A4,856,897,100.0,severity_heavy
0.9999999999999999,1.0,1,1,A4,A4,856,897,125.0,equal
0.9999999999999999,1.0,1,1,A4,A4,856,897,125.0,criticality_heavy
0.9999999999999999,1.0,1,1,A4,A4,856,897,125.0,throughput_heavy
0.9999999999999999,1.0,1,1,A4,A4,856,897,125.0,severity_heavy
0.7,0.6,0,0,A4,A2,856,897,150.0,equal
0.7,0.6,0,0,A4,A2,856,897,150.0,criticality_heavy
0.7,0.6,0,0,A4,A2,856,897,150.0,throughput_heavy
0.8999999999999998,0.8,0,1,A4,A4,856,897,150.0,severity_heavy
0.8720815992723809,0.7378647873726218,0,0,A3,A5,857,898,100.0,equal
0.8720815992723809,0.7378647873726218,0,0,A3,A5,857,898,100.0,criticality_heavy
0.8720815992723809,0.7378647873726218,0,0,A3,A5,857,898,100.0,throughput_heavy
0.8720815992723809,0.7378647873726218,0,0,A3,A5,857,898,100.0,severity_heavy
0.9999999999999999,1.0,1,1,A3,A3,857,898,125.0,equal
0.8999999999999998,0.8,0,0,A3,A5,857,898,125.0,criticality_heavy
0.8999999999999998,0.8,0,0,A3,A5,857,898,125.0,throughput_heavy
0.9999999999999999,1.0,1,1,A3,A3,857,898,125.0,severity_heavy
0.9999999999999999,1.0,1,1,A3,A3,857,898,150.0,equal
0.9999999999999999,1.0,1,1,A3,A3,857,898,150.0,criticality_heavy
0.9999999999999999,1.0,1,1,A3,A3,857,898,150.0,throughput_heavy
0.9999999999999999,1.0,1,1,A3,A3,857,898,150.0,severity_heavy
0.9746794344808963,0.9486832980505138,0,1,A3,A3,858,899,100.0,equal
0.9746794344808963,0.9486832980505138,0,1,A3,A3,858,899,100.0,criticality_heavy
0.9746794344808963,0.9486832980505138,0,1,A3,A3,858,899,100.0,throughput_heavy
0.9746794344808963,0.9486832980505138,0,1,A3,A3,858,899,100.0,severity_heavy
0.9999999999999999,1.0,1,1,A3,A3,858,899,125.0,equal
0.9999999999999999,1.0,1,1,A3,A3,858,899,125.0,criticality_heavy
0.9999999999999999,1.0,1,1,A3,A3,858,899,125.0,throughput_heavy
0.9999999999999999,1.0,1,1,A3,A3,858,899,125.0,severity_heavy
0.9999999999999999,1.0,1,1,A3,A3,858,899,150.0,equal
0.9999999999999999,1.0,1,1,A3,A3,858,899,150.0,criticality_heavy
0.9999999999999999,1.0,1,1,A3,A3,858,899,150.0,throughput_heavy
0.9999999999999999,1.0,1,1,A3,A3,858,899,150.0,severity_heavy
0.9746794344808963,0.9486832980505138,0,1,A3,A3,859,900,100.0,equal
0.9746794344808963,0.9486832980505138,0,1,A3,A3,859,900,100.0,criticality_heavy
0.9746794344808963,0.9486832980505138,0,1,A3,A3,859,900,100.0,throughput_heavy
0.9746794344808963,0.9486832980505138,0,1,A3,A3,859,900,100.0,severity_heavy
0.9999999999999999,1.0,1,1,A3,A3,859,900,125.0,equal
0.9999999999999999,1.0,1,1,A3,A3,859,900,125.0,criticality_heavy
0.9999999999999999,1.0,1,1,A3,A3,859,900,125.0,throughput_heavy
0.9999999999999999,1.0,1,1,A3,A3,859,900,125.0,severity_heavy
0.9999999999999999,1.0,1,1,A3,A3,859,900,150.0,equal
0.9999999999999999,1.0,1,1,A3,A3,859,900,150.0,criticality_heavy
0.9999999999999999,1.0,1,1,A3,A3,859,900,150.0,throughput_heavy
0.9999999999999999,1.0,1,1,A3,A3,859,900,150.0,severity_heavy
1.0,1.0,1,1,A2,A2,860,901,100.0,equal
1.0,1.0,1,1,A2,A2,860,901,100.0,criticality_heavy
1.0,1.0,1,1,A2,A2,860,901,100.0,throughput_heavy
1.0,1.0,1,1,A2,A2,860,901,100.0,severity_heavy
1.0,1.0,1,1,A2,A2,860,901,125.0,equal
1.0,1.0,1,1,A2,A2,860,901,125.0,criticality_heavy
1.0,1.0,1,1,A2,A2,860,901,125.0,throughput_heavy
1.0,1.0,1,1,A2,A2,860,901,125.0,severity_heavy
0.9746794344808964,0.9486832980505138,0,1,A2,A2,860,901,150.0,equal
0.9746794344808964,0.9486832980505138,0,1,A2,A2,860,901,150.0,criticality_heavy
0.9746794344808964,0.9486832980505138,0,1,A2,A2,860,901,150.0,throughput_heavy
0.9746794344808964,0.9486832980505138,0,1,A2,A2,860,901,150.0,severity_heavy
1.0,1.0,1,1,A2,A2,861,902,100.0,equal
1.0,1.0,1,1,A2,A2,861,902,100.0,criticality_heavy
1.0,1.0,1,1,A2,A2,861,902,100.0,throughput_heavy
1.0,1.0,1,1,A2,A2,861,902,100.0,severity_heavy
1.0,1.0,1,1,A2,A2,861,902,125.0,equal
1.0,1.0,1,1,A2,A2,861,902,125.0,criticality_heavy
1.0,1.0,1,1,A2,A2,861,902,125.0,throughput_heavy
1.0,1.0,1,1,A2,A2,861,902,125.0,severity_heavy
0.9746794344808964,0.9486832980505138,0,1,A2,A2,861,902,150.0,equal
0.9746794344808964,0.9486832980505138,0,1,A2,A2,861,902,150.0,criticality_heavy
0.9746794344808964,0.9486832980505138,0,1,A2,A2,861,902,150.0,throughput_heavy
0.9746794344808964,0.9486832980505138,0,1,A2,A2,861,902,150.0,severity_heavy
0.9746794344808963,0.9486832980505138,0,1,A3,A3,862,903,100.0,equal
0.9746794344808963,0.9486832980505138,0,1,A3,A3,862,903,100.0,criticality_heavy
0.9746794344808963,0.9486832980505138,0,1,A3,A3,862,903,100.0,throughput_heavy
0.9746794344808963,0.9486832980505138,0,1,A3,A3,862,903,100.0,severity_heavy
0.9999999999999999,1.0,1,1,A3,A3,862,903,125.0,equal
0.9999999999999999,1.0,1,1,A3,A3,862,903,125.0,criticality_heavy
0.9999999999999999,1.0,1,1,A3,A3,862,903,125.0,throughput_heavy
0.9999999999999999,1.0,1,1,A3,A3,862,903,125.0,severity_heavy
0.9999999999999999,1.0,1,1,A3,A3,862,903,150.0,equal
0.9999999999999999,1.0,1,1,A3,A3,862,903,150.0,criticality_heavy
0.9999999999999999,1.0,1,1,A3,A3,862,903,150.0,throughput_heavy
0.9999999999999999,1.0,1,1,A3,A3,862,903,150.0,severity_heavy
1.0,1.0,1,1,A2,A2,863,904,100.0,equal
1.0,1.0,1,1,A2,A2,863,904,100.0,criticality_heavy
1.0,1.0,1,1,A2,A2,863,904,100.0,throughput_heavy
1.0,1.0,1,1,A2,A2,863,904,100.0,severity_heavy
1.0,1.0,1,1,A2,A2,863,904,125.0,equal
1.0,1.0,1,1,A2,A2,863,904,125.0,criticality_heavy
1.0,1.0,1,1,A2,A2,863,904,125.0,throughput_heavy
1.0,1.0,1,1,A2,A2,863,904,125.0,severity_heavy
0.9746794344808964,0.9486832980505138,0,1,A2,A2,863,904,150.0,equal
0.9746794344808964,0.9486832980505138,0,1,A2,A2,863,904,150.0,criticality_heavy
0.9746794344808964,0.9486832980505138,0,1,A2,A2,863,904,150.0,throughput_heavy
0.9746794344808964,0.9486832980505138,0,1,A2,A2,863,904,150.0,severity_heavy
0.9746794344808963,0.9486832980505138,0,1,A5,A5,864,905,100.0,equal
0.9746794344808963,0.9486832980505138,0,1,A5,A5,864,905,100.0,criticality_heavy
0.9746794344808963,0.9486832980505138,0,1,A5,A5,864,905,100.0,throughput_heavy
0.9746794344808963,0.9486832980505138,0,1,A5,A5,864,905,100.0,severity_heavy
0.9999999999999999,1.0,1,1,A5,A5,864,905,125.0,equal
0.9999999999999999,1.0,1,1,A5,A5,864,905,125.0,criticality_heavy
0.9999999999999999,1.0,1,1,A5,A5,864,905,125.0,throughput_heavy
0.9999999999999999,1.0,1,1,A5,A5,864,905,125.0,severity_heavy
0.6,0.4,0,1,A5,A5,864,905,150.0,equal
0.7,0.6,0,1,A5,A5,864,905,150.0,criticality_heavy
0.6,0.4,0,1,A5,A5,864,905,150.0,throughput_heavy
0.7,0.6,0,1,A5,A5,864,905,150.0,severity_heavy
0.9999999999999999,1.0,1,1,A2,A2,865,906,100.0,equal
0.9999999999999999,1.0,1,1,A2,A2,865,906,100.0,criticality_heavy
0.9999999999999999,1.0,1,1,A2,A2,865,906,100.0,throughput_heavy
0.9999999999999999,1.0,1,1,A2,A2,865,906,100.0,severity_heavy
0.9999999999999999,1.0,1,1,A2,A2,865,906,125.0,equal
0.9999999999999999,1.0,1,1,A2,A2,865,906,125.0,criticality_heavy
0.9999999999999999,1.0,1,1,A2,A2,865,906,125.0,throughput_heavy
0.9999999999999999,1.0,1,1,A2,A2,865,906,125.0,severity_heavy
0.9999999999999999,1.0,1,1,A2,A2,865,906,150.0,equal
0.9999999999999999,1.0,1,1,A2,A2,865,906,150.0,criticality_heavy
0.9999999999999999,1.0,1,1,A2,A2,865,906,150.0,throughput_heavy
0.9999999999999999,1.0,1,1,A2,A2,865,906,150.0,severity_heavy
0.9746794344808963,0.9486832980505138,0,1,A3,A3,866,907,100.0,equal
0.9746794344808963,0.9486832980505138,0,1,A3,A3,866,907,100.0,criticality_heavy
0.9746794344808963,0.9486832980505138,0,1,A3,A3,866,907,100.0,throughput_heavy
0.9746794344808963,0.9486832980505138,0,1,A3,A3,866,907,100.0,severity_heavy
0.9999999999999999,1.0,1,1,A3,A3,866,907,125.0,equal
0.9999999999999999,1.0,1,1,A3,A3,866,907,125.0,criticality_heavy
0.9999999999999999,1.0,1,1,A3,A3,866,907,125.0,throughput_heavy
0.9999999999999999,1.0,1,1,A3,A3,866,907,125.0,severity_heavy
0.9999999999999999,1.0,1,1,A3,A3,866,907,150.0,equal
0.9999999999999999,1.0,1,1,A3,A3,866,907,150.0,criticality_heavy
0.9999999999999999,1.0,1,1,A3,A3,866,907,150.0,throughput_heavy
0.9999999999999999,1.0,1,1,A3,A3,866,907,150.0,severity_heavy
1.0,1.0,1,1,A3,A3,867,908,100.0,equal
1.0,1.0,1,1,A3,A3,867,908,100.0,criticality_heavy
1.0,1.0,1,1,A3,A3,867,908,100.0,throughput_heavy
1.0,1.0,1,1,A3,A3,867,908,100.0,severity_heavy
1.0,1.0,1,1,A3,A3,867,908,125.0,equal
1.0,1.0,1,1,A3,A3,867,908,125.0,criticality_heavy
1.0,1.0,1,1,A3,A3,867,908,125.0,throughput_heavy
1.0,1.0,1,1,A3,A3,867,908,125.0,severity_heavy
0.9746794344808964,0.9486832980505138,0,1,A3,A3,867,908,150.0,equal
0.9746794344808964,0.9486832980505138,0,1,A3,A3,867,908,150.0,criticality_heavy
0.9746794344808964,0.9486832980505138,0,1,A3,A3,867,908,150.0,throughput_heavy
0.9746794344808964,0.9486832980505138,0,1,A3,A3,867,908,150.0,severity_heavy
0.9746794344808963,0.9486832980505138,0,1,A5,A5,868,909,100.0,equal
0.9746794344808963,0.9486832980505138,0,1,A5,A5,868,909,100.0,criticality_heavy
0.9746794344808963,0.9486832980505138,0,1,A5,A5,868,909,100.0,throughput_heavy
0.9746794344808963,0.9486832980505138,0,1,A5,A5,868,909,100.0,severity_heavy
0.9999999999999999,1.0,1,1,A5,A5,868,909,125.0,equal
0.9999999999999999,1.0,1,1,A5,A5,868,909,125.0,criticality_heavy
0.9999999999999999,1.0,1,1,A5,A5,868,909,125.0,throughput_heavy
0.8999999999999998,0.8,0,0,A5,A3,868,909,125.0,severity_heavy
0.8999999999999998,0.8,0,0,A5,A3,868,909,150.0,equal
0.8999999999999998,0.8,0,0,A5,A3,868,909,150.0,criticality_heavy
0.8999999999999998,0.8,0,0,A5,A3,868,909,150.0,throughput_heavy
0.8999999999999998,0.8,0,0,A5,A3,868,909,150.0,severity_heavy
0.8207826816681234,0.7378647873726218,0,1,A5,A5,869,910,100.0,equal
0.8207826816681234,0.7378647873726218,0,1,A5,A5,869,910,100.0,criticality_heavy
0.8207826816681234,0.7378647873726218,0,1,A5,A5,869,910,100.0,throughput_heavy
0.8207826816681234,0.7378647873726218,0,1,A5,A5,869,910,100.0,severity_heavy
0.9999999999999999,1.0,1,1,A5,A5,869,910,125.0,equal
0.9999999999999999,1.0,1,1,A5,A5,869,910,125.0,criticality_heavy
0.9999999999999999,1.0,1,1,A5,A5,869,910,125.0,throughput_heavy
0.9999999999999999,1.0,1,1,A5,A5,869,910,125.0,severity_heavy
0.9999999999999999,1.0,1,1,A5,A5,869,910,150.0,equal
0.9999999999999999,1.0,1,1,A5,A5,869,910,150.0,criticality_heavy
0.9999999999999999,1.0,1,1,A5,A5,869,910,150.0,throughput_heavy
0.8999999999999998,0.8,0,0,A5,A1,869,910,150.0,severity_heavy
1.0,1.0,1,1,A2,A2,870,911,100.0,equal
1.0,1.0,1,1,A2,A2,870,911,100.0,criticality_heavy
1.0,1.0,1,1,A2,A2,870,911,100.0,throughput_heavy
1.0,1.0,1,1,A2,A2,870,911,100.0,severity_heavy
1.0,1.0,1,1,A2,A2,870,911,125.0,equal
1.0,1.0,1,1,A2,A2,870,911,125.0,criticality_heavy
1.0,1.0,1,1,A2,A2,870,911,125.0,throughput_heavy
1.0,1.0,1,1,A2,A2,870,911,125.0,severity_heavy
0.9746794344808964,0.9486832980505138,0,1,A2,A2,870,911,150.0,equal
0.9746794344808964,0.9486832980505138,0,1,A2,A2,870,911,150.0,criticality_heavy
0.9746794344808964,0.9486832980505138,0,1,A2,A2,870,911,150.0,throughput_heavy
0.9746794344808964,0.9486832980505138,0,1,A2,A2,870,911,150.0,severity_heavy
1.0,1.0,1,1,A3,A3,871,912,100.0,equal
1.0,1.0,1,1,A3,A3,871,912,100.0,criticality_heavy
1.0,1.0,1,1,A3,A3,871,912,100.0,throughput_heavy
1.0,1.0,1,1,A3,A3,871,912,100.0,severity_heavy
1.0,1.0,1,1,A3,A3,871,912,125.0,equal
1.0,1.0,1,1,A3,A3,871,912,125.0,criticality_heavy
1.0,1.0,1,1,A3,A3,871,912,125.0,throughput_heavy
1.0,1.0,1,1,A3,A3,871,912,125.0,severity_heavy
0.9746794344808964,0.9486832980505138,0,1,A3,A3,871,912,150.0,equal
0.9746794344808964,0.9486832980505138,0,1,A3,A3,871,912,150.0,criticality_heavy
0.9746794344808964,0.9486832980505138,0,1,A3,A3,871,912,150.0,throughput_heavy
0.9746794344808964,0.9486832980505138,0,1,A3,A3,871,912,150.0,severity_heavy
0.9746794344808963,0.9486832980505138,0,1,A3,A3,872,913,100.0,equal
0.9746794344808963,0.9486832980505138,0,1,A3,A3,872,913,100.0,criticality_heavy
0.9746794344808963,0.9486832980505138,0,1,A3,A3,872,913,100.0,throughput_heavy
0.9746794344808963,0.9486832980505138,0,1,A3,A3,872,913,100.0,severity_heavy
0.9999999999999999,1.0,1,1,A3,A3,872,913,125.0,equal
0.9999999999999999,1.0,1,1,A3,A3,872,913,125.0,criticality_heavy
0.9999999999999999,1.0,1,1,A3,A3,872,913,125.0,throughput_heavy
0.9999999999999999,1.0,1,1,A3,A3,872,913,125.0,severity_heavy
0.9999999999999999,1.0,1,1,A3,A3,872,913,150.0,equal
0.9999999999999999,1.0,1,1,A3,A3,872,913,150.0,criticality_heavy
0.9999999999999999,1.0,1,1,A3,A3,872,913,150.0,throughput_heavy
0.9999999999999999,1.0,1,1,A3,A3,872,913,150.0,severity_heavy
0.9746794344808963,0.9486832980505138,0,1,A2,A2,873,914,100.0,equal
0.9746794344808963,0.9486832980505138,0,1,A2,A2,873,914,100.0,criticality_heavy
0.9746794344808963,0.9486832980505138,0,1,A2,A2,873,914,100.0,throughput_heavy
0.9746794344808963,0.9486832980505138,0,1,A2,A2,873,914,100.0,severity_heavy
0.9999999999999999,1.0,1,1,A2,A2,873,914,125.0,equal
0.9999999999999999,1.0,1,1,A2,A2,873,914,125.0,criticality_heavy
0.9999999999999999,1.0,1,1,A2,A2,873,914,125.0,throughput_heavy
0.9999999999999999,1.0,1,1,A2,A2,873,914,125.0,severity_heavy
0.9999999999999999,1.0,1,1,A2,A2,873,914,150.0,equal
0.9999999999999999,1.0,1,1,A2,A2,873,914,150.0,criticality_heavy
0.9999999999999999,1.0,1,1,A2,A2,873,914,150.0,throughput_heavy
0.9999999999999999,1.0,1,1,A2,A2,873,914,150.0,severity_heavy
0.8720815992723809,0.7378647873726218,0,0,A3,A4,874,915,100.0,equal
0.8720815992723809,0.7378647873726218,0,0,A3,A4,874,915,100.0,criticality_heavy
0.8720815992723809,0.7378647873726218,0,0,A3,A4,874,915,100.0,throughput_heavy
0.8720815992723809,0.7378647873726218,0,0,A3,A4,874,915,100.0,severity_heavy
0.9999999999999999,1.0,1,1,A3,A3,874,915,125.0,equal
0.9999999999999999,1.0,1,1,A3,A3,874,915,125.0,criticality_heavy
0.9999999999999999,1.0,1,1,A3,A3,874,915,125.0,throughput_heavy
0.9999999999999999,1.0,1,1,A3,A3,874,915,125.0,severity_heavy
0.8999999999999998,0.8,0,1,A3,A3,874,915,150.0,equal
0.8999999999999998,0.8,0,1,A3,A3,874,915,150.0,criticality_heavy
0.8999999999999998,0.8,0,1,A3,A3,874,915,150.0,throughput_heavy
0.8999999999999998,0.8,0,1,A3,A3,874,915,150.0,severity_heavy
0.8207826816681234,0.7378647873726218,0,1,A5,A5,875,916,100.0,equal
0.8207826816681234,0.7378647873726218,0,1,A5,A5,875,916,100.0,criticality_heavy
0.8207826816681234,0.7378647873726218,0,1,A5,A5,875,916,100.0,throughput_heavy
0.8207826816681234,0.7378647873726218,0,1,A5,A5,875,916,100.0,severity_heavy
0.9999999999999999,1.0,1,1,A5,A5,875,916,125.0,equal
0.9999999999999999,1.0,1,1,A5,A5,875,916,125.0,criticality_heavy
0.9999999999999999,1.0,1,1,A5,A5,875,916,125.0,throughput_heavy
0.9999999999999999,1.0,1,1,A5,A5,875,916,125.0,severity_heavy
0.8999999999999998,0.8,0,0,A5,A3,875,916,150.0,equal
0.9999999999999999,1.0,1,1,A5,A5,875,916,150.0,criticality_heavy
0.9999999999999999,1.0,1,1,A5,A5,875,916,150.0,throughput_heavy
0.8999999999999998,0.8,0,0,A5,A3,875,916,150.0,severity_heavy
0.8720815992723809,0.7378647873726218,0,1,A5,A5,876,917,100.0,equal
0.8720815992723809,0.7378647873726218,0,1,A5,A5,876,917,100.0,criticality_heavy
0.8720815992723809,0.7378647873726218,0,1,A5,A5,876,917,100.0,throughput_heavy
0.8720815992723809,0.7378647873726218,0,1,A5,A5,876,917,100.0,severity_heavy
0.9999999999999999,1.0,1,1,A5,A5,876,917,125.0,equal
0.9999999999999999,1.0,1,1,A5,A5,876,917,125.0,criticality_heavy
0.9999999999999999,1.0,1,1,A5,A5,876,917,125.0,throughput_heavy
0.9999999999999999,1.0,1,1,A5,A5,876,917,125.0,severity_heavy
0.9999999999999999,1.0,1,1,A5,A5,876,917,150.0,equal
0.9999999999999999,1.0,1,1,A5,A5,876,917,150.0,criticality_heavy
0.9999999999999999,1.0,1,1,A5,A5,876,917,150.0,throughput_heavy
0.9999999999999999,1.0,1,1,A5,A5,876,917,150.0,severity_heavy
0.9746794344808963,0.9486832980505138,0,1,A1,A1,877,918,100.0,equal
0.9746794344808963,0.9486832980505138,0,1,A1,A1,877,918,100.0,criticality_heavy
0.9746794344808963,0.9486832980505138,0,1,A1,A1,877,918,100.0,throughput_heavy
0.9746794344808963,0.9486832980505138,0,1,A1,A1,877,918,100.0,severity_heavy
0.9999999999999999,1.0,1,1,A1,A1,877,918,125.0,equal
0.9999999999999999,1.0,1,1,A1,A1,877,918,125.0,criticality_heavy
0.9999999999999999,1.0,1,1,A1,A1,877,918,125.0,throughput_heavy
0.9999999999999999,1.0,1,1,A1,A1,877,918,125.0,severity_heavy
0.8999999999999998,0.8,0,1,A1,A1,877,918,150.0,equal
0.8999999999999998,0.8,0,1,A1,A1,877,918,150.0,criticality_heavy
0.8999999999999998,0.8,0,1,A1,A1,877,918,150.0,throughput_heavy
0.8999999999999998,0.8,0,1,A1,A1,877,918,150.0,severity_heavy
0.8947368421052632,0.7777777777777778,0,1,A3,A3,878,919,100.0,equal
0.8947368421052632,0.7777777777777778,0,1,A3,A3,878,919,100.0,criticality_heavy
0.8947368421052632,0.7777777777777778,0,1,A3,A3,878,919,100.0,throughput_heavy
0.8947368421052632,0.7777777777777778,0,1,A3,A3,878,919,100.0,severity_heavy
1.0,1.0,1,1,A3,A3,878,919,125.0,equal
1.0,1.0,1,1,A3,A3,878,919,125.0,criticality_heavy
1.0,1.0,1,1,A3,A3,878,919,125.0,throughput_heavy
1.0,1.0,1,1,A3,A3,878,919,125.0,severity_heavy
0.9746794344808964,0.9486832980505138,0,1,A3,A3,878,919,150.0,equal
0.9746794344808964,0.9486832980505138,0,1,A3,A3,878,919,150.0,criticality_heavy
0.9746794344808964,0.9486832980505138,0,1,A3,A3,878,919,150.0,throughput_heavy
0.9746794344808964,0.9486832980505138,0,1,A3,A3,878,919,150.0,severity_heavy
0.9746794344808963,0.9486832980505138,0,1,A5,A5,879,920,100.0,equal
0.9746794344808963,0.9486832980505138,0,1,A5,A5,879,920,100.0,criticality_heavy
0.9746794344808963,0.9486832980505138,0,1,A5,A5,879,920,100.0,throughput_heavy
0.9746794344808963,0.9486832980505138,0,1,A5,A5,879,920,100.0,severity_heavy
0.9999999999999999,1.0,1,1,A5,A5,879,920,125.0,equal
0.9999999999999999,1.0,1,1,A5,A5,879,920,125.0,criticality_heavy
0.9999999999999999,1.0,1,1,A5,A5,879,920,125.0,throughput_heavy
0.9999999999999999,1.0,1,1,A5,A5,879,920,125.0,severity_heavy
0.8999999999999998,0.8,0,0,A5,A3,879,920,150.0,equal
0.9999999999999999,1.0,1,1,A5,A5,879,920,150.0,criticality_heavy
0.9999999999999999,1.0,1,1,A5,A5,879,920,150.0,throughput_heavy
0.8999999999999998,0.8,0,0,A5,A3,879,920,150.0,severity_heavy
0.8207826816681234,0.7378647873726218,0,1,A3,A3,880,921,100.0,equal
0.8207826816681234,0.7378647873726218,0,1,A3,A3,880,921,100.0,criticality_heavy
0.8207826816681234,0.7378647873726218,0,1,A3,A3,880,921,100.0,throughput_heavy
0.8207826816681234,0.7378647873726218,0,1,A3,A3,880,921,100.0,severity_heavy
0.9999999999999999,1.0,1,1,A3,A3,880,921,125.0,equal
0.9999999999999999,1.0,1,1,A3,A3,880,921,125.0,criticality_heavy
0.9999999999999999,1.0,1,1,A3,A3,880,921,125.0,throughput_heavy
0.9999999999999999,1.0,1,1,A3,A3,880,921,125.0,severity_heavy
0.9999999999999999,1.0,1,1,A3,A3,880,921,150.0,equal
0.9999999999999999,1.0,1,1,A3,A3,880,921,150.0,criticality_heavy
0.9999999999999999,1.0,1,1,A3,A3,880,921,150.0,throughput_heavy
0.9999999999999999,1.0,1,1,A3,A3,880,921,150.0,severity_heavy
0.8999999999999998,0.8,0,1,A3,A3,881,922,100.0,equal
0.8999999999999998,0.8,0,1,A3,A3,881,922,100.0,criticality_heavy
0.8999999999999998,0.8,0,1,A3,A3,881,922,100.0,throughput_heavy
0.8999999999999998,0.8,0,1,A3,A3,881,922,100.0,severity_heavy
0.9999999999999999,1.0,1,1,A3,A3,881,922,125.0,equal
0.9999999999999999,1.0,1,1,A3,A3,881,922,125.0,criticality_heavy
0.9999999999999999,1.0,1,1,A3,A3,881,922,125.0,throughput_heavy
0.9999999999999999,1.0,1,1,A3,A3,881,922,125.0,severity_heavy
0.9999999999999999,1.0,1,1,A3,A3,881,922,150.0,equal
0.9999999999999999,1.0,1,1,A3,A3,881,922,150.0,criticality_heavy
0.9999999999999999,1.0,1,1,A3,A3,881,922,150.0,throughput_heavy
0.9999999999999999,1.0,1,1,A3,A3,881,922,150.0,severity_heavy
1.0,1.0,1,1,A5,A5,882,923,100.0,equal
1.0,1.0,1,1,A5,A5,882,923,100.0,criticality_heavy
1.0,1.0,1,1,A5,A5,882,923,100.0,throughput_heavy
1.0,1.0,1,1,A5,A5,882,923,100.0,severity_heavy
1.0,1.0,1,1,A5,A5,882,923,125.0,equal
1.0,1.0,1,1,A5,A5,882,923,125.0,criticality_heavy
1.0,1.0,1,1,A5,A5,882,923,125.0,throughput_heavy
1.0,1.0,1,1,A5,A5,882,923,125.0,severity_heavy
0.9746794344808964,0.9486832980505138,0,1,A5,A5,882,923,150.0,equal
0.9746794344808964,0.9486832980505138,0,1,A5,A5,882,923,150.0,criticality_heavy
0.9746794344808964,0.9486832980505138,0,1,A5,A5,882,923,150.0,throughput_heavy
0.9746794344808964,0.9486832980505138,0,1,A5,A5,882,923,150.0,severity_heavy
0.8947368421052632,0.7777777777777778,0,1,A1,A1,883,924,100.0,equal
0.8947368421052632,0.7777777777777778,0,1,A1,A1,883,924,100.0,criticality_heavy
0.8947368421052632,0.7777777777777778,0,1,A1,A1,883,924,100.0,throughput_heavy
0.8947368421052632,0.7777777777777778,0,1,A1,A1,883,924,100.0,severity_heavy
1.0,1.0,1,1,A1,A1,883,924,125.0,equal
1.0,1.0,1,1,A1,A1,883,924,125.0,criticality_heavy
1.0,1.0,1,1,A1,A1,883,924,125.0,throughput_heavy
1.0,1.0,1,1,A1,A1,883,924,125.0,severity_heavy
0.9746794344808964,0.9486832980505138,0,1,A1,A1,883,924,150.0,equal
0.9746794344808964,0.9486832980505138,0,1,A1,A1,883,924,150.0,criticality_heavy
0.9746794344808964,0.9486832980505138,0,1,A1,A1,883,924,150.0,throughput_heavy
0.9746794344808964,0.9486832980505138,0,1,A1,A1,883,924,150.0,severity_heavy
0.8947368421052632,0.7777777777777778,0,0,A1,A5,884,925,100.0,equal
0.8947368421052632,0.7777777777777778,0,0,A1,A5,884,925,100.0,criticality_heavy
0.8947368421052632,0.7777777777777778,0,0,A1,A5,884,925,100.0,throughput_heavy
1.0,1.0,1,1,A1,A1,884,925,100.0,severity_heavy
1.0,1.0,1,1,A1,A1,884,925,125.0,equal
1.0,1.0,1,1,A1,A1,884,925,125.0,criticality_heavy
0.8947368421052632,0.7777777777777778,0,0,A1,A5,884,925,125.0,throughput_heavy
1.0,1.0,1,1,A1,A1,884,925,125.0,severity_heavy
0.9746794344808964,0.9486832980505138,0,1,A1,A1,884,925,150.0,equal
0.9746794344808964,0.9486832980505138,0,1,A1,A1,884,925,150.0,criticality_heavy
0.9746794344808964,0.9486832980505138,0,1,A1,A1,884,925,150.0,throughput_heavy
0.9746794344808964,0.9486832980505138,0,1,A1,A1,884,925,150.0,severity_heavy
0.8207826816681234,0.7378647873726218,0,1,A2,A2,885,926,100.0,equal
0.8207826816681234,0.7378647873726218,0,1,A2,A2,885,926,100.0,criticality_heavy
0.8207826816681234,0.7378647873726218,0,1,A2,A2,885,926,100.0,throughput_heavy
0.8207826816681234,0.7378647873726218,0,1,A2,A2,885,926,100.0,severity_heavy
0.9999999999999999,1.0,1,1,A2,A2,885,926,125.0,equal
0.9999999999999999,1.0,1,1,A2,A2,885,926,125.0,criticality_heavy
0.9999999999999999,1.0,1,1,A2,A2,885,926,125.0,throughput_heavy
0.9999999999999999,1.0,1,1,A2,A2,885,926,125.0,severity_heavy
0.9999999999999999,1.0,1,1,A2,A2,885,926,150.0,equal
0.9999999999999999,1.0,1,1,A2,A2,885,926,150.0,criticality_heavy
0.9999999999999999,1.0,1,1,A2,A2,885,926,150.0,throughput_heavy
0.9999999999999999,1.0,1,1,A2,A2,885,926,150.0,severity_heavy
0.9999999999999999,1.0,1,1,A2,A2,886,927,100.0,equal
0.9999999999999999,1.0,1,1,A2,A2,886,927,100.0,criticality_heavy
0.9999999999999999,1.0,1,1,A2,A2,886,927,100.0,throughput_heavy
0.9999999999999999,1.0,1,1,A2,A2,886,927,100.0,severity_heavy
0.9999999999999999,1.0,1,1,A2,A2,886,927,125.0,equal
0.9999999999999999,1.0,1,1,A2,A2,886,927,125.0,criticality_heavy
0.9999999999999999,1.0,1,1,A2,A2,886,927,125.0,throughput_heavy
0.9999999999999999,1.0,1,1,A2,A2,886,927,125.0,severity_heavy
0.9999999999999999,1.0,1,1,A2,A2,886,927,150.0,equal
0.9999999999999999,1.0,1,1,A2,A2,886,927,150.0,criticality_heavy
0.9999999999999999,1.0,1,1,A2,A2,886,927,150.0,throughput_heavy
0.9999999999999999,1.0,1,1,A2,A2,886,927,150.0,severity_heavy
0.9746794344808963,0.9486832980505138,0,1,A2,A2,887,928,100.0,equal
0.9746794344808963,0.9486832980505138,0,1,A2,A2,887,928,100.0,criticality_heavy
0.9746794344808963,0.9486832980505138,0,1,A2,A2,887,928,100.0,throughput_heavy
0.9746794344808963,0.9486832980505138,0,1,A2,A2,887,928,100.0,severity_heavy
0.9999999999999999,1.0,1,1,A2,A2,887,928,125.0,equal
0.9999999999999999,1.0,1,1,A2,A2,887,928,125.0,criticality_heavy
0.9999999999999999,1.0,1,1,A2,A2,887,928,125.0,throughput_heavy
0.9999999999999999,1.0,1,1,A2,A2,887,928,125.0,severity_heavy
0.9999999999999999,1.0,1,1,A2,A2,887,928,150.0,equal
0.9999999999999999,1.0,1,1,A2,A2,887,928,150.0,criticality_heavy
0.9999999999999999,1.0,1,1,A2,A2,887,928,150.0,throughput_heavy
0.9999999999999999,1.0,1,1,A2,A2,887,928,150.0,severity_heavy
0.9746794344808963,0.9486832980505138,0,1,A3,A3,888,929,100.0,equal
0.9746794344808963,0.9486832980505138,0,1,A3,A3,888,929,100.0,criticality_heavy
0.9746794344808963,0.9486832980505138,0,1,A3,A3,888,929,100.0,throughput_heavy
0.9746794344808963,0.9486832980505138,0,1,A3,A3,888,929,100.0,severity_heavy
0.9999999999999999,1.0,1,1,A3,A3,888,929,125.0,equal
0.9999999999999999,1.0,1,1,A3,A3,888,929,125.0,criticality_heavy
0.9999999999999999,1.0,1,1,A3,A3,888,929,125.0,throughput_heavy
0.9999999999999999,1.0,1,1,A3,A3,888,929,125.0,severity_heavy
0.8999999999999998,0.8,0,1,A3,A3,888,929,150.0,equal
0.8999999999999998,0.8,0,1,A3,A3,888,929,150.0,criticality_heavy
0.8999999999999998,0.8,0,1,A3,A3,888,929,150.0,throughput_heavy
0.8999999999999998,0.8,0,1,A3,A3,888,929,150.0,severity_heavy
1.0,1.0,1,1,A2,A2,889,930,100.0,equal
1.0,1.0,1,1,A2,A2,889,930,100.0,criticality_heavy
1.0,1.0,1,1,A2,A2,889,930,100.0,throughput_heavy
1.0,1.0,1,1,A2,A2,889,930,100.0,severity_heavy
1.0,1.0,1,1,A2,A2,889,930,125.0,equal
1.0,1.0,1,1,A2,A2,889,930,125.0,criticality_heavy
1.0,1.0,1,1,A2,A2,889,930,125.0,throughput_heavy
1.0,1.0,1,1,A2,A2,889,930,125.0,severity_heavy
0.9746794344808964,0.9486832980505138,0,1,A2,A2,889,930,150.0,equal
0.9746794344808964,0.9486832980505138,0,1,A2,A2,889,930,150.0,criticality_heavy
0.9746794344808964,0.9486832980505138,0,1,A2,A2,889,930,150.0,throughput_heavy
0.9746794344808964,0.9486832980505138,0,1,A2,A2,889,930,150.0,severity_heavy
0.9746794344808963,0.9486832980505138,0,1,A3,A3,890,931,100.0,equal
0.9746794344808963,0.9486832980505138,0,1,A3,A3,890,931,100.0,criticality_heavy
0.9746794344808963,0.9486832980505138,0,1,A3,A3,890,931,100.0,throughput_heavy
0.9746794344808963,0.9486832980505138,0,1,A3,A3,890,931,100.0,severity_heavy
0.9999999999999999,1.0,1,1,A3,A3,890,931,125.0,equal
0.9999999999999999,1.0,1,1,A3,A3,890,931,125.0,criticality_heavy
0.9999999999999999,1.0,1,1,A3,A3,890,931,125.0,throughput_heavy
0.9999999999999999,1.0,1,1,A3,A3,890,931,125.0,severity_heavy
0.9999999999999999,1.0,1,1,A3,A3,890,931,150.0,equal
0.9999999999999999,1.0,1,1,A3,A3,890,931,150.0,criticality_heavy
0.9999999999999999,1.0,1,1,A3,A3,890,931,150.0,throughput_heavy
0.9999999999999999,1.0,1,1,A3,A3,890,931,150.0,severity_heavy
0.9746794344808963,0.9486832980505138,0,1,A2,A2,891,932,100.0,equal
0.9746794344808963,0.9486832980505138,0,1,A2,A2,891,932,100.0,criticality_heavy
0.9746794344808963,0.9486832980505138,0,1,A2,A2,891,932,100.0,throughput_heavy
0.9746794344808963,0.9486832980505138,0,1,A2,A2,891,932,100.0,severity_heavy
0.9999999999999999,1.0,1,1,A2,A2,891,932,125.0,equal
0.9999999999999999,1.0,1,1,A2,A2,891,932,125.0,criticality_heavy
0.9999999999999999,1.0,1,1,A2,A2,891,932,125.0,throughput_heavy
0.9999999999999999,1.0,1,1,A2,A2,891,932,125.0,severity_heavy
0.9999999999999999,1.0,1,1,A2,A2,891,932,150.0,equal
0.9999999999999999,1.0,1,1,A2,A2,891,932,150.0,criticality_heavy
0.9999999999999999,1.0,1,1,A2,A2,891,932,150.0,throughput_heavy
0.9999999999999999,1.0,1,1,A2,A2,891,932,150.0,severity_heavy
0.9746794344808963,0.9486832980505138,0,1,A3,A3,892,933,100.0,equal
0.9746794344808963,0.9486832980505138,0,1,A3,A3,892,933,100.0,criticality_heavy
0.9746794344808963,0.9486832980505138,0,1,A3,A3,892,933,100.0,throughput_heavy
0.9746794344808963,0.9486832980505138,0,1,A3,A3,892,933,100.0,severity_heavy
0.9999999999999999,1.0,1,1,A3,A3,892,933,125.0,equal
0.9999999999999999,1.0,1,1,A3,A3,892,933,125.0,criticality_heavy
0.9999999999999999,1.0,1,1,A3,A3,892,933,125.0,throughput_heavy
0.9999999999999999,1.0,1,1,A3,A3,892,933,125.0,severity_heavy
0.9999999999999999,1.0,1,1,A3,A3,892,933,150.0,equal
0.9999999999999999,1.0,1,1,A3,A3,892,933,150.0,criticality_heavy
0.9999999999999999,1.0,1,1,A3,A3,892,933,150.0,throughput_heavy
0.9999999999999999,1.0,1,1,A3,A3,892,933,150.0,severity_heavy
1.0,1.0,1,1,A1,A1,893,934,100.0,equal
1.0,1.0,1,1,A1,A1,893,934,100.0,criticality_heavy
1.0,1.0,1,1,A1,A1,893,934,100.0,throughput_heavy
1.0,1.0,1,1,A1,A1,893,934,100.0,severity_heavy
1.0,1.0,1,1,A1,A1,893,934,125.0,equal
1.0,1.0,1,1,A1,A1,893,934,125.0,criticality_heavy
1.0,1.0,1,1,A1,A1,893,934,125.0,throughput_heavy
1.0,1.0,1,1,A1,A1,893,934,125.0,severity_heavy
0.9746794344808964,0.9486832980505138,0,1,A1,A1,893,934,150.0,equal
0.9746794344808964,0.9486832980505138,0,1,A1,A1,893,934,150.0,criticality_heavy
0.9746794344808964,0.9486832980505138,0,1,A1,A1,893,934,150.0,throughput_heavy
0.9746794344808964,0.9486832980505138,0,1,A1,A1,893,934,150.0,severity_heavy
0.8720815992723809,0.7378647873726218,0,1,A1,A1,894,935,100.0,equal
0.8720815992723809,0.7378647873726218,0,1,A1,A1,894,935,100.0,criticality_heavy
0.6668859288553503,0.5270462766947299,0,0,A1,A4,894,935,100.0,throughput_heavy
0.6668859288553503,0.5270462766947299,0,0,A1,A4,894,935,100.0,severity_heavy
0.9999999999999999,1.0,1,1,A1,A1,894,935,125.0,equal
0.9999999999999999,1.0,1,1,A1,A1,894,935,125.0,criticality_heavy
0.9999999999999999,1.0,1,1,A1,A1,894,935,125.0,throughput_heavy
0.9999999999999999,1.0,1,1,A1,A1,894,935,125.0,severity_heavy
0.8999999999999998,0.8,0,0,A1,A2,894,935,150.0,equal
0.8999999999999998,0.8,0,0,A1,A2,894,935,150.0,criticality_heavy
0.8999999999999998,0.8,0,0,A1,A2,894,935,150.0,throughput_heavy
0.8999999999999998,0.8,0,0,A1,A2,894,935,150.0,severity_heavy
0.9746794344808963,0.9486832980505138,0,1,A2,A2,895,936,100.0,equal
0.9746794344808963,0.9486832980505138,0,1,A2,A2,895,936,100.0,criticality_heavy
0.9746794344808963,0.9486832980505138,0,1,A2,A2,895,936,100.0,throughput_heavy
0.9746794344808963,0.9486832980505138,0,1,A2,A2,895,936,100.0,severity_heavy
0.9999999999999999,1.0,1,1,A2,A2,895,936,125.0,equal
0.9999999999999999,1.0,1,1,A2,A2,895,936,125.0,criticality_heavy
0.9999999999999999,1.0,1,1,A2,A2,895,936,125.0,throughput_heavy
0.9999999999999999,1.0,1,1,A2,A2,895,936,125.0,severity_heavy
0.9999999999999999,1.0,1,1,A2,A2,895,936,150.0,equal
0.9999999999999999,1.0,1,1,A2,A2,895,936,150.0,criticality_heavy
0.9999999999999999,1.0,1,1,A2,A2,895,936,150.0,throughput_heavy
0.9999999999999999,1.0,1,1,A2,A2,895,936,150.0,severity_heavy
1.0,1.0,1,1,A2,A2,896,937,100.0,equal
1.0,1.0,1,1,A2,A2,896,937,100.0,criticality_heavy
1.0,1.0,1,1,A2,A2,896,937,100.0,throughput_heavy
1.0,1.0,1,1,A2,A2,896,937,100.0,severity_heavy
1.0,1.0,1,1,A2,A2,896,937,125.0,equal
1.0,1.0,1,1,A2,A2,896,937,125.0,criticality_heavy
1.0,1.0,1,1,A2,A2,896,937,125.0,throughput_heavy
1.0,1.0,1,1,A2,A2,896,937,125.0,severity_heavy
0.9746794344808964,0.9486832980505138,0,1,A2,A2,896,937,150.0,equal
0.9746794344808964,0.9486832980505138,0,1,A2,A2,896,937,150.0,criticality_heavy
0.9746794344808964,0.9486832980505138,0,1,A2,A2,896,937,150.0,throughput_heavy
0.9746794344808964,0.9486832980505138,0,1,A2,A2,896,937,150.0,severity_heavy
1.0,1.0,1,1,A3,A3,897,938,100.0,equal
1.0,1.0,1,1,A3,A3,897,938,100.0,criticality_heavy
1.0,1.0,1,1,A3,A3,897,938,100.0,throughput_heavy
1.0,1.0,1,1,A3,A3,897,938,100.0,severity_heavy
1.0,1.0,1,1,A3,A3,897,938,125.0,equal
1.0,1.0,1,1,A3,A3,897,938,125.0,criticality_heavy
1.0,1.0,1,1,A3,A3,897,938,125.0,throughput_heavy
1.0,1.0,1,1,A3,A3,897,938,125.0,severity_heavy
0.8720815992723809,0.7378647873726218,0,1,A3,A3,897,938,150.0,equal
0.8720815992723809,0.7378647873726218,0,1,A3,A3,897,938,150.0,criticality_heavy
0.8720815992723809,0.7378647873726218,0,1,A3,A3,897,938,150.0,throughput_heavy
0.8720815992723809,0.7378647873726218,0,1,A3,A3,897,938,150.0,severity_heavy
1.0,1.0,1,1,A1,A1,898,939,100.0,equal
1.0,1.0,1,1,A1,A1,898,939,100.0,criticality_heavy
1.0,1.0,1,1,A1,A1,898,939,100.0,throughput_heavy
1.0,1.0,1,1,A1,A1,898,939,100.0,severity_heavy
1.0,1.0,1,1,A1,A1,898,939,125.0,equal
1.0,1.0,1,1,A1,A1,898,939,125.0,criticality_heavy
1.0,1.0,1,1,A1,A1,898,939,125.0,throughput_heavy
1.0,1.0,1,1,A1,A1,898,939,125.0,severity_heavy
0.9746794344808964,0.9486832980505138,0,1,A1,A1,898,939,150.0,equal
0.9746794344808964,0.9486832980505138,0,1,A1,A1,898,939,150.0,criticality_heavy
0.9746794344808964,0.9486832980505138,0,1,A1,A1,898,939,150.0,throughput_heavy
0.9746794344808964,0.9486832980505138,0,1,A1,A1,898,939,150.0,severity_heavy
0.9746794344808963,0.9486832980505138,0,1,A2,A2,899,940,100.0,equal
0.9746794344808963,0.9486832980505138,0,1,A2,A2,899,940,100.0,criticality_heavy
0.9746794344808963,0.9486832980505138,0,1,A2,A2,899,940,100.0,throughput_heavy
0.9746794344808963,0.9486832980505138,0,1,A2,A2,899,940,100.0,severity_heavy
0.9999999999999999,1.0,1,1,A2,A2,899,940,125.0,equal
0.9999999999999999,1.0,1,1,A2,A2,899,940,125.0,criticality_heavy
0.9999999999999999,1.0,1,1,A2,A2,899,940,125.0,throughput_heavy
0.9999999999999999,1.0,1,1,A2,A2,899,940,125.0,severity_heavy
0.9999999999999999,1.0,1,1,A2,A2,899,940,150.0,equal
0.9999999999999999,1.0,1,1,A2,A2,899,940,150.0,criticality_heavy
0.9999999999999999,1.0,1,1,A2,A2,899,940,150.0,throughput_heavy
0.9999999999999999,1.0,1,1,A2,A2,899,940,150.0,severity_heavy
1.0,1.0,1,1,A1,A1,900,941,100.0,equal
1.0,1.0,1,1,A1,A1,900,941,100.0,criticality_heavy
1.0,1.0,1,1,A1,A1,900,941,100.0,throughput_heavy
1.0,1.0,1,1,A1,A1,900,941,100.0,severity_heavy
1.0,1.0,1,1,A1,A1,900,941,125.0,equal
1.0,1.0,1,1,A1,A1,900,941,125.0,criticality_heavy
0.8947368421052632,0.7777777777777778,0,0,A1,A2,900,941,125.0,throughput_heavy
1.0,1.0,1,1,A1,A1,900,941,125.0,severity_heavy
0.8720815992723809,0.7378647873726218,0,0,A1,A2,900,941,150.0,equal
0.8720815992723809,0.7378647873726218,0,0,A1,A2,900,941,150.0,criticality_heavy
0.8720815992723809,0.7378647873726218,0,0,A1,A2,900,941,150.0,throughput_heavy
0.8720815992723809,0.7378647873726218,0,0,A1,A2,900,941,150.0,severity_heavy
1.0,1.0,1,1,A2,A2,901,942,100.0,equal
1.0,1.0,1,1,A2,A2,901,942,100.0,criticality_heavy
1.0,1.0,1,1,A2,A2,901,942,100.0,throughput_heavy
1.0,1.0,1,1,A2,A2,901,942,100.0,severity_heavy
1.0,1.0,1,1,A2,A2,901,942,125.0,equal
1.0,1.0,1,1,A2,A2,901,942,125.0,criticality_heavy
1.0,1.0,1,1,A2,A2,901,942,125.0,throughput_heavy
1.0,1.0,1,1,A2,A2,901,942,125.0,severity_heavy
0.9746794344808964,0.9486832980505138,0,1,A2,A2,901,942,150.0,equal
0.9746794344808964,0.9486832980505138,0,1,A2,A2,901,942,150.0,criticality_heavy
0.9746794344808964,0.9486832980505138,0,1,A2,A2,901,942,150.0,throughput_heavy
0.9746794344808964,0.9486832980505138,0,1,A2,A2,901,942,150.0,severity_heavy
0.9746794344808963,0.9486832980505138,0,1,A1,A1,902,943,100.0,equal
0.9746794344808963,0.9486832980505138,0,1,A1,A1,902,943,100.0,criticality_heavy
0.9746794344808963,0.9486832980505138,0,1,A1,A1,902,943,100.0,throughput_heavy
0.9746794344808963,0.9486832980505138,0,1,A1,A1,902,943,100.0,severity_heavy
0.9999999999999999,1.0,1,1,A1,A1,902,943,125.0,equal
0.9999999999999999,1.0,1,1,A1,A1,902,943,125.0,criticality_heavy
0.9999999999999999,1.0,1,1,A1,A1,902,943,125.0,throughput_heavy
0.9999999999999999,1.0,1,1,A1,A1,902,943,125.0,severity_heavy
0.9999999999999999,1.0,1,1,A1,A1,902,943,150.0,equal
0.9999999999999999,1.0,1,1,A1,A1,902,943,150.0,criticality_heavy
0.9999999999999999,1.0,1,1,A1,A1,902,943,150.0,throughput_heavy
0.8999999999999998,0.8,0,1,A1,A1,902,943,150.0,severity_heavy
0.8947368421052632,0.7777777777777778,0,0,A1,A4,903,944,100.0,equal
0.8947368421052632,0.7777777777777778,0,0,A1,A4,903,944,100.0,criticality_heavy
0.8947368421052632,0.7777777777777778,0,0,A1,A4,903,944,100.0,throughput_heavy
0.8947368421052632,0.7777777777777778,0,0,A1,A4,903,944,100.0,severity_heavy
1.0,1.0,1,1,A1,A1,903,944,125.0,equal
0.8947368421052632,0.7777777777777778,0,1,A1,A1,903,944,125.0,criticality_heavy
0.8947368421052632,0.7777777777777778,0,1,A1,A1,903,944,125.0,throughput_heavy
1.0,1.0,1,1,A1,A1,903,944,125.0,severity_heavy
0.6668859288553501,0.5270462766947299,0,0,A1,A2,903,944,150.0,equal
0.6668859288553501,0.5270462766947299,0,0,A1,A2,903,944,150.0,criticality_heavy
0.6668859288553501,0.5270462766947299,0,0,A1,A2,903,944,150.0,throughput_heavy
0.6668859288553501,0.5270462766947299,0,0,A1,A2,903,944,150.0,severity_heavy
1.0,1.0,1,1,A2,A2,904,945,100.0,equal
1.0,1.0,1,1,A2,A2,904,945,100.0,criticality_heavy
1.0,1.0,1,1,A2,A2,904,945,100.0,throughput_heavy
1.0,1.0,1,1,A2,A2,904,945,100.0,severity_heavy
1.0,1.0,1,1,A2,A2,904,945,125.0,equal
1.0,1.0,1,1,A2,A2,904,945,125.0,criticality_heavy
1.0,1.0,1,1,A2,A2,904,945,125.0,throughput_heavy
1.0,1.0,1,1,A2,A2,904,945,125.0,severity_heavy
0.9746794344808964,0.9486832980505138,0,1,A2,A2,904,945,150.0,equal
0.9746794344808964,0.9486832980505138,0,1,A2,A2,904,945,150.0,criticality_heavy
0.9746794344808964,0.9486832980505138,0,1,A2,A2,904,945,150.0,throughput_heavy
0.9746794344808964,0.9486832980505138,0,1,A2,A2,904,945,150.0,severity_heavy
1.0,1.0,1,1,A5,A5,905,946,100.0,equal
1.0,1.0,1,1,A5,A5,905,946,100.0,criticality_heavy
1.0,1.0,1,1,A5,A5,905,946,100.0,throughput_heavy
1.0,1.0,1,1,A5,A5,905,946,100.0,severity_heavy
1.0,1.0,1,1,A5,A5,905,946,125.0,equal
1.0,1.0,1,1,A5,A5,905,946,125.0,criticality_heavy
1.0,1.0,1,1,A5,A5,905,946,125.0,throughput_heavy
1.0,1.0,1,1,A5,A5,905,946,125.0,severity_heavy
0.9746794344808964,0.9486832980505138,0,1,A5,A5,905,946,150.0,equal
0.9746794344808964,0.9486832980505138,0,1,A5,A5,905,946,150.0,criticality_heavy
0.9746794344808964,0.9486832980505138,0,1,A5,A5,905,946,150.0,throughput_heavy
0.9746794344808964,0.9486832980505138,0,1,A5,A5,905,946,150.0,severity_heavy
1.0,1.0,1,1,A3,A3,906,947,100.0,equal
1.0,1.0,1,1,A3,A3,906,947,100.0,criticality_heavy
1.0,1.0,1,1,A3,A3,906,947,100.0,throughput_heavy
1.0,1.0,1,1,A3,A3,906,947,100.0,severity_heavy
1.0,1.0,1,1,A3,A3,906,947,125.0,equal
1.0,1.0,1,1,A3,A3,906,947,125.0,criticality_heavy
1.0,1.0,1,1,A3,A3,906,947,125.0,throughput_heavy
1.0,1.0,1,1,A3,A3,906,947,125.0,severity_heavy
0.9746794344808964,0.9486832980505138,0,1,A3,A3,906,947,150.0,equal
0.8207826816681233,0.7378647873726218,0,1,A3,A3,906,947,150.0,criticality_heavy
0.8207826816681233,0.7378647873726218,0,1,A3,A3,906,947,150.0,throughput_heavy
0.9746794344808964,0.9486832980505138,0,1,A3,A3,906,947,150.0,severity_heavy
0.9746794344808963,0.9486832980505138,0,1,A3,A3,907,948,100.0,equal
0.9746794344808963,0.9486832980505138,0,1,A3,A3,907,948,100.0,criticality_heavy
0.9746794344808963,0.9486832980505138,0,1,A3,A3,907,948,100.0,throughput_heavy
0.9746794344808963,0.9486832980505138,0,1,A3,A3,907,948,100.0,severity_heavy
0.9999999999999999,1.0,1,1,A3,A3,907,948,125.0,equal
0.9999999999999999,1.0,1,1,A3,A3,907,948,125.0,criticality_heavy
0.9999999999999999,1.0,1,1,A3,A3,907,948,125.0,throughput_heavy
0.9999999999999999,1.0,1,1,A3,A3,907,948,125.0,severity_heavy
0.9999999999999999,1.0,1,1,A3,A3,907,948,150.0,equal
0.9999999999999999,1.0,1,1,A3,A3,907,948,150.0,criticality_heavy
0.9999999999999999,1.0,1,1,A3,A3,907,948,150.0,throughput_heavy
0.9999999999999999,1.0,1,1,A3,A3,907,948,150.0,severity_heavy
0.9999999999999999,1.0,1,1,A3,A3,908,949,100.0,equal
0.9999999999999999,1.0,1,1,A3,A3,908,949,100.0,criticality_heavy
0.9999999999999999,1.0,1,1,A3,A3,908,949,100.0,throughput_heavy
0.9999999999999999,1.0,1,1,A3,A3,908,949,100.0,severity_heavy
0.9999999999999999,1.0,1,1,A3,A3,908,949,125.0,equal
0.9999999999999999,1.0,1,1,A3,A3,908,949,125.0,criticality_heavy
0.9999999999999999,1.0,1,1,A3,A3,908,949,125.0,throughput_heavy
0.9999999999999999,1.0,1,1,A3,A3,908,949,125.0,severity_heavy
0.9999999999999999,1.0,1,1,A3,A3,908,949,150.0,equal
0.9999999999999999,1.0,1,1,A3,A3,908,949,150.0,criticality_heavy
0.9999999999999999,1.0,1,1,A3,A3,908,949,150.0,throughput_heavy
0.9999999999999999,1.0,1,1,A3,A3,908,949,150.0,severity_heavy
0.9746794344808963,0.9486832980505138,0,1,A3,A3,909,950,100.0,equal
0.9746794344808963,0.9486832980505138,0,1,A3,A3,909,950,100.0,criticality_heavy
0.9746794344808963,0.9486832980505138,0,1,A3,A3,909,950,100.0,throughput_heavy
0.9746794344808963,0.9486832980505138,0,1,A3,A3,909,950,100.0,severity_heavy
0.9999999999999999,1.0,1,1,A3,A3,909,950,125.0,equal
0.9999999999999999,1.0,1,1,A3,A3,909,950,125.0,criticality_heavy
0.9999999999999999,1.0,1,1,A3,A3,909,950,125.0,throughput_heavy
0.9999999999999999,1.0,1,1,A3,A3,909,950,125.0,severity_heavy
0.9999999999999999,1.0,1,1,A3,A3,909,950,150.0,equal
0.9999999999999999,1.0,1,1,A3,A3,909,950,150.0,criticality_heavy
0.9999999999999999,1.0,1,1,A3,A3,909,950,150.0,throughput_heavy
0.8999999999999998,0.8,0,1,A3,A3,909,950,150.0,severity_heavy
0.9746794344808963,0.9486832980505138,0,1,A2,A2,910,951,100.0,equal
0.9746794344808963,0.9486832980505138,0,1,A2,A2,910,951,100.0,criticality_heavy
0.9746794344808963,0.9486832980505138,0,1,A2,A2,910,951,100.0,throughput_heavy
0.9746794344808963,0.9486832980505138,0,1,A2,A2,910,951,100.0,severity_heavy
0.9999999999999999,1.0,1,1,A2,A2,910,951,125.0,equal
0.9999999999999999,1.0,1,1,A2,A2,910,951,125.0,criticality_heavy
0.9999999999999999,1.0,1,1,A2,A2,910,951,125.0,throughput_heavy
0.9999999999999999,1.0,1,1,A2,A2,910,951,125.0,severity_heavy
0.8999999999999998,0.8,0,1,A2,A2,910,951,150.0,equal
0.8999999999999998,0.8,0,1,A2,A2,910,951,150.0,criticality_heavy
0.8999999999999998,0.8,0,1,A2,A2,910,951,150.0,throughput_heavy
0.8999999999999998,0.8,0,1,A2,A2,910,951,150.0,severity_heavy
0.9746794344808963,0.9486832980505138,0,1,A1,A1,911,952,100.0,equal
0.9746794344808963,0.9486832980505138,0,1,A1,A1,911,952,100.0,criticality_heavy
0.9746794344808963,0.9486832980505138,0,1,A1,A1,911,952,100.0,throughput_heavy
0.9746794344808963,0.9486832980505138,0,1,A1,A1,911,952,100.0,severity_heavy
0.9999999999999999,1.0,1,1,A1,A1,911,952,125.0,equal
0.9999999999999999,1.0,1,1,A1,A1,911,952,125.0,criticality_heavy
0.9999999999999999,1.0,1,1,A1,A1,911,952,125.0,throughput_heavy
0.9999999999999999,1.0,1,1,A1,A1,911,952,125.0,severity_heavy
0.9999999999999999,1.0,1,1,A1,A1,911,952,150.0,equal
0.9999999999999999,1.0,1,1,A1,A1,911,952,150.0,criticality_heavy
0.9999999999999999,1.0,1,1,A1,A1,911,952,150.0,throughput_heavy
0.9999999999999999,1.0,1,1,A1,A1,911,952,150.0,severity_heavy
0.9746794344808963,0.9486832980505138,0,1,A3,A3,912,953,100.0,equal
0.9746794344808963,0.9486832980505138,0,1,A3,A3,912,953,100.0,criticality_heavy
0.9746794344808963,0.9486832980505138,0,1,A3,A3,912,953,100.0,throughput_heavy
0.9746794344808963,0.9486832980505138,0,1,A3,A3,912,953,100.0,severity_heavy
0.9999999999999999,1.0,1,1,A3,A3,912,953,125.0,equal
0.8999999999999998,0.8,0,1,A3,A3,912,953,125.0,criticality_heavy
0.9999999999999999,1.0,1,1,A3,A3,912,953,125.0,throughput_heavy
0.9999999999999999,1.0,1,1,A3,A3,912,953,125.0,severity_heavy
0.8999999999999998,0.8,0,1,A3,A3,912,953,150.0,equal
0.8999999999999998,0.8,0,1,A3,A3,912,953,150.0,criticality_heavy
0.8999999999999998,0.8,0,1,A3,A3,912,953,150.0,throughput_heavy
0.8999999999999998,0.8,0,1,A3,A3,912,953,150.0,severity_heavy
0.8947368421052632,0.7777777777777778,0,0,A5,A4,913,954,100.0,equal
1.0,1.0,1,1,A5,A5,913,954,100.0,criticality_heavy
1.0,1.0,1,1,A5,A5,913,954,100.0,throughput_heavy
0.8947368421052632,0.7777777777777778,0,0,A5,A4,913,954,100.0,severity_heavy
1.0,1.0,1,1,A5,A5,913,954,125.0,equal
1.0,1.0,1,1,A5,A5,913,954,125.0,criticality_heavy
1.0,1.0,1,1,A5,A5,913,954,125.0,throughput_heavy
1.0,1.0,1,1,A5,A5,913,954,125.0,severity_heavy
0.9746794344808964,0.9486832980505138,0,1,A5,A5,913,954,150.0,equal
0.9746794344808964,0.9486832980505138,0,1,A5,A5,913,954,150.0,criticality_heavy
0.9746794344808964,0.9486832980505138,0,1,A5,A5,913,954,150.0,throughput_heavy
0.9746794344808964,0.9486832980505138,0,1,A5,A5,913,954,150.0,severity_heavy
1.0,1.0,1,1,A2,A2,914,955,100.0,equal
1.0,1.0,1,1,A2,A2,914,955,100.0,criticality_heavy
1.0,1.0,1,1,A2,A2,914,955,100.0,throughput_heavy
1.0,1.0,1,1,A2,A2,914,955,100.0,severity_heavy
1.0,1.0,1,1,A2,A2,914,955,125.0,equal
1.0,1.0,1,1,A2,A2,914,955,125.0,criticality_heavy
1.0,1.0,1,1,A2,A2,914,955,125.0,throughput_heavy
1.0,1.0,1,1,A2,A2,914,955,125.0,severity_heavy
0.9746794344808964,0.9486832980505138,0,1,A2,A2,914,955,150.0,equal
0.9746794344808964,0.9486832980505138,0,1,A2,A2,914,955,150.0,criticality_heavy
0.9746794344808964,0.9486832980505138,0,1,A2,A2,914,955,150.0,throughput_heavy
0.9746794344808964,0.9486832980505138,0,1,A2,A2,914,955,150.0,severity_heavy
0.8947368421052632,0.7777777777777778,0,0,A2,A5,915,956,100.0,equal
0.8947368421052632,0.7777777777777778,0,0,A2,A5,915,956,100.0,criticality_heavy
0.8947368421052632,0.7777777777777778,0,0,A2,A5,915,956,100.0,throughput_heavy
0.8947368421052632,0.7777777777777778,0,0,A2,A5,915,956,100.0,severity_heavy
1.0,1.0,1,1,A2,A2,915,956,125.0,equal
1.0,1.0,1,1,A2,A2,915,956,125.0,criticality_heavy
1.0,1.0,1,1,A2,A2,915,956,125.0,throughput_heavy
1.0,1.0,1,1,A2,A2,915,956,125.0,severity_heavy
0.9746794344808964,0.9486832980505138,0,1,A2,A2,915,956,150.0,equal
0.9746794344808964,0.9486832980505138,0,1,A2,A2,915,956,150.0,criticality_heavy
0.9746794344808964,0.9486832980505138,0,1,A2,A2,915,956,150.0,throughput_heavy
0.9746794344808964,0.9486832980505138,0,1,A2,A2,915,956,150.0,severity_heavy
1.0,1.0,1,1,A3,A3,916,957,100.0,equal
1.0,1.0,1,1,A3,A3,916,957,100.0,criticality_heavy
1.0,1.0,1,1,A3,A3,916,957,100.0,throughput_heavy
1.0,1.0,1,1,A3,A3,916,957,100.0,severity_heavy
1.0,1.0,1,1,A3,A3,916,957,125.0,equal
1.0,1.0,1,1,A3,A3,916,957,125.0,criticality_heavy
1.0,1.0,1,1,A3,A3,916,957,125.0,throughput_heavy
1.0,1.0,1,1,A3,A3,916,957,125.0,severity_heavy
0.9746794344808964,0.9486832980505138,0,1,A3,A3,916,957,150.0,equal
0.9746794344808964,0.9486832980505138,0,1,A3,A3,916,957,150.0,criticality_heavy
0.9746794344808964,0.9486832980505138,0,1,A3,A3,916,957,150.0,throughput_heavy
0.9746794344808964,0.9486832980505138,0,1,A3,A3,916,957,150.0,severity_heavy
0.8947368421052632,0.7777777777777778,0,0,A2,A1,917,958,100.0,equal
0.8947368421052632,0.7777777777777778,0,0,A2,A1,917,958,100.0,criticality_heavy
0.8947368421052632,0.7777777777777778,0,0,A2,A1,917,958,100.0,throughput_heavy
0.8947368421052632,0.7777777777777778,0,0,A2,A1,917,958,100.0,severity_heavy
1.0,1.0,1,1,A2,A2,917,958,125.0,equal
0.8947368421052632,0.7777777777777778,0,0,A2,A1,917,958,125.0,criticality_heavy
1.0,1.0,1,1,A2,A2,917,958,125.0,throughput_heavy
1.0,1.0,1,1,A2,A2,917,958,125.0,severity_heavy
0.9746794344808964,0.9486832980505138,0,1,A2,A2,917,958,150.0,equal
0.9746794344808964,0.9486832980505138,0,1,A2,A2,917,958,150.0,criticality_heavy
0.9746794344808964,0.9486832980505138,0,1,A2,A2,917,958,150.0,throughput_heavy
0.9746794344808964,0.9486832980505138,0,1,A2,A2,917,958,150.0,severity_heavy
0.9746794344808963,0.9486832980505138,0,1,A2,A2,918,959,100.0,equal
0.9746794344808963,0.9486832980505138,0,1,A2,A2,918,959,100.0,criticality_heavy
0.9746794344808963,0.9486832980505138,0,1,A2,A2,918,959,100.0,throughput_heavy
0.9746794344808963,0.9486832980505138,0,1,A2,A2,918,959,100.0,severity_heavy
0.9999999999999999,1.0,1,1,A2,A2,918,959,125.0,equal
0.9999999999999999,1.0,1,1,A2,A2,918,959,125.0,criticality_heavy
0.9999999999999999,1.0,1,1,A2,A2,918,959,125.0,throughput_heavy
0.9999999999999999,1.0,1,1,A2,A2,918,959,125.0,severity_heavy
0.9999999999999999,1.0,1,1,A2,A2,918,959,150.0,equal
0.9999999999999999,1.0,1,1,A2,A2,918,959,150.0,criticality_heavy
0.9999999999999999,1.0,1,1,A2,A2,918,959,150.0,throughput_heavy
0.9999999999999999,1.0,1,1,A2,A2,918,959,150.0,severity_heavy
1.0,1.0,1,1,A5,A5,919,960,100.0,equal
1.0,1.0,1,1,A5,A5,919,960,100.0,criticality_heavy
1.0,1.0,1,1,A5,A5,919,960,100.0,throughput_heavy
1.0,1.0,1,1,A5,A5,919,960,100.0,severity_heavy
1.0,1.0,1,1,A5,A5,919,960,125.0,equal
1.0,1.0,1,1,A5,A5,919,960,125.0,criticality_heavy
1.0,1.0,1,1,A5,A5,919,960,125.0,throughput_heavy
1.0,1.0,1,1,A5,A5,919,960,125.0,severity_heavy
0.8720815992723809,0.7378647873726218,0,1,A5,A5,919,960,150.0,equal
0.8720815992723809,0.7378647873726218,0,1,A5,A5,919,960,150.0,criticality_heavy
0.8720815992723809,0.7378647873726218,0,1,A5,A5,919,960,150.0,throughput_heavy
0.8720815992723809,0.7378647873726218,0,1,A5,A5,919,960,150.0,severity_heavy
0.8999999999999998,0.8,0,1,A1,A1,920,961,100.0,equal
0.8999999999999998,0.8,0,1,A1,A1,920,961,100.0,criticality_heavy
0.8999999999999998,0.8,0,1,A1,A1,920,961,100.0,throughput_heavy
0.8999999999999998,0.8,0,1,A1,A1,920,961,100.0,severity_heavy
0.9999999999999999,1.0,1,1,A1,A1,920,961,125.0,equal
0.9999999999999999,1.0,1,1,A1,A1,920,961,125.0,criticality_heavy
0.9999999999999999,1.0,1,1,A1,A1,920,961,125.0,throughput_heavy
0.9999999999999999,1.0,1,1,A1,A1,920,961,125.0,severity_heavy
0.8999999999999998,0.8,0,1,A1,A1,920,961,150.0,equal
0.8999999999999998,0.8,0,1,A1,A1,920,961,150.0,criticality_heavy
0.8999999999999998,0.8,0,1,A1,A1,920,961,150.0,throughput_heavy
0.8999999999999998,0.8,0,1,A1,A1,920,961,150.0,severity_heavy
0.9746794344808963,0.9486832980505138,0,1,A3,A3,921,962,100.0,equal
0.9746794344808963,0.9486832980505138,0,1,A3,A3,921,962,100.0,criticality_heavy
0.9746794344808963,0.9486832980505138,0,1,A3,A3,921,962,100.0,throughput_heavy
0.9746794344808963,0.9486832980505138,0,1,A3,A3,921,962,100.0,severity_heavy
0.9999999999999999,1.0,1,1,A3,A3,921,962,125.0,equal
0.9999999999999999,1.0,1,1,A3,A3,921,962,125.0,criticality_heavy
0.9999999999999999,1.0,1,1,A3,A3,921,962,125.0,throughput_heavy
0.9999999999999999,1.0,1,1,A3,A3,921,962,125.0,severity_heavy
0.9999999999999999,1.0,1,1,A3,A3,921,962,150.0,equal
0.9999999999999999,1.0,1,1,A3,A3,921,962,150.0,criticality_heavy
0.9999999999999999,1.0,1,1,A3,A3,921,962,150.0,throughput_heavy
0.9999999999999999,1.0,1,1,A3,A3,921,962,150.0,severity_heavy
1.0,1.0,1,1,A3,A3,922,963,100.0,equal
1.0,1.0,1,1,A3,A3,922,963,100.0,criticality_heavy
1.0,1.0,1,1,A3,A3,922,963,100.0,throughput_heavy
1.0,1.0,1,1,A3,A3,922,963,100.0,severity_heavy
1.0,1.0,1,1,A3,A3,922,963,125.0,equal
1.0,1.0,1,1,A3,A3,922,963,125.0,criticality_heavy
1.0,1.0,1,1,A3,A3,922,963,125.0,throughput_heavy
1.0,1.0,1,1,A3,A3,922,963,125.0,severity_heavy
0.9746794344808964,0.9486832980505138,0,1,A3,A3,922,963,150.0,equal
0.9746794344808964,0.9486832980505138,0,1,A3,A3,922,963,150.0,criticality_heavy
0.9746794344808964,0.9486832980505138,0,1,A3,A3,922,963,150.0,throughput_heavy
0.9746794344808964,0.9486832980505138,0,1,A3,A3,922,963,150.0,severity_heavy
0.8720815992723809,0.7378647873726218,0,1,A5,A5,923,964,100.0,equal
0.8720815992723809,0.7378647873726218,0,1,A5,A5,923,964,100.0,criticality_heavy
0.8720815992723809,0.7378647873726218,0,1,A5,A5,923,964,100.0,throughput_heavy
0.8720815992723809,0.7378647873726218,0,1,A5,A5,923,964,100.0,severity_heavy
0.9999999999999999,1.0,1,1,A5,A5,923,964,125.0,equal
0.9999999999999999,1.0,1,1,A5,A5,923,964,125.0,criticality_heavy
0.9999999999999999,1.0,1,1,A5,A5,923,964,125.0,throughput_heavy
0.9999999999999999,1.0,1,1,A5,A5,923,964,125.0,severity_heavy
0.9999999999999999,1.0,1,1,A5,A5,923,964,150.0,equal
0.9999999999999999,1.0,1,1,A5,A5,923,964,150.0,criticality_heavy
0.9999999999999999,1.0,1,1,A5,A5,923,964,150.0,throughput_heavy
0.9999999999999999,1.0,1,1,A5,A5,923,964,150.0,severity_heavy
0.9746794344808963,0.9486832980505138,0,1,A3,A3,924,965,100.0,equal
0.9746794344808963,0.9486832980505138,0,1,A3,A3,924,965,100.0,criticality_heavy
0.9746794344808963,0.9486832980505138,0,1,A3,A3,924,965,100.0,throughput_heavy
0.9746794344808963,0.9486832980505138,0,1,A3,A3,924,965,100.0,severity_heavy
0.9999999999999999,1.0,1,1,A3,A3,924,965,125.0,equal
0.9999999999999999,1.0,1,1,A3,A3,924,965,125.0,criticality_heavy
0.9999999999999999,1.0,1,1,A3,A3,924,965,125.0,throughput_heavy
0.9999999999999999,1.0,1,1,A3,A3,924,965,125.0,severity_heavy
0.9999999999999999,1.0,1,1,A3,A3,924,965,150.0,equal
0.9999999999999999,1.0,1,1,A3,A3,924,965,150.0,criticality_heavy
0.9999999999999999,1.0,1,1,A3,A3,924,965,150.0,throughput_heavy
0.9999999999999999,1.0,1,1,A3,A3,924,965,150.0,severity_heavy
0.9746794344808963,0.9486832980505138,0,1,A2,A2,925,966,100.0,equal
0.9746794344808963,0.9486832980505138,0,1,A2,A2,925,966,100.0,criticality_heavy
0.9746794344808963,0.9486832980505138,0,1,A2,A2,925,966,100.0,throughput_heavy
0.9746794344808963,0.9486832980505138,0,1,A2,A2,925,966,100.0,severity_heavy
0.9999999999999999,1.0,1,1,A2,A2,925,966,125.0,equal
0.9999999999999999,1.0,1,1,A2,A2,925,966,125.0,criticality_heavy
0.9999999999999999,1.0,1,1,A2,A2,925,966,125.0,throughput_heavy
0.9999999999999999,1.0,1,1,A2,A2,925,966,125.0,severity_heavy
0.9999999999999999,1.0,1,1,A2,A2,925,966,150.0,equal
0.9999999999999999,1.0,1,1,A2,A2,925,966,150.0,criticality_heavy
0.9999999999999999,1.0,1,1,A2,A2,925,966,150.0,throughput_heavy
0.9999999999999999,1.0,1,1,A2,A2,925,966,150.0,severity_heavy
0.8947368421052632,0.7777777777777778,0,0,A3,A5,926,967,100.0,equal
0.8947368421052632,0.7777777777777778,0,0,A3,A5,926,967,100.0,criticality_heavy
0.8947368421052632,0.7777777777777778,0,0,A3,A5,926,967,100.0,throughput_heavy
0.8947368421052632,0.7777777777777778,0,0,A3,A5,926,967,100.0,severity_heavy
1.0,1.0,1,1,A3,A3,926,967,125.0,equal
1.0,1.0,1,1,A3,A3,926,967,125.0,criticality_heavy
1.0,1.0,1,1,A3,A3,926,967,125.0,throughput_heavy
1.0,1.0,1,1,A3,A3,926,967,125.0,severity_heavy
0.9746794344808964,0.9486832980505138,0,1,A3,A3,926,967,150.0,equal
0.9746794344808964,0.9486832980505138,0,1,A3,A3,926,967,150.0,criticality_heavy
0.9746794344808964,0.9486832980505138,0,1,A3,A3,926,967,150.0,throughput_heavy
0.9746794344808964,0.9486832980505138,0,1,A3,A3,926,967,150.0,severity_heavy
0.8947368421052632,0.7777777777777778,0,1,A5,A5,927,968,100.0,equal
0.8947368421052632,0.7777777777777778,0,1,A5,A5,927,968,100.0,criticality_heavy
0.8947368421052632,0.7777777777777778,0,1,A5,A5,927,968,100.0,throughput_heavy
0.8947368421052632,0.7777777777777778,0,1,A5,A5,927,968,100.0,severity_heavy
1.0,1.0,1,1,A5,A5,927,968,125.0,equal
1.0,1.0,1,1,A5,A5,927,968,125.0,criticality_heavy
1.0,1.0,1,1,A5,A5,927,968,125.0,throughput_heavy
1.0,1.0,1,1,A5,A5,927,968,125.0,severity_heavy
0.9746794344808964,0.9486832980505138,0,1,A5,A5,927,968,150.0,equal
0.9746794344808964,0.9486832980505138,0,1,A5,A5,927,968,150.0,criticality_heavy
0.9746794344808964,0.9486832980505138,0,1,A5,A5,927,968,150.0,throughput_heavy
0.9746794344808964,0.9486832980505138,0,1,A5,A5,927,968,150.0,severity_heavy
0.9746794344808963,0.9486832980505138,0,1,A2,A2,928,969,100.0,equal
0.9746794344808963,0.9486832980505138,0,1,A2,A2,928,969,100.0,criticality_heavy
0.9746794344808963,0.9486832980505138,0,1,A2,A2,928,969,100.0,throughput_heavy
0.9746794344808963,0.9486832980505138,0,1,A2,A2,928,969,100.0,severity_heavy
0.9999999999999999,1.0,1,1,A2,A2,928,969,125.0,equal
0.9999999999999999,1.0,1,1,A2,A2,928,969,125.0,criticality_heavy
0.9999999999999999,1.0,1,1,A2,A2,928,969,125.0,throughput_heavy
0.9999999999999999,1.0,1,1,A2,A2,928,969,125.0,severity_heavy
0.9999999999999999,1.0,1,1,A2,A2,928,969,150.0,equal
0.9999999999999999,1.0,1,1,A2,A2,928,969,150.0,criticality_heavy
0.9999999999999999,1.0,1,1,A2,A2,928,969,150.0,throughput_heavy
0.9999999999999999,1.0,1,1,A2,A2,928,969,150.0,severity_heavy
0.9746794344808963,0.9486832980505138,0,1,A2,A2,929,970,100.0,equal
0.9746794344808963,0.9486832980505138,0,1,A2,A2,929,970,100.0,criticality_heavy
0.9746794344808963,0.9486832980505138,0,1,A2,A2,929,970,100.0,throughput_heavy
0.9746794344808963,0.9486832980505138,0,1,A2,A2,929,970,100.0,severity_heavy
0.9999999999999999,1.0,1,1,A2,A2,929,970,125.0,equal
0.9999999999999999,1.0,1,1,A2,A2,929,970,125.0,criticality_heavy
0.9999999999999999,1.0,1,1,A2,A2,929,970,125.0,throughput_heavy
0.9999999999999999,1.0,1,1,A2,A2,929,970,125.0,severity_heavy
0.9999999999999999,1.0,1,1,A2,A2,929,970,150.0,equal
0.9999999999999999,1.0,1,1,A2,A2,929,970,150.0,criticality_heavy
0.9999999999999999,1.0,1,1,A2,A2,929,970,150.0,throughput_heavy
0.9999999999999999,1.0,1,1,A2,A2,929,970,150.0,severity_heavy
1.0,1.0,1,1,A3,A3,930,971,100.0,equal
1.0,1.0,1,1,A3,A3,930,971,100.0,criticality_heavy
1.0,1.0,1,1,A3,A3,930,971,100.0,throughput_heavy
1.0,1.0,1,1,A3,A3,930,971,100.0,severity_heavy
1.0,1.0,1,1,A3,A3,930,971,125.0,equal
1.0,1.0,1,1,A3,A3,930,971,125.0,criticality_heavy
1.0,1.0,1,1,A3,A3,930,971,125.0,throughput_heavy
1.0,1.0,1,1,A3,A3,930,971,125.0,severity_heavy
0.9746794344808964,0.9486832980505138,0,1,A3,A3,930,971,150.0,equal
0.9746794344808964,0.9486832980505138,0,1,A3,A3,930,971,150.0,criticality_heavy
0.9746794344808964,0.9486832980505138,0,1,A3,A3,930,971,150.0,throughput_heavy
0.9746794344808964,0.9486832980505138,0,1,A3,A3,930,971,150.0,severity_heavy
1.0,1.0,1,1,A3,A3,931,972,100.0,equal
1.0,1.0,1,1,A3,A3,931,972,100.0,criticality_heavy
1.0,1.0,1,1,A3,A3,931,972,100.0,throughput_heavy
1.0,1.0,1,1,A3,A3,931,972,100.0,severity_heavy
1.0,1.0,1,1,A3,A3,931,972,125.0,equal
1.0,1.0,1,1,A3,A3,931,972,125.0,criticality_heavy
1.0,1.0,1,1,A3,A3,931,972,125.0,throughput_heavy
1.0,1.0,1,1,A3,A3,931,972,125.0,severity_heavy
0.9746794344808964,0.9486832980505138,0,1,A3,A3,931,972,150.0,equal
0.9746794344808964,0.9486832980505138,0,1,A3,A3,931,972,150.0,criticality_heavy
0.9746794344808964,0.9486832980505138,0,1,A3,A3,931,972,150.0,throughput_heavy
0.9746794344808964,0.9486832980505138,0,1,A3,A3,931,972,150.0,severity_heavy
0.8999999999999998,0.8,0,0,A3,A4,932,973,100.0,equal
0.8999999999999998,0.8,0,0,A3,A4,932,973,100.0,criticality_heavy
0.8999999999999998,0.8,0,0,A3,A4,932,973,100.0,throughput_heavy
0.8999999999999998,0.8,0,0,A3,A4,932,973,100.0,severity_heavy
0.9999999999999999,1.0,1,1,A3,A3,932,973,125.0,equal
0.9999999999999999,1.0,1,1,A3,A3,932,973,125.0,criticality_heavy
0.9999999999999999,1.0,1,1,A3,A3,932,973,125.0,throughput_heavy
0.9999999999999999,1.0,1,1,A3,A3,932,973,125.0,severity_heavy
0.8999999999999998,0.8,0,1,A3,A3,932,973,150.0,equal
0.8999999999999998,0.8,0,1,A3,A3,932,973,150.0,criticality_heavy
0.8999999999999998,0.8,0,1,A3,A3,932,973,150.0,throughput_heavy
0.8999999999999998,0.8,0,1,A3,A3,932,973,150.0,severity_heavy
0.8947368421052632,0.7777777777777778,0,1,A5,A5,933,974,100.0,equal
0.8947368421052632,0.7777777777777778,0,1,A5,A5,933,974,100.0,criticality_heavy
0.8947368421052632,0.7777777777777778,0,1,A5,A5,933,974,100.0,throughput_heavy
0.8947368421052632,0.7777777777777778,0,1,A5,A5,933,974,100.0,severity_heavy
1.0,1.0,1,1,A5,A5,933,974,125.0,equal
1.0,1.0,1,1,A5,A5,933,974,125.0,criticality_heavy
1.0,1.0,1,1,A5,A5,933,974,125.0,throughput_heavy
1.0,1.0,1,1,A5,A5,933,974,125.0,severity_heavy
0.9746794344808964,0.9486832980505138,0,1,A5,A5,933,974,150.0,equal
0.9746794344808964,0.9486832980505138,0,1,A5,A5,933,974,150.0,criticality_heavy
0.9746794344808964,0.9486832980505138,0,1,A5,A5,933,974,150.0,throughput_heavy
0.9746794344808964,0.9486832980505138,0,1,A5,A5,933,974,150.0,severity_heavy
0.8207826816681234,0.7378647873726218,0,1,A1,A1,934,975,100.0,equal
0.8207826816681234,0.7378647873726218,0,1,A1,A1,934,975,100.0,criticality_heavy
0.8207826816681234,0.7378647873726218,0,1,A1,A1,934,975,100.0,throughput_heavy
0.8207826816681234,0.7378647873726218,0,1,A1,A1,934,975,100.0,severity_heavy
0.9999999999999999,1.0,1,1,A1,A1,934,975,125.0,equal
0.9999999999999999,1.0,1,1,A1,A1,934,975,125.0,criticality_heavy
0.9999999999999999,1.0,1,1,A1,A1,934,975,125.0,throughput_heavy
0.9999999999999999,1.0,1,1,A1,A1,934,975,125.0,severity_heavy
0.9999999999999999,1.0,1,1,A1,A1,934,975,150.0,equal
0.9999999999999999,1.0,1,1,A1,A1,934,975,150.0,criticality_heavy
0.9999999999999999,1.0,1,1,A1,A1,934,975,150.0,throughput_heavy
0.9999999999999999,1.0,1,1,A1,A1,934,975,150.0,severity_heavy
1.0,1.0,1,1,A2,A2,935,976,100.0,equal
1.0,1.0,1,1,A2,A2,935,976,100.0,criticality_heavy
1.0,1.0,1,1,A2,A2,935,976,100.0,throughput_heavy
1.0,1.0,1,1,A2,A2,935,976,100.0,severity_heavy
1.0,1.0,1,1,A2,A2,935,976,125.0,equal
1.0,1.0,1,1,A2,A2,935,976,125.0,criticality_heavy
1.0,1.0,1,1,A2,A2,935,976,125.0,throughput_heavy
1.0,1.0,1,1,A2,A2,935,976,125.0,severity_heavy
0.9746794344808964,0.9486832980505138,0,1,A2,A2,935,976,150.0,equal
0.9746794344808964,0.9486832980505138,0,1,A2,A2,935,976,150.0,criticality_heavy
0.9746794344808964,0.9486832980505138,0,1,A2,A2,935,976,150.0,throughput_heavy
0.9746794344808964,0.9486832980505138,0,1,A2,A2,935,976,150.0,severity_heavy
0.8947368421052632,0.7777777777777778,0,0,A3,A1,936,977,100.0,equal
0.8947368421052632,0.7777777777777778,0,0,A3,A1,936,977,100.0,criticality_heavy
0.8947368421052632,0.7777777777777778,0,0,A3,A1,936,977,100.0,throughput_heavy
0.8947368421052632,0.7777777777777778,0,0,A3,A1,936,977,100.0,severity_heavy
1.0,1.0,1,1,A3,A3,936,977,125.0,equal
0.8947368421052632,0.7777777777777778,0,0,A3,A1,936,977,125.0,criticality_heavy
1.0,1.0,1,1,A3,A3,936,977,125.0,throughput_heavy
1.0,1.0,1,1,A3,A3,936,977,125.0,severity_heavy
0.9746794344808964,0.9486832980505138,0,1,A3,A3,936,977,150.0,equal
0.9746794344808964,0.9486832980505138,0,1,A3,A3,936,977,150.0,criticality_heavy
0.9746794344808964,0.9486832980505138,0,1,A3,A3,936,977,150.0,throughput_heavy
0.9746794344808964,0.9486832980505138,0,1,A3,A3,936,977,150.0,severity_heavy
1.0,1.0,1,1,A2,A2,937,978,100.0,equal
1.0,1.0,1,1,A2,A2,937,978,100.0,criticality_heavy
1.0,1.0,1,1,A2,A2,937,978,100.0,throughput_heavy
1.0,1.0,1,1,A2,A2,937,978,100.0,severity_heavy
1.0,1.0,1,1,A2,A2,937,978,125.0,equal
1.0,1.0,1,1,A2,A2,937,978,125.0,criticality_heavy
1.0,1.0,1,1,A2,A2,937,978,125.0,throughput_heavy
1.0,1.0,1,1,A2,A2,937,978,125.0,severity_heavy
0.9746794344808964,0.9486832980505138,0,1,A2,A2,937,978,150.0,equal
0.9746794344808964,0.9486832980505138,0,1,A2,A2,937,978,150.0,criticality_heavy
0.9746794344808964,0.9486832980505138,0,1,A2,A2,937,978,150.0,throughput_heavy
0.9746794344808964,0.9486832980505138,0,1,A2,A2,937,978,150.0,severity_heavy
0.8720815992723809,0.7378647873726218,0,1,A1,A1,938,979,100.0,equal
0.8720815992723809,0.7378647873726218,0,1,A1,A1,938,979,100.0,criticality_heavy
0.8720815992723809,0.7378647873726218,0,1,A1,A1,938,979,100.0,throughput_heavy
0.8720815992723809,0.7378647873726218,0,1,A1,A1,938,979,100.0,severity_heavy
0.9999999999999999,1.0,1,1,A1,A1,938,979,125.0,equal
0.9999999999999999,1.0,1,1,A1,A1,938,979,125.0,criticality_heavy
0.9999999999999999,1.0,1,1,A1,A1,938,979,125.0,throughput_heavy
0.9999999999999999,1.0,1,1,A1,A1,938,979,125.0,severity_heavy
0.9999999999999999,1.0,1,1,A1,A1,938,979,150.0,equal
0.9999999999999999,1.0,1,1,A1,A1,938,979,150.0,criticality_heavy
0.9999999999999999,1.0,1,1,A1,A1,938,979,150.0,throughput_heavy
0.9999999999999999,1.0,1,1,A1,A1,938,979,150.0,severity_heavy
0.8720815992723809,0.7378647873726218,0,0,A3,A1,939,980,100.0,equal
0.8720815992723809,0.7378647873726218,0,0,A3,A1,939,980,100.0,criticality_heavy
0.8720815992723809,0.7378647873726218,0,0,A3,A1,939,980,100.0,throughput_heavy
0.8720815992723809,0.7378647873726218,0,0,A3,A1,939,980,100.0,severity_heavy
0.9999999999999999,1.0,1,1,A3,A3,939,980,125.0,equal
0.8999999999999998,0.8,0,0,A3,A1,939,980,125.0,criticality_heavy
0.9999999999999999,1.0,1,1,A3,A3,939,980,125.0,throughput_heavy
0.9999999999999999,1.0,1,1,A3,A3,939,980,125.0,severity_heavy
0.9999999999999999,1.0,1,1,A3,A3,939,980,150.0,equal
0.9999999999999999,1.0,1,1,A3,A3,939,980,150.0,criticality_heavy
0.9999999999999999,1.0,1,1,A3,A3,939,980,150.0,throughput_heavy
0.9999999999999999,1.0,1,1,A3,A3,939,980,150.0,severity_heavy
0.9746794344808963,0.9486832980505138,0,1,A2,A2,940,981,100.0,equal
0.9746794344808963,0.9486832980505138,0,1,A2,A2,940,981,100.0,criticality_heavy
0.9746794344808963,0.9486832980505138,0,1,A2,A2,940,981,100.0,throughput_heavy
0.9746794344808963,0.9486832980505138,0,1,A2,A2,940,981,100.0,severity_heavy
0.9999999999999999,1.0,1,1,A2,A2,940,981,125.0,equal
0.9999999999999999,1.0,1,1,A2,A2,940,981,125.0,criticality_heavy
0.9999999999999999,1.0,1,1,A2,A2,940,981,125.0,throughput_heavy
0.9999999999999999,1.0,1,1,A2,A2,940,981,125.0,severity_heavy
0.8999999999999998,0.8,0,1,A2,A2,940,981,150.0,equal
0.8999999999999998,0.8,0,1,A2,A2,940,981,150.0,criticality_heavy
0.8999999999999998,0.8,0,1,A2,A2,940,981,150.0,throughput_heavy
0.8999999999999998,0.8,0,1,A2,A2,940,981,150.0,severity_heavy
0.9746794344808963,0.9486832980505138,0,1,A3,A3,941,982,100.0,equal
0.9746794344808963,0.9486832980505138,0,1,A3,A3,941,982,100.0,criticality_heavy
0.9746794344808963,0.9486832980505138,0,1,A3,A3,941,982,100.0,throughput_heavy
0.9746794344808963,0.9486832980505138,0,1,A3,A3,941,982,100.0,severity_heavy
0.9999999999999999,1.0,1,1,A3,A3,941,982,125.0,equal
0.9999999999999999,1.0,1,1,A3,A3,941,982,125.0,criticality_heavy
0.9999999999999999,1.0,1,1,A3,A3,941,982,125.0,throughput_heavy
0.9999999999999999,1.0,1,1,A3,A3,941,982,125.0,severity_heavy
0.9999999999999999,1.0,1,1,A3,A3,941,982,150.0,equal
0.9999999999999999,1.0,1,1,A3,A3,941,982,150.0,criticality_heavy
0.9999999999999999,1.0,1,1,A3,A3,941,982,150.0,throughput_heavy
0.9999999999999999,1.0,1,1,A3,A3,941,982,150.0,severity_heavy
0.9746794344808963,0.9486832980505138,0,1,A1,A1,942,983,100.0,equal
0.9746794344808963,0.9486832980505138,0,1,A1,A1,942,983,100.0,criticality_heavy
0.9746794344808963,0.9486832980505138,0,1,A1,A1,942,983,100.0,throughput_heavy
0.9746794344808963,0.9486832980505138,0,1,A1,A1,942,983,100.0,severity_heavy
0.9999999999999999,1.0,1,1,A1,A1,942,983,125.0,equal
0.9999999999999999,1.0,1,1,A1,A1,942,983,125.0,criticality_heavy
0.9999999999999999,1.0,1,1,A1,A1,942,983,125.0,throughput_heavy
0.9999999999999999,1.0,1,1,A1,A1,942,983,125.0,severity_heavy
0.8999999999999998,0.8,0,1,A1,A1,942,983,150.0,equal
0.8999999999999998,0.8,0,1,A1,A1,942,983,150.0,criticality_heavy
0.8999999999999998,0.8,0,1,A1,A1,942,983,150.0,throughput_heavy
0.8999999999999998,0.8,0,1,A1,A1,942,983,150.0,severity_heavy
1.0,1.0,1,1,A4,A4,943,984,100.0,equal
1.0,1.0,1,1,A4,A4,943,984,100.0,criticality_heavy
1.0,1.0,1,1,A4,A4,943,984,100.0,throughput_heavy
1.0,1.0,1,1,A4,A4,943,984,100.0,severity_heavy
1.0,1.0,1,1,A4,A4,943,984,125.0,equal
1.0,1.0,1,1,A4,A4,943,984,125.0,criticality_heavy
1.0,1.0,1,1,A4,A4,943,984,125.0,throughput_heavy
1.0,1.0,1,1,A4,A4,943,984,125.0,severity_heavy
0.9746794344808964,0.9486832980505138,0,1,A4,A4,943,984,150.0,equal
0.9746794344808964,0.9486832980505138,0,1,A4,A4,943,984,150.0,criticality_heavy
0.9746794344808964,0.9486832980505138,0,1,A4,A4,943,984,150.0,throughput_heavy
0.9746794344808964,0.9486832980505138,0,1,A4,A4,943,984,150.0,severity_heavy
0.8720815992723809,0.7378647873726218,0,1,A2,A2,944,985,100.0,equal
0.8720815992723809,0.7378647873726218,0,1,A2,A2,944,985,100.0,criticality_heavy
0.8720815992723809,0.7378647873726218,0,1,A2,A2,944,985,100.0,throughput_heavy
0.8720815992723809,0.7378647873726218,0,1,A2,A2,944,985,100.0,severity_heavy
0.9999999999999999,1.0,1,1,A2,A2,944,985,125.0,equal
0.9999999999999999,1.0,1,1,A2,A2,944,985,125.0,criticality_heavy
0.9999999999999999,1.0,1,1,A2,A2,944,985,125.0,throughput_heavy
0.9999999999999999,1.0,1,1,A2,A2,944,985,125.0,severity_heavy
0.9999999999999999,1.0,1,1,A2,A2,944,985,150.0,equal
0.9999999999999999,1.0,1,1,A2,A2,944,985,150.0,criticality_heavy
0.9999999999999999,1.0,1,1,A2,A2,944,985,150.0,throughput_heavy
0.9999999999999999,1.0,1,1,A2,A2,944,985,150.0,severity_heavy
0.9746794344808963,0.9486832980505138,0,1,A2,A2,945,986,100.0,equal
0.9746794344808963,0.9486832980505138,0,1,A2,A2,945,986,100.0,criticality_heavy
0.9746794344808963,0.9486832980505138,0,1,A2,A2,945,986,100.0,throughput_heavy
0.9746794344808963,0.9486832980505138,0,1,A2,A2,945,986,100.0,severity_heavy
0.9999999999999999,1.0,1,1,A2,A2,945,986,125.0,equal
0.9999999999999999,1.0,1,1,A2,A2,945,986,125.0,criticality_heavy
0.9999999999999999,1.0,1,1,A2,A2,945,986,125.0,throughput_heavy
0.9999999999999999,1.0,1,1,A2,A2,945,986,125.0,severity_heavy
0.9999999999999999,1.0,1,1,A2,A2,945,986,150.0,equal
0.9999999999999999,1.0,1,1,A2,A2,945,986,150.0,criticality_heavy
0.9999999999999999,1.0,1,1,A2,A2,945,986,150.0,throughput_heavy
0.9999999999999999,1.0,1,1,A2,A2,945,986,150.0,severity_heavy
1.0,1.0,1,1,A5,A5,946,987,100.0,equal
1.0,1.0,1,1,A5,A5,946,987,100.0,criticality_heavy
1.0,1.0,1,1,A5,A5,946,987,100.0,throughput_heavy
0.8947368421052632,0.7777777777777778,0,0,A5,A4,946,987,100.0,severity_heavy
1.0,1.0,1,1,A5,A5,946,987,125.0,equal
1.0,1.0,1,1,A5,A5,946,987,125.0,criticality_heavy
1.0,1.0,1,1,A5,A5,946,987,125.0,throughput_heavy
1.0,1.0,1,1,A5,A5,946,987,125.0,severity_heavy
0.8720815992723809,0.7378647873726218,0,1,A5,A5,946,987,150.0,equal
0.8720815992723809,0.7378647873726218,0,1,A5,A5,946,987,150.0,criticality_heavy
0.8720815992723809,0.7378647873726218,0,1,A5,A5,946,987,150.0,throughput_heavy
0.9746794344808964,0.9486832980505138,0,1,A5,A5,946,987,150.0,severity_heavy
0.9746794344808963,0.9486832980505138,0,1,A1,A1,947,988,100.0,equal
0.9746794344808963,0.9486832980505138,0,1,A1,A1,947,988,100.0,criticality_heavy
0.9746794344808963,0.9486832980505138,0,1,A1,A1,947,988,100.0,throughput_heavy
0.9746794344808963,0.9486832980505138,0,1,A1,A1,947,988,100.0,severity_heavy
0.9999999999999999,1.0,1,1,A1,A1,947,988,125.0,equal
0.9999999999999999,1.0,1,1,A1,A1,947,988,125.0,criticality_heavy
0.9999999999999999,1.0,1,1,A1,A1,947,988,125.0,throughput_heavy
0.9999999999999999,1.0,1,1,A1,A1,947,988,125.0,severity_heavy
0.8999999999999998,0.8,0,1,A1,A1,947,988,150.0,equal
0.8999999999999998,0.8,0,1,A1,A1,947,988,150.0,criticality_heavy
0.7999999999999999,0.6,0,0,A1,A3,947,988,150.0,throughput_heavy
0.7999999999999999,0.6,0,0,A1,A3,947,988,150.0,severity_heavy
0.8720815992723809,0.7378647873726218,0,1,A1,A1,948,989,100.0,equal
0.8720815992723809,0.7378647873726218,0,1,A1,A1,948,989,100.0,criticality_heavy
0.8720815992723809,0.7378647873726218,0,1,A1,A1,948,989,100.0,throughput_heavy
0.8720815992723809,0.7378647873726218,0,1,A1,A1,948,989,100.0,severity_heavy
0.9999999999999999,1.0,1,1,A1,A1,948,989,125.0,equal
0.9999999999999999,1.0,1,1,A1,A1,948,989,125.0,criticality_heavy
0.9999999999999999,1.0,1,1,A1,A1,948,989,125.0,throughput_heavy
0.9999999999999999,1.0,1,1,A1,A1,948,989,125.0,severity_heavy
0.8999999999999998,0.8,0,1,A1,A1,948,989,150.0,equal
0.8999999999999998,0.8,0,1,A1,A1,948,989,150.0,criticality_heavy
0.8999999999999998,0.8,0,1,A1,A1,948,989,150.0,throughput_heavy
0.8999999999999998,0.8,0,1,A1,A1,948,989,150.0,severity_heavy
0.8947368421052632,0.7777777777777778,0,1,A1,A1,949,990,100.0,equal
0.8947368421052632,0.7777777777777778,0,1,A1,A1,949,990,100.0,criticality_heavy
0.8947368421052632,0.7777777777777778,0,1,A1,A1,949,990,100.0,throughput_heavy
0.8947368421052632,0.7777777777777778,0,1,A1,A1,949,990,100.0,severity_heavy
1.0,1.0,1,1,A1,A1,949,990,125.0,equal
1.0,1.0,1,1,A1,A1,949,990,125.0,criticality_heavy
1.0,1.0,1,1,A1,A1,949,990,125.0,throughput_heavy
1.0,1.0,1,1,A1,A1,949,990,125.0,severity_heavy
0.9746794344808964,0.9486832980505138,0,1,A1,A1,949,990,150.0,equal
0.9746794344808964,0.9486832980505138,0,1,A1,A1,949,990,150.0,criticality_heavy
0.9746794344808964,0.9486832980505138,0,1,A1,A1,949,990,150.0,throughput_heavy
0.9746794344808964,0.9486832980505138,0,1,A1,A1,949,990,150.0,severity_heavy
0.8947368421052632,0.7777777777777778,0,1,A5,A5,950,991,100.0,equal
0.8947368421052632,0.7777777777777778,0,1,A5,A5,950,991,100.0,criticality_heavy
0.8947368421052632,0.7777777777777778,0,1,A5,A5,950,991,100.0,throughput_heavy
0.8947368421052632,0.7777777777777778,0,1,A5,A5,950,991,100.0,severity_heavy
1.0,1.0,1,1,A5,A5,950,991,125.0,equal
1.0,1.0,1,1,A5,A5,950,991,125.0,criticality_heavy
1.0,1.0,1,1,A5,A5,950,991,125.0,throughput_heavy
1.0,1.0,1,1,A5,A5,950,991,125.0,severity_heavy
0.9746794344808964,0.9486832980505138,0,1,A5,A5,950,991,150.0,equal
0.9746794344808964,0.9486832980505138,0,1,A5,A5,950,991,150.0,criticality_heavy
0.9746794344808964,0.9486832980505138,0,1,A5,A5,950,991,150.0,throughput_heavy
0.9746794344808964,0.9486832980505138,0,1,A5,A5,950,991,150.0,severity_heavy
0.9746794344808963,0.9486832980505138,0,1,A2,A2,951,992,100.0,equal
0.9746794344808963,0.9486832980505138,0,1,A2,A2,951,992,100.0,criticality_heavy
0.9746794344808963,0.9486832980505138,0,1,A2,A2,951,992,100.0,throughput_heavy
0.9746794344808963,0.9486832980505138,0,1,A2,A2,951,992,100.0,severity_heavy
0.9999999999999999,1.0,1,1,A2,A2,951,992,125.0,equal
0.9999999999999999,1.0,1,1,A2,A2,951,992,125.0,criticality_heavy
0.9999999999999999,1.0,1,1,A2,A2,951,992,125.0,throughput_heavy
0.9999999999999999,1.0,1,1,A2,A2,951,992,125.0,severity_heavy
0.9999999999999999,1.0,1,1,A2,A2,951,992,150.0,equal
0.9999999999999999,1.0,1,1,A2,A2,951,992,150.0,criticality_heavy
0.9999999999999999,1.0,1,1,A2,A2,951,992,150.0,throughput_heavy
0.9999999999999999,1.0,1,1,A2,A2,951,992,150.0,severity_heavy
0.9746794344808963,0.9486832980505138,0,1,A3,A3,952,993,100.0,equal
0.9746794344808963,0.9486832980505138,0,1,A3,A3,952,993,100.0,criticality_heavy
0.9746794344808963,0.9486832980505138,0,1,A3,A3,952,993,100.0,throughput_heavy
0.9746794344808963,0.9486832980505138,0,1,A3,A3,952,993,100.0,severity_heavy
0.9999999999999999,1.0,1,1,A3,A3,952,993,125.0,equal
0.9999999999999999,1.0,1,1,A3,A3,952,993,125.0,criticality_heavy
0.9999999999999999,1.0,1,1,A3,A3,952,993,125.0,throughput_heavy
0.9999999999999999,1.0,1,1,A3,A3,952,993,125.0,severity_heavy
0.9999999999999999,1.0,1,1,A3,A3,952,993,150.0,equal
0.9999999999999999,1.0,1,1,A3,A3,952,993,150.0,criticality_heavy
0.9999999999999999,1.0,1,1,A3,A3,952,993,150.0,throughput_heavy
0.9999999999999999,1.0,1,1,A3,A3,952,993,150.0,severity_heavy
0.8947368421052632,0.7777777777777778,0,1,A3,A3,953,994,100.0,equal
0.8947368421052632,0.7777777777777778,0,1,A3,A3,953,994,100.0,criticality_heavy
0.8947368421052632,0.7777777777777778,0,1,A3,A3,953,994,100.0,throughput_heavy
0.8947368421052632,0.7777777777777778,0,1,A3,A3,953,994,100.0,severity_heavy
1.0,1.0,1,1,A3,A3,953,994,125.0,equal
1.0,1.0,1,1,A3,A3,953,994,125.0,criticality_heavy
1.0,1.0,1,1,A3,A3,953,994,125.0,throughput_heavy
1.0,1.0,1,1,A3,A3,953,994,125.0,severity_heavy
0.9746794344808964,0.9486832980505138,0,1,A3,A3,953,994,150.0,equal
0.9746794344808964,0.9486832980505138,0,1,A3,A3,953,994,150.0,criticality_heavy
0.9746794344808964,0.9486832980505138,0,1,A3,A3,953,994,150.0,throughput_heavy
0.9746794344808964,0.9486832980505138,0,1,A3,A3,953,994,150.0,severity_heavy
0.9746794344808963,0.9486832980505138,0,1,A5,A5,954,995,100.0,equal
0.9746794344808963,0.9486832980505138,0,1,A5,A5,954,995,100.0,criticality_heavy
0.9746794344808963,0.9486832980505138,0,1,A5,A5,954,995,100.0,throughput_heavy
0.9746794344808963,0.9486832980505138,0,1,A5,A5,954,995,100.0,severity_heavy
0.9999999999999999,1.0,1,1,A5,A5,954,995,125.0,equal
0.9999999999999999,1.0,1,1,A5,A5,954,995,125.0,criticality_heavy
0.9999999999999999,1.0,1,1,A5,A5,954,995,125.0,throughput_heavy
0.9999999999999999,1.0,1,1,A5,A5,954,995,125.0,severity_heavy
0.6,0.4,0,1,A5,A5,954,995,150.0,equal
0.6,0.4,0,1,A5,A5,954,995,150.0,criticality_heavy
0.6,0.4,0,1,A5,A5,954,995,150.0,throughput_heavy
0.6,0.4,0,1,A5,A5,954,995,150.0,severity_heavy
0.8720815992723809,0.7378647873726218,0,1,A1,A1,955,996,100.0,equal
0.8720815992723809,0.7378647873726218,0,1,A1,A1,955,996,100.0,criticality_heavy
0.8720815992723809,0.7378647873726218,0,1,A1,A1,955,996,100.0,throughput_heavy
0.8720815992723809,0.7378647873726218,0,1,A1,A1,955,996,100.0,severity_heavy
0.9999999999999999,1.0,1,1,A1,A1,955,996,125.0,equal
0.9999999999999999,1.0,1,1,A1,A1,955,996,125.0,criticality_heavy
0.9999999999999999,1.0,1,1,A1,A1,955,996,125.0,throughput_heavy
0.9999999999999999,1.0,1,1,A1,A1,955,996,125.0,severity_heavy
0.9999999999999999,1.0,1,1,A1,A1,955,996,150.0,equal
0.9999999999999999,1.0,1,1,A1,A1,955,996,150.0,criticality_heavy
0.9999999999999999,1.0,1,1,A1,A1,955,996,150.0,throughput_heavy
0.9999999999999999,1.0,1,1,A1,A1,955,996,150.0,severity_heavy
0.8947368421052632,0.7777777777777778,0,0,A2,A1,956,997,100.0,equal
0.8947368421052632,0.7777777777777778,0,0,A2,A1,956,997,100.0,criticality_heavy
0.8947368421052632,0.7777777777777778,0,0,A2,A1,956,997,100.0,throughput_heavy
0.8947368421052632,0.7777777777777778,0,0,A2,A1,956,997,100.0,severity_heavy
1.0,1.0,1,1,A2,A2,956,997,125.0,equal
1.0,1.0,1,1,A2,A2,956,997,125.0,criticality_heavy
1.0,1.0,1,1,A2,A2,956,997,125.0,throughput_heavy
1.0,1.0,1,1,A2,A2,956,997,125.0,severity_heavy
0.9746794344808964,0.9486832980505138,0,1,A2,A2,956,997,150.0,equal
0.9746794344808964,0.9486832980505138,0,1,A2,A2,956,997,150.0,criticality_heavy
0.9746794344808964,0.9486832980505138,0,1,A2,A2,956,997,150.0,throughput_heavy
0.9746794344808964,0.9486832980505138,0,1,A2,A2,956,997,150.0,severity_heavy
0.9746794344808963,0.9486832980505138,0,1,A4,A4,957,998,100.0,equal
0.9746794344808963,0.9486832980505138,0,1,A4,A4,957,998,100.0,criticality_heavy
0.9746794344808963,0.9486832980505138,0,1,A4,A4,957,998,100.0,throughput_heavy
0.9746794344808963,0.9486832980505138,0,1,A4,A4,957,998,100.0,severity_heavy
0.9999999999999999,1.0,1,1,A4,A4,957,998,125.0,equal
0.9999999999999999,1.0,1,1,A4,A4,957,998,125.0,criticality_heavy
0.9999999999999999,1.0,1,1,A4,A4,957,998,125.0,throughput_heavy
0.9999999999999999,1.0,1,1,A4,A4,957,998,125.0,severity_heavy
0.8999999999999998,0.8,0,0,A4,A1,957,998,150.0,equal
0.8999999999999998,0.8,0,0,A4,A1,957,998,150.0,criticality_heavy
0.8999999999999998,0.8,0,0,A4,A1,957,998,150.0,throughput_heavy
0.8999999999999998,0.8,0,0,A4,A1,957,998,150.0,severity_heavy
0.9746794344808963,0.9486832980505138,0,1,A3,A3,958,999,100.0,equal
0.9746794344808963,0.9486832980505138,0,1,A3,A3,958,999,100.0,criticality_heavy
0.9746794344808963,0.9486832980505138,0,1,A3,A3,958,999,100.0,throughput_heavy
0.9746794344808963,0.9486832980505138,0,1,A3,A3,958,999,100.0,severity_heavy
0.9999999999999999,1.0,1,1,A3,A3,958,999,125.0,equal
0.9999999999999999,1.0,1,1,A3,A3,958,999,125.0,criticality_heavy
0.9999999999999999,1.0,1,1,A3,A3,958,999,125.0,throughput_heavy
0.9999999999999999,1.0,1,1,A3,A3,958,999,125.0,severity_heavy
0.8999999999999998,0.8,0,1,A3,A3,958,999,150.0,equal
0.9999999999999999,1.0,1,1,A3,A3,958,999,150.0,criticality_heavy
0.8999999999999998,0.8,0,1,A3,A3,958,999,150.0,throughput_heavy
0.8999999999999998,0.8,0,1,A3,A3,958,999,150.0,severity_heavy
1.0,1.0,1,1,A1,A1,959,1000,100.0,equal
1.0,1.0,1,1,A1,A1,959,1000,100.0,criticality_heavy
1.0,1.0,1,1,A1,A1,959,1000,100.0,throughput_heavy
1.0,1.0,1,1,A1,A1,959,1000,100.0,severity_heavy
1.0,1.0,1,1,A1,A1,959,1000,125.0,equal
1.0,1.0,1,1,A1,A1,959,1000,125.0,criticality_heavy
1.0,1.0,1,1,A1,A1,959,1000,125.0,throughput_heavy
1.0,1.0,1,1,A1,A1,959,1000,125.0,severity_heavy
0.9746794344808964,0.9486832980505138,0,1,A1,A1,959,1000,150.0,equal
0.9746794344808964,0.9486832980505138,0,1,A1,A1,959,1000,150.0,criticality_heavy
0.9746794344808964,0.9486832980505138,0,1,A1,A1,959,1000,150.0,throughput_heavy
0.9746794344808964,0.9486832980505138,0,1,A1,A1,959,1000,150.0,severity_heavy
0.9746794344808963,0.9486832980505138,0,1,A1,A1,960,1001,100.0,equal
0.9746794344808963,0.9486832980505138,0,1,A1,A1,960,1001,100.0,criticality_heavy
0.9746794344808963,0.9486832980505138,0,1,A1,A1,960,1001,100.0,throughput_heavy
0.9746794344808963,0.9486832980505138,0,1,A1,A1,960,1001,100.0,severity_heavy
0.9999999999999999,1.0,1,1,A1,A1,960,1001,125.0,equal
0.9999999999999999,1.0,1,1,A1,A1,960,1001,125.0,criticality_heavy
0.9999999999999999,1.0,1,1,A1,A1,960,1001,125.0,throughput_heavy
0.9999999999999999,1.0,1,1,A1,A1,960,1001,125.0,severity_heavy
0.8999999999999998,0.8,0,1,A1,A1,960,1001,150.0,equal
0.8999999999999998,0.8,0,1,A1,A1,960,1001,150.0,criticality_heavy
0.8999999999999998,0.8,0,1,A1,A1,960,1001,150.0,throughput_heavy
0.8999999999999998,0.8,0,1,A1,A1,960,1001,150.0,severity_heavy
0.9746794344808963,0.9486832980505138,0,1,A2,A2,961,1002,100.0,equal
0.9746794344808963,0.9486832980505138,0,1,A2,A2,961,1002,100.0,criticality_heavy
0.9746794344808963,0.9486832980505138,0,1,A2,A2,961,1002,100.0,throughput_heavy
0.9746794344808963,0.9486832980505138,0,1,A2,A2,961,1002,100.0,severity_heavy
0.9999999999999999,1.0,1,1,A2,A2,961,1002,125.0,equal
0.9999999999999999,1.0,1,1,A2,A2,961,1002,125.0,criticality_heavy
0.9999999999999999,1.0,1,1,A2,A2,961,1002,125.0,throughput_heavy
0.9999999999999999,1.0,1,1,A2,A2,961,1002,125.0,severity_heavy
0.9999999999999999,1.0,1,1,A2,A2,961,1002,150.0,equal
0.9999999999999999,1.0,1,1,A2,A2,961,1002,150.0,criticality_heavy
0.9999999999999999,1.0,1,1,A2,A2,961,1002,150.0,throughput_heavy
0.9999999999999999,1.0,1,1,A2,A2,961,1002,150.0,severity_heavy
0.9746794344808963,0.9486832980505138,0,1,A3,A3,962,1003,100.0,equal
0.9746794344808963,0.9486832980505138,0,1,A3,A3,962,1003,100.0,criticality_heavy
0.9746794344808963,0.9486832980505138,0,1,A3,A3,962,1003,100.0,throughput_heavy
0.9746794344808963,0.9486832980505138,0,1,A3,A3,962,1003,100.0,severity_heavy
0.9999999999999999,1.0,1,1,A3,A3,962,1003,125.0,equal
0.9999999999999999,1.0,1,1,A3,A3,962,1003,125.0,criticality_heavy
0.9999999999999999,1.0,1,1,A3,A3,962,1003,125.0,throughput_heavy
0.9999999999999999,1.0,1,1,A3,A3,962,1003,125.0,severity_heavy
0.9999999999999999,1.0,1,1,A3,A3,962,1003,150.0,equal
0.9999999999999999,1.0,1,1,A3,A3,962,1003,150.0,criticality_heavy
0.9999999999999999,1.0,1,1,A3,A3,962,1003,150.0,throughput_heavy
0.9999999999999999,1.0,1,1,A3,A3,962,1003,150.0,severity_heavy
0.8720815992723809,0.7378647873726218,0,0,A1,A4,963,1004,100.0,equal
0.8720815992723809,0.7378647873726218,0,0,A1,A4,963,1004,100.0,criticality_heavy
0.8720815992723809,0.7378647873726218,0,0,A1,A4,963,1004,100.0,throughput_heavy
0.8720815992723809,0.7378647873726218,0,0,A1,A4,963,1004,100.0,severity_heavy
0.9999999999999999,1.0,1,1,A1,A1,963,1004,125.0,equal
0.9999999999999999,1.0,1,1,A1,A1,963,1004,125.0,criticality_heavy
0.9999999999999999,1.0,1,1,A1,A1,963,1004,125.0,throughput_heavy
0.9999999999999999,1.0,1,1,A1,A1,963,1004,125.0,severity_heavy
0.9999999999999999,1.0,1,1,A1,A1,963,1004,150.0,equal
0.9999999999999999,1.0,1,1,A1,A1,963,1004,150.0,criticality_heavy
0.9999999999999999,1.0,1,1,A1,A1,963,1004,150.0,throughput_heavy
0.9999999999999999,1.0,1,1,A1,A1,963,1004,150.0,severity_heavy
1.0,1.0,1,1,A3,A3,964,1005,100.0,equal
1.0,1.0,1,1,A3,A3,964,1005,100.0,criticality_heavy
1.0,1.0,1,1,A3,A3,964,1005,100.0,throughput_heavy
1.0,1.0,1,1,A3,A3,964,1005,100.0,severity_heavy
1.0,1.0,1,1,A3,A3,964,1005,125.0,equal
1.0,1.0,1,1,A3,A3,964,1005,125.0,criticality_heavy
1.0,1.0,1,1,A3,A3,964,1005,125.0,throughput_heavy
1.0,1.0,1,1,A3,A3,964,1005,125.0,severity_heavy
0.9746794344808964,0.9486832980505138,0,1,A3,A3,964,1005,150.0,equal
0.9746794344808964,0.9486832980505138,0,1,A3,A3,964,1005,150.0,criticality_heavy
0.9746794344808964,0.9486832980505138,0,1,A3,A3,964,1005,150.0,throughput_heavy
0.9746794344808964,0.9486832980505138,0,1,A3,A3,964,1005,150.0,severity_heavy
1.0,1.0,1,1,A3,A3,965,1006,100.0,equal
1.0,1.0,1,1,A3,A3,965,1006,100.0,criticality_heavy
1.0,1.0,1,1,A3,A3,965,1006,100.0,throughput_heavy
1.0,1.0,1,1,A3,A3,965,1006,100.0,severity_heavy
1.0,1.0,1,1,A3,A3,965,1006,125.0,equal
1.0,1.0,1,1,A3,A3,965,1006,125.0,criticality_heavy
1.0,1.0,1,1,A3,A3,965,1006,125.0,throughput_heavy
1.0,1.0,1,1,A3,A3,965,1006,125.0,severity_heavy
0.9746794344808964,0.9486832980505138,0,1,A3,A3,965,1006,150.0,equal
0.9746794344808964,0.9486832980505138,0,1,A3,A3,965,1006,150.0,criticality_heavy
0.9746794344808964,0.9486832980505138,0,1,A3,A3,965,1006,150.0,throughput_heavy
0.9746794344808964,0.9486832980505138,0,1,A3,A3,965,1006,150.0,severity_heavy
1.0,1.0,1,1,A3,A3,966,1007,100.0,equal
1.0,1.0,1,1,A3,A3,966,1007,100.0,criticality_heavy
1.0,1.0,1,1,A3,A3,966,1007,100.0,throughput_heavy
1.0,1.0,1,1,A3,A3,966,1007,100.0,severity_heavy
1.0,1.0,1,1,A3,A3,966,1007,125.0,equal
1.0,1.0,1,1,A3,A3,966,1007,125.0,criticality_heavy
1.0,1.0,1,1,A3,A3,966,1007,125.0,throughput_heavy
1.0,1.0,1,1,A3,A3,966,1007,125.0,severity_heavy
0.8207826816681233,0.7378647873726218,0,1,A3,A3,966,1007,150.0,equal
0.8207826816681233,0.7378647873726218,0,1,A3,A3,966,1007,150.0,criticality_heavy
0.8207826816681233,0.7378647873726218,0,1,A3,A3,966,1007,150.0,throughput_heavy
0.9746794344808964,0.9486832980505138,0,1,A3,A3,966,1007,150.0,severity_heavy
0.8947368421052632,0.7777777777777778,0,0,A2,A4,967,1008,100.0,equal
0.8947368421052632,0.7777777777777778,0,0,A2,A4,967,1008,100.0,criticality_heavy
0.8947368421052632,0.7777777777777778,0,0,A2,A4,967,1008,100.0,throughput_heavy
0.8947368421052632,0.7777777777777778,0,0,A2,A4,967,1008,100.0,severity_heavy
1.0,1.0,1,1,A2,A2,967,1008,125.0,equal
1.0,1.0,1,1,A2,A2,967,1008,125.0,criticality_heavy
1.0,1.0,1,1,A2,A2,967,1008,125.0,throughput_heavy
1.0,1.0,1,1,A2,A2,967,1008,125.0,severity_heavy
0.9746794344808964,0.9486832980505138,0,1,A2,A2,967,1008,150.0,equal
0.9746794344808964,0.9486832980505138,0,1,A2,A2,967,1008,150.0,criticality_heavy
0.9746794344808964,0.9486832980505138,0,1,A2,A2,967,1008,150.0,throughput_heavy
0.9746794344808964,0.9486832980505138,0,1,A2,A2,967,1008,150.0,severity_heavy
0.9746794344808963,0.9486832980505138,0,1,A3,A3,968,1009,100.0,equal
0.9746794344808963,0.9486832980505138,0,1,A3,A3,968,1009,100.0,criticality_heavy
0.9746794344808963,0.9486832980505138,0,1,A3,A3,968,1009,100.0,throughput_heavy
0.9746794344808963,0.9486832980505138,0,1,A3,A3,968,1009,100.0,severity_heavy
0.9999999999999999,1.0,1,1,A3,A3,968,1009,125.0,equal
0.9999999999999999,1.0,1,1,A3,A3,968,1009,125.0,criticality_heavy
0.9999999999999999,1.0,1,1,A3,A3,968,1009,125.0,throughput_heavy
0.9999999999999999,1.0,1,1,A3,A3,968,1009,125.0,severity_heavy
0.9999999999999999,1.0,1,1,A3,A3,968,1009,150.0,equal
0.9999999999999999,1.0,1,1,A3,A3,968,1009,150.0,criticality_heavy
0.9999999999999999,1.0,1,1,A3,A3,968,1009,150.0,throughput_heavy
0.9999999999999999,1.0,1,1,A3,A3,968,1009,150.0,severity_heavy
1.0,1.0,1,1,A2,A2,969,1010,100.0,equal
1.0,1.0,1,1,A2,A2,969,1010,100.0,criticality_heavy
1.0,1.0,1,1,A2,A2,969,1010,100.0,throughput_heavy
1.0,1.0,1,1,A2,A2,969,1010,100.0,severity_heavy
1.0,1.0,1,1,A2,A2,969,1010,125.0,equal
1.0,1.0,1,1,A2,A2,969,1010,125.0,criticality_heavy
1.0,1.0,1,1,A2,A2,969,1010,125.0,throughput_heavy
1.0,1.0,1,1,A2,A2,969,1010,125.0,severity_heavy
0.9746794344808964,0.9486832980505138,0,1,A2,A2,969,1010,150.0,equal
0.9746794344808964,0.9486832980505138,0,1,A2,A2,969,1010,150.0,criticality_heavy
0.9746794344808964,0.9486832980505138,0,1,A2,A2,969,1010,150.0,throughput_heavy
0.9746794344808964,0.9486832980505138,0,1,A2,A2,969,1010,150.0,severity_heavy
0.9746794344808963,0.9486832980505138,0,1,A3,A3,970,1011,100.0,equal
0.9746794344808963,0.9486832980505138,0,1,A3,A3,970,1011,100.0,criticality_heavy
0.9746794344808963,0.9486832980505138,0,1,A3,A3,970,1011,100.0,throughput_heavy
0.9746794344808963,0.9486832980505138,0,1,A3,A3,970,1011,100.0,severity_heavy
0.9999999999999999,1.0,1,1,A3,A3,970,1011,125.0,equal
0.9999999999999999,1.0,1,1,A3,A3,970,1011,125.0,criticality_heavy
0.9999999999999999,1.0,1,1,A3,A3,970,1011,125.0,throughput_heavy
0.9999999999999999,1.0,1,1,A3,A3,970,1011,125.0,severity_heavy
0.9999999999999999,1.0,1,1,A3,A3,970,1011,150.0,equal
0.9999999999999999,1.0,1,1,A3,A3,970,1011,150.0,criticality_heavy
0.9999999999999999,1.0,1,1,A3,A3,970,1011,150.0,throughput_heavy
0.9999999999999999,1.0,1,1,A3,A3,970,1011,150.0,severity_heavy
1.0,1.0,1,1,A2,A2,971,1012,100.0,equal
1.0,1.0,1,1,A2,A2,971,1012,100.0,criticality_heavy
1.0,1.0,1,1,A2,A2,971,1012,100.0,throughput_heavy
1.0,1.0,1,1,A2,A2,971,1012,100.0,severity_heavy
1.0,1.0,1,1,A2,A2,971,1012,125.0,equal
1.0,1.0,1,1,A2,A2,971,1012,125.0,criticality_heavy
1.0,1.0,1,1,A2,A2,971,1012,125.0,throughput_heavy
1.0,1.0,1,1,A2,A2,971,1012,125.0,severity_heavy
0.9746794344808964,0.9486832980505138,0,1,A2,A2,971,1012,150.0,equal
0.9746794344808964,0.9486832980505138,0,1,A2,A2,971,1012,150.0,criticality_heavy
0.9746794344808964,0.9486832980505138,0,1,A2,A2,971,1012,150.0,throughput_heavy
0.9746794344808964,0.9486832980505138,0,1,A2,A2,971,1012,150.0,severity_heavy
0.9999999999999999,1.0,1,1,A2,A2,972,1013,100.0,equal
0.9999999999999999,1.0,1,1,A2,A2,972,1013,100.0,criticality_heavy
0.9999999999999999,1.0,1,1,A2,A2,972,1013,100.0,throughput_heavy
0.9999999999999999,1.0,1,1,A2,A2,972,1013,100.0,severity_heavy
0.9999999999999999,1.0,1,1,A2,A2,972,1013,125.0,equal
0.9999999999999999,1.0,1,1,A2,A2,972,1013,125.0,criticality_heavy
0.9999999999999999,1.0,1,1,A2,A2,972,1013,125.0,throughput_heavy
0.9999999999999999,1.0,1,1,A2,A2,972,1013,125.0,severity_heavy
0.8999999999999998,0.8,0,1,A2,A2,972,1013,150.0,equal
0.8999999999999998,0.8,0,1,A2,A2,972,1013,150.0,criticality_heavy
0.8999999999999998,0.8,0,1,A2,A2,972,1013,150.0,throughput_heavy
0.8999999999999998,0.8,0,1,A2,A2,972,1013,150.0,severity_heavy
0.9746794344808963,0.9486832980505138,0,1,A5,A5,973,1014,100.0,equal
0.9746794344808963,0.9486832980505138,0,1,A5,A5,973,1014,100.0,criticality_heavy
0.9746794344808963,0.9486832980505138,0,1,A5,A5,973,1014,100.0,throughput_heavy
0.9746794344808963,0.9486832980505138,0,1,A5,A5,973,1014,100.0,severity_heavy
0.9999999999999999,1.0,1,1,A5,A5,973,1014,125.0,equal
0.9999999999999999,1.0,1,1,A5,A5,973,1014,125.0,criticality_heavy
0.9999999999999999,1.0,1,1,A5,A5,973,1014,125.0,throughput_heavy
0.9999999999999999,1.0,1,1,A5,A5,973,1014,125.0,severity_heavy
0.8999999999999998,0.8,0,1,A5,A5,973,1014,150.0,equal
0.8999999999999998,0.8,0,1,A5,A5,973,1014,150.0,criticality_heavy
0.8999999999999998,0.8,0,1,A5,A5,973,1014,150.0,throughput_heavy
0.8999999999999998,0.8,0,1,A5,A5,973,1014,150.0,severity_heavy
0.8947368421052632,0.7777777777777778,0,0,A3,A4,974,1015,100.0,equal
0.8947368421052632,0.7777777777777778,0,0,A3,A4,974,1015,100.0,criticality_heavy
0.8947368421052632,0.7777777777777778,0,0,A3,A4,974,1015,100.0,throughput_heavy
0.8947368421052632,0.7777777777777778,0,0,A3,A4,974,1015,100.0,severity_heavy
1.0,1.0,1,1,A3,A3,974,1015,125.0,equal
1.0,1.0,1,1,A3,A3,974,1015,125.0,criticality_heavy
1.0,1.0,1,1,A3,A3,974,1015,125.0,throughput_heavy
1.0,1.0,1,1,A3,A3,974,1015,125.0,severity_heavy
0.9746794344808964,0.9486832980505138,0,1,A3,A3,974,1015,150.0,equal
0.9746794344808964,0.9486832980505138,0,1,A3,A3,974,1015,150.0,criticality_heavy
0.9746794344808964,0.9486832980505138,0,1,A3,A3,974,1015,150.0,throughput_heavy
0.9746794344808964,0.9486832980505138,0,1,A3,A3,974,1015,150.0,severity_heavy
0.9746794344808963,0.9486832980505138,0,1,A5,A5,975,1016,100.0,equal
0.9746794344808963,0.9486832980505138,0,1,A5,A5,975,1016,100.0,criticality_heavy
0.9746794344808963,0.9486832980505138,0,1,A5,A5,975,1016,100.0,throughput_heavy
0.9746794344808963,0.9486832980505138,0,1,A5,A5,975,1016,100.0,severity_heavy
0.9999999999999999,1.0,1,1,A5,A5,975,1016,125.0,equal
0.9999999999999999,1.0,1,1,A5,A5,975,1016,125.0,criticality_heavy
0.9999999999999999,1.0,1,1,A5,A5,975,1016,125.0,throughput_heavy
0.9999999999999999,1.0,1,1,A5,A5,975,1016,125.0,severity_heavy
0.8999999999999998,0.8,0,1,A5,A5,975,1016,150.0,equal
0.8999999999999998,0.8,0,1,A5,A5,975,1016,150.0,criticality_heavy
0.8999999999999998,0.8,0,1,A5,A5,975,1016,150.0,throughput_heavy
0.8999999999999998,0.8,0,1,A5,A5,975,1016,150.0,severity_heavy
1.0,1.0,1,1,A3,A3,976,1017,100.0,equal
1.0,1.0,1,1,A3,A3,976,1017,100.0,criticality_heavy
1.0,1.0,1,1,A3,A3,976,1017,100.0,throughput_heavy
1.0,1.0,1,1,A3,A3,976,1017,100.0,severity_heavy
1.0,1.0,1,1,A3,A3,976,1017,125.0,equal
1.0,1.0,1,1,A3,A3,976,1017,125.0,criticality_heavy
1.0,1.0,1,1,A3,A3,976,1017,125.0,throughput_heavy
1.0,1.0,1,1,A3,A3,976,1017,125.0,severity_heavy
0.9746794344808964,0.9486832980505138,0,1,A3,A3,976,1017,150.0,equal
0.9746794344808964,0.9486832980505138,0,1,A3,A3,976,1017,150.0,criticality_heavy
0.9746794344808964,0.9486832980505138,0,1,A3,A3,976,1017,150.0,throughput_heavy
0.9746794344808964,0.9486832980505138,0,1,A3,A3,976,1017,150.0,severity_heavy
1.0,1.0,1,1,A2,A2,977,1018,100.0,equal
1.0,1.0,1,1,A2,A2,977,1018,100.0,criticality_heavy
1.0,1.0,1,1,A2,A2,977,1018,100.0,throughput_heavy
1.0,1.0,1,1,A2,A2,977,1018,100.0,severity_heavy
1.0,1.0,1,1,A2,A2,977,1018,125.0,equal
1.0,1.0,1,1,A2,A2,977,1018,125.0,criticality_heavy
1.0,1.0,1,1,A2,A2,977,1018,125.0,throughput_heavy
1.0,1.0,1,1,A2,A2,977,1018,125.0,severity_heavy
0.9746794344808964,0.9486832980505138,0,1,A2,A2,977,1018,150.0,equal
0.9746794344808964,0.9486832980505138,0,1,A2,A2,977,1018,150.0,criticality_heavy
0.9746794344808964,0.9486832980505138,0,1,A2,A2,977,1018,150.0,throughput_heavy
0.9746794344808964,0.9486832980505138,0,1,A2,A2,977,1018,150.0,severity_heavy
0.9746794344808963,0.9486832980505138,0,1,A5,A5,978,1019,100.0,equal
0.9746794344808963,0.9486832980505138,0,1,A5,A5,978,1019,100.0,criticality_heavy
0.9746794344808963,0.9486832980505138,0,1,A5,A5,978,1019,100.0,throughput_heavy
0.9746794344808963,0.9486832980505138,0,1,A5,A5,978,1019,100.0,severity_heavy
0.9999999999999999,1.0,1,1,A5,A5,978,1019,125.0,equal
0.9999999999999999,1.0,1,1,A5,A5,978,1019,125.0,criticality_heavy
0.9999999999999999,1.0,1,1,A5,A5,978,1019,125.0,throughput_heavy
0.9999999999999999,1.0,1,1,A5,A5,978,1019,125.0,severity_heavy
0.8999999999999998,0.8,0,1,A5,A5,978,1019,150.0,equal
0.8999999999999998,0.8,0,1,A5,A5,978,1019,150.0,criticality_heavy
0.8999999999999998,0.8,0,1,A5,A5,978,1019,150.0,throughput_heavy
0.8999999999999998,0.8,0,1,A5,A5,978,1019,150.0,severity_heavy
0.9746794344808963,0.9486832980505138,0,1,A3,A3,979,1020,100.0,equal
0.9746794344808963,0.9486832980505138,0,1,A3,A3,979,1020,100.0,criticality_heavy
0.9746794344808963,0.9486832980505138,0,1,A3,A3,979,1020,100.0,throughput_heavy
0.9746794344808963,0.9486832980505138,0,1,A3,A3,979,1020,100.0,severity_heavy
0.9999999999999999,1.0,1,1,A3,A3,979,1020,125.0,equal
0.9999999999999999,1.0,1,1,A3,A3,979,1020,125.0,criticality_heavy
0.9999999999999999,1.0,1,1,A3,A3,979,1020,125.0,throughput_heavy
0.9999999999999999,1.0,1,1,A3,A3,979,1020,125.0,severity_heavy
0.9999999999999999,1.0,1,1,A3,A3,979,1020,150.0,equal
0.8999999999999998,0.8,0,0,A3,A2,979,1020,150.0,criticality_heavy
0.8999999999999998,0.8,0,0,A3,A2,979,1020,150.0,throughput_heavy
0.9999999999999999,1.0,1,1,A3,A3,979,1020,150.0,severity_heavy
0.8999999999999998,0.8,0,1,A5,A5,980,1021,100.0,equal
0.9999999999999999,1.0,1,1,A5,A5,980,1021,100.0,criticality_heavy
0.8999999999999998,0.8,0,1,A5,A5,980,1021,100.0,throughput_heavy
0.8999999999999998,0.8,0,1,A5,A5,980,1021,100.0,severity_heavy
0.9999999999999999,1.0,1,1,A5,A5,980,1021,125.0,equal
0.9999999999999999,1.0,1,1,A5,A5,980,1021,125.0,criticality_heavy
0.9999999999999999,1.0,1,1,A5,A5,980,1021,125.0,throughput_heavy
0.9999999999999999,1.0,1,1,A5,A5,980,1021,125.0,severity_heavy
0.8999999999999998,0.8,0,1,A5,A5,980,1021,150.0,equal
0.8999999999999998,0.8,0,1,A5,A5,980,1021,150.0,criticality_heavy
0.7,0.6,0,1,A5,A5,980,1021,150.0,throughput_heavy
0.8999999999999998,0.8,0,1,A5,A5,980,1021,150.0,severity_heavy
1.0,1.0,1,1,A1,A1,981,1022,100.0,equal
1.0,1.0,1,1,A1,A1,981,1022,100.0,criticality_heavy
1.0,1.0,1,1,A1,A1,981,1022,100.0,throughput_heavy
1.0,1.0,1,1,A1,A1,981,1022,100.0,severity_heavy
1.0,1.0,1,1,A1,A1,981,1022,125.0,equal
1.0,1.0,1,1,A1,A1,981,1022,125.0,criticality_heavy
1.0,1.0,1,1,A1,A1,981,1022,125.0,throughput_heavy
1.0,1.0,1,1,A1,A1,981,1022,125.0,severity_heavy
0.9746794344808964,0.9486832980505138,0,1,A1,A1,981,1022,150.0,equal
0.9746794344808964,0.9486832980505138,0,1,A1,A1,981,1022,150.0,criticality_heavy
0.9746794344808964,0.9486832980505138,0,1,A1,A1,981,1022,150.0,throughput_heavy
0.9746794344808964,0.9486832980505138,0,1,A1,A1,981,1022,150.0,severity_heavy
1.0,1.0,1,1,A3,A3,982,1023,100.0,equal
0.8947368421052632,0.7777777777777778,0,0,A3,A5,982,1023,100.0,criticality_heavy
0.8947368421052632,0.7777777777777778,0,0,A3,A5,982,1023,100.0,throughput_heavy
1.0,1.0,1,1,A3,A3,982,1023,100.0,severity_heavy
1.0,1.0,1,1,A3,A3,982,1023,125.0,equal
1.0,1.0,1,1,A3,A3,982,1023,125.0,criticality_heavy
1.0,1.0,1,1,A3,A3,982,1023,125.0,throughput_heavy
1.0,1.0,1,1,A3,A3,982,1023,125.0,severity_heavy
0.9746794344808964,0.9486832980505138,0,1,A3,A3,982,1023,150.0,equal
0.9746794344808964,0.9486832980505138,0,1,A3,A3,982,1023,150.0,criticality_heavy
0.9746794344808964,0.9486832980505138,0,1,A3,A3,982,1023,150.0,throughput_heavy
0.9746794344808964,0.9486832980505138,0,1,A3,A3,982,1023,150.0,severity_heavy
0.9746794344808963,0.9486832980505138,0,1,A2,A2,983,1024,100.0,equal
0.9746794344808963,0.9486832980505138,0,1,A2,A2,983,1024,100.0,criticality_heavy
0.9746794344808963,0.9486832980505138,0,1,A2,A2,983,1024,100.0,throughput_heavy
0.9746794344808963,0.9486832980505138,0,1,A2,A2,983,1024,100.0,severity_heavy
0.9999999999999999,1.0,1,1,A2,A2,983,1024,125.0,equal
0.9999999999999999,1.0,1,1,A2,A2,983,1024,125.0,criticality_heavy
0.9999999999999999,1.0,1,1,A2,A2,983,1024,125.0,throughput_heavy
0.9999999999999999,1.0,1,1,A2,A2,983,1024,125.0,severity_heavy
0.9999999999999999,1.0,1,1,A2,A2,983,1024,150.0,equal
0.9999999999999999,1.0,1,1,A2,A2,983,1024,150.0,criticality_heavy
0.9999999999999999,1.0,1,1,A2,A2,983,1024,150.0,throughput_heavy
0.9999999999999999,1.0,1,1,A2,A2,983,1024,150.0,severity_heavy
0.8947368421052632,0.7777777777777778,0,1,A2,A2,984,1025,100.0,equal
0.8947368421052632,0.7777777777777778,0,1,A2,A2,984,1025,100.0,criticality_heavy
0.8947368421052632,0.7777777777777778,0,1,A2,A2,984,1025,100.0,throughput_heavy
0.8947368421052632,0.7777777777777778,0,1,A2,A2,984,1025,100.0,severity_heavy
1.0,1.0,1,1,A2,A2,984,1025,125.0,equal
1.0,1.0,1,1,A2,A2,984,1025,125.0,criticality_heavy
1.0,1.0,1,1,A2,A2,984,1025,125.0,throughput_heavy
1.0,1.0,1,1,A2,A2,984,1025,125.0,severity_heavy
0.9746794344808964,0.9486832980505138,0,1,A2,A2,984,1025,150.0,equal
0.9746794344808964,0.9486832980505138,0,1,A2,A2,984,1025,150.0,criticality_heavy
0.9746794344808964,0.9486832980505138,0,1,A2,A2,984,1025,150.0,throughput_heavy
0.9746794344808964,0.9486832980505138,0,1,A2,A2,984,1025,150.0,severity_heavy
0.9746794344808963,0.9486832980505138,0,1,A3,A3,985,1026,100.0,equal
0.9746794344808963,0.9486832980505138,0,1,A3,A3,985,1026,100.0,criticality_heavy
0.9746794344808963,0.9486832980505138,0,1,A3,A3,985,1026,100.0,throughput_heavy
0.9746794344808963,0.9486832980505138,0,1,A3,A3,985,1026,100.0,severity_heavy
0.9999999999999999,1.0,1,1,A3,A3,985,1026,125.0,equal
0.9999999999999999,1.0,1,1,A3,A3,985,1026,125.0,criticality_heavy
0.9999999999999999,1.0,1,1,A3,A3,985,1026,125.0,throughput_heavy
0.9999999999999999,1.0,1,1,A3,A3,985,1026,125.0,severity_heavy
0.9999999999999999,1.0,1,1,A3,A3,985,1026,150.0,equal
0.9999999999999999,1.0,1,1,A3,A3,985,1026,150.0,criticality_heavy
0.9999999999999999,1.0,1,1,A3,A3,985,1026,150.0,throughput_heavy
0.9999999999999999,1.0,1,1,A3,A3,985,1026,150.0,severity_heavy
0.9746794344808963,0.9486832980505138,0,1,A1,A1,986,1027,100.0,equal
0.9746794344808963,0.9486832980505138,0,1,A1,A1,986,1027,100.0,criticality_heavy
0.9746794344808963,0.9486832980505138,0,1,A1,A1,986,1027,100.0,throughput_heavy
0.9746794344808963,0.9486832980505138,0,1,A1,A1,986,1027,100.0,severity_heavy
0.9999999999999999,1.0,1,1,A1,A1,986,1027,125.0,equal
0.9999999999999999,1.0,1,1,A1,A1,986,1027,125.0,criticality_heavy
0.9999999999999999,1.0,1,1,A1,A1,986,1027,125.0,throughput_heavy
0.9999999999999999,1.0,1,1,A1,A1,986,1027,125.0,severity_heavy
0.9999999999999999,1.0,1,1,A1,A1,986,1027,150.0,equal
0.9999999999999999,1.0,1,1,A1,A1,986,1027,150.0,criticality_heavy
0.9999999999999999,1.0,1,1,A1,A1,986,1027,150.0,throughput_heavy
0.8999999999999998,0.8,0,1,A1,A1,986,1027,150.0,severity_heavy
0.9746794344808963,0.9486832980505138,0,1,A1,A1,987,1028,100.0,equal
0.9746794344808963,0.9486832980505138,0,1,A1,A1,987,1028,100.0,criticality_heavy
0.9746794344808963,0.9486832980505138,0,1,A1,A1,987,1028,100.0,throughput_heavy
0.9746794344808963,0.9486832980505138,0,1,A1,A1,987,1028,100.0,severity_heavy
0.9999999999999999,1.0,1,1,A1,A1,987,1028,125.0,equal
0.9999999999999999,1.0,1,1,A1,A1,987,1028,125.0,criticality_heavy
0.9999999999999999,1.0,1,1,A1,A1,987,1028,125.0,throughput_heavy
0.9999999999999999,1.0,1,1,A1,A1,987,1028,125.0,severity_heavy
0.8999999999999998,0.8,0,1,A1,A1,987,1028,150.0,equal
0.8999999999999998,0.8,0,1,A1,A1,987,1028,150.0,criticality_heavy
0.8999999999999998,0.8,0,1,A1,A1,987,1028,150.0,throughput_heavy
0.8999999999999998,0.8,0,1,A1,A1,987,1028,150.0,severity_heavy
1.0,1.0,1,1,A4,A4,988,1029,100.0,equal
1.0,1.0,1,1,A4,A4,988,1029,100.0,criticality_heavy
1.0,1.0,1,1,A4,A4,988,1029,100.0,throughput_heavy
1.0,1.0,1,1,A4,A4,988,1029,100.0,severity_heavy
1.0,1.0,1,1,A4,A4,988,1029,125.0,equal
0.8947368421052632,0.7777777777777778,0,0,A4,A5,988,1029,125.0,criticality_heavy
0.8947368421052632,0.7777777777777778,0,0,A4,A5,988,1029,125.0,throughput_heavy
1.0,1.0,1,1,A4,A4,988,1029,125.0,severity_heavy
0.8720815992723809,0.7378647873726218,0,0,A4,A5,988,1029,150.0,equal
0.8720815992723809,0.7378647873726218,0,0,A4,A5,988,1029,150.0,criticality_heavy
0.8720815992723809,0.7378647873726218,0,0,A4,A5,988,1029,150.0,throughput_heavy
0.9746794344808964,0.9486832980505138,0,1,A4,A4,988,1029,150.0,severity_heavy
0.8207826816681234,0.7378647873726218,0,1,A5,A5,989,1030,100.0,equal
0.8207826816681234,0.7378647873726218,0,1,A5,A5,989,1030,100.0,criticality_heavy
0.8207826816681234,0.7378647873726218,0,1,A5,A5,989,1030,100.0,throughput_heavy
0.8207826816681234,0.7378647873726218,0,1,A5,A5,989,1030,100.0,severity_heavy
0.9999999999999999,1.0,1,1,A5,A5,989,1030,125.0,equal
0.9999999999999999,1.0,1,1,A5,A5,989,1030,125.0,criticality_heavy
0.9999999999999999,1.0,1,1,A5,A5,989,1030,125.0,throughput_heavy
0.9999999999999999,1.0,1,1,A5,A5,989,1030,125.0,severity_heavy
0.9999999999999999,1.0,1,1,A5,A5,989,1030,150.0,equal
0.9999999999999999,1.0,1,1,A5,A5,989,1030,150.0,criticality_heavy
0.9999999999999999,1.0,1,1,A5,A5,989,1030,150.0,throughput_heavy
0.9999999999999999,1.0,1,1,A5,A5,989,1030,150.0,severity_heavy
1.0,1.0,1,1,A1,A1,990,1031,100.0,equal
1.0,1.0,1,1,A1,A1,990,1031,100.0,criticality_heavy
1.0,1.0,1,1,A1,A1,990,1031,100.0,throughput_heavy
1.0,1.0,1,1,A1,A1,990,1031,100.0,severity_heavy
1.0,1.0,1,1,A1,A1,990,1031,125.0,equal
1.0,1.0,1,1,A1,A1,990,1031,125.0,criticality_heavy
1.0,1.0,1,1,A1,A1,990,1031,125.0,throughput_heavy
1.0,1.0,1,1,A1,A1,990,1031,125.0,severity_heavy
0.9746794344808964,0.9486832980505138,0,1,A1,A1,990,1031,150.0,equal
0.9746794344808964,0.9486832980505138,0,1,A1,A1,990,1031,150.0,criticality_heavy
0.9746794344808964,0.9486832980505138,0,1,A1,A1,990,1031,150.0,throughput_heavy
0.9746794344808964,0.9486832980505138,0,1,A1,A1,990,1031,150.0,severity_heavy
1.0,1.0,1,1,A3,A3,991,1032,100.0,equal
1.0,1.0,1,1,A3,A3,991,1032,100.0,criticality_heavy
1.0,1.0,1,1,A3,A3,991,1032,100.0,throughput_heavy
1.0,1.0,1,1,A3,A3,991,1032,100.0,severity_heavy
1.0,1.0,1,1,A3,A3,991,1032,125.0,equal
1.0,1.0,1,1,A3,A3,991,1032,125.0,criticality_heavy
1.0,1.0,1,1,A3,A3,991,1032,125.0,throughput_heavy
1.0,1.0,1,1,A3,A3,991,1032,125.0,severity_heavy
0.9746794344808964,0.9486832980505138,0,1,A3,A3,991,1032,150.0,equal
0.9746794344808964,0.9486832980505138,0,1,A3,A3,991,1032,150.0,criticality_heavy
0.9746794344808964,0.9486832980505138,0,1,A3,A3,991,1032,150.0,throughput_heavy
0.9746794344808964,0.9486832980505138,0,1,A3,A3,991,1032,150.0,severity_heavy
0.8947368421052632,0.7777777777777778,0,0,A2,A1,992,1033,100.0,equal
0.8947368421052632,0.7777777777777778,0,0,A2,A1,992,1033,100.0,criticality_heavy
0.8947368421052632,0.7777777777777778,0,0,A2,A1,992,1033,100.0,throughput_heavy
0.8947368421052632,0.7777777777777778,0,0,A2,A1,992,1033,100.0,severity_heavy
1.0,1.0,1,1,A2,A2,992,1033,125.0,equal
1.0,1.0,1,1,A2,A2,992,1033,125.0,criticality_heavy
1.0,1.0,1,1,A2,A2,992,1033,125.0,throughput_heavy
1.0,1.0,1,1,A2,A2,992,1033,125.0,severity_heavy
0.9746794344808964,0.9486832980505138,0,1,A2,A2,992,1033,150.0,equal
0.9746794344808964,0.9486832980505138,0,1,A2,A2,992,1033,150.0,criticality_heavy
0.9746794344808964,0.9486832980505138,0,1,A2,A2,992,1033,150.0,throughput_heavy
0.9746794344808964,0.9486832980505138,0,1,A2,A2,992,1033,150.0,severity_heavy
0.9746794344808963,0.9486832980505138,0,1,A2,A2,993,1034,100.0,equal
0.9746794344808963,0.9486832980505138,0,1,A2,A2,993,1034,100.0,criticality_heavy
0.9746794344808963,0.9486832980505138,0,1,A2,A2,993,1034,100.0,throughput_heavy
0.9746794344808963,0.9486832980505138,0,1,A2,A2,993,1034,100.0,severity_heavy
0.9999999999999999,1.0,1,1,A2,A2,993,1034,125.0,equal
0.9999999999999999,1.0,1,1,A2,A2,993,1034,125.0,criticality_heavy
0.9999999999999999,1.0,1,1,A2,A2,993,1034,125.0,throughput_heavy
0.9999999999999999,1.0,1,1,A2,A2,993,1034,125.0,severity_heavy
0.8999999999999998,0.8,0,1,A2,A2,993,1034,150.0,equal
0.8999999999999998,0.8,0,1,A2,A2,993,1034,150.0,criticality_heavy
0.8999999999999998,0.8,0,1,A2,A2,993,1034,150.0,throughput_heavy
0.8999999999999998,0.8,0,1,A2,A2,993,1034,150.0,severity_heavy
0.9746794344808963,0.9486832980505138,0,1,A5,A5,994,1035,100.0,equal
0.9746794344808963,0.9486832980505138,0,1,A5,A5,994,1035,100.0,criticality_heavy
0.9746794344808963,0.9486832980505138,0,1,A5,A5,994,1035,100.0,throughput_heavy
0.9746794344808963,0.9486832980505138,0,1,A5,A5,994,1035,100.0,severity_heavy
0.9999999999999999,1.0,1,1,A5,A5,994,1035,125.0,equal
0.9999999999999999,1.0,1,1,A5,A5,994,1035,125.0,criticality_heavy
0.9999999999999999,1.0,1,1,A5,A5,994,1035,125.0,throughput_heavy
0.9999999999999999,1.0,1,1,A5,A5,994,1035,125.0,severity_heavy
0.7,0.6,0,1,A5,A5,994,1035,150.0,equal
0.7,0.6,0,1,A5,A5,994,1035,150.0,criticality_heavy
0.7,0.6,0,1,A5,A5,994,1035,150.0,throughput_heavy
0.7,0.6,0,1,A5,A5,994,1035,150.0,severity_heavy
1.0,1.0,1,1,A2,A2,995,1036,100.0,equal
1.0,1.0,1,1,A2,A2,995,1036,100.0,criticality_heavy
1.0,1.0,1,1,A2,A2,995,1036,100.0,throughput_heavy
1.0,1.0,1,1,A2,A2,995,1036,100.0,severity_heavy
1.0,1.0,1,1,A2,A2,995,1036,125.0,equal
1.0,1.0,1,1,A2,A2,995,1036,125.0,criticality_heavy
1.0,1.0,1,1,A2,A2,995,1036,125.0,throughput_heavy
1.0,1.0,1,1,A2,A2,995,1036,125.0,severity_heavy
0.9746794344808964,0.9486832980505138,0,1,A2,A2,995,1036,150.0,equal
0.9746794344808964,0.9486832980505138,0,1,A2,A2,995,1036,150.0,criticality_heavy
0.9746794344808964,0.9486832980505138,0,1,A2,A2,995,1036,150.0,throughput_heavy
0.9746794344808964,0.9486832980505138,0,1,A2,A2,995,1036,150.0,severity_heavy
0.9746794344808963,0.9486832980505138,0,1,A2,A2,996,1037,100.0,equal
0.9746794344808963,0.9486832980505138,0,1,A2,A2,996,1037,100.0,criticality_heavy
0.9746794344808963,0.9486832980505138,0,1,A2,A2,996,1037,100.0,throughput_heavy
0.9746794344808963,0.9486832980505138,0,1,A2,A2,996,1037,100.0,severity_heavy
0.9999999999999999,1.0,1,1,A2,A2,996,1037,125.0,equal
0.9999999999999999,1.0,1,1,A2,A2,996,1037,125.0,criticality_heavy
0.9999999999999999,1.0,1,1,A2,A2,996,1037,125.0,throughput_heavy
0.9999999999999999,1.0,1,1,A2,A2,996,1037,125.0,severity_heavy
0.9999999999999999,1.0,1,1,A2,A2,996,1037,150.0,equal
0.9999999999999999,1.0,1,1,A2,A2,996,1037,150.0,criticality_heavy
0.9999999999999999,1.0,1,1,A2,A2,996,1037,150.0,throughput_heavy
0.9999999999999999,1.0,1,1,A2,A2,996,1037,150.0,severity_heavy
0.8999999999999998,0.8,0,0,A3,A5,997,1038,100.0,equal
0.8999999999999998,0.8,0,0,A3,A5,997,1038,100.0,criticality_heavy
0.8999999999999998,0.8,0,0,A3,A5,997,1038,100.0,throughput_heavy
0.8999999999999998,0.8,0,0,A3,A5,997,1038,100.0,severity_heavy
0.9999999999999999,1.0,1,1,A3,A3,997,1038,125.0,equal
0.9999999999999999,1.0,1,1,A3,A3,997,1038,125.0,criticality_heavy
0.9999999999999999,1.0,1,1,A3,A3,997,1038,125.0,throughput_heavy
0.9999999999999999,1.0,1,1,A3,A3,997,1038,125.0,severity_heavy
0.9999999999999999,1.0,1,1,A3,A3,997,1038,150.0,equal
0.9999999999999999,1.0,1,1,A3,A3,997,1038,150.0,criticality_heavy
0.9999999999999999,1.0,1,1,A3,A3,997,1038,150.0,throughput_heavy
0.9999999999999999,1.0,1,1,A3,A3,997,1038,150.0,severity_heavy
1.0,1.0,1,1,A5,A5,998,1039,100.0,equal
1.0,1.0,1,1,A5,A5,998,1039,100.0,criticality_heavy
1.0,1.0,1,1,A5,A5,998,1039,100.0,throughput_heavy
1.0,1.0,1,1,A5,A5,998,1039,100.0,severity_heavy
1.0,1.0,1,1,A5,A5,998,1039,125.0,equal
1.0,1.0,1,1,A5,A5,998,1039,125.0,criticality_heavy
1.0,1.0,1,1,A5,A5,998,1039,125.0,throughput_heavy
1.0,1.0,1,1,A5,A5,998,1039,125.0,severity_heavy
0.8720815992723809,0.7378647873726218,0,1,A5,A5,998,1039,150.0,equal
0.8720815992723809,0.7378647873726218,0,1,A5,A5,998,1039,150.0,criticality_heavy
0.8720815992723809,0.7378647873726218,0,1,A5,A5,998,1039,150.0,throughput_heavy
0.8720815992723809,0.7378647873726218,0,1,A5,A5,998,1039,150.0,severity_heavy
1.0,1.0,1,1,A1,A1,999,1040,100.0,equal
1.0,1.0,1,1,A1,A1,999,1040,100.0,criticality_heavy
1.0,1.0,1,1,A1,A1,999,1040,100.0,throughput_heavy
1.0,1.0,1,1,A1,A1,999,1040,100.0,severity_heavy
1.0,1.0,1,1,A1,A1,999,1040,125.0,equal
1.0,1.0,1,1,A1,A1,999,1040,125.0,criticality_heavy
1.0,1.0,1,1,A1,A1,999,1040,125.0,throughput_heavy
1.0,1.0,1,1,A1,A1,999,1040,125.0,severity_heavy
0.8720815992723809,0.7378647873726218,0,1,A1,A1,999,1040,150.0,equal
0.8720815992723809,0.7378647873726218,0,1,A1,A1,999,1040,150.0,criticality_heavy
0.8720815992723809,0.7378647873726218,0,1,A1,A1,999,1040,150.0,throughput_heavy
0.8720815992723809,0.7378647873726218,0,1,A1,A1,999,1040,150.0,severity_heavy
0.9746794344808963,0.9486832980505138,0,1,A1,A1,1000,1041,100.0,equal
0.9746794344808963,0.9486832980505138,0,1,A1,A1,1000,1041,100.0,criticality_heavy
0.9746794344808963,0.9486832980505138,0,1,A1,A1,1000,1041,100.0,throughput_heavy
0.9746794344808963,0.9486832980505138,0,1,A1,A1,1000,1041,100.0,severity_heavy
0.9999999999999999,1.0,1,1,A1,A1,1000,1041,125.0,equal
0.9999999999999999,1.0,1,1,A1,A1,1000,1041,125.0,criticality_heavy
0.9999999999999999,1.0,1,1,A1,A1,1000,1041,125.0,throughput_heavy
0.9999999999999999,1.0,1,1,A1,A1,1000,1041,125.0,severity_heavy
0.9999999999999999,1.0,1,1,A1,A1,1000,1041,150.0,equal
0.9999999999999999,1.0,1,1,A1,A1,1000,1041,150.0,criticality_heavy
0.9999999999999999,1.0,1,1,A1,A1,1000,1041,150.0,throughput_heavy
0.9999999999999999,1.0,1,1,A1,A1,1000,1041,150.0,severity_heavy
