repetition,asset_id,asset_role,criticality,capacity_loss_percent,throughput,severity,assignment_seed,assignment_design,source_cmapss_unit_id,source_true_endpoint_rul_diagnostic_only,surrogate_rul_input,surrogate_rul_quantile,rul_urgency,combined_consequence,priority_score,priority_rank,rul_only_score,rul_only_rank,criticality_only_score,criticality_only_rank
1,A1,Inbound conveyor motor,4,40,3,3,42,unstratified_random,76,10,10.049433434661326,Q1_shortest_0_20pct,0.9196045325227094,0.6666666666666667,61.3069688348473,1,91.96045325227094,1,80.0,2
1,A2,Sortation conveyor drive,5,80,5,4,42,unstratified_random,44,109,141.8287484510994,Q5_longest_80_100pct,0.0,0.9333333333333333,0.0,3,0.0,3,100.0,1
1,A3,Vertical lift motor,4,55,4,4,42,unstratified_random,65,128,151.46723766284128,Q5_longest_80_100pct,0.0,0.8,0.0,3,0.0,3,80.0,2
1,A4,AGV/shuttle drive unit,2,15,2,2,42,unstratified_random,9,111,137.60480848618022,Q5_longest_80_100pct,0.0,0.4,0.0,3,0.0,3,40.0,5
1,A5,Packing-station roller motor,3,35,3,2,42,unstratified_random,100,20,23.88622641030998,Q1_shortest_0_20pct,0.8089101887175202,0.5333333333333333,43.14187673160108,2,80.89101887175202,2,60.0,4
2,A1,Inbound conveyor motor,4,40,3,3,43,unstratified_random,5,91,97.4316568366386,Q3_40_60pct,0.22054674530689122,0.6666666666666667,14.703116353792751,5,22.054674530689123,5,80.0,2
2,A2,Sortation conveyor drive,5,80,5,4,43,unstratified_random,58,37,44.85465760060767,Q2_20_40pct,0.6411627391951387,0.9333333333333333,59.84185565821295,2,64.11627391951387,3,100.0,1
2,A3,Vertical lift motor,4,55,4,4,43,unstratified_random,40,28,26.358548153514647,Q1_shortest_0_20pct,0.7891316147718828,0.8,63.13052918175063,1,78.91316147718828,2,80.0,2
2,A4,AGV/shuttle drive unit,2,15,2,2,43,unstratified_random,64,28,47.55027096178691,Q2_20_40pct,0.6195978323057048,0.4,24.783913292228192,4,61.95978323057047,4,40.0,5
2,A5,Packing-station roller motor,3,35,3,2,43,unstratified_random,49,21,13.44996942007384,Q1_shortest_0_20pct,0.8924002446394093,0.5333333333333333,47.59467971410183,3,89.24002446394093,1,60.0,4
3,A1,Inbound conveyor motor,4,40,3,3,44,unstratified_random,26,119,123.02499684692152,Q4_60_80pct,0.015800025224627756,0.6666666666666667,1.053335014975184,3,1.5800025224627756,3,80.0,2
3,A2,Sortation conveyor drive,5,80,5,4,44,unstratified_random,12,124,90.15767382323185,Q3_40_60pct,0.2787386094141452,0.9333333333333333,26.015603545320218,2,27.87386094141452,2,100.0,1
3,A3,Vertical lift motor,4,55,4,4,44,unstratified_random,67,77,138.84222319134904,Q5_longest_80_100pct,0.0,0.8,0.0,4,0.0,4,80.0,2
3,A4,AGV/shuttle drive unit,2,15,2,2,44,unstratified_random,65,128,151.46723766284128,Q5_longest_80_100pct,0.0,0.4,0.0,4,0.0,4,40.0,5
3,A5,Packing-station roller motor,3,35,3,2,44,unstratified_random,81,8,12.767256508974471,Q1_shortest_0_20pct,0.8978619479282042,0.5333333333333333,47.88597055617089,1,89.78619479282042,1,60.0,4
4,A1,Inbound conveyor motor,4,40,3,3,45,unstratified_random,89,136,96.67220915776228,Q3_40_60pct,0.22662232673790172,0.6666666666666667,15.108155115860116,4,22.66223267379017,4,80.0,2
4,A2,Sortation conveyor drive,5,80,5,4,45,unstratified_random,56,15,16.158144448588526,Q1_shortest_0_20pct,0.8707348444112918,0.9333333333333333,81.26858547838724,1,87.07348444112918,1,100.0,1
4,A3,Vertical lift motor,4,55,4,4,45,unstratified_random,54,97,127.42576425394527,Q4_60_80pct,0.0,0.8,0.0,5,0.0,5,80.0,2
4,A4,AGV/shuttle drive unit,2,15,2,2,45,unstratified_random,72,50,70.20451782538055,Q3_40_60pct,0.4383638573969556,0.4,17.534554295878223,3,43.83638573969556,3,40.0,5
4,A5,Packing-station roller motor,3,35,3,2,45,unstratified_random,53,26,32.51632437126566,Q1_shortest_0_20pct,0.7398694050298746,0.5333333333333333,39.459701601593316,2,73.98694050298747,2,60.0,4
5,A1,Inbound conveyor motor,4,40,3,3,46,unstratified_random,22,111,163.77680736738688,Q5_longest_80_100pct,0.0,0.6666666666666667,0.0,4,0.0,4,80.0,2
5,A2,Sortation conveyor drive,5,80,5,4,46,unstratified_random,8,95,75.96907893735971,Q3_40_60pct,0.3922473685011223,0.9333333333333333,36.60975439343808,1,39.22473685011223,2,100.0,1
5,A3,Vertical lift motor,4,55,4,4,46,unstratified_random,55,137,118.91039914419324,Q4_60_80pct,0.048716806846454075,0.8,3.897344547716326,3,4.8716806846454075,3,80.0,2
5,A4,AGV/shuttle drive unit,2,15,2,2,46,unstratified_random,49,21,13.44996942007384,Q1_shortest_0_20pct,0.8924002446394093,0.4,35.69600978557637,2,89.24002446394093,1,40.0,5
5,A5,Packing-station roller motor,3,35,3,2,46,unstratified_random,88,115,132.4717899153425,Q4_60_80pct,0.0,0.5333333333333333,0.0,4,0.0,4,60.0,4
6,A1,Inbound conveyor motor,4,40,3,3,47,unstratified_random,72,50,70.20451782538055,Q3_40_60pct,0.4383638573969556,0.6666666666666667,29.22425715979704,1,43.83638573969556,1,80.0,2
6,A2,Sortation conveyor drive,5,80,5,4,47,unstratified_random,44,109,141.8287484510994,Q5_longest_80_100pct,0.0,0.9333333333333333,0.0,3,0.0,3,100.0,1
6,A3,Vertical lift motor,4,55,4,4,47,unstratified_random,75,113,125.9355598567823,Q4_60_80pct,0.0,0.8,0.0,3,0.0,3,80.0,2
6,A4,AGV/shuttle drive unit,2,15,2,2,47,unstratified_random,10,96,99.04426828245136,Q3_40_60pct,0.20764585374038913,0.4,8.305834149615565,2,20.764585374038912,2,40.0,5
6,A5,Packing-station roller motor,3,35,3,2,47,unstratified_random,54,97,127.42576425394527,Q4_60_80pct,0.0,0.5333333333333333,0.0,3,0.0,3,60.0,4
7,A1,Inbound conveyor motor,4,40,3,3,48,unstratified_random,59,114,150.6488483670163,Q5_longest_80_100pct,0.0,0.6666666666666667,0.0,5,0.0,5,80.0,2
7,A2,Sortation conveyor drive,5,80,5,4,48,unstratified_random,38,50,47.55990877981797,Q2_20_40pct,0.6195207297614562,0.9333333333333333,57.82193477773591,2,61.95207297614562,3,100.0,1
7,A3,Vertical lift motor,4,55,4,4,48,unstratified_random,68,8,14.299954503479244,Q1_shortest_0_20pct,0.885600363972166,0.8,70.8480291177733,1,88.5600363972166,2,80.0,2
7,A4,AGV/shuttle drive unit,2,15,2,2,48,unstratified_random,13,95,93.13834255441226,Q3_40_60pct,0.2548932595647019,0.4,10.195730382588076,4,25.48932595647019,4,40.0,5
7,A5,Packing-station roller motor,3,35,3,2,48,unstratified_random,49,21,13.44996942007384,Q1_shortest_0_20pct,0.8924002446394093,0.5333333333333333,47.59467971410183,3,89.24002446394093,1,60.0,4
8,A1,Inbound conveyor motor,4,40,3,3,49,unstratified_random,5,91,97.4316568366386,Q3_40_60pct,0.22054674530689122,0.6666666666666667,14.703116353792751,4,22.054674530689123,4,80.0,2
8,A2,Sortation conveyor drive,5,80,5,4,49,unstratified_random,59,114,150.6488483670163,Q5_longest_80_100pct,0.0,0.9333333333333333,0.0,5,0.0,5,100.0,1
8,A3,Vertical lift motor,4,55,4,4,49,unstratified_random,100,20,23.88622641030998,Q1_shortest_0_20pct,0.8089101887175202,0.8,64.71281509740162,1,80.89101887175202,2,80.0,2
8,A4,AGV/shuttle drive unit,2,15,2,2,49,unstratified_random,84,58,54.07820667708313,Q2_20_40pct,0.567374346583335,0.4,22.694973863333402,3,56.7374346583335,3,40.0,5
8,A5,Packing-station roller motor,3,35,3,2,49,unstratified_random,36,19,22.29101002400674,Q1_shortest_0_20pct,0.8216719198079461,0.5333333333333333,43.822502389757126,2,82.16719198079461,1,60.0,4
9,A1,Inbound conveyor motor,4,40,3,3,50,unstratified_random,83,137,136.40747067846124,Q5_longest_80_100pct,0.0,0.6666666666666667,0.0,4,0.0,4,80.0,2
9,A2,Sortation conveyor drive,5,80,5,4,50,unstratified_random,77,34,40.64323409645428,Q2_20_40pct,0.6748541272283658,0.9333333333333333,62.98638520798082,2,67.48541272283659,3,100.0,1
9,A3,Vertical lift motor,4,55,4,4,50,unstratified_random,100,20,23.88622641030998,Q1_shortest_0_20pct,0.8089101887175202,0.8,64.71281509740162,1,80.89101887175202,2,80.0,2
9,A4,AGV/shuttle drive unit,2,15,2,2,50,unstratified_random,76,10,10.049433434661326,Q1_shortest_0_20pct,0.9196045325227094,0.4,36.78418130090838,3,91.96045325227094,1,40.0,5
9,A5,Packing-station roller motor,3,35,3,2,50,unstratified_random,71,118,142.21779435736028,Q5_longest_80_100pct,0.0,0.5333333333333333,0.0,4,0.0,4,60.0,4
10,A1,Inbound conveyor motor,4,40,3,3,51,unstratified_random,98,59,85.21286900885234,Q3_40_60pct,0.31829704792918134,0.6666666666666667,21.21980319527876,5,31.829704792918136,5,80.0,2
10,A2,Sortation conveyor drive,5,80,5,4,51,unstratified_random,31,8,23.83573742078014,Q1_shortest_0_20pct,0.8093141006337589,0.9333333333333333,75.5359827258175,1,80.93141006337589,2,100.0,1
10,A3,Vertical lift motor,4,55,4,4,51,unstratified_random,37,21,54.159061654098565,Q2_20_40pct,0.5667275067672115,0.8,45.33820054137692,2,56.67275067672115,4,80.0,2
10,A4,AGV/shuttle drive unit,2,15,2,2,51,unstratified_random,35,11,10.318035788709574,Q1_shortest_0_20pct,0.9174557136903234,0.4,36.69822854761294,4,91.74557136903235,1,40.0,5
10,A5,Packing-station roller motor,3,35,3,2,51,unstratified_random,92,20,25.16213385236525,Q1_shortest_0_20pct,0.798702929181078,0.5333333333333333,42.597489556324156,3,79.8702929181078,3,60.0,4
11,A1,Inbound conveyor motor,4,40,3,3,52,unstratified_random,60,100,104.41961816061556,Q4_60_80pct,0.16464305471507557,0.6666666666666667,10.976203647671706,3,16.464305471507558,3,80.0,2
11,A2,Sortation conveyor drive,5,80,5,4,52,unstratified_random,47,135,121.81629897102604,Q4_60_80pct,0.025469608231791674,0.9333333333333333,2.377163434967223,4,2.5469608231791674,4,100.0,1
11,A3,Vertical lift motor,4,55,4,4,52,unstratified_random,93,85,42.17809886645809,Q2_20_40pct,0.6625752090683352,0.8,53.00601672546682,1,66.25752090683352,1,80.0,2
11,A4,AGV/shuttle drive unit,2,15,2,2,52,unstratified_random,57,103,83.29315372594353,Q3_40_60pct,0.3336547701924518,0.4,13.346190807698074,2,33.36547701924518,2,40.0,5
11,A5,Packing-station roller motor,3,35,3,2,52,unstratified_random,26,119,123.02499684692152,Q4_60_80pct,0.015800025224627756,0.5333333333333333,0.842668011980147,5,1.5800025224627756,5,60.0,4
12,A1,Inbound conveyor motor,4,40,3,3,53,unstratified_random,81,8,12.767256508974471,Q1_shortest_0_20pct,0.8978619479282042,0.6666666666666667,59.857463195213626,1,89.78619479282042,1,80.0,2
12,A2,Sortation conveyor drive,5,80,5,4,53,unstratified_random,73,131,128.00577343113736,Q4_60_80pct,0.0,0.9333333333333333,0.0,3,0.0,3,100.0,1
12,A3,Vertical lift motor,4,55,4,4,53,unstratified_random,72,50,70.20451782538055,Q3_40_60pct,0.4383638573969556,0.8,35.06910859175645,2,43.83638573969556,2,80.0,2
12,A4,AGV/shuttle drive unit,2,15,2,2,53,unstratified_random,67,77,138.84222319134904,Q5_longest_80_100pct,0.0,0.4,0.0,3,0.0,3,40.0,5
12,A5,Packing-station roller motor,3,35,3,2,53,unstratified_random,2,98,142.91341211911944,Q5_longest_80_100pct,0.0,0.5333333333333333,0.0,3,0.0,3,60.0,4
13,A1,Inbound conveyor motor,4,40,3,3,54,unstratified_random,51,114,102.38736822787688,Q4_60_80pct,0.180901054176985,0.6666666666666667,12.060070278465668,4,18.0901054176985,4,80.0,2
13,A2,Sortation conveyor drive,5,80,5,4,54,unstratified_random,98,59,85.21286900885234,Q3_40_60pct,0.31829704792918134,0.9333333333333333,29.70772447339026,1,31.829704792918136,2,100.0,1
13,A3,Vertical lift motor,4,55,4,4,54,unstratified_random,22,111,163.77680736738688,Q5_longest_80_100pct,0.0,0.8,0.0,5,0.0,5,80.0,2
13,A4,AGV/shuttle drive unit,2,15,2,2,54,unstratified_random,52,29,40.87621681240515,Q2_20_40pct,0.6729902655007588,0.4,26.919610620030355,2,67.29902655007588,1,40.0,5
13,A5,Packing-station roller motor,3,35,3,2,54,unstratified_random,30,115,88.96761601985438,Q3_40_60pct,0.28825907184116495,0.5333333333333333,15.37381716486213,3,28.825907184116495,3,60.0,4
14,A1,Inbound conveyor motor,4,40,3,3,55,unstratified_random,72,50,70.20451782538055,Q3_40_60pct,0.4383638573969556,0.6666666666666667,29.22425715979704,3,43.83638573969556,3,80.0,2
14,A2,Sortation conveyor drive,5,80,5,4,55,unstratified_random,23,113,135.36716530023588,Q4_60_80pct,0.0,0.9333333333333333,0.0,4,0.0,4,100.0,1
14,A3,Vertical lift motor,4,55,4,4,55,unstratified_random,93,85,42.17809886645809,Q2_20_40pct,0.6625752090683352,0.8,53.00601672546682,1,66.25752090683352,2,80.0,2
14,A4,AGV/shuttle drive unit,2,15,2,2,55,unstratified_random,87,116,144.3579823471946,Q5_longest_80_100pct,0.0,0.4,0.0,4,0.0,4,40.0,5
14,A5,Packing-station roller motor,3,35,3,2,55,unstratified_random,81,8,12.767256508974471,Q1_shortest_0_20pct,0.8978619479282042,0.5333333333333333,47.88597055617089,2,89.78619479282042,1,60.0,4
15,A1,Inbound conveyor motor,4,40,3,3,56,unstratified_random,71,118,142.21779435736028,Q5_longest_80_100pct,0.0,0.6666666666666667,0.0,2,0.0,2,80.0,2
15,A2,Sortation conveyor drive,5,80,5,4,56,unstratified_random,36,19,22.29101002400674,Q1_shortest_0_20pct,0.8216719198079461,0.9333333333333333,76.68937918207497,1,82.16719198079461,1,100.0,1
15,A3,Vertical lift motor,4,55,4,4,56,unstratified_random,2,98,142.91341211911944,Q5_longest_80_100pct,0.0,0.8,0.0,2,0.0,2,80.0,2
15,A4,AGV/shuttle drive unit,2,15,2,2,56,unstratified_random,39,142,172.98448712201755,Q5_longest_80_100pct,0.0,0.4,0.0,2,0.0,2,40.0,5
15,A5,Packing-station roller motor,3,35,3,2,56,unstratified_random,96,137,137.09402180530702,Q5_longest_80_100pct,0.0,0.5333333333333333,0.0,2,0.0,2,60.0,4
16,A1,Inbound conveyor motor,4,40,3,3,57,unstratified_random,81,8,12.767256508974471,Q1_shortest_0_20pct,0.8978619479282042,0.6666666666666667,59.857463195213626,1,89.78619479282042,1,80.0,2
16,A2,Sortation conveyor drive,5,80,5,4,57,unstratified_random,7,91,94.3787722014587,Q3_40_60pct,0.24496982238833043,0.9333333333333333,22.863850089577507,2,24.49698223883304,2,100.0,1
16,A3,Vertical lift motor,4,55,4,4,57,unstratified_random,67,77,138.84222319134904,Q5_longest_80_100pct,0.0,0.8,0.0,4,0.0,4,80.0,2
16,A4,AGV/shuttle drive unit,2,15,2,2,57,unstratified_random,47,135,121.81629897102604,Q4_60_80pct,0.025469608231791674,0.4,1.018784329271667,3,2.5469608231791674,3,40.0,5
16,A5,Packing-station roller motor,3,35,3,2,57,unstratified_random,88,115,132.4717899153425,Q4_60_80pct,0.0,0.5333333333333333,0.0,4,0.0,4,60.0,4
17,A1,Inbound conveyor motor,4,40,3,3,58,unstratified_random,88,115,132.4717899153425,Q4_60_80pct,0.0,0.6666666666666667,0.0,4,0.0,4,80.0,2
17,A2,Sortation conveyor drive,5,80,5,4,58,unstratified_random,96,137,137.09402180530702,Q5_longest_80_100pct,0.0,0.9333333333333333,0.0,4,0.0,4,100.0,1
17,A3,Vertical lift motor,4,55,4,4,58,unstratified_random,49,21,13.44996942007384,Q1_shortest_0_20pct,0.8924002446394093,0.8,71.39201957115274,1,89.24002446394093,1,80.0,2
17,A4,AGV/shuttle drive unit,2,15,2,2,58,unstratified_random,56,15,16.158144448588526,Q1_shortest_0_20pct,0.8707348444112918,0.4,34.829393776451674,2,87.07348444112918,2,40.0,5
17,A5,Packing-station roller motor,3,35,3,2,58,unstratified_random,30,115,88.96761601985438,Q3_40_60pct,0.28825907184116495,0.5333333333333333,15.37381716486213,3,28.825907184116495,3,60.0,4
18,A1,Inbound conveyor motor,4,40,3,3,59,unstratified_random,74,126,94.81409660307276,Q3_40_60pct,0.24148722717541793,0.6666666666666667,16.099148478361197,5,24.148722717541794,5,80.0,2
18,A2,Sortation conveyor drive,5,80,5,4,59,unstratified_random,64,28,47.55027096178691,Q2_20_40pct,0.6195978323057048,0.9333333333333333,57.82913101519911,1,61.95978323057047,4,100.0,1
18,A3,Vertical lift motor,4,55,4,4,59,unstratified_random,58,37,44.85465760060767,Q2_20_40pct,0.6411627391951387,0.8,51.293019135611104,2,64.11627391951387,3,80.0,2
18,A4,AGV/shuttle drive unit,2,15,2,2,59,unstratified_random,82,9,13.00528536289486,Q1_shortest_0_20pct,0.8959577170968411,0.4,35.83830868387365,4,89.59577170968412,2,40.0,5
18,A5,Packing-station roller motor,3,35,3,2,59,unstratified_random,76,10,10.049433434661326,Q1_shortest_0_20pct,0.9196045325227094,0.5333333333333333,49.045575067877834,3,91.96045325227094,1,60.0,4
19,A1,Inbound conveyor motor,4,40,3,3,60,unstratified_random,98,59,85.21286900885234,Q3_40_60pct,0.31829704792918134,0.6666666666666667,21.21980319527876,4,31.829704792918136,4,80.0,2
19,A2,Sortation conveyor drive,5,80,5,4,60,unstratified_random,32,48,58.21837314904572,Q2_20_40pct,0.5342530148076343,0.9333333333333333,49.8636147153792,1,53.42530148076343,3,100.0,1
19,A3,Vertical lift motor,4,55,4,4,60,unstratified_random,39,142,172.98448712201755,Q5_longest_80_100pct,0.0,0.8,0.0,5,0.0,5,80.0,2
19,A4,AGV/shuttle drive unit,2,15,2,2,60,unstratified_random,3,69,51.59437184534412,Q2_20_40pct,0.587245025237247,0.4,23.48980100948988,3,58.724502523724695,1,40.0,5
19,A5,Packing-station roller motor,3,35,3,2,60,unstratified_random,17,50,51.778940468972905,Q2_20_40pct,0.5857684762482167,0.5333333333333333,31.24098539990489,2,58.57684762482167,2,60.0,4
20,A1,Inbound conveyor motor,4,40,3,3,61,unstratified_random,37,21,54.159061654098565,Q2_20_40pct,0.5667275067672115,0.6666666666666667,37.781833784480774,2,56.67275067672115,2,80.0,2
20,A2,Sortation conveyor drive,5,80,5,4,61,unstratified_random,41,18,59.85486006548725,Q2_20_40pct,0.521161119476102,0.9333333333333333,48.64170448443619,1,52.1161119476102,3,100.0,1
20,A3,Vertical lift motor,4,55,4,4,61,unstratified_random,48,92,128.30022813454278,Q4_60_80pct,0.0,0.8,0.0,5,0.0,5,80.0,2
20,A4,AGV/shuttle drive unit,2,15,2,2,61,unstratified_random,74,126,94.81409660307276,Q3_40_60pct,0.24148722717541793,0.4,9.659489087016718,4,24.148722717541794,4,40.0,5
20,A5,Packing-station roller motor,3,35,3,2,61,unstratified_random,77,34,40.64323409645428,Q2_20_40pct,0.6748541272283658,0.5333333333333333,35.99222011884618,3,67.48541272283659,1,60.0,4
21,A1,Inbound conveyor motor,4,40,3,3,62,unstratified_random,60,100,104.41961816061556,Q4_60_80pct,0.16464305471507557,0.6666666666666667,10.976203647671706,4,16.464305471507558,4,80.0,2
21,A2,Sortation conveyor drive,5,80,5,4,62,unstratified_random,56,15,16.158144448588526,Q1_shortest_0_20pct,0.8707348444112918,0.9333333333333333,81.26858547838724,1,87.07348444112918,2,100.0,1
21,A3,Vertical lift motor,4,55,4,4,62,unstratified_random,81,8,12.767256508974471,Q1_shortest_0_20pct,0.8978619479282042,0.8,71.82895583425635,2,89.78619479282042,1,80.0,2
21,A4,AGV/shuttle drive unit,2,15,2,2,62,unstratified_random,43,59,63.79604805149177,Q2_20_40pct,0.4896316155880658,0.4,19.585264623522633,3,48.963161558806576,3,40.0,5
21,A5,Packing-station roller motor,3,35,3,2,62,unstratified_random,75,113,125.9355598567823,Q4_60_80pct,0.0,0.5333333333333333,0.0,5,0.0,5,60.0,4
22,A1,Inbound conveyor motor,4,40,3,3,63,unstratified_random,99,117,132.87361758142774,Q4_60_80pct,0.0,0.6666666666666667,0.0,4,0.0,4,80.0,2
22,A2,Sortation conveyor drive,5,80,5,4,63,unstratified_random,94,55,48.61299679912422,Q2_20_40pct,0.6110960256070063,0.9333333333333333,57.035629056653924,1,61.10960256070063,2,100.0,1
22,A3,Vertical lift motor,4,55,4,4,63,unstratified_random,55,137,118.91039914419324,Q4_60_80pct,0.048716806846454075,0.8,3.897344547716326,3,4.8716806846454075,3,80.0,2
22,A4,AGV/shuttle drive unit,2,15,2,2,63,unstratified_random,90,28,30.303009041002955,Q1_shortest_0_20pct,0.7575759276719763,0.4,30.303037106879056,2,75.75759276719764,1,40.0,5
22,A5,Packing-station roller motor,3,35,3,2,63,unstratified_random,44,109,141.8287484510994,Q5_longest_80_100pct,0.0,0.5333333333333333,0.0,4,0.0,4,60.0,4
23,A1,Inbound conveyor motor,4,40,3,3,64,unstratified_random,85,118,162.2981284023822,Q5_longest_80_100pct,0.0,0.6666666666666667,0.0,4,0.0,4,80.0,2
23,A2,Sortation conveyor drive,5,80,5,4,64,unstratified_random,92,20,25.16213385236525,Q1_shortest_0_20pct,0.798702929181078,0.9333333333333333,74.54560672356727,1,79.8702929181078,2,100.0,1
23,A3,Vertical lift motor,4,55,4,4,64,unstratified_random,52,29,40.87621681240515,Q2_20_40pct,0.6729902655007588,0.8,53.83922124006071,2,67.29902655007588,3,80.0,2
23,A4,AGV/shuttle drive unit,2,15,2,2,64,unstratified_random,25,145,153.1932818222736,Q5_longest_80_100pct,0.0,0.4,0.0,4,0.0,4,40.0,5
23,A5,Packing-station roller motor,3,35,3,2,64,unstratified_random,49,21,13.44996942007384,Q1_shortest_0_20pct,0.8924002446394093,0.5333333333333333,47.59467971410183,3,89.24002446394093,1,60.0,4
24,A1,Inbound conveyor motor,4,40,3,3,65,unstratified_random,59,114,150.6488483670163,Q5_longest_80_100pct,0.0,0.6666666666666667,0.0,5,0.0,5,80.0,2
24,A2,Sortation conveyor drive,5,80,5,4,65,unstratified_random,31,8,23.83573742078014,Q1_shortest_0_20pct,0.8093141006337589,0.9333333333333333,75.5359827258175,1,80.93141006337589,1,100.0,1
24,A3,Vertical lift motor,4,55,4,4,65,unstratified_random,17,50,51.778940468972905,Q2_20_40pct,0.5857684762482167,0.8,46.86147809985734,2,58.57684762482167,3,80.0,2
24,A4,AGV/shuttle drive unit,2,15,2,2,65,unstratified_random,52,29,40.87621681240515,Q2_20_40pct,0.6729902655007588,0.4,26.919610620030355,3,67.29902655007588,2,40.0,5
24,A5,Packing-station roller motor,3,35,3,2,65,unstratified_random,5,91,97.4316568366386,Q3_40_60pct,0.22054674530689122,0.5333333333333333,11.7624930830342,4,22.054674530689123,4,60.0,4
25,A1,Inbound conveyor motor,4,40,3,3,66,unstratified_random,65,128,151.46723766284128,Q5_longest_80_100pct,0.0,0.6666666666666667,0.0,3,0.0,3,80.0,2
25,A2,Sortation conveyor drive,5,80,5,4,66,unstratified_random,69,121,148.86538698158105,Q5_longest_80_100pct,0.0,0.9333333333333333,0.0,3,0.0,3,100.0,1
25,A3,Vertical lift motor,4,55,4,4,66,unstratified_random,90,28,30.303009041002955,Q1_shortest_0_20pct,0.7575759276719763,0.8,60.60607421375811,1,75.75759276719764,2,80.0,2
25,A4,AGV/shuttle drive unit,2,15,2,2,66,unstratified_random,25,145,153.1932818222736,Q5_longest_80_100pct,0.0,0.4,0.0,3,0.0,3,40.0,5
25,A5,Packing-station roller motor,3,35,3,2,66,unstratified_random,91,38,26.859272201960557,Q1_shortest_0_20pct,0.7851258223843156,0.5333333333333333,41.873377193830166,2,78.51258223843156,1,60.0,4
26,A1,Inbound conveyor motor,4,40,3,3,67,unstratified_random,13,95,93.13834255441226,Q3_40_60pct,0.2548932595647019,0.6666666666666667,16.992883970980127,3,25.48932595647019,4,80.0,2
26,A2,Sortation conveyor drive,5,80,5,4,67,unstratified_random,41,18,59.85486006548725,Q2_20_40pct,0.521161119476102,0.9333333333333333,48.64170448443619,2,52.1161119476102,2,100.0,1
26,A3,Vertical lift motor,4,55,4,4,67,unstratified_random,76,10,10.049433434661326,Q1_shortest_0_20pct,0.9196045325227094,0.8,73.56836260181676,1,91.96045325227094,1,80.0,2
26,A4,AGV/shuttle drive unit,2,15,2,2,67,unstratified_random,45,114,76.03056963373365,Q3_40_60pct,0.39175544293013076,0.4,15.670217717205231,4,39.175544293013076,3,40.0,5
26,A5,Packing-station roller motor,3,35,3,2,67,unstratified_random,55,137,118.91039914419324,Q4_60_80pct,0.048716806846454075,0.5333333333333333,2.598229698477551,5,4.8716806846454075,5,60.0,4
27,A1,Inbound conveyor motor,4,40,3,3,68,unstratified_random,47,135,121.81629897102604,Q4_60_80pct,0.025469608231791674,0.6666666666666667,1.6979738821194452,4,2.5469608231791674,4,80.0,2
27,A2,Sortation conveyor drive,5,80,5,4,68,unstratified_random,54,97,127.42576425394527,Q4_60_80pct,0.0,0.9333333333333333,0.0,5,0.0,5,100.0,1
27,A3,Vertical lift motor,4,55,4,4,68,unstratified_random,97,82,79.22371888224494,Q3_40_60pct,0.36621024894204046,0.8,29.29681991536324,3,36.62102489420405,3,80.0,2
27,A4,AGV/shuttle drive unit,2,15,2,2,68,unstratified_random,31,8,23.83573742078014,Q1_shortest_0_20pct,0.8093141006337589,0.4,32.37256402535036,1,80.93141006337589,1,40.0,5
27,A5,Packing-station roller motor,3,35,3,2,68,unstratified_random,84,58,54.07820667708313,Q2_20_40pct,0.567374346583335,0.5333333333333333,30.2599651511112,2,56.7374346583335,2,60.0,4
28,A1,Inbound conveyor motor,4,40,3,3,69,unstratified_random,6,93,105.6201183358804,Q4_60_80pct,0.15503905331295675,0.6666666666666667,10.335936887530451,4,15.503905331295675,4,80.0,2
28,A2,Sortation conveyor drive,5,80,5,4,69,unstratified_random,53,26,32.51632437126566,Q1_shortest_0_20pct,0.7398694050298746,0.9333333333333333,69.0544778027883,1,73.98694050298747,1,100.0,1
28,A3,Vertical lift motor,4,55,4,4,69,unstratified_random,67,77,138.84222319134904,Q5_longest_80_100pct,0.0,0.8,0.0,5,0.0,5,80.0,2
28,A4,AGV/shuttle drive unit,2,15,2,2,69,unstratified_random,57,103,83.29315372594353,Q3_40_60pct,0.3336547701924518,0.4,13.346190807698074,2,33.36547701924518,2,40.0,5
28,A5,Packing-station roller motor,3,35,3,2,69,unstratified_random,79,63,95.26087986485147,Q3_40_60pct,0.2379129610811882,0.5333333333333333,12.688691257663372,3,23.79129610811882,3,60.0,4
29,A1,Inbound conveyor motor,4,40,3,3,70,unstratified_random,72,50,70.20451782538055,Q3_40_60pct,0.4383638573969556,0.6666666666666667,29.22425715979704,4,43.83638573969556,5,80.0,2
29,A2,Sortation conveyor drive,5,80,5,4,70,unstratified_random,35,11,10.318035788709574,Q1_shortest_0_20pct,0.9174557136903234,0.9333333333333333,85.6291999444302,1,91.74557136903235,1,100.0,1
29,A3,Vertical lift motor,4,55,4,4,70,unstratified_random,32,48,58.21837314904572,Q2_20_40pct,0.5342530148076343,0.8,42.740241184610746,2,53.42530148076343,3,80.0,2
29,A4,AGV/shuttle drive unit,2,15,2,2,70,unstratified_random,63,72,60.45894799885493,Q2_20_40pct,0.5163284160091606,0.4,20.653136640366426,5,51.63284160091606,4,40.0,5
29,A5,Packing-station roller motor,3,35,3,2,70,unstratified_random,37,21,54.159061654098565,Q2_20_40pct,0.5667275067672115,0.5333333333333333,30.225467027584614,3,56.67275067672115,2,60.0,4
30,A1,Inbound conveyor motor,4,40,3,3,71,unstratified_random,92,20,25.16213385236525,Q1_shortest_0_20pct,0.798702929181078,0.6666666666666667,53.2468619454052,2,79.8702929181078,2,80.0,2
30,A2,Sortation conveyor drive,5,80,5,4,71,unstratified_random,47,135,121.81629897102604,Q4_60_80pct,0.025469608231791674,0.9333333333333333,2.377163434967223,4,2.5469608231791674,4,100.0,1
30,A3,Vertical lift motor,4,55,4,4,71,unstratified_random,100,20,23.88622641030998,Q1_shortest_0_20pct,0.8089101887175202,0.8,64.71281509740162,1,80.89101887175202,1,80.0,2
30,A4,AGV/shuttle drive unit,2,15,2,2,71,unstratified_random,25,145,153.1932818222736,Q5_longest_80_100pct,0.0,0.4,0.0,5,0.0,5,40.0,5
30,A5,Packing-station roller motor,3,35,3,2,71,unstratified_random,53,26,32.51632437126566,Q1_shortest_0_20pct,0.7398694050298746,0.5333333333333333,39.459701601593316,3,73.98694050298747,3,60.0,4
31,A1,Inbound conveyor motor,4,40,3,3,72,unstratified_random,39,142,172.98448712201755,Q5_longest_80_100pct,0.0,0.6666666666666667,0.0,3,0.0,3,80.0,2
31,A2,Sortation conveyor drive,5,80,5,4,72,unstratified_random,59,114,150.6488483670163,Q5_longest_80_100pct,0.0,0.9333333333333333,0.0,3,0.0,3,100.0,1
31,A3,Vertical lift motor,4,55,4,4,72,unstratified_random,1,112,181.7937722618632,Q5_longest_80_100pct,0.0,0.8,0.0,3,0.0,3,80.0,2
31,A4,AGV/shuttle drive unit,2,15,2,2,72,unstratified_random,92,20,25.16213385236525,Q1_shortest_0_20pct,0.798702929181078,0.4,31.94811716724312,2,79.8702929181078,2,40.0,5
31,A5,Packing-station roller motor,3,35,3,2,72,unstratified_random,82,9,13.00528536289486,Q1_shortest_0_20pct,0.8959577170968411,0.5333333333333333,47.784411578498194,1,89.59577170968412,1,60.0,4
32,A1,Inbound conveyor motor,4,40,3,3,73,unstratified_random,79,63,95.26087986485147,Q3_40_60pct,0.2379129610811882,0.6666666666666667,15.860864072079217,4,23.79129610811882,4,80.0,2
32,A2,Sortation conveyor drive,5,80,5,4,73,unstratified_random,3,69,51.59437184534412,Q2_20_40pct,0.587245025237247,0.9333333333333333,54.80953568880972,1,58.724502523724695,3,100.0,1
32,A3,Vertical lift motor,4,55,4,4,73,unstratified_random,77,34,40.64323409645428,Q2_20_40pct,0.6748541272283658,0.8,53.98833017826927,2,67.48541272283659,2,80.0,2
32,A4,AGV/shuttle drive unit,2,15,2,2,73,unstratified_random,31,8,23.83573742078014,Q1_shortest_0_20pct,0.8093141006337589,0.4,32.37256402535036,3,80.93141006337589,1,40.0,5
32,A5,Packing-station roller motor,3,35,3,2,73,unstratified_random,48,92,128.30022813454278,Q4_60_80pct,0.0,0.5333333333333333,0.0,5,0.0,5,60.0,4
33,A1,Inbound conveyor motor,4,40,3,3,74,unstratified_random,87,116,144.3579823471946,Q5_longest_80_100pct,0.0,0.6666666666666667,0.0,4,0.0,4,80.0,2
33,A2,Sortation conveyor drive,5,80,5,4,74,unstratified_random,20,16,23.928748965669588,Q1_shortest_0_20pct,0.8085700082746433,0.9333333333333333,75.46653410563337,1,80.85700082746433,1,100.0,1
33,A3,Vertical lift motor,4,55,4,4,74,unstratified_random,37,21,54.159061654098565,Q2_20_40pct,0.5667275067672115,0.8,45.33820054137692,2,56.67275067672115,3,80.0,2
33,A4,AGV/shuttle drive unit,2,15,2,2,74,unstratified_random,88,115,132.4717899153425,Q4_60_80pct,0.0,0.4,0.0,4,0.0,4,40.0,5
33,A5,Packing-station roller motor,3,35,3,2,74,unstratified_random,52,29,40.87621681240515,Q2_20_40pct,0.6729902655007588,0.5333333333333333,35.892814160040466,3,67.29902655007588,2,60.0,4
34,A1,Inbound conveyor motor,4,40,3,3,75,unstratified_random,64,28,47.55027096178691,Q2_20_40pct,0.6195978323057048,0.6666666666666667,41.30652215371365,2,61.95978323057047,2,80.0,2
34,A2,Sortation conveyor drive,5,80,5,4,75,unstratified_random,95,128,130.5679549560598,Q4_60_80pct,0.0,0.9333333333333333,0.0,5,0.0,5,100.0,1
34,A3,Vertical lift motor,4,55,4,4,75,unstratified_random,20,16,23.928748965669588,Q1_shortest_0_20pct,0.8085700082746433,0.8,64.68560066197146,1,80.85700082746433,1,80.0,2
34,A4,AGV/shuttle drive unit,2,15,2,2,75,unstratified_random,21,57,67.90605820026097,Q2_20_40pct,0.4567515343979123,0.4,18.270061375916494,3,45.67515343979123,3,40.0,5
34,A5,Packing-station roller motor,3,35,3,2,75,unstratified_random,16,84,112.36753252847032,Q4_60_80pct,0.10105973977223748,0.5333333333333333,5.389852787852665,4,10.105973977223748,4,60.0,4
35,A1,Inbound conveyor motor,4,40,3,3,76,unstratified_random,55,137,118.91039914419324,Q4_60_80pct,0.048716806846454075,0.6666666666666667,3.2477871230969386,4,4.8716806846454075,4,80.0,2
35,A2,Sortation conveyor drive,5,80,5,4,76,unstratified_random,79,63,95.26087986485147,Q3_40_60pct,0.2379129610811882,0.9333333333333333,22.2052097009109,1,23.79129610811882,3,100.0,1
35,A3,Vertical lift motor,4,55,4,4,76,unstratified_random,47,135,121.81629897102604,Q4_60_80pct,0.025469608231791674,0.8,2.037568658543334,5,2.5469608231791674,5,80.0,2
35,A4,AGV/shuttle drive unit,2,15,2,2,76,unstratified_random,41,18,59.85486006548725,Q2_20_40pct,0.521161119476102,0.4,20.84644477904408,2,52.1161119476102,1,40.0,5
35,A5,Packing-station roller motor,3,35,3,2,76,unstratified_random,98,59,85.21286900885234,Q3_40_60pct,0.31829704792918134,0.5333333333333333,16.975842556223007,3,31.829704792918136,2,60.0,4
36,A1,Inbound conveyor motor,4,40,3,3,77,unstratified_random,6,93,105.6201183358804,Q4_60_80pct,0.15503905331295675,0.6666666666666667,10.335936887530451,4,15.503905331295675,4,80.0,2
36,A2,Sortation conveyor drive,5,80,5,4,77,unstratified_random,63,72,60.45894799885493,Q2_20_40pct,0.5163284160091606,0.9333333333333333,48.19065216085499,1,51.63284160091606,2,100.0,1
36,A3,Vertical lift motor,4,55,4,4,77,unstratified_random,80,90,79.47558250502735,Q3_40_60pct,0.36419533995978126,0.8,29.135627196782504,3,36.41953399597813,3,80.0,2
36,A4,AGV/shuttle drive unit,2,15,2,2,77,unstratified_random,55,137,118.91039914419324,Q4_60_80pct,0.048716806846454075,0.4,1.948672273858163,5,4.8716806846454075,5,40.0,5
36,A5,Packing-station roller motor,3,35,3,2,77,unstratified_random,77,34,40.64323409645428,Q2_20_40pct,0.6748541272283658,0.5333333333333333,35.99222011884618,2,67.48541272283659,1,60.0,4
37,A1,Inbound conveyor motor,4,40,3,3,78,unstratified_random,41,18,59.85486006548725,Q2_20_40pct,0.521161119476102,0.6666666666666667,34.74407463174014,2,52.1161119476102,2,80.0,2
37,A2,Sortation conveyor drive,5,80,5,4,78,unstratified_random,91,38,26.859272201960557,Q1_shortest_0_20pct,0.7851258223843156,0.9333333333333333,73.2784100892028,1,78.51258223843156,1,100.0,1
37,A3,Vertical lift motor,4,55,4,4,78,unstratified_random,9,111,137.60480848618022,Q5_longest_80_100pct,0.0,0.8,0.0,4,0.0,4,80.0,2
37,A4,AGV/shuttle drive unit,2,15,2,2,78,unstratified_random,71,118,142.21779435736028,Q5_longest_80_100pct,0.0,0.4,0.0,4,0.0,4,40.0,5
37,A5,Packing-station roller motor,3,35,3,2,78,unstratified_random,19,87,106.94874018187056,Q4_60_80pct,0.14441007854503551,0.5333333333333333,7.701870855735227,3,14.441007854503551,3,60.0,4
38,A1,Inbound conveyor motor,4,40,3,3,79,unstratified_random,88,115,132.4717899153425,Q4_60_80pct,0.0,0.6666666666666667,0.0,4,0.0,4,80.0,2
38,A2,Sortation conveyor drive,5,80,5,4,79,unstratified_random,8,95,75.96907893735971,Q3_40_60pct,0.3922473685011223,0.9333333333333333,36.60975439343808,1,39.22473685011223,2,100.0,1
38,A3,Vertical lift motor,4,55,4,4,79,unstratified_random,11,97,99.08741603137932,Q4_60_80pct,0.2073006717489655,0.8,16.58405373991724,3,20.73006717489655,3,80.0,2
38,A4,AGV/shuttle drive unit,2,15,2,2,79,unstratified_random,90,28,30.303009041002955,Q1_shortest_0_20pct,0.7575759276719763,0.4,30.303037106879056,2,75.75759276719764,1,40.0,5
38,A5,Packing-station roller motor,3,35,3,2,79,unstratified_random,99,117,132.87361758142774,Q4_60_80pct,0.0,0.5333333333333333,0.0,4,0.0,4,60.0,4
39,A1,Inbound conveyor motor,4,40,3,3,80,unstratified_random,1,112,181.7937722618632,Q5_longest_80_100pct,0.0,0.6666666666666667,0.0,2,0.0,2,80.0,2
39,A2,Sortation conveyor drive,5,80,5,4,80,unstratified_random,71,118,142.21779435736028,Q5_longest_80_100pct,0.0,0.9333333333333333,0.0,2,0.0,2,100.0,1
39,A3,Vertical lift motor,4,55,4,4,80,unstratified_random,2,98,142.91341211911944,Q5_longest_80_100pct,0.0,0.8,0.0,2,0.0,2,80.0,2
39,A4,AGV/shuttle drive unit,2,15,2,2,80,unstratified_random,72,50,70.20451782538055,Q3_40_60pct,0.4383638573969556,0.4,17.534554295878223,1,43.83638573969556,1,40.0,5
39,A5,Packing-station roller motor,3,35,3,2,80,unstratified_random,88,115,132.4717899153425,Q4_60_80pct,0.0,0.5333333333333333,0.0,2,0.0,2,60.0,4
40,A1,Inbound conveyor motor,4,40,3,3,81,unstratified_random,4,82,87.20565932033077,Q3_40_60pct,0.30235472543735387,0.6666666666666667,20.156981695823593,2,30.235472543735387,3,80.0,2
40,A2,Sortation conveyor drive,5,80,5,4,81,unstratified_random,6,93,105.6201183358804,Q4_60_80pct,0.15503905331295675,0.9333333333333333,14.47031164254263,4,15.503905331295675,4,100.0,1
40,A3,Vertical lift motor,4,55,4,4,81,unstratified_random,21,57,67.90605820026097,Q2_20_40pct,0.4567515343979123,0.8,36.54012275183299,1,45.67515343979123,2,80.0,2
40,A4,AGV/shuttle drive unit,2,15,2,2,81,unstratified_random,43,59,63.79604805149177,Q2_20_40pct,0.4896316155880658,0.4,19.585264623522633,3,48.963161558806576,1,40.0,5
40,A5,Packing-station roller motor,3,35,3,2,81,unstratified_random,65,128,151.46723766284128,Q5_longest_80_100pct,0.0,0.5333333333333333,0.0,5,0.0,5,60.0,4
41,A1,Inbound conveyor motor,4,40,3,3,82,unstratified_random,69,121,148.86538698158105,Q5_longest_80_100pct,0.0,0.6666666666666667,0.0,3,0.0,3,80.0,2
41,A2,Sortation conveyor drive,5,80,5,4,82,unstratified_random,94,55,48.61299679912422,Q2_20_40pct,0.6110960256070063,0.9333333333333333,57.035629056653924,1,61.10960256070063,1,100.0,1
41,A3,Vertical lift motor,4,55,4,4,82,unstratified_random,65,128,151.46723766284128,Q5_longest_80_100pct,0.0,0.8,0.0,3,0.0,3,80.0,2
41,A4,AGV/shuttle drive unit,2,15,2,2,82,unstratified_random,85,118,162.2981284023822,Q5_longest_80_100pct,0.0,0.4,0.0,3,0.0,3,40.0,5
41,A5,Packing-station roller motor,3,35,3,2,82,unstratified_random,97,82,79.22371888224494,Q3_40_60pct,0.36621024894204046,0.5333333333333333,19.531213276908826,2,36.62102489420405,2,60.0,4
42,A1,Inbound conveyor motor,4,40,3,3,83,unstratified_random,100,20,23.88622641030998,Q1_shortest_0_20pct,0.8089101887175202,0.6666666666666667,53.92734591450136,1,80.89101887175202,2,80.0,2
42,A2,Sortation conveyor drive,5,80,5,4,83,unstratified_random,55,137,118.91039914419324,Q4_60_80pct,0.048716806846454075,0.9333333333333333,4.546901972335713,5,4.8716806846454075,5,100.0,1
42,A3,Vertical lift motor,4,55,4,4,83,unstratified_random,72,50,70.20451782538055,Q3_40_60pct,0.4383638573969556,0.8,35.06910859175645,2,43.83638573969556,3,80.0,2
42,A4,AGV/shuttle drive unit,2,15,2,2,83,unstratified_random,31,8,23.83573742078014,Q1_shortest_0_20pct,0.8093141006337589,0.4,32.37256402535036,3,80.93141006337589,1,40.0,5
42,A5,Packing-station roller motor,3,35,3,2,83,unstratified_random,5,91,97.4316568366386,Q3_40_60pct,0.22054674530689122,0.5333333333333333,11.7624930830342,4,22.054674530689123,4,60.0,4
43,A1,Inbound conveyor motor,4,40,3,3,84,unstratified_random,72,50,70.20451782538055,Q3_40_60pct,0.4383638573969556,0.6666666666666667,29.22425715979704,3,43.83638573969556,4,80.0,2
43,A2,Sortation conveyor drive,5,80,5,4,84,unstratified_random,63,72,60.45894799885493,Q2_20_40pct,0.5163284160091606,0.9333333333333333,48.19065216085499,1,51.63284160091606,3,100.0,1
43,A3,Vertical lift motor,4,55,4,4,84,unstratified_random,54,97,127.42576425394527,Q4_60_80pct,0.0,0.8,0.0,5,0.0,5,80.0,2
43,A4,AGV/shuttle drive unit,2,15,2,2,84,unstratified_random,17,50,51.778940468972905,Q2_20_40pct,0.5857684762482167,0.4,23.43073904992867,4,58.57684762482167,2,40.0,5
43,A5,Packing-station roller motor,3,35,3,2,84,unstratified_random,90,28,30.303009041002955,Q1_shortest_0_20pct,0.7575759276719763,0.5333333333333333,40.40404947583874,2,75.75759276719764,1,60.0,4
44,A1,Inbound conveyor motor,4,40,3,3,85,unstratified_random,47,135,121.81629897102604,Q4_60_80pct,0.025469608231791674,0.6666666666666667,1.6979738821194452,4,2.5469608231791674,4,80.0,2
44,A2,Sortation conveyor drive,5,80,5,4,85,unstratified_random,69,121,148.86538698158105,Q5_longest_80_100pct,0.0,0.9333333333333333,0.0,5,0.0,5,100.0,1
44,A3,Vertical lift motor,4,55,4,4,85,unstratified_random,5,91,97.4316568366386,Q3_40_60pct,0.22054674530689122,0.8,17.643739624551298,2,22.054674530689123,2,80.0,2
44,A4,AGV/shuttle drive unit,2,15,2,2,85,unstratified_random,51,114,102.38736822787688,Q4_60_80pct,0.180901054176985,0.4,7.2360421670794,3,18.0901054176985,3,40.0,5
44,A5,Packing-station roller motor,3,35,3,2,85,unstratified_random,92,20,25.16213385236525,Q1_shortest_0_20pct,0.798702929181078,0.5333333333333333,42.597489556324156,1,79.8702929181078,1,60.0,4
45,A1,Inbound conveyor motor,4,40,3,3,86,unstratified_random,19,87,106.94874018187056,Q4_60_80pct,0.14441007854503551,0.6666666666666667,9.627338569669035,4,14.441007854503551,4,80.0,2
45,A2,Sortation conveyor drive,5,80,5,4,86,unstratified_random,15,83,158.0175356684317,Q5_longest_80_100pct,0.0,0.9333333333333333,0.0,5,0.0,5,100.0,1
45,A3,Vertical lift motor,4,55,4,4,86,unstratified_random,60,100,104.41961816061556,Q4_60_80pct,0.16464305471507557,0.8,13.171444377206047,3,16.464305471507558,3,80.0,2
45,A4,AGV/shuttle drive unit,2,15,2,2,86,unstratified_random,92,20,25.16213385236525,Q1_shortest_0_20pct,0.798702929181078,0.4,31.94811716724312,1,79.8702929181078,1,40.0,5
45,A5,Packing-station roller motor,3,35,3,2,86,unstratified_random,18,28,60.32803578156674,Q2_20_40pct,0.5173757137474662,0.5333333333333333,27.59337139986486,2,51.737571374746615,2,60.0,4
46,A1,Inbound conveyor motor,4,40,3,3,87,unstratified_random,78,107,158.8500624677376,Q5_longest_80_100pct,0.0,0.6666666666666667,0.0,4,0.0,4,80.0,2
46,A2,Sortation conveyor drive,5,80,5,4,87,unstratified_random,100,20,23.88622641030998,Q1_shortest_0_20pct,0.8089101887175202,0.9333333333333333,75.49828428030189,1,80.89101887175202,2,100.0,1
46,A3,Vertical lift motor,4,55,4,4,87,unstratified_random,56,15,16.158144448588526,Q1_shortest_0_20pct,0.8707348444112918,0.8,69.65878755290335,2,87.07348444112918,1,80.0,2
46,A4,AGV/shuttle drive unit,2,15,2,2,87,unstratified_random,2,98,142.91341211911944,Q5_longest_80_100pct,0.0,0.4,0.0,4,0.0,4,40.0,5
46,A5,Packing-station roller motor,3,35,3,2,87,unstratified_random,60,100,104.41961816061556,Q4_60_80pct,0.16464305471507557,0.5333333333333333,8.780962918137364,3,16.464305471507558,3,60.0,4
47,A1,Inbound conveyor motor,4,40,3,3,88,unstratified_random,21,57,67.90605820026097,Q2_20_40pct,0.4567515343979123,0.6666666666666667,30.450102293194156,3,45.67515343979123,3,80.0,2
47,A2,Sortation conveyor drive,5,80,5,4,88,unstratified_random,49,21,13.44996942007384,Q1_shortest_0_20pct,0.8924002446394093,0.9333333333333333,83.2906894996782,1,89.24002446394093,1,100.0,1
47,A3,Vertical lift motor,4,55,4,4,88,unstratified_random,93,85,42.17809886645809,Q2_20_40pct,0.6625752090683352,0.8,53.00601672546682,2,66.25752090683352,2,80.0,2
47,A4,AGV/shuttle drive unit,2,15,2,2,88,unstratified_random,69,121,148.86538698158105,Q5_longest_80_100pct,0.0,0.4,0.0,5,0.0,5,40.0,5
47,A5,Packing-station roller motor,3,35,3,2,88,unstratified_random,70,94,86.32146123836584,Q3_40_60pct,0.30942831009307326,0.5333333333333333,16.502843204963906,4,30.942831009307326,4,60.0,4
48,A1,Inbound conveyor motor,4,40,3,3,89,unstratified_random,25,145,153.1932818222736,Q5_longest_80_100pct,0.0,0.6666666666666667,0.0,3,0.0,3,80.0,2
48,A2,Sortation conveyor drive,5,80,5,4,89,unstratified_random,56,15,16.158144448588526,Q1_shortest_0_20pct,0.8707348444112918,0.9333333333333333,81.26858547838724,1,87.07348444112918,1,100.0,1
48,A3,Vertical lift motor,4,55,4,4,89,unstratified_random,2,98,142.91341211911944,Q5_longest_80_100pct,0.0,0.8,0.0,3,0.0,3,80.0,2
48,A4,AGV/shuttle drive unit,2,15,2,2,89,unstratified_random,83,137,136.40747067846124,Q5_longest_80_100pct,0.0,0.4,0.0,3,0.0,3,40.0,5
48,A5,Packing-station roller motor,3,35,3,2,89,unstratified_random,77,34,40.64323409645428,Q2_20_40pct,0.6748541272283658,0.5333333333333333,35.99222011884618,2,67.48541272283659,2,60.0,4
49,A1,Inbound conveyor motor,4,40,3,3,90,unstratified_random,63,72,60.45894799885493,Q2_20_40pct,0.5163284160091606,0.6666666666666667,34.42189440061071,3,51.63284160091606,4,80.0,2
49,A2,Sortation conveyor drive,5,80,5,4,90,unstratified_random,24,20,32.316305129135706,Q1_shortest_0_20pct,0.7414695589669144,0.9333333333333333,69.20382550357867,2,74.14695589669144,2,100.0,1
49,A3,Vertical lift motor,4,55,4,4,90,unstratified_random,68,8,14.299954503479244,Q1_shortest_0_20pct,0.885600363972166,0.8,70.8480291177733,1,88.5600363972166,1,80.0,2
49,A4,AGV/shuttle drive unit,2,15,2,2,90,unstratified_random,37,21,54.159061654098565,Q2_20_40pct,0.5667275067672115,0.4,22.66910027068846,4,56.67275067672115,3,40.0,5
49,A5,Packing-station roller motor,3,35,3,2,90,unstratified_random,10,96,99.04426828245136,Q3_40_60pct,0.20764585374038913,0.5333333333333333,11.074445532820754,5,20.764585374038912,5,60.0,4
50,A1,Inbound conveyor motor,4,40,3,3,91,unstratified_random,35,11,10.318035788709574,Q1_shortest_0_20pct,0.9174557136903234,0.6666666666666667,61.16371424602157,1,91.74557136903235,1,80.0,2
50,A2,Sortation conveyor drive,5,80,5,4,91,unstratified_random,28,97,94.6987062048556,Q3_40_60pct,0.2424103503611552,0.9333333333333333,22.624966033707818,3,24.24103503611552,3,100.0,1
50,A3,Vertical lift motor,4,55,4,4,91,unstratified_random,71,118,142.21779435736028,Q5_longest_80_100pct,0.0,0.8,0.0,5,0.0,5,80.0,2
50,A4,AGV/shuttle drive unit,2,15,2,2,91,unstratified_random,91,38,26.859272201960557,Q1_shortest_0_20pct,0.7851258223843156,0.4,31.405032895372628,2,78.51258223843156,2,40.0,5
50,A5,Packing-station roller motor,3,35,3,2,91,unstratified_random,11,97,99.08741603137932,Q4_60_80pct,0.2073006717489655,0.5333333333333333,11.056035826611494,4,20.73006717489655,4,60.0,4
51,A1,Inbound conveyor motor,4,40,3,3,92,unstratified_random,44,109,141.8287484510994,Q5_longest_80_100pct,0.0,0.6666666666666667,0.0,2,0.0,2,80.0,2
51,A2,Sortation conveyor drive,5,80,5,4,92,unstratified_random,95,128,130.5679549560598,Q4_60_80pct,0.0,0.9333333333333333,0.0,2,0.0,2,100.0,1
51,A3,Vertical lift motor,4,55,4,4,92,unstratified_random,8,95,75.96907893735971,Q3_40_60pct,0.3922473685011223,0.8,31.379789480089784,1,39.22473685011223,1,80.0,2
51,A4,AGV/shuttle drive unit,2,15,2,2,92,unstratified_random,50,79,131.9611497166465,Q4_60_80pct,0.0,0.4,0.0,2,0.0,2,40.0,5
51,A5,Packing-station roller motor,3,35,3,2,92,unstratified_random,59,114,150.6488483670163,Q5_longest_80_100pct,0.0,0.5333333333333333,0.0,2,0.0,2,60.0,4
52,A1,Inbound conveyor motor,4,40,3,3,93,unstratified_random,92,20,25.16213385236525,Q1_shortest_0_20pct,0.798702929181078,0.6666666666666667,53.2468619454052,1,79.8702929181078,1,80.0,2
52,A2,Sortation conveyor drive,5,80,5,4,93,unstratified_random,27,66,114.97611996076007,Q4_60_80pct,0.08019104031391944,0.9333333333333333,7.484497095965814,3,8.019104031391944,3,100.0,1
52,A3,Vertical lift motor,4,55,4,4,93,unstratified_random,54,97,127.42576425394527,Q4_60_80pct,0.0,0.8,0.0,4,0.0,4,80.0,2
52,A4,AGV/shuttle drive unit,2,15,2,2,93,unstratified_random,96,137,137.09402180530702,Q5_longest_80_100pct,0.0,0.4,0.0,4,0.0,4,40.0,5
52,A5,Packing-station roller motor,3,35,3,2,93,unstratified_random,62,54,60.376193576182295,Q2_20_40pct,0.5169904513905417,0.5333333333333333,27.57282407416222,2,51.699045139054164,2,60.0,4
53,A1,Inbound conveyor motor,4,40,3,3,94,unstratified_random,33,106,142.7935583123275,Q5_longest_80_100pct,0.0,0.6666666666666667,0.0,4,0.0,4,80.0,2
53,A2,Sortation conveyor drive,5,80,5,4,94,unstratified_random,96,137,137.09402180530702,Q5_longest_80_100pct,0.0,0.9333333333333333,0.0,4,0.0,4,100.0,1
53,A3,Vertical lift motor,4,55,4,4,94,unstratified_random,5,91,97.4316568366386,Q3_40_60pct,0.22054674530689122,0.8,17.643739624551298,2,22.054674530689123,3,80.0,2
53,A4,AGV/shuttle drive unit,2,15,2,2,94,unstratified_random,24,20,32.316305129135706,Q1_shortest_0_20pct,0.7414695589669144,0.4,29.658782358676575,1,74.14695589669144,1,40.0,5
53,A5,Packing-station roller motor,3,35,3,2,94,unstratified_random,79,63,95.26087986485147,Q3_40_60pct,0.2379129610811882,0.5333333333333333,12.688691257663372,3,23.79129610811882,2,60.0,4
54,A1,Inbound conveyor motor,4,40,3,3,95,unstratified_random,6,93,105.6201183358804,Q4_60_80pct,0.15503905331295675,0.6666666666666667,10.335936887530451,4,15.503905331295675,4,80.0,2
54,A2,Sortation conveyor drive,5,80,5,4,95,unstratified_random,44,109,141.8287484510994,Q5_longest_80_100pct,0.0,0.9333333333333333,0.0,5,0.0,5,100.0,1
54,A3,Vertical lift motor,4,55,4,4,95,unstratified_random,91,38,26.859272201960557,Q1_shortest_0_20pct,0.7851258223843156,0.8,62.810065790745256,1,78.51258223843156,2,80.0,2
54,A4,AGV/shuttle drive unit,2,15,2,2,95,unstratified_random,49,21,13.44996942007384,Q1_shortest_0_20pct,0.8924002446394093,0.4,35.69600978557637,3,89.24002446394093,1,40.0,5
54,A5,Packing-station roller motor,3,35,3,2,95,unstratified_random,53,26,32.51632437126566,Q1_shortest_0_20pct,0.7398694050298746,0.5333333333333333,39.459701601593316,2,73.98694050298747,3,60.0,4
55,A1,Inbound conveyor motor,4,40,3,3,96,unstratified_random,80,90,79.47558250502735,Q3_40_60pct,0.36419533995978126,0.6666666666666667,24.279689330652086,2,36.41953399597813,2,80.0,2
55,A2,Sortation conveyor drive,5,80,5,4,96,unstratified_random,21,57,67.90605820026097,Q2_20_40pct,0.4567515343979123,0.9333333333333333,42.630143210471815,1,45.67515343979123,1,100.0,1
55,A3,Vertical lift motor,4,55,4,4,96,unstratified_random,71,118,142.21779435736028,Q5_longest_80_100pct,0.0,0.8,0.0,4,0.0,4,80.0,2
55,A4,AGV/shuttle drive unit,2,15,2,2,96,unstratified_random,73,131,128.00577343113736,Q4_60_80pct,0.0,0.4,0.0,4,0.0,4,40.0,5
55,A5,Packing-station roller motor,3,35,3,2,96,unstratified_random,98,59,85.21286900885234,Q3_40_60pct,0.31829704792918134,0.5333333333333333,16.975842556223007,3,31.829704792918136,3,60.0,4
56,A1,Inbound conveyor motor,4,40,3,3,97,unstratified_random,14,107,146.91015946253862,Q5_longest_80_100pct,0.0,0.6666666666666667,0.0,5,0.0,5,80.0,2
56,A2,Sortation conveyor drive,5,80,5,4,97,unstratified_random,66,14,11.46932688270492,Q1_shortest_0_20pct,0.9082453849383606,0.9333333333333333,84.76956926091366,1,90.82453849383606,1,100.0,1
56,A3,Vertical lift motor,4,55,4,4,97,unstratified_random,43,59,63.79604805149177,Q2_20_40pct,0.4896316155880658,0.8,39.170529247045266,2,48.963161558806576,2,80.0,2
56,A4,AGV/shuttle drive unit,2,15,2,2,97,unstratified_random,57,103,83.29315372594353,Q3_40_60pct,0.3336547701924518,0.4,13.346190807698074,3,33.36547701924518,3,40.0,5
56,A5,Packing-station roller motor,3,35,3,2,97,unstratified_random,10,96,99.04426828245136,Q3_40_60pct,0.20764585374038913,0.5333333333333333,11.074445532820754,4,20.764585374038912,4,60.0,4
57,A1,Inbound conveyor motor,4,40,3,3,98,unstratified_random,73,131,128.00577343113736,Q4_60_80pct,0.0,0.6666666666666667,0.0,3,0.0,3,80.0,2
57,A2,Sortation conveyor drive,5,80,5,4,98,unstratified_random,92,20,25.16213385236525,Q1_shortest_0_20pct,0.798702929181078,0.9333333333333333,74.54560672356727,1,79.8702929181078,1,100.0,1
57,A3,Vertical lift motor,4,55,4,4,98,unstratified_random,85,118,162.2981284023822,Q5_longest_80_100pct,0.0,0.8,0.0,3,0.0,3,80.0,2
57,A4,AGV/shuttle drive unit,2,15,2,2,98,unstratified_random,52,29,40.87621681240515,Q2_20_40pct,0.6729902655007588,0.4,26.919610620030355,2,67.29902655007588,2,40.0,5
57,A5,Packing-station roller motor,3,35,3,2,98,unstratified_random,33,106,142.7935583123275,Q5_longest_80_100pct,0.0,0.5333333333333333,0.0,3,0.0,3,60.0,4
58,A1,Inbound conveyor motor,4,40,3,3,99,unstratified_random,92,20,25.16213385236525,Q1_shortest_0_20pct,0.798702929181078,0.6666666666666667,53.2468619454052,1,79.8702929181078,2,80.0,2
58,A2,Sortation conveyor drive,5,80,5,4,99,unstratified_random,50,79,131.9611497166465,Q4_60_80pct,0.0,0.9333333333333333,0.0,4,0.0,4,100.0,1
58,A3,Vertical lift motor,4,55,4,4,99,unstratified_random,18,28,60.32803578156674,Q2_20_40pct,0.5173757137474662,0.8,41.390057099797296,2,51.737571374746615,3,80.0,2
58,A4,AGV/shuttle drive unit,2,15,2,2,99,unstratified_random,56,15,16.158144448588526,Q1_shortest_0_20pct,0.8707348444112918,0.4,34.829393776451674,3,87.07348444112918,1,40.0,5
58,A5,Packing-station roller motor,3,35,3,2,99,unstratified_random,75,113,125.9355598567823,Q4_60_80pct,0.0,0.5333333333333333,0.0,4,0.0,4,60.0,4
59,A1,Inbound conveyor motor,4,40,3,3,100,unstratified_random,13,95,93.13834255441226,Q3_40_60pct,0.2548932595647019,0.6666666666666667,16.992883970980127,3,25.48932595647019,2,80.0,2
59,A2,Sortation conveyor drive,5,80,5,4,100,unstratified_random,60,100,104.41961816061556,Q4_60_80pct,0.16464305471507557,0.9333333333333333,15.366685106740388,4,16.464305471507558,4,100.0,1
59,A3,Vertical lift motor,4,55,4,4,100,unstratified_random,74,126,94.81409660307276,Q3_40_60pct,0.24148722717541793,0.8,19.318978174033436,2,24.148722717541794,3,80.0,2
59,A4,AGV/shuttle drive unit,2,15,2,2,100,unstratified_random,9,111,137.60480848618022,Q5_longest_80_100pct,0.0,0.4,0.0,5,0.0,5,40.0,5
59,A5,Packing-station roller motor,3,35,3,2,100,unstratified_random,81,8,12.767256508974471,Q1_shortest_0_20pct,0.8978619479282042,0.5333333333333333,47.88597055617089,1,89.78619479282042,1,60.0,4
60,A1,Inbound conveyor motor,4,40,3,3,101,unstratified_random,30,115,88.96761601985438,Q3_40_60pct,0.28825907184116495,0.6666666666666667,19.217271456077665,3,28.825907184116495,3,80.0,2
60,A2,Sortation conveyor drive,5,80,5,4,101,unstratified_random,69,121,148.86538698158105,Q5_longest_80_100pct,0.0,0.9333333333333333,0.0,4,0.0,4,100.0,1
60,A3,Vertical lift motor,4,55,4,4,101,unstratified_random,14,107,146.91015946253862,Q5_longest_80_100pct,0.0,0.8,0.0,4,0.0,4,80.0,2
60,A4,AGV/shuttle drive unit,2,15,2,2,101,unstratified_random,92,20,25.16213385236525,Q1_shortest_0_20pct,0.798702929181078,0.4,31.94811716724312,2,79.8702929181078,2,40.0,5
60,A5,Packing-station roller motor,3,35,3,2,101,unstratified_random,36,19,22.29101002400674,Q1_shortest_0_20pct,0.8216719198079461,0.5333333333333333,43.822502389757126,1,82.16719198079461,1,60.0,4
61,A1,Inbound conveyor motor,4,40,3,3,102,unstratified_random,59,114,150.6488483670163,Q5_longest_80_100pct,0.0,0.6666666666666667,0.0,3,0.0,3,80.0,2
61,A2,Sortation conveyor drive,5,80,5,4,102,unstratified_random,54,97,127.42576425394527,Q4_60_80pct,0.0,0.9333333333333333,0.0,3,0.0,3,100.0,1
61,A3,Vertical lift motor,4,55,4,4,102,unstratified_random,43,59,63.79604805149177,Q2_20_40pct,0.4896316155880658,0.8,39.170529247045266,1,48.963161558806576,1,80.0,2
61,A4,AGV/shuttle drive unit,2,15,2,2,102,unstratified_random,16,84,112.36753252847032,Q4_60_80pct,0.10105973977223748,0.4,4.042389590889499,2,10.105973977223748,2,40.0,5
61,A5,Packing-station roller motor,3,35,3,2,102,unstratified_random,25,145,153.1932818222736,Q5_longest_80_100pct,0.0,0.5333333333333333,0.0,3,0.0,3,60.0,4
62,A1,Inbound conveyor motor,4,40,3,3,103,unstratified_random,72,50,70.20451782538055,Q3_40_60pct,0.4383638573969556,0.6666666666666667,29.22425715979704,2,43.83638573969556,2,80.0,2
62,A2,Sortation conveyor drive,5,80,5,4,103,unstratified_random,31,8,23.83573742078014,Q1_shortest_0_20pct,0.8093141006337589,0.9333333333333333,75.5359827258175,1,80.93141006337589,1,100.0,1
62,A3,Vertical lift motor,4,55,4,4,103,unstratified_random,23,113,135.36716530023588,Q4_60_80pct,0.0,0.8,0.0,4,0.0,4,80.0,2
62,A4,AGV/shuttle drive unit,2,15,2,2,103,unstratified_random,8,95,75.96907893735971,Q3_40_60pct,0.3922473685011223,0.4,15.689894740044892,3,39.22473685011223,3,40.0,5
62,A5,Packing-station roller motor,3,35,3,2,103,unstratified_random,54,97,127.42576425394527,Q4_60_80pct,0.0,0.5333333333333333,0.0,4,0.0,4,60.0,4
63,A1,Inbound conveyor motor,4,40,3,3,104,unstratified_random,34,7,11.177676889867849,Q1_shortest_0_20pct,0.9105785848810573,0.6666666666666667,60.70523899207049,1,91.05785848810572,1,80.0,2
63,A2,Sortation conveyor drive,5,80,5,4,104,unstratified_random,27,66,114.97611996076007,Q4_60_80pct,0.08019104031391944,0.9333333333333333,7.484497095965814,4,8.019104031391944,4,100.0,1
63,A3,Vertical lift motor,4,55,4,4,104,unstratified_random,69,121,148.86538698158105,Q5_longest_80_100pct,0.0,0.8,0.0,5,0.0,5,80.0,2
63,A4,AGV/shuttle drive unit,2,15,2,2,104,unstratified_random,68,8,14.299954503479244,Q1_shortest_0_20pct,0.885600363972166,0.4,35.42401455888665,3,88.5600363972166,3,40.0,5
63,A5,Packing-station roller motor,3,35,3,2,104,unstratified_random,82,9,13.00528536289486,Q1_shortest_0_20pct,0.8959577170968411,0.5333333333333333,47.784411578498194,2,89.59577170968412,2,60.0,4
64,A1,Inbound conveyor motor,4,40,3,3,105,unstratified_random,99,117,132.87361758142774,Q4_60_80pct,0.0,0.6666666666666667,0.0,4,0.0,4,80.0,2
64,A2,Sortation conveyor drive,5,80,5,4,105,unstratified_random,71,118,142.21779435736028,Q5_longest_80_100pct,0.0,0.9333333333333333,0.0,4,0.0,4,100.0,1
64,A3,Vertical lift motor,4,55,4,4,105,unstratified_random,62,54,60.376193576182295,Q2_20_40pct,0.5169904513905417,0.8,41.359236111243334,1,51.699045139054164,1,80.0,2
64,A4,AGV/shuttle drive unit,2,15,2,2,105,unstratified_random,98,59,85.21286900885234,Q3_40_60pct,0.31829704792918134,0.4,12.731881917167255,2,31.829704792918136,2,40.0,5
64,A5,Packing-station roller motor,3,35,3,2,105,unstratified_random,27,66,114.97611996076007,Q4_60_80pct,0.08019104031391944,0.5333333333333333,4.276855483409037,3,8.019104031391944,3,60.0,4
65,A1,Inbound conveyor motor,4,40,3,3,106,unstratified_random,43,59,63.79604805149177,Q2_20_40pct,0.4896316155880658,0.6666666666666667,32.642107705871055,3,48.963161558806576,2,80.0,2
65,A2,Sortation conveyor drive,5,80,5,4,106,unstratified_random,21,57,67.90605820026097,Q2_20_40pct,0.4567515343979123,0.9333333333333333,42.630143210471815,1,45.67515343979123,3,100.0,1
65,A3,Vertical lift motor,4,55,4,4,106,unstratified_random,96,137,137.09402180530702,Q5_longest_80_100pct,0.0,0.8,0.0,5,0.0,5,80.0,2
65,A4,AGV/shuttle drive unit,2,15,2,2,106,unstratified_random,4,82,87.20565932033077,Q3_40_60pct,0.30235472543735387,0.4,12.094189017494156,4,30.235472543735387,4,40.0,5
65,A5,Packing-station roller motor,3,35,3,2,106,unstratified_random,53,26,32.51632437126566,Q1_shortest_0_20pct,0.7398694050298746,0.5333333333333333,39.459701601593316,2,73.98694050298747,1,60.0,4
66,A1,Inbound conveyor motor,4,40,3,3,107,unstratified_random,11,97,99.08741603137932,Q4_60_80pct,0.2073006717489655,0.6666666666666667,13.820044783264368,4,20.73006717489655,4,80.0,2
66,A2,Sortation conveyor drive,5,80,5,4,107,unstratified_random,48,92,128.30022813454278,Q4_60_80pct,0.0,0.9333333333333333,0.0,5,0.0,5,100.0,1
66,A3,Vertical lift motor,4,55,4,4,107,unstratified_random,82,9,13.00528536289486,Q1_shortest_0_20pct,0.8959577170968411,0.8,71.6766173677473,1,89.59577170968412,1,80.0,2
66,A4,AGV/shuttle drive unit,2,15,2,2,107,unstratified_random,63,72,60.45894799885493,Q2_20_40pct,0.5163284160091606,0.4,20.653136640366426,3,51.63284160091606,3,40.0,5
66,A5,Packing-station roller motor,3,35,3,2,107,unstratified_random,90,28,30.303009041002955,Q1_shortest_0_20pct,0.7575759276719763,0.5333333333333333,40.40404947583874,2,75.75759276719764,2,60.0,4
67,A1,Inbound conveyor motor,4,40,3,3,108,unstratified_random,63,72,60.45894799885493,Q2_20_40pct,0.5163284160091606,0.6666666666666667,34.42189440061071,3,51.63284160091606,3,80.0,2
67,A2,Sortation conveyor drive,5,80,5,4,108,unstratified_random,94,55,48.61299679912422,Q2_20_40pct,0.6110960256070063,0.9333333333333333,57.035629056653924,1,61.10960256070063,1,100.0,1
67,A3,Vertical lift motor,4,55,4,4,108,unstratified_random,84,58,54.07820667708313,Q2_20_40pct,0.567374346583335,0.8,45.389947726666804,2,56.7374346583335,2,80.0,2
67,A4,AGV/shuttle drive unit,2,15,2,2,108,unstratified_random,16,84,112.36753252847032,Q4_60_80pct,0.10105973977223748,0.4,4.042389590889499,4,10.105973977223748,4,40.0,5
67,A5,Packing-station roller motor,3,35,3,2,108,unstratified_random,1,112,181.7937722618632,Q5_longest_80_100pct,0.0,0.5333333333333333,0.0,5,0.0,5,60.0,4
68,A1,Inbound conveyor motor,4,40,3,3,109,unstratified_random,53,26,32.51632437126566,Q1_shortest_0_20pct,0.7398694050298746,0.6666666666666667,49.32462700199165,1,73.98694050298747,1,80.0,2
68,A2,Sortation conveyor drive,5,80,5,4,109,unstratified_random,33,106,142.7935583123275,Q5_longest_80_100pct,0.0,0.9333333333333333,0.0,4,0.0,4,100.0,1
68,A3,Vertical lift motor,4,55,4,4,109,unstratified_random,41,18,59.85486006548725,Q2_20_40pct,0.521161119476102,0.8,41.69288955808816,2,52.1161119476102,3,80.0,2
68,A4,AGV/shuttle drive unit,2,15,2,2,109,unstratified_random,54,97,127.42576425394527,Q4_60_80pct,0.0,0.4,0.0,4,0.0,4,40.0,5
68,A5,Packing-station roller motor,3,35,3,2,109,unstratified_random,84,58,54.07820667708313,Q2_20_40pct,0.567374346583335,0.5333333333333333,30.2599651511112,3,56.7374346583335,2,60.0,4
69,A1,Inbound conveyor motor,4,40,3,3,110,unstratified_random,24,20,32.316305129135706,Q1_shortest_0_20pct,0.7414695589669144,0.6666666666666667,49.43130393112763,3,74.14695589669144,2,80.0,2
69,A2,Sortation conveyor drive,5,80,5,4,110,unstratified_random,58,37,44.85465760060767,Q2_20_40pct,0.6411627391951387,0.9333333333333333,59.84185565821295,2,64.11627391951387,3,100.0,1
69,A3,Vertical lift motor,4,55,4,4,110,unstratified_random,91,38,26.859272201960557,Q1_shortest_0_20pct,0.7851258223843156,0.8,62.810065790745256,1,78.51258223843156,1,80.0,2
69,A4,AGV/shuttle drive unit,2,15,2,2,110,unstratified_random,63,72,60.45894799885493,Q2_20_40pct,0.5163284160091606,0.4,20.653136640366426,4,51.63284160091606,4,40.0,5
69,A5,Packing-station roller motor,3,35,3,2,110,unstratified_random,51,114,102.38736822787688,Q4_60_80pct,0.180901054176985,0.5333333333333333,9.648056222772533,5,18.0901054176985,5,60.0,4
70,A1,Inbound conveyor motor,4,40,3,3,111,unstratified_random,46,47,45.79841882029448,Q2_20_40pct,0.6336126494376442,0.6666666666666667,42.24084329584295,2,63.36126494376442,1,80.0,2
70,A2,Sortation conveyor drive,5,80,5,4,111,unstratified_random,72,50,70.20451782538055,Q3_40_60pct,0.4383638573969556,0.9333333333333333,40.91396002371585,3,43.83638573969556,3,100.0,1
70,A3,Vertical lift motor,4,55,4,4,111,unstratified_random,17,50,51.778940468972905,Q2_20_40pct,0.5857684762482167,0.8,46.86147809985734,1,58.57684762482167,2,80.0,2
70,A4,AGV/shuttle drive unit,2,15,2,2,111,unstratified_random,15,83,158.0175356684317,Q5_longest_80_100pct,0.0,0.4,0.0,4,0.0,4,40.0,5
70,A5,Packing-station roller motor,3,35,3,2,111,unstratified_random,71,118,142.21779435736028,Q5_longest_80_100pct,0.0,0.5333333333333333,0.0,4,0.0,4,60.0,4
71,A1,Inbound conveyor motor,4,40,3,3,112,unstratified_random,12,124,90.15767382323185,Q3_40_60pct,0.2787386094141452,0.6666666666666667,18.582573960943016,4,27.87386094141452,4,80.0,2
71,A2,Sortation conveyor drive,5,80,5,4,112,unstratified_random,76,10,10.049433434661326,Q1_shortest_0_20pct,0.9196045325227094,0.9333333333333333,85.8297563687862,1,91.96045325227094,1,100.0,1
71,A3,Vertical lift motor,4,55,4,4,112,unstratified_random,19,87,106.94874018187056,Q4_60_80pct,0.14441007854503551,0.8,11.552806283602841,5,14.441007854503551,5,80.0,2
71,A4,AGV/shuttle drive unit,2,15,2,2,112,unstratified_random,66,14,11.46932688270492,Q1_shortest_0_20pct,0.9082453849383606,0.4,36.329815397534425,2,90.82453849383606,2,40.0,5
71,A5,Packing-station roller motor,3,35,3,2,112,unstratified_random,84,58,54.07820667708313,Q2_20_40pct,0.567374346583335,0.5333333333333333,30.2599651511112,3,56.7374346583335,3,60.0,4
72,A1,Inbound conveyor motor,4,40,3,3,113,unstratified_random,78,107,158.8500624677376,Q5_longest_80_100pct,0.0,0.6666666666666667,0.0,3,0.0,3,80.0,2
72,A2,Sortation conveyor drive,5,80,5,4,113,unstratified_random,75,113,125.9355598567823,Q4_60_80pct,0.0,0.9333333333333333,0.0,3,0.0,3,100.0,1
72,A3,Vertical lift motor,4,55,4,4,113,unstratified_random,15,83,158.0175356684317,Q5_longest_80_100pct,0.0,0.8,0.0,3,0.0,3,80.0,2
72,A4,AGV/shuttle drive unit,2,15,2,2,113,unstratified_random,7,91,94.3787722014587,Q3_40_60pct,0.24496982238833043,0.4,9.798792895533218,2,24.49698223883304,1,40.0,5
72,A5,Packing-station roller motor,3,35,3,2,113,unstratified_random,28,97,94.6987062048556,Q3_40_60pct,0.2424103503611552,0.5333333333333333,12.92855201926161,1,24.24103503611552,2,60.0,4
73,A1,Inbound conveyor motor,4,40,3,3,114,unstratified_random,16,84,112.36753252847032,Q4_60_80pct,0.10105973977223748,0.6666666666666667,6.737315984815833,2,10.105973977223748,2,80.0,2
73,A2,Sortation conveyor drive,5,80,5,4,114,unstratified_random,15,83,158.0175356684317,Q5_longest_80_100pct,0.0,0.9333333333333333,0.0,3,0.0,3,100.0,1
73,A3,Vertical lift motor,4,55,4,4,114,unstratified_random,7,91,94.3787722014587,Q3_40_60pct,0.24496982238833043,0.8,19.597585791066436,1,24.49698223883304,1,80.0,2
73,A4,AGV/shuttle drive unit,2,15,2,2,114,unstratified_random,71,118,142.21779435736028,Q5_longest_80_100pct,0.0,0.4,0.0,3,0.0,3,40.0,5
73,A5,Packing-station roller motor,3,35,3,2,114,unstratified_random,88,115,132.4717899153425,Q4_60_80pct,0.0,0.5333333333333333,0.0,3,0.0,3,60.0,4
74,A1,Inbound conveyor motor,4,40,3,3,115,unstratified_random,60,100,104.41961816061556,Q4_60_80pct,0.16464305471507557,0.6666666666666667,10.976203647671706,3,16.464305471507558,3,80.0,2
74,A2,Sortation conveyor drive,5,80,5,4,115,unstratified_random,61,21,41.30030317056766,Q2_20_40pct,0.6695975746354588,0.9333333333333333,62.49577363264282,1,66.95975746354588,2,100.0,1
74,A3,Vertical lift motor,4,55,4,4,115,unstratified_random,27,66,114.97611996076007,Q4_60_80pct,0.08019104031391944,0.8,6.415283225113555,4,8.019104031391944,4,80.0,2
74,A4,AGV/shuttle drive unit,2,15,2,2,115,unstratified_random,69,121,148.86538698158105,Q5_longest_80_100pct,0.0,0.4,0.0,5,0.0,5,40.0,5
74,A5,Packing-station roller motor,3,35,3,2,115,unstratified_random,24,20,32.316305129135706,Q1_shortest_0_20pct,0.7414695589669144,0.5333333333333333,39.5450431449021,2,74.14695589669144,1,60.0,4
75,A1,Inbound conveyor motor,4,40,3,3,116,unstratified_random,17,50,51.778940468972905,Q2_20_40pct,0.5857684762482167,0.6666666666666667,39.05123174988112,1,58.57684762482167,1,80.0,2
75,A2,Sortation conveyor drive,5,80,5,4,116,unstratified_random,23,113,135.36716530023588,Q4_60_80pct,0.0,0.9333333333333333,0.0,3,0.0,3,100.0,1
75,A3,Vertical lift motor,4,55,4,4,116,unstratified_random,50,79,131.9611497166465,Q4_60_80pct,0.0,0.8,0.0,3,0.0,3,80.0,2
75,A4,AGV/shuttle drive unit,2,15,2,2,116,unstratified_random,87,116,144.3579823471946,Q5_longest_80_100pct,0.0,0.4,0.0,3,0.0,3,40.0,5
75,A5,Packing-station roller motor,3,35,3,2,116,unstratified_random,21,57,67.90605820026097,Q2_20_40pct,0.4567515343979123,0.5333333333333333,24.360081834555324,2,45.67515343979123,2,60.0,4
76,A1,Inbound conveyor motor,4,40,3,3,117,unstratified_random,13,95,93.13834255441226,Q3_40_60pct,0.2548932595647019,0.6666666666666667,16.992883970980127,2,25.48932595647019,2,80.0,2
76,A2,Sortation conveyor drive,5,80,5,4,117,unstratified_random,27,66,114.97611996076007,Q4_60_80pct,0.08019104031391944,0.9333333333333333,7.484497095965814,3,8.019104031391944,4,100.0,1
76,A3,Vertical lift motor,4,55,4,4,117,unstratified_random,85,118,162.2981284023822,Q5_longest_80_100pct,0.0,0.8,0.0,5,0.0,5,80.0,2
76,A4,AGV/shuttle drive unit,2,15,2,2,117,unstratified_random,18,28,60.32803578156674,Q2_20_40pct,0.5173757137474662,0.4,20.695028549898648,1,51.737571374746615,1,40.0,5
76,A5,Packing-station roller motor,3,35,3,2,117,unstratified_random,16,84,112.36753252847032,Q4_60_80pct,0.10105973977223748,0.5333333333333333,5.389852787852665,4,10.105973977223748,3,60.0,4
77,A1,Inbound conveyor motor,4,40,3,3,118,unstratified_random,63,72,60.45894799885493,Q2_20_40pct,0.5163284160091606,0.6666666666666667,34.42189440061071,3,51.63284160091606,4,80.0,2
77,A2,Sortation conveyor drive,5,80,5,4,118,unstratified_random,44,109,141.8287484510994,Q5_longest_80_100pct,0.0,0.9333333333333333,0.0,5,0.0,5,100.0,1
77,A3,Vertical lift motor,4,55,4,4,118,unstratified_random,38,50,47.55990877981797,Q2_20_40pct,0.6195207297614562,0.8,49.5616583809165,1,61.95207297614562,3,80.0,2
77,A4,AGV/shuttle drive unit,2,15,2,2,118,unstratified_random,93,85,42.17809886645809,Q2_20_40pct,0.6625752090683352,0.4,26.50300836273341,4,66.25752090683352,2,40.0,5
77,A5,Packing-station roller motor,3,35,3,2,118,unstratified_random,91,38,26.859272201960557,Q1_shortest_0_20pct,0.7851258223843156,0.5333333333333333,41.873377193830166,2,78.51258223843156,1,60.0,4
78,A1,Inbound conveyor motor,4,40,3,3,119,unstratified_random,93,85,42.17809886645809,Q2_20_40pct,0.6625752090683352,0.6666666666666667,44.17168060455568,2,66.25752090683352,2,80.0,2
78,A2,Sortation conveyor drive,5,80,5,4,119,unstratified_random,73,131,128.00577343113736,Q4_60_80pct,0.0,0.9333333333333333,0.0,3,0.0,3,100.0,1
78,A3,Vertical lift motor,4,55,4,4,119,unstratified_random,42,10,15.95535794283765,Q1_shortest_0_20pct,0.8723571364572988,0.8,69.78857091658391,1,87.23571364572989,1,80.0,2
78,A4,AGV/shuttle drive unit,2,15,2,2,119,unstratified_random,59,114,150.6488483670163,Q5_longest_80_100pct,0.0,0.4,0.0,3,0.0,3,40.0,5
78,A5,Packing-station roller motor,3,35,3,2,119,unstratified_random,67,77,138.84222319134904,Q5_longest_80_100pct,0.0,0.5333333333333333,0.0,3,0.0,3,60.0,4
79,A1,Inbound conveyor motor,4,40,3,3,120,unstratified_random,25,145,153.1932818222736,Q5_longest_80_100pct,0.0,0.6666666666666667,0.0,3,0.0,3,80.0,2
79,A2,Sortation conveyor drive,5,80,5,4,120,unstratified_random,6,93,105.6201183358804,Q4_60_80pct,0.15503905331295675,0.9333333333333333,14.47031164254263,2,15.503905331295675,2,100.0,1
79,A3,Vertical lift motor,4,55,4,4,120,unstratified_random,59,114,150.6488483670163,Q5_longest_80_100pct,0.0,0.8,0.0,3,0.0,3,80.0,2
79,A4,AGV/shuttle drive unit,2,15,2,2,120,unstratified_random,32,48,58.21837314904572,Q2_20_40pct,0.5342530148076343,0.4,21.370120592305373,1,53.42530148076343,1,40.0,5
79,A5,Packing-station roller motor,3,35,3,2,120,unstratified_random,83,137,136.40747067846124,Q5_longest_80_100pct,0.0,0.5333333333333333,0.0,3,0.0,3,60.0,4
80,A1,Inbound conveyor motor,4,40,3,3,121,unstratified_random,38,50,47.55990877981797,Q2_20_40pct,0.6195207297614562,0.6666666666666667,41.301381984097084,2,61.95207297614562,1,80.0,2
80,A2,Sortation conveyor drive,5,80,5,4,121,unstratified_random,27,66,114.97611996076007,Q4_60_80pct,0.08019104031391944,0.9333333333333333,7.484497095965814,5,8.019104031391944,5,100.0,1
80,A3,Vertical lift motor,4,55,4,4,121,unstratified_random,62,54,60.376193576182295,Q2_20_40pct,0.5169904513905417,0.8,41.359236111243334,1,51.699045139054164,2,80.0,2
80,A4,AGV/shuttle drive unit,2,15,2,2,121,unstratified_random,30,115,88.96761601985438,Q3_40_60pct,0.28825907184116495,0.4,11.530362873646599,3,28.825907184116495,3,40.0,5
80,A5,Packing-station roller motor,3,35,3,2,121,unstratified_random,6,93,105.6201183358804,Q4_60_80pct,0.15503905331295675,0.5333333333333333,8.26874951002436,4,15.503905331295675,4,60.0,4
81,A1,Inbound conveyor motor,4,40,3,3,122,unstratified_random,56,15,16.158144448588526,Q1_shortest_0_20pct,0.8707348444112918,0.6666666666666667,58.04898962741946,1,87.07348444112918,2,80.0,2
81,A2,Sortation conveyor drive,5,80,5,4,122,unstratified_random,18,28,60.32803578156674,Q2_20_40pct,0.5173757137474662,0.9333333333333333,48.28839994976351,2,51.737571374746615,3,100.0,1
81,A3,Vertical lift motor,4,55,4,4,122,unstratified_random,99,117,132.87361758142774,Q4_60_80pct,0.0,0.8,0.0,4,0.0,4,80.0,2
81,A4,AGV/shuttle drive unit,2,15,2,2,122,unstratified_random,83,137,136.40747067846124,Q5_longest_80_100pct,0.0,0.4,0.0,4,0.0,4,40.0,5
81,A5,Packing-station roller motor,3,35,3,2,122,unstratified_random,81,8,12.767256508974471,Q1_shortest_0_20pct,0.8978619479282042,0.5333333333333333,47.88597055617089,3,89.78619479282042,1,60.0,4
82,A1,Inbound conveyor motor,4,40,3,3,123,unstratified_random,6,93,105.6201183358804,Q4_60_80pct,0.15503905331295675,0.6666666666666667,10.335936887530451,2,15.503905331295675,2,80.0,2
82,A2,Sortation conveyor drive,5,80,5,4,123,unstratified_random,59,114,150.6488483670163,Q5_longest_80_100pct,0.0,0.9333333333333333,0.0,3,0.0,3,100.0,1
82,A3,Vertical lift motor,4,55,4,4,123,unstratified_random,2,98,142.91341211911944,Q5_longest_80_100pct,0.0,0.8,0.0,3,0.0,3,80.0,2
82,A4,AGV/shuttle drive unit,2,15,2,2,123,unstratified_random,91,38,26.859272201960557,Q1_shortest_0_20pct,0.7851258223843156,0.4,31.405032895372628,1,78.51258223843156,1,40.0,5
82,A5,Packing-station roller motor,3,35,3,2,123,unstratified_random,67,77,138.84222319134904,Q5_longest_80_100pct,0.0,0.5333333333333333,0.0,3,0.0,3,60.0,4
83,A1,Inbound conveyor motor,4,40,3,3,124,unstratified_random,78,107,158.8500624677376,Q5_longest_80_100pct,0.0,0.6666666666666667,0.0,4,0.0,4,80.0,2
83,A2,Sortation conveyor drive,5,80,5,4,124,unstratified_random,77,34,40.64323409645428,Q2_20_40pct,0.6748541272283658,0.9333333333333333,62.98638520798082,2,67.48541272283659,2,100.0,1
83,A3,Vertical lift motor,4,55,4,4,124,unstratified_random,82,9,13.00528536289486,Q1_shortest_0_20pct,0.8959577170968411,0.8,71.6766173677473,1,89.59577170968412,1,80.0,2
83,A4,AGV/shuttle drive unit,2,15,2,2,124,unstratified_random,85,118,162.2981284023822,Q5_longest_80_100pct,0.0,0.4,0.0,4,0.0,4,40.0,5
83,A5,Packing-station roller motor,3,35,3,2,124,unstratified_random,64,28,47.55027096178691,Q2_20_40pct,0.6195978323057048,0.5333333333333333,33.04521772297092,3,61.95978323057047,3,60.0,4
84,A1,Inbound conveyor motor,4,40,3,3,125,unstratified_random,49,21,13.44996942007384,Q1_shortest_0_20pct,0.8924002446394093,0.6666666666666667,59.493349642627294,2,89.24002446394093,2,80.0,2
84,A2,Sortation conveyor drive,5,80,5,4,125,unstratified_random,34,7,11.177676889867849,Q1_shortest_0_20pct,0.9105785848810573,0.9333333333333333,84.98733458889868,1,91.05785848810572,1,100.0,1
84,A3,Vertical lift motor,4,55,4,4,125,unstratified_random,44,109,141.8287484510994,Q5_longest_80_100pct,0.0,0.8,0.0,4,0.0,4,80.0,2
84,A4,AGV/shuttle drive unit,2,15,2,2,125,unstratified_random,11,97,99.08741603137932,Q4_60_80pct,0.2073006717489655,0.4,8.29202686995862,3,20.73006717489655,3,40.0,5
84,A5,Packing-station roller motor,3,35,3,2,125,unstratified_random,83,137,136.40747067846124,Q5_longest_80_100pct,0.0,0.5333333333333333,0.0,4,0.0,4,60.0,4
85,A1,Inbound conveyor motor,4,40,3,3,126,unstratified_random,1,112,181.7937722618632,Q5_longest_80_100pct,0.0,0.6666666666666667,0.0,4,0.0,4,80.0,2
85,A2,Sortation conveyor drive,5,80,5,4,126,unstratified_random,69,121,148.86538698158105,Q5_longest_80_100pct,0.0,0.9333333333333333,0.0,4,0.0,4,100.0,1
85,A3,Vertical lift motor,4,55,4,4,126,unstratified_random,10,96,99.04426828245136,Q3_40_60pct,0.20764585374038913,0.8,16.61166829923113,2,20.764585374038912,3,80.0,2
85,A4,AGV/shuttle drive unit,2,15,2,2,126,unstratified_random,94,55,48.61299679912422,Q2_20_40pct,0.6110960256070063,0.4,24.443841024280253,1,61.10960256070063,1,40.0,5
85,A5,Packing-station roller motor,3,35,3,2,126,unstratified_random,30,115,88.96761601985438,Q3_40_60pct,0.28825907184116495,0.5333333333333333,15.37381716486213,3,28.825907184116495,2,60.0,4
86,A1,Inbound conveyor motor,4,40,3,3,127,unstratified_random,49,21,13.44996942007384,Q1_shortest_0_20pct,0.8924002446394093,0.6666666666666667,59.493349642627294,1,89.24002446394093,1,80.0,2
86,A2,Sortation conveyor drive,5,80,5,4,127,unstratified_random,43,59,63.79604805149177,Q2_20_40pct,0.4896316155880658,0.9333333333333333,45.69895078821947,2,48.963161558806576,2,100.0,1
86,A3,Vertical lift motor,4,55,4,4,127,unstratified_random,60,100,104.41961816061556,Q4_60_80pct,0.16464305471507557,0.8,13.171444377206047,4,16.464305471507558,5,80.0,2
86,A4,AGV/shuttle drive unit,2,15,2,2,127,unstratified_random,21,57,67.90605820026097,Q2_20_40pct,0.4567515343979123,0.4,18.270061375916494,3,45.67515343979123,3,40.0,5
86,A5,Packing-station roller motor,3,35,3,2,127,unstratified_random,7,91,94.3787722014587,Q3_40_60pct,0.24496982238833043,0.5333333333333333,13.065057194044288,5,24.49698223883304,4,60.0,4
87,A1,Inbound conveyor motor,4,40,3,3,128,unstratified_random,90,28,30.303009041002955,Q1_shortest_0_20pct,0.7575759276719763,0.6666666666666667,50.505061844798426,1,75.75759276719764,1,80.0,2
87,A2,Sortation conveyor drive,5,80,5,4,128,unstratified_random,47,135,121.81629897102604,Q4_60_80pct,0.025469608231791674,0.9333333333333333,2.377163434967223,3,2.5469608231791674,3,100.0,1
87,A3,Vertical lift motor,4,55,4,4,128,unstratified_random,64,28,47.55027096178691,Q2_20_40pct,0.6195978323057048,0.8,49.567826584456384,2,61.95978323057047,2,80.0,2
87,A4,AGV/shuttle drive unit,2,15,2,2,128,unstratified_random,69,121,148.86538698158105,Q5_longest_80_100pct,0.0,0.4,0.0,4,0.0,4,40.0,5
87,A5,Packing-station roller motor,3,35,3,2,128,unstratified_random,73,131,128.00577343113736,Q4_60_80pct,0.0,0.5333333333333333,0.0,4,0.0,4,60.0,4
88,A1,Inbound conveyor motor,4,40,3,3,129,unstratified_random,38,50,47.55990877981797,Q2_20_40pct,0.6195207297614562,0.6666666666666667,41.301381984097084,1,61.95207297614562,2,80.0,2
88,A2,Sortation conveyor drive,5,80,5,4,129,unstratified_random,54,97,127.42576425394527,Q4_60_80pct,0.0,0.9333333333333333,0.0,5,0.0,5,100.0,1
88,A3,Vertical lift motor,4,55,4,4,129,unstratified_random,19,87,106.94874018187056,Q4_60_80pct,0.14441007854503551,0.8,11.552806283602841,4,14.441007854503551,4,80.0,2
88,A4,AGV/shuttle drive unit,2,15,2,2,129,unstratified_random,24,20,32.316305129135706,Q1_shortest_0_20pct,0.7414695589669144,0.4,29.658782358676575,2,74.14695589669144,1,40.0,5
88,A5,Packing-station roller motor,3,35,3,2,129,unstratified_random,72,50,70.20451782538055,Q3_40_60pct,0.4383638573969556,0.5333333333333333,23.379405727837632,3,43.83638573969556,3,60.0,4
89,A1,Inbound conveyor motor,4,40,3,3,130,unstratified_random,70,94,86.32146123836584,Q3_40_60pct,0.30942831009307326,0.6666666666666667,20.628554006204887,4,30.942831009307326,4,80.0,2
89,A2,Sortation conveyor drive,5,80,5,4,130,unstratified_random,8,95,75.96907893735971,Q3_40_60pct,0.3922473685011223,0.9333333333333333,36.60975439343808,2,39.22473685011223,3,100.0,1
89,A3,Vertical lift motor,4,55,4,4,130,unstratified_random,81,8,12.767256508974471,Q1_shortest_0_20pct,0.8978619479282042,0.8,71.82895583425635,1,89.78619479282042,1,80.0,2
89,A4,AGV/shuttle drive unit,2,15,2,2,130,unstratified_random,37,21,54.159061654098565,Q2_20_40pct,0.5667275067672115,0.4,22.66910027068846,3,56.67275067672115,2,40.0,5
89,A5,Packing-station roller motor,3,35,3,2,130,unstratified_random,44,109,141.8287484510994,Q5_longest_80_100pct,0.0,0.5333333333333333,0.0,5,0.0,5,60.0,4
90,A1,Inbound conveyor motor,4,40,3,3,131,unstratified_random,63,72,60.45894799885493,Q2_20_40pct,0.5163284160091606,0.6666666666666667,34.42189440061071,2,51.63284160091606,2,80.0,2
90,A2,Sortation conveyor drive,5,80,5,4,131,unstratified_random,65,128,151.46723766284128,Q5_longest_80_100pct,0.0,0.9333333333333333,0.0,5,0.0,5,100.0,1
90,A3,Vertical lift motor,4,55,4,4,131,unstratified_random,45,114,76.03056963373365,Q3_40_60pct,0.39175544293013076,0.8,31.340435434410463,3,39.175544293013076,3,80.0,2
90,A4,AGV/shuttle drive unit,2,15,2,2,131,unstratified_random,60,100,104.41961816061556,Q4_60_80pct,0.16464305471507557,0.4,6.5857221886030235,4,16.464305471507558,4,40.0,5
90,A5,Packing-station roller motor,3,35,3,2,131,unstratified_random,31,8,23.83573742078014,Q1_shortest_0_20pct,0.8093141006337589,0.5333333333333333,43.16341870046714,1,80.93141006337589,1,60.0,4
91,A1,Inbound conveyor motor,4,40,3,3,132,unstratified_random,14,107,146.91015946253862,Q5_longest_80_100pct,0.0,0.6666666666666667,0.0,4,0.0,4,80.0,2
91,A2,Sortation conveyor drive,5,80,5,4,132,unstratified_random,83,137,136.40747067846124,Q5_longest_80_100pct,0.0,0.9333333333333333,0.0,4,0.0,4,100.0,1
91,A3,Vertical lift motor,4,55,4,4,132,unstratified_random,100,20,23.88622641030998,Q1_shortest_0_20pct,0.8089101887175202,0.8,64.71281509740162,1,80.89101887175202,1,80.0,2
91,A4,AGV/shuttle drive unit,2,15,2,2,132,unstratified_random,16,84,112.36753252847032,Q4_60_80pct,0.10105973977223748,0.4,4.042389590889499,3,10.105973977223748,3,40.0,5
91,A5,Packing-station roller motor,3,35,3,2,132,unstratified_random,80,90,79.47558250502735,Q3_40_60pct,0.36419533995978126,0.5333333333333333,19.42375146452167,2,36.41953399597813,2,60.0,4
92,A1,Inbound conveyor motor,4,40,3,3,133,unstratified_random,51,114,102.38736822787688,Q4_60_80pct,0.180901054176985,0.6666666666666667,12.060070278465668,3,18.0901054176985,3,80.0,2
92,A2,Sortation conveyor drive,5,80,5,4,133,unstratified_random,4,82,87.20565932033077,Q3_40_60pct,0.30235472543735387,0.9333333333333333,28.21977437415303,2,30.235472543735387,2,100.0,1
92,A3,Vertical lift motor,4,55,4,4,133,unstratified_random,24,20,32.316305129135706,Q1_shortest_0_20pct,0.7414695589669144,0.8,59.31756471735315,1,74.14695589669144,1,80.0,2
92,A4,AGV/shuttle drive unit,2,15,2,2,133,unstratified_random,99,117,132.87361758142774,Q4_60_80pct,0.0,0.4,0.0,4,0.0,4,40.0,5
92,A5,Packing-station roller motor,3,35,3,2,133,unstratified_random,95,128,130.5679549560598,Q4_60_80pct,0.0,0.5333333333333333,0.0,4,0.0,4,60.0,4
93,A1,Inbound conveyor motor,4,40,3,3,134,unstratified_random,76,10,10.049433434661326,Q1_shortest_0_20pct,0.9196045325227094,0.6666666666666667,61.3069688348473,2,91.96045325227094,1,80.0,2
93,A2,Sortation conveyor drive,5,80,5,4,134,unstratified_random,50,79,131.9611497166465,Q4_60_80pct,0.0,0.9333333333333333,0.0,5,0.0,5,100.0,1
93,A3,Vertical lift motor,4,55,4,4,134,unstratified_random,42,10,15.95535794283765,Q1_shortest_0_20pct,0.8723571364572988,0.8,69.78857091658391,1,87.23571364572989,2,80.0,2
93,A4,AGV/shuttle drive unit,2,15,2,2,134,unstratified_random,94,55,48.61299679912422,Q2_20_40pct,0.6110960256070063,0.4,24.443841024280253,4,61.10960256070063,4,40.0,5
93,A5,Packing-station roller motor,3,35,3,2,134,unstratified_random,40,28,26.358548153514647,Q1_shortest_0_20pct,0.7891316147718828,0.5333333333333333,42.087019454500414,3,78.91316147718828,3,60.0,4
94,A1,Inbound conveyor motor,4,40,3,3,135,unstratified_random,28,97,94.6987062048556,Q3_40_60pct,0.2424103503611552,0.6666666666666667,16.160690024077017,2,24.24103503611552,3,80.0,2
94,A2,Sortation conveyor drive,5,80,5,4,135,unstratified_random,46,47,45.79841882029448,Q2_20_40pct,0.6336126494376442,0.9333333333333333,59.137180614180124,1,63.36126494376442,1,100.0,1
94,A3,Vertical lift motor,4,55,4,4,135,unstratified_random,87,116,144.3579823471946,Q5_longest_80_100pct,0.0,0.8,0.0,4,0.0,4,80.0,2
94,A4,AGV/shuttle drive unit,2,15,2,2,135,unstratified_random,54,97,127.42576425394527,Q4_60_80pct,0.0,0.4,0.0,4,0.0,4,40.0,5
94,A5,Packing-station roller motor,3,35,3,2,135,unstratified_random,30,115,88.96761601985438,Q3_40_60pct,0.28825907184116495,0.5333333333333333,15.37381716486213,3,28.825907184116495,2,60.0,4
95,A1,Inbound conveyor motor,4,40,3,3,136,unstratified_random,61,21,41.30030317056766,Q2_20_40pct,0.6695975746354588,0.6666666666666667,44.639838309030594,1,66.95975746354588,1,80.0,2
95,A2,Sortation conveyor drive,5,80,5,4,136,unstratified_random,15,83,158.0175356684317,Q5_longest_80_100pct,0.0,0.9333333333333333,0.0,4,0.0,4,100.0,1
95,A3,Vertical lift motor,4,55,4,4,136,unstratified_random,7,91,94.3787722014587,Q3_40_60pct,0.24496982238833043,0.8,19.597585791066436,2,24.49698223883304,3,80.0,2
95,A4,AGV/shuttle drive unit,2,15,2,2,136,unstratified_random,13,95,93.13834255441226,Q3_40_60pct,0.2548932595647019,0.4,10.195730382588076,3,25.48932595647019,2,40.0,5
95,A5,Packing-station roller motor,3,35,3,2,136,unstratified_random,95,128,130.5679549560598,Q4_60_80pct,0.0,0.5333333333333333,0.0,4,0.0,4,60.0,4
96,A1,Inbound conveyor motor,4,40,3,3,137,unstratified_random,28,97,94.6987062048556,Q3_40_60pct,0.2424103503611552,0.6666666666666667,16.160690024077017,4,24.24103503611552,4,80.0,2
96,A2,Sortation conveyor drive,5,80,5,4,137,unstratified_random,100,20,23.88622641030998,Q1_shortest_0_20pct,0.8089101887175202,0.9333333333333333,75.49828428030189,1,80.89101887175202,1,100.0,1
96,A3,Vertical lift motor,4,55,4,4,137,unstratified_random,84,58,54.07820667708313,Q2_20_40pct,0.567374346583335,0.8,45.389947726666804,2,56.7374346583335,3,80.0,2
96,A4,AGV/shuttle drive unit,2,15,2,2,137,unstratified_random,48,92,128.30022813454278,Q4_60_80pct,0.0,0.4,0.0,5,0.0,5,40.0,5
96,A5,Packing-station roller motor,3,35,3,2,137,unstratified_random,24,20,32.316305129135706,Q1_shortest_0_20pct,0.7414695589669144,0.5333333333333333,39.5450431449021,3,74.14695589669144,2,60.0,4
97,A1,Inbound conveyor motor,4,40,3,3,138,unstratified_random,62,54,60.376193576182295,Q2_20_40pct,0.5169904513905417,0.6666666666666667,34.46603009270278,3,51.699045139054164,3,80.0,2
97,A2,Sortation conveyor drive,5,80,5,4,138,unstratified_random,56,15,16.158144448588526,Q1_shortest_0_20pct,0.8707348444112918,0.9333333333333333,81.26858547838724,1,87.07348444112918,2,100.0,1
97,A3,Vertical lift motor,4,55,4,4,138,unstratified_random,78,107,158.8500624677376,Q5_longest_80_100pct,0.0,0.8,0.0,4,0.0,4,80.0,2
97,A4,AGV/shuttle drive unit,2,15,2,2,138,unstratified_random,42,10,15.95535794283765,Q1_shortest_0_20pct,0.8723571364572988,0.4,34.894285458291954,2,87.23571364572989,1,40.0,5
97,A5,Packing-station roller motor,3,35,3,2,138,unstratified_random,71,118,142.21779435736028,Q5_longest_80_100pct,0.0,0.5333333333333333,0.0,4,0.0,4,60.0,4
98,A1,Inbound conveyor motor,4,40,3,3,139,unstratified_random,76,10,10.049433434661326,Q1_shortest_0_20pct,0.9196045325227094,0.6666666666666667,61.3069688348473,1,91.96045325227094,1,80.0,2
98,A2,Sortation conveyor drive,5,80,5,4,139,unstratified_random,58,37,44.85465760060767,Q2_20_40pct,0.6411627391951387,0.9333333333333333,59.84185565821295,2,64.11627391951387,2,100.0,1
98,A3,Vertical lift motor,4,55,4,4,139,unstratified_random,63,72,60.45894799885493,Q2_20_40pct,0.5163284160091606,0.8,41.30627328073285,3,51.63284160091606,4,80.0,2
98,A4,AGV/shuttle drive unit,2,15,2,2,139,unstratified_random,41,18,59.85486006548725,Q2_20_40pct,0.521161119476102,0.4,20.84644477904408,5,52.1161119476102,3,40.0,5
98,A5,Packing-station roller motor,3,35,3,2,139,unstratified_random,43,59,63.79604805149177,Q2_20_40pct,0.4896316155880658,0.5333333333333333,26.11368616469684,4,48.963161558806576,5,60.0,4
99,A1,Inbound conveyor motor,4,40,3,3,140,unstratified_random,65,128,151.46723766284128,Q5_longest_80_100pct,0.0,0.6666666666666667,0.0,3,0.0,3,80.0,2
99,A2,Sortation conveyor drive,5,80,5,4,140,unstratified_random,69,121,148.86538698158105,Q5_longest_80_100pct,0.0,0.9333333333333333,0.0,3,0.0,3,100.0,1
99,A3,Vertical lift motor,4,55,4,4,140,unstratified_random,99,117,132.87361758142774,Q4_60_80pct,0.0,0.8,0.0,3,0.0,3,80.0,2
99,A4,AGV/shuttle drive unit,2,15,2,2,140,unstratified_random,61,21,41.30030317056766,Q2_20_40pct,0.6695975746354588,0.4,26.783902985418354,2,66.95975746354588,1,40.0,5
99,A5,Packing-station roller motor,3,35,3,2,140,unstratified_random,62,54,60.376193576182295,Q2_20_40pct,0.5169904513905417,0.5333333333333333,27.57282407416222,1,51.699045139054164,2,60.0,4
100,A1,Inbound conveyor motor,4,40,3,3,141,unstratified_random,72,50,70.20451782538055,Q3_40_60pct,0.4383638573969556,0.6666666666666667,29.22425715979704,3,43.83638573969556,3,80.0,2
100,A2,Sortation conveyor drive,5,80,5,4,141,unstratified_random,99,117,132.87361758142774,Q4_60_80pct,0.0,0.9333333333333333,0.0,4,0.0,4,100.0,1
100,A3,Vertical lift motor,4,55,4,4,141,unstratified_random,84,58,54.07820667708313,Q2_20_40pct,0.567374346583335,0.8,45.389947726666804,1,56.7374346583335,2,80.0,2
100,A4,AGV/shuttle drive unit,2,15,2,2,141,unstratified_random,75,113,125.9355598567823,Q4_60_80pct,0.0,0.4,0.0,4,0.0,4,40.0,5
100,A5,Packing-station roller motor,3,35,3,2,141,unstratified_random,38,50,47.55990877981797,Q2_20_40pct,0.6195207297614562,0.5333333333333333,33.04110558727766,2,61.95207297614562,1,60.0,4
101,A1,Inbound conveyor motor,4,40,3,3,142,unstratified_random,3,69,51.59437184534412,Q2_20_40pct,0.587245025237247,0.6666666666666667,39.1496683491498,2,58.724502523724695,3,80.0,2
101,A2,Sortation conveyor drive,5,80,5,4,142,unstratified_random,2,98,142.91341211911944,Q5_longest_80_100pct,0.0,0.9333333333333333,0.0,5,0.0,5,100.0,1
101,A3,Vertical lift motor,4,55,4,4,142,unstratified_random,46,47,45.79841882029448,Q2_20_40pct,0.6336126494376442,0.8,50.68901195501154,1,63.36126494376442,2,80.0,2
101,A4,AGV/shuttle drive unit,2,15,2,2,142,unstratified_random,52,29,40.87621681240515,Q2_20_40pct,0.6729902655007588,0.4,26.919610620030355,3,67.29902655007588,1,40.0,5
101,A5,Packing-station roller motor,3,35,3,2,142,unstratified_random,11,97,99.08741603137932,Q4_60_80pct,0.2073006717489655,0.5333333333333333,11.056035826611494,4,20.73006717489655,4,60.0,4
102,A1,Inbound conveyor motor,4,40,3,3,143,unstratified_random,89,136,96.67220915776228,Q3_40_60pct,0.22662232673790172,0.6666666666666667,15.108155115860116,3,22.66223267379017,3,80.0,2
102,A2,Sortation conveyor drive,5,80,5,4,143,unstratified_random,97,82,79.22371888224494,Q3_40_60pct,0.36621024894204046,0.9333333333333333,34.179623234590444,2,36.62102489420405,2,100.0,1
102,A3,Vertical lift motor,4,55,4,4,143,unstratified_random,41,18,59.85486006548725,Q2_20_40pct,0.521161119476102,0.8,41.69288955808816,1,52.1161119476102,1,80.0,2
102,A4,AGV/shuttle drive unit,2,15,2,2,143,unstratified_random,11,97,99.08741603137932,Q4_60_80pct,0.2073006717489655,0.4,8.29202686995862,4,20.73006717489655,4,40.0,5
102,A5,Packing-station roller motor,3,35,3,2,143,unstratified_random,67,77,138.84222319134904,Q5_longest_80_100pct,0.0,0.5333333333333333,0.0,5,0.0,5,60.0,4
103,A1,Inbound conveyor motor,4,40,3,3,144,unstratified_random,6,93,105.6201183358804,Q4_60_80pct,0.15503905331295675,0.6666666666666667,10.335936887530451,5,15.503905331295675,5,80.0,2
103,A2,Sortation conveyor drive,5,80,5,4,144,unstratified_random,98,59,85.21286900885234,Q3_40_60pct,0.31829704792918134,0.9333333333333333,29.70772447339026,3,31.829704792918136,4,100.0,1
103,A3,Vertical lift motor,4,55,4,4,144,unstratified_random,31,8,23.83573742078014,Q1_shortest_0_20pct,0.8093141006337589,0.8,64.74512805070071,1,80.93141006337589,1,80.0,2
103,A4,AGV/shuttle drive unit,2,15,2,2,144,unstratified_random,97,82,79.22371888224494,Q3_40_60pct,0.36621024894204046,0.4,14.64840995768162,4,36.62102489420405,3,40.0,5
103,A5,Packing-station roller motor,3,35,3,2,144,unstratified_random,77,34,40.64323409645428,Q2_20_40pct,0.6748541272283658,0.5333333333333333,35.99222011884618,2,67.48541272283659,2,60.0,4
104,A1,Inbound conveyor motor,4,40,3,3,145,unstratified_random,6,93,105.6201183358804,Q4_60_80pct,0.15503905331295675,0.6666666666666667,10.335936887530451,2,15.503905331295675,2,80.0,2
104,A2,Sortation conveyor drive,5,80,5,4,145,unstratified_random,59,114,150.6488483670163,Q5_longest_80_100pct,0.0,0.9333333333333333,0.0,4,0.0,4,100.0,1
104,A3,Vertical lift motor,4,55,4,4,145,unstratified_random,51,114,102.38736822787688,Q4_60_80pct,0.180901054176985,0.8,14.4720843341588,1,18.0901054176985,1,80.0,2
104,A4,AGV/shuttle drive unit,2,15,2,2,145,unstratified_random,27,66,114.97611996076007,Q4_60_80pct,0.08019104031391944,0.4,3.2076416125567775,3,8.019104031391944,3,40.0,5
104,A5,Packing-station roller motor,3,35,3,2,145,unstratified_random,22,111,163.77680736738688,Q5_longest_80_100pct,0.0,0.5333333333333333,0.0,4,0.0,4,60.0,4
105,A1,Inbound conveyor motor,4,40,3,3,146,unstratified_random,98,59,85.21286900885234,Q3_40_60pct,0.31829704792918134,0.6666666666666667,21.21980319527876,2,31.829704792918136,2,80.0,2
105,A2,Sortation conveyor drive,5,80,5,4,146,unstratified_random,85,118,162.2981284023822,Q5_longest_80_100pct,0.0,0.9333333333333333,0.0,4,0.0,4,100.0,1
105,A3,Vertical lift motor,4,55,4,4,146,unstratified_random,38,50,47.55990877981797,Q2_20_40pct,0.6195207297614562,0.8,49.5616583809165,1,61.95207297614562,1,80.0,2
105,A4,AGV/shuttle drive unit,2,15,2,2,146,unstratified_random,78,107,158.8500624677376,Q5_longest_80_100pct,0.0,0.4,0.0,4,0.0,4,40.0,5
105,A5,Packing-station roller motor,3,35,3,2,146,unstratified_random,47,135,121.81629897102604,Q4_60_80pct,0.025469608231791674,0.5333333333333333,1.3583791056955559,3,2.5469608231791674,3,60.0,4
106,A1,Inbound conveyor motor,4,40,3,3,147,unstratified_random,44,109,141.8287484510994,Q5_longest_80_100pct,0.0,0.6666666666666667,0.0,2,0.0,2,80.0,2
106,A2,Sortation conveyor drive,5,80,5,4,147,unstratified_random,6,93,105.6201183358804,Q4_60_80pct,0.15503905331295675,0.9333333333333333,14.47031164254263,1,15.503905331295675,1,100.0,1
106,A3,Vertical lift motor,4,55,4,4,147,unstratified_random,96,137,137.09402180530702,Q5_longest_80_100pct,0.0,0.8,0.0,2,0.0,2,80.0,2
106,A4,AGV/shuttle drive unit,2,15,2,2,147,unstratified_random,59,114,150.6488483670163,Q5_longest_80_100pct,0.0,0.4,0.0,2,0.0,2,40.0,5
106,A5,Packing-station roller motor,3,35,3,2,147,unstratified_random,78,107,158.8500624677376,Q5_longest_80_100pct,0.0,0.5333333333333333,0.0,2,0.0,2,60.0,4
107,A1,Inbound conveyor motor,4,40,3,3,148,unstratified_random,84,58,54.07820667708313,Q2_20_40pct,0.567374346583335,0.6666666666666667,37.824956438889004,2,56.7374346583335,1,80.0,2
107,A2,Sortation conveyor drive,5,80,5,4,148,unstratified_random,62,54,60.376193576182295,Q2_20_40pct,0.5169904513905417,0.9333333333333333,48.25244212978389,1,51.699045139054164,2,100.0,1
107,A3,Vertical lift motor,4,55,4,4,148,unstratified_random,44,109,141.8287484510994,Q5_longest_80_100pct,0.0,0.8,0.0,5,0.0,5,80.0,2
107,A4,AGV/shuttle drive unit,2,15,2,2,148,unstratified_random,10,96,99.04426828245136,Q3_40_60pct,0.20764585374038913,0.4,8.305834149615565,3,20.764585374038912,3,40.0,5
107,A5,Packing-station roller motor,3,35,3,2,148,unstratified_random,55,137,118.91039914419324,Q4_60_80pct,0.048716806846454075,0.5333333333333333,2.598229698477551,4,4.8716806846454075,4,60.0,4
108,A1,Inbound conveyor motor,4,40,3,3,149,unstratified_random,30,115,88.96761601985438,Q3_40_60pct,0.28825907184116495,0.6666666666666667,19.217271456077665,4,28.825907184116495,4,80.0,2
108,A2,Sortation conveyor drive,5,80,5,4,149,unstratified_random,62,54,60.376193576182295,Q2_20_40pct,0.5169904513905417,0.9333333333333333,48.25244212978389,2,51.699045139054164,2,100.0,1
108,A3,Vertical lift motor,4,55,4,4,149,unstratified_random,81,8,12.767256508974471,Q1_shortest_0_20pct,0.8978619479282042,0.8,71.82895583425635,1,89.78619479282042,1,80.0,2
108,A4,AGV/shuttle drive unit,2,15,2,2,149,unstratified_random,26,119,123.02499684692152,Q4_60_80pct,0.015800025224627756,0.4,0.6320010089851102,5,1.5800025224627756,5,40.0,5
108,A5,Packing-station roller motor,3,35,3,2,149,unstratified_random,8,95,75.96907893735971,Q3_40_60pct,0.3922473685011223,0.5333333333333333,20.91985965339319,3,39.22473685011223,3,60.0,4
109,A1,Inbound conveyor motor,4,40,3,3,150,unstratified_random,51,114,102.38736822787688,Q4_60_80pct,0.180901054176985,0.6666666666666667,12.060070278465668,3,18.0901054176985,3,80.0,2
109,A2,Sortation conveyor drive,5,80,5,4,150,unstratified_random,57,103,83.29315372594353,Q3_40_60pct,0.3336547701924518,0.9333333333333333,31.141111884628838,2,33.36547701924518,2,100.0,1
109,A3,Vertical lift motor,4,55,4,4,150,unstratified_random,19,87,106.94874018187056,Q4_60_80pct,0.14441007854503551,0.8,11.552806283602841,4,14.441007854503551,4,80.0,2
109,A4,AGV/shuttle drive unit,2,15,2,2,150,unstratified_random,1,112,181.7937722618632,Q5_longest_80_100pct,0.0,0.4,0.0,5,0.0,5,40.0,5
109,A5,Packing-station roller motor,3,35,3,2,150,unstratified_random,93,85,42.17809886645809,Q2_20_40pct,0.6625752090683352,0.5333333333333333,35.33734448364454,1,66.25752090683352,1,60.0,4
110,A1,Inbound conveyor motor,4,40,3,3,151,unstratified_random,70,94,86.32146123836584,Q3_40_60pct,0.30942831009307326,0.6666666666666667,20.628554006204887,2,30.942831009307326,2,80.0,2
110,A2,Sortation conveyor drive,5,80,5,4,151,unstratified_random,95,128,130.5679549560598,Q4_60_80pct,0.0,0.9333333333333333,0.0,3,0.0,3,100.0,1
110,A3,Vertical lift motor,4,55,4,4,151,unstratified_random,96,137,137.09402180530702,Q5_longest_80_100pct,0.0,0.8,0.0,3,0.0,3,80.0,2
110,A4,AGV/shuttle drive unit,2,15,2,2,151,unstratified_random,48,92,128.30022813454278,Q4_60_80pct,0.0,0.4,0.0,3,0.0,3,40.0,5
110,A5,Packing-station roller motor,3,35,3,2,151,unstratified_random,36,19,22.29101002400674,Q1_shortest_0_20pct,0.8216719198079461,0.5333333333333333,43.822502389757126,1,82.16719198079461,1,60.0,4
111,A1,Inbound conveyor motor,4,40,3,3,152,unstratified_random,26,119,123.02499684692152,Q4_60_80pct,0.015800025224627756,0.6666666666666667,1.053335014975184,4,1.5800025224627756,4,80.0,2
111,A2,Sortation conveyor drive,5,80,5,4,152,unstratified_random,36,19,22.29101002400674,Q1_shortest_0_20pct,0.8216719198079461,0.9333333333333333,76.68937918207497,1,82.16719198079461,2,100.0,1
111,A3,Vertical lift motor,4,55,4,4,152,unstratified_random,22,111,163.77680736738688,Q5_longest_80_100pct,0.0,0.8,0.0,5,0.0,5,80.0,2
111,A4,AGV/shuttle drive unit,2,15,2,2,152,unstratified_random,98,59,85.21286900885234,Q3_40_60pct,0.31829704792918134,0.4,12.731881917167255,3,31.829704792918136,3,40.0,5
111,A5,Packing-station roller motor,3,35,3,2,152,unstratified_random,66,14,11.46932688270492,Q1_shortest_0_20pct,0.9082453849383606,0.5333333333333333,48.43975386337923,2,90.82453849383606,1,60.0,4
112,A1,Inbound conveyor motor,4,40,3,3,153,unstratified_random,83,137,136.40747067846124,Q5_longest_80_100pct,0.0,0.6666666666666667,0.0,3,0.0,3,80.0,2
112,A2,Sortation conveyor drive,5,80,5,4,153,unstratified_random,54,97,127.42576425394527,Q4_60_80pct,0.0,0.9333333333333333,0.0,3,0.0,3,100.0,1
112,A3,Vertical lift motor,4,55,4,4,153,unstratified_random,61,21,41.30030317056766,Q2_20_40pct,0.6695975746354588,0.8,53.56780597083671,1,66.95975746354588,2,80.0,2
112,A4,AGV/shuttle drive unit,2,15,2,2,153,unstratified_random,91,38,26.859272201960557,Q1_shortest_0_20pct,0.7851258223843156,0.4,31.405032895372628,2,78.51258223843156,1,40.0,5
112,A5,Packing-station roller motor,3,35,3,2,153,unstratified_random,67,77,138.84222319134904,Q5_longest_80_100pct,0.0,0.5333333333333333,0.0,3,0.0,3,60.0,4
113,A1,Inbound conveyor motor,4,40,3,3,154,unstratified_random,88,115,132.4717899153425,Q4_60_80pct,0.0,0.6666666666666667,0.0,5,0.0,5,80.0,2
113,A2,Sortation conveyor drive,5,80,5,4,154,unstratified_random,66,14,11.46932688270492,Q1_shortest_0_20pct,0.9082453849383606,0.9333333333333333,84.76956926091366,1,90.82453849383606,1,100.0,1
113,A3,Vertical lift motor,4,55,4,4,154,unstratified_random,30,115,88.96761601985438,Q3_40_60pct,0.28825907184116495,0.8,23.060725747293198,3,28.825907184116495,4,80.0,2
113,A4,AGV/shuttle drive unit,2,15,2,2,154,unstratified_random,56,15,16.158144448588526,Q1_shortest_0_20pct,0.8707348444112918,0.4,34.829393776451674,2,87.07348444112918,2,40.0,5
113,A5,Packing-station roller motor,3,35,3,2,154,unstratified_random,57,103,83.29315372594353,Q3_40_60pct,0.3336547701924518,0.5333333333333333,17.794921076930763,4,33.36547701924518,3,60.0,4
114,A1,Inbound conveyor motor,4,40,3,3,155,unstratified_random,12,124,90.15767382323185,Q3_40_60pct,0.2787386094141452,0.6666666666666667,18.582573960943016,3,27.87386094141452,3,80.0,2
114,A2,Sortation conveyor drive,5,80,5,4,155,unstratified_random,96,137,137.09402180530702,Q5_longest_80_100pct,0.0,0.9333333333333333,0.0,4,0.0,4,100.0,1
114,A3,Vertical lift motor,4,55,4,4,155,unstratified_random,83,137,136.40747067846124,Q5_longest_80_100pct,0.0,0.8,0.0,4,0.0,4,80.0,2
114,A4,AGV/shuttle drive unit,2,15,2,2,155,unstratified_random,61,21,41.30030317056766,Q2_20_40pct,0.6695975746354588,0.4,26.783902985418354,2,66.95975746354588,2,40.0,5
114,A5,Packing-station roller motor,3,35,3,2,155,unstratified_random,31,8,23.83573742078014,Q1_shortest_0_20pct,0.8093141006337589,0.5333333333333333,43.16341870046714,1,80.93141006337589,1,60.0,4
115,A1,Inbound conveyor motor,4,40,3,3,156,unstratified_random,14,107,146.91015946253862,Q5_longest_80_100pct,0.0,0.6666666666666667,0.0,4,0.0,4,80.0,2
115,A2,Sortation conveyor drive,5,80,5,4,156,unstratified_random,7,91,94.3787722014587,Q3_40_60pct,0.24496982238833043,0.9333333333333333,22.863850089577507,2,24.49698223883304,3,100.0,1
115,A3,Vertical lift motor,4,55,4,4,156,unstratified_random,1,112,181.7937722618632,Q5_longest_80_100pct,0.0,0.8,0.0,4,0.0,4,80.0,2
115,A4,AGV/shuttle drive unit,2,15,2,2,156,unstratified_random,72,50,70.20451782538055,Q3_40_60pct,0.4383638573969556,0.4,17.534554295878223,3,43.83638573969556,2,40.0,5
115,A5,Packing-station roller motor,3,35,3,2,156,unstratified_random,94,55,48.61299679912422,Q2_20_40pct,0.6110960256070063,0.5333333333333333,32.59178803237367,1,61.10960256070063,1,60.0,4
116,A1,Inbound conveyor motor,4,40,3,3,157,unstratified_random,43,59,63.79604805149177,Q2_20_40pct,0.4896316155880658,0.6666666666666667,32.642107705871055,1,48.963161558806576,1,80.0,2
116,A2,Sortation conveyor drive,5,80,5,4,157,unstratified_random,83,137,136.40747067846124,Q5_longest_80_100pct,0.0,0.9333333333333333,0.0,5,0.0,5,100.0,1
116,A3,Vertical lift motor,4,55,4,4,157,unstratified_random,86,89,88.09422089781806,Q3_40_60pct,0.29524623281745555,0.8,23.619698625396445,2,29.524623281745555,3,80.0,2
116,A4,AGV/shuttle drive unit,2,15,2,2,157,unstratified_random,4,82,87.20565932033077,Q3_40_60pct,0.30235472543735387,0.4,12.094189017494156,3,30.235472543735387,2,40.0,5
116,A5,Packing-station roller motor,3,35,3,2,157,unstratified_random,26,119,123.02499684692152,Q4_60_80pct,0.015800025224627756,0.5333333333333333,0.842668011980147,4,1.5800025224627756,4,60.0,4
117,A1,Inbound conveyor motor,4,40,3,3,158,unstratified_random,78,107,158.8500624677376,Q5_longest_80_100pct,0.0,0.6666666666666667,0.0,4,0.0,4,80.0,2
117,A2,Sortation conveyor drive,5,80,5,4,158,unstratified_random,38,50,47.55990877981797,Q2_20_40pct,0.6195207297614562,0.9333333333333333,57.82193477773591,1,61.95207297614562,1,100.0,1
117,A3,Vertical lift motor,4,55,4,4,158,unstratified_random,95,128,130.5679549560598,Q4_60_80pct,0.0,0.8,0.0,4,0.0,4,80.0,2
117,A4,AGV/shuttle drive unit,2,15,2,2,158,unstratified_random,41,18,59.85486006548725,Q2_20_40pct,0.521161119476102,0.4,20.84644477904408,2,52.1161119476102,2,40.0,5
117,A5,Packing-station roller motor,3,35,3,2,158,unstratified_random,6,93,105.6201183358804,Q4_60_80pct,0.15503905331295675,0.5333333333333333,8.26874951002436,3,15.503905331295675,3,60.0,4
118,A1,Inbound conveyor motor,4,40,3,3,159,unstratified_random,43,59,63.79604805149177,Q2_20_40pct,0.4896316155880658,0.6666666666666667,32.642107705871055,1,48.963161558806576,2,80.0,2
118,A2,Sortation conveyor drive,5,80,5,4,159,unstratified_random,29,90,101.07862421817065,Q4_60_80pct,0.19137100625463488,0.9333333333333333,17.861293917099257,3,19.13710062546349,4,100.0,1
118,A3,Vertical lift motor,4,55,4,4,159,unstratified_random,85,118,162.2981284023822,Q5_longest_80_100pct,0.0,0.8,0.0,5,0.0,5,80.0,2
118,A4,AGV/shuttle drive unit,2,15,2,2,159,unstratified_random,58,37,44.85465760060767,Q2_20_40pct,0.6411627391951387,0.4,25.646509567805552,2,64.11627391951387,1,40.0,5
118,A5,Packing-station roller motor,3,35,3,2,159,unstratified_random,79,63,95.26087986485147,Q3_40_60pct,0.2379129610811882,0.5333333333333333,12.688691257663372,4,23.79129610811882,3,60.0,4
119,A1,Inbound conveyor motor,4,40,3,3,160,unstratified_random,39,142,172.98448712201755,Q5_longest_80_100pct,0.0,0.6666666666666667,0.0,3,0.0,3,80.0,2
119,A2,Sortation conveyor drive,5,80,5,4,160,unstratified_random,59,114,150.6488483670163,Q5_longest_80_100pct,0.0,0.9333333333333333,0.0,3,0.0,3,100.0,1
119,A3,Vertical lift motor,4,55,4,4,160,unstratified_random,17,50,51.778940468972905,Q2_20_40pct,0.5857684762482167,0.8,46.86147809985734,1,58.57684762482167,1,80.0,2
119,A4,AGV/shuttle drive unit,2,15,2,2,160,unstratified_random,6,93,105.6201183358804,Q4_60_80pct,0.15503905331295675,0.4,6.20156213251827,2,15.503905331295675,2,40.0,5
119,A5,Packing-station roller motor,3,35,3,2,160,unstratified_random,54,97,127.42576425394527,Q4_60_80pct,0.0,0.5333333333333333,0.0,3,0.0,3,60.0,4
120,A1,Inbound conveyor motor,4,40,3,3,161,unstratified_random,72,50,70.20451782538055,Q3_40_60pct,0.4383638573969556,0.6666666666666667,29.22425715979704,3,43.83638573969556,3,80.0,2
120,A2,Sortation conveyor drive,5,80,5,4,161,unstratified_random,60,100,104.41961816061556,Q4_60_80pct,0.16464305471507557,0.9333333333333333,15.366685106740388,4,16.464305471507558,4,100.0,1
120,A3,Vertical lift motor,4,55,4,4,161,unstratified_random,95,128,130.5679549560598,Q4_60_80pct,0.0,0.8,0.0,5,0.0,5,80.0,2
120,A4,AGV/shuttle drive unit,2,15,2,2,161,unstratified_random,40,28,26.358548153514647,Q1_shortest_0_20pct,0.7891316147718828,0.4,31.565264590875316,2,78.91316147718828,1,40.0,5
120,A5,Packing-station roller motor,3,35,3,2,161,unstratified_random,46,47,45.79841882029448,Q2_20_40pct,0.6336126494376442,0.5333333333333333,33.792674636674356,1,63.36126494376442,2,60.0,4
121,A1,Inbound conveyor motor,4,40,3,3,162,unstratified_random,52,29,40.87621681240515,Q2_20_40pct,0.6729902655007588,0.6666666666666667,44.86601770005059,1,67.29902655007588,3,80.0,2
121,A2,Sortation conveyor drive,5,80,5,4,162,unstratified_random,7,91,94.3787722014587,Q3_40_60pct,0.24496982238833043,0.9333333333333333,22.863850089577507,4,24.49698223883304,4,100.0,1
121,A3,Vertical lift motor,4,55,4,4,162,unstratified_random,88,115,132.4717899153425,Q4_60_80pct,0.0,0.8,0.0,5,0.0,5,80.0,2
121,A4,AGV/shuttle drive unit,2,15,2,2,162,unstratified_random,100,20,23.88622641030998,Q1_shortest_0_20pct,0.8089101887175202,0.4,32.35640754870081,3,80.89101887175202,1,40.0,5
121,A5,Packing-station roller motor,3,35,3,2,162,unstratified_random,24,20,32.316305129135706,Q1_shortest_0_20pct,0.7414695589669144,0.5333333333333333,39.5450431449021,2,74.14695589669144,2,60.0,4
122,A1,Inbound conveyor motor,4,40,3,3,163,unstratified_random,3,69,51.59437184534412,Q2_20_40pct,0.587245025237247,0.6666666666666667,39.1496683491498,2,58.724502523724695,1,80.0,2
122,A2,Sortation conveyor drive,5,80,5,4,163,unstratified_random,43,59,63.79604805149177,Q2_20_40pct,0.4896316155880658,0.9333333333333333,45.69895078821947,1,48.963161558806576,2,100.0,1
122,A3,Vertical lift motor,4,55,4,4,163,unstratified_random,22,111,163.77680736738688,Q5_longest_80_100pct,0.0,0.8,0.0,5,0.0,5,80.0,2
122,A4,AGV/shuttle drive unit,2,15,2,2,163,unstratified_random,79,63,95.26087986485147,Q3_40_60pct,0.2379129610811882,0.4,9.516518443247529,4,23.79129610811882,3,40.0,5
122,A5,Packing-station roller motor,3,35,3,2,163,unstratified_random,5,91,97.4316568366386,Q3_40_60pct,0.22054674530689122,0.5333333333333333,11.7624930830342,3,22.054674530689123,4,60.0,4
123,A1,Inbound conveyor motor,4,40,3,3,164,unstratified_random,12,124,90.15767382323185,Q3_40_60pct,0.2787386094141452,0.6666666666666667,18.582573960943016,4,27.87386094141452,3,80.0,2
123,A2,Sortation conveyor drive,5,80,5,4,164,unstratified_random,13,95,93.13834255441226,Q3_40_60pct,0.2548932595647019,0.9333333333333333,23.790037559372177,2,25.48932595647019,4,100.0,1
123,A3,Vertical lift motor,4,55,4,4,164,unstratified_random,54,97,127.42576425394527,Q4_60_80pct,0.0,0.8,0.0,5,0.0,5,80.0,2
123,A4,AGV/shuttle drive unit,2,15,2,2,164,unstratified_random,36,19,22.29101002400674,Q1_shortest_0_20pct,0.8216719198079461,0.4,32.866876792317846,1,82.16719198079461,1,40.0,5
123,A5,Packing-station roller motor,3,35,3,2,164,unstratified_random,8,95,75.96907893735971,Q3_40_60pct,0.3922473685011223,0.5333333333333333,20.91985965339319,3,39.22473685011223,2,60.0,4
124,A1,Inbound conveyor motor,4,40,3,3,165,unstratified_random,67,77,138.84222319134904,Q5_longest_80_100pct,0.0,0.6666666666666667,0.0,4,0.0,4,80.0,2
124,A2,Sortation conveyor drive,5,80,5,4,165,unstratified_random,45,114,76.03056963373365,Q3_40_60pct,0.39175544293013076,0.9333333333333333,36.56384134014554,1,39.175544293013076,2,100.0,1
124,A3,Vertical lift motor,4,55,4,4,165,unstratified_random,87,116,144.3579823471946,Q5_longest_80_100pct,0.0,0.8,0.0,4,0.0,4,80.0,2
124,A4,AGV/shuttle drive unit,2,15,2,2,165,unstratified_random,57,103,83.29315372594353,Q3_40_60pct,0.3336547701924518,0.4,13.346190807698074,3,33.36547701924518,3,40.0,5
124,A5,Packing-station roller motor,3,35,3,2,165,unstratified_random,58,37,44.85465760060767,Q2_20_40pct,0.6411627391951387,0.5333333333333333,34.1953460904074,2,64.11627391951387,1,60.0,4
125,A1,Inbound conveyor motor,4,40,3,3,166,unstratified_random,33,106,142.7935583123275,Q5_longest_80_100pct,0.0,0.6666666666666667,0.0,5,0.0,5,80.0,2
125,A2,Sortation conveyor drive,5,80,5,4,166,unstratified_random,6,93,105.6201183358804,Q4_60_80pct,0.15503905331295675,0.9333333333333333,14.47031164254263,3,15.503905331295675,4,100.0,1
125,A3,Vertical lift motor,4,55,4,4,166,unstratified_random,89,136,96.67220915776228,Q3_40_60pct,0.22662232673790172,0.8,18.129786139032138,2,22.66223267379017,3,80.0,2
125,A4,AGV/shuttle drive unit,2,15,2,2,166,unstratified_random,70,94,86.32146123836584,Q3_40_60pct,0.30942831009307326,0.4,12.377132403722932,4,30.942831009307326,2,40.0,5
125,A5,Packing-station roller motor,3,35,3,2,166,unstratified_random,17,50,51.778940468972905,Q2_20_40pct,0.5857684762482167,0.5333333333333333,31.24098539990489,1,58.57684762482167,1,60.0,4
126,A1,Inbound conveyor motor,4,40,3,3,167,unstratified_random,12,124,90.15767382323185,Q3_40_60pct,0.2787386094141452,0.6666666666666667,18.582573960943016,3,27.87386094141452,3,80.0,2
126,A2,Sortation conveyor drive,5,80,5,4,167,unstratified_random,81,8,12.767256508974471,Q1_shortest_0_20pct,0.8978619479282042,0.9333333333333333,83.80044847329907,1,89.78619479282042,1,100.0,1
126,A3,Vertical lift motor,4,55,4,4,167,unstratified_random,74,126,94.81409660307276,Q3_40_60pct,0.24148722717541793,0.8,19.318978174033436,2,24.148722717541794,4,80.0,2
126,A4,AGV/shuttle drive unit,2,15,2,2,167,unstratified_random,65,128,151.46723766284128,Q5_longest_80_100pct,0.0,0.4,0.0,5,0.0,5,40.0,5
126,A5,Packing-station roller motor,3,35,3,2,167,unstratified_random,98,59,85.21286900885234,Q3_40_60pct,0.31829704792918134,0.5333333333333333,16.975842556223007,4,31.829704792918136,2,60.0,4
127,A1,Inbound conveyor motor,4,40,3,3,168,unstratified_random,4,82,87.20565932033077,Q3_40_60pct,0.30235472543735387,0.6666666666666667,20.156981695823593,3,30.235472543735387,3,80.0,2
127,A2,Sortation conveyor drive,5,80,5,4,168,unstratified_random,38,50,47.55990877981797,Q2_20_40pct,0.6195207297614562,0.9333333333333333,57.82193477773591,1,61.95207297614562,2,100.0,1
127,A3,Vertical lift motor,4,55,4,4,168,unstratified_random,11,97,99.08741603137932,Q4_60_80pct,0.2073006717489655,0.8,16.58405373991724,4,20.73006717489655,4,80.0,2
127,A4,AGV/shuttle drive unit,2,15,2,2,168,unstratified_random,27,66,114.97611996076007,Q4_60_80pct,0.08019104031391944,0.4,3.2076416125567775,5,8.019104031391944,5,40.0,5
127,A5,Packing-station roller motor,3,35,3,2,168,unstratified_random,53,26,32.51632437126566,Q1_shortest_0_20pct,0.7398694050298746,0.5333333333333333,39.459701601593316,2,73.98694050298747,1,60.0,4
128,A1,Inbound conveyor motor,4,40,3,3,169,unstratified_random,76,10,10.049433434661326,Q1_shortest_0_20pct,0.9196045325227094,0.6666666666666667,61.3069688348473,1,91.96045325227094,1,80.0,2
128,A2,Sortation conveyor drive,5,80,5,4,169,unstratified_random,87,116,144.3579823471946,Q5_longest_80_100pct,0.0,0.9333333333333333,0.0,4,0.0,4,100.0,1
128,A3,Vertical lift motor,4,55,4,4,169,unstratified_random,23,113,135.36716530023588,Q4_60_80pct,0.0,0.8,0.0,4,0.0,4,80.0,2
128,A4,AGV/shuttle drive unit,2,15,2,2,169,unstratified_random,47,135,121.81629897102604,Q4_60_80pct,0.025469608231791674,0.4,1.018784329271667,3,2.5469608231791674,3,40.0,5
128,A5,Packing-station roller motor,3,35,3,2,169,unstratified_random,55,137,118.91039914419324,Q4_60_80pct,0.048716806846454075,0.5333333333333333,2.598229698477551,2,4.8716806846454075,2,60.0,4
129,A1,Inbound conveyor motor,4,40,3,3,170,unstratified_random,95,128,130.5679549560598,Q4_60_80pct,0.0,0.6666666666666667,0.0,5,0.0,5,80.0,2
129,A2,Sortation conveyor drive,5,80,5,4,170,unstratified_random,77,34,40.64323409645428,Q2_20_40pct,0.6748541272283658,0.9333333333333333,62.98638520798082,1,67.48541272283659,2,100.0,1
129,A3,Vertical lift motor,4,55,4,4,170,unstratified_random,62,54,60.376193576182295,Q2_20_40pct,0.5169904513905417,0.8,41.359236111243334,3,51.699045139054164,3,80.0,2
129,A4,AGV/shuttle drive unit,2,15,2,2,170,unstratified_random,97,82,79.22371888224494,Q3_40_60pct,0.36621024894204046,0.4,14.64840995768162,4,36.62102489420405,4,40.0,5
129,A5,Packing-station roller motor,3,35,3,2,170,unstratified_random,31,8,23.83573742078014,Q1_shortest_0_20pct,0.8093141006337589,0.5333333333333333,43.16341870046714,2,80.93141006337589,1,60.0,4
130,A1,Inbound conveyor motor,4,40,3,3,171,unstratified_random,49,21,13.44996942007384,Q1_shortest_0_20pct,0.8924002446394093,0.6666666666666667,59.493349642627294,2,89.24002446394093,2,80.0,2
130,A2,Sortation conveyor drive,5,80,5,4,171,unstratified_random,76,10,10.049433434661326,Q1_shortest_0_20pct,0.9196045325227094,0.9333333333333333,85.8297563687862,1,91.96045325227094,1,100.0,1
130,A3,Vertical lift motor,4,55,4,4,171,unstratified_random,77,34,40.64323409645428,Q2_20_40pct,0.6748541272283658,0.8,53.98833017826927,3,67.48541272283659,3,80.0,2
130,A4,AGV/shuttle drive unit,2,15,2,2,171,unstratified_random,10,96,99.04426828245136,Q3_40_60pct,0.20764585374038913,0.4,8.305834149615565,5,20.764585374038912,5,40.0,5
130,A5,Packing-station roller motor,3,35,3,2,171,unstratified_random,70,94,86.32146123836584,Q3_40_60pct,0.30942831009307326,0.5333333333333333,16.502843204963906,4,30.942831009307326,4,60.0,4
131,A1,Inbound conveyor motor,4,40,3,3,172,unstratified_random,17,50,51.778940468972905,Q2_20_40pct,0.5857684762482167,0.6666666666666667,39.05123174988112,2,58.57684762482167,2,80.0,2
131,A2,Sortation conveyor drive,5,80,5,4,172,unstratified_random,7,91,94.3787722014587,Q3_40_60pct,0.24496982238833043,0.9333333333333333,22.863850089577507,3,24.49698223883304,3,100.0,1
131,A3,Vertical lift motor,4,55,4,4,172,unstratified_random,92,20,25.16213385236525,Q1_shortest_0_20pct,0.798702929181078,0.8,63.89623433448624,1,79.8702929181078,1,80.0,2
131,A4,AGV/shuttle drive unit,2,15,2,2,172,unstratified_random,33,106,142.7935583123275,Q5_longest_80_100pct,0.0,0.4,0.0,5,0.0,5,40.0,5
131,A5,Packing-station roller motor,3,35,3,2,172,unstratified_random,74,126,94.81409660307276,Q3_40_60pct,0.24148722717541793,0.5333333333333333,12.879318782688957,4,24.148722717541794,4,60.0,4
132,A1,Inbound conveyor motor,4,40,3,3,173,unstratified_random,80,90,79.47558250502735,Q3_40_60pct,0.36419533995978126,0.6666666666666667,24.279689330652086,2,36.41953399597813,2,80.0,2
132,A2,Sortation conveyor drive,5,80,5,4,173,unstratified_random,73,131,128.00577343113736,Q4_60_80pct,0.0,0.9333333333333333,0.0,5,0.0,5,100.0,1
132,A3,Vertical lift motor,4,55,4,4,173,unstratified_random,40,28,26.358548153514647,Q1_shortest_0_20pct,0.7891316147718828,0.8,63.13052918175063,1,78.91316147718828,1,80.0,2
132,A4,AGV/shuttle drive unit,2,15,2,2,173,unstratified_random,51,114,102.38736822787688,Q4_60_80pct,0.180901054176985,0.4,7.2360421670794,4,18.0901054176985,4,40.0,5
132,A5,Packing-station roller motor,3,35,3,2,173,unstratified_random,7,91,94.3787722014587,Q3_40_60pct,0.24496982238833043,0.5333333333333333,13.065057194044288,3,24.49698223883304,3,60.0,4
133,A1,Inbound conveyor motor,4,40,3,3,174,unstratified_random,35,11,10.318035788709574,Q1_shortest_0_20pct,0.9174557136903234,0.6666666666666667,61.16371424602157,1,91.74557136903235,1,80.0,2
133,A2,Sortation conveyor drive,5,80,5,4,174,unstratified_random,5,91,97.4316568366386,Q3_40_60pct,0.22054674530689122,0.9333333333333333,20.584362895309848,3,22.054674530689123,4,100.0,1
133,A3,Vertical lift motor,4,55,4,4,174,unstratified_random,90,28,30.303009041002955,Q1_shortest_0_20pct,0.7575759276719763,0.8,60.60607421375811,2,75.75759276719764,2,80.0,2
133,A4,AGV/shuttle drive unit,2,15,2,2,174,unstratified_random,83,137,136.40747067846124,Q5_longest_80_100pct,0.0,0.4,0.0,5,0.0,5,40.0,5
133,A5,Packing-station roller motor,3,35,3,2,174,unstratified_random,30,115,88.96761601985438,Q3_40_60pct,0.28825907184116495,0.5333333333333333,15.37381716486213,4,28.825907184116495,3,60.0,4
134,A1,Inbound conveyor motor,4,40,3,3,175,unstratified_random,4,82,87.20565932033077,Q3_40_60pct,0.30235472543735387,0.6666666666666667,20.156981695823593,4,30.235472543735387,4,80.0,2
134,A2,Sortation conveyor drive,5,80,5,4,175,unstratified_random,55,137,118.91039914419324,Q4_60_80pct,0.048716806846454075,0.9333333333333333,4.546901972335713,5,4.8716806846454075,5,100.0,1
134,A3,Vertical lift motor,4,55,4,4,175,unstratified_random,53,26,32.51632437126566,Q1_shortest_0_20pct,0.7398694050298746,0.8,59.18955240238998,1,73.98694050298747,2,80.0,2
134,A4,AGV/shuttle drive unit,2,15,2,2,175,unstratified_random,68,8,14.299954503479244,Q1_shortest_0_20pct,0.885600363972166,0.4,35.42401455888665,2,88.5600363972166,1,40.0,5
134,A5,Packing-station roller motor,3,35,3,2,175,unstratified_random,72,50,70.20451782538055,Q3_40_60pct,0.4383638573969556,0.5333333333333333,23.379405727837632,3,43.83638573969556,3,60.0,4
135,A1,Inbound conveyor motor,4,40,3,3,176,unstratified_random,89,136,96.67220915776228,Q3_40_60pct,0.22662232673790172,0.6666666666666667,15.108155115860116,2,22.66223267379017,2,80.0,2
135,A2,Sortation conveyor drive,5,80,5,4,176,unstratified_random,22,111,163.77680736738688,Q5_longest_80_100pct,0.0,0.9333333333333333,0.0,3,0.0,3,100.0,1
135,A3,Vertical lift motor,4,55,4,4,176,unstratified_random,61,21,41.30030317056766,Q2_20_40pct,0.6695975746354588,0.8,53.56780597083671,1,66.95975746354588,1,80.0,2
135,A4,AGV/shuttle drive unit,2,15,2,2,176,unstratified_random,15,83,158.0175356684317,Q5_longest_80_100pct,0.0,0.4,0.0,3,0.0,3,40.0,5
135,A5,Packing-station roller motor,3,35,3,2,176,unstratified_random,69,121,148.86538698158105,Q5_longest_80_100pct,0.0,0.5333333333333333,0.0,3,0.0,3,60.0,4
136,A1,Inbound conveyor motor,4,40,3,3,177,unstratified_random,32,48,58.21837314904572,Q2_20_40pct,0.5342530148076343,0.6666666666666667,35.61686765384229,2,53.42530148076343,3,80.0,2
136,A2,Sortation conveyor drive,5,80,5,4,177,unstratified_random,31,8,23.83573742078014,Q1_shortest_0_20pct,0.8093141006337589,0.9333333333333333,75.5359827258175,1,80.93141006337589,1,100.0,1
136,A3,Vertical lift motor,4,55,4,4,177,unstratified_random,48,92,128.30022813454278,Q4_60_80pct,0.0,0.8,0.0,4,0.0,4,80.0,2
136,A4,AGV/shuttle drive unit,2,15,2,2,177,unstratified_random,67,77,138.84222319134904,Q5_longest_80_100pct,0.0,0.4,0.0,4,0.0,4,40.0,5
136,A5,Packing-station roller motor,3,35,3,2,177,unstratified_random,37,21,54.159061654098565,Q2_20_40pct,0.5667275067672115,0.5333333333333333,30.225467027584614,3,56.67275067672115,2,60.0,4
137,A1,Inbound conveyor motor,4,40,3,3,178,unstratified_random,5,91,97.4316568366386,Q3_40_60pct,0.22054674530689122,0.6666666666666667,14.703116353792751,2,22.054674530689123,3,80.0,2
137,A2,Sortation conveyor drive,5,80,5,4,178,unstratified_random,15,83,158.0175356684317,Q5_longest_80_100pct,0.0,0.9333333333333333,0.0,4,0.0,4,100.0,1
137,A3,Vertical lift motor,4,55,4,4,178,unstratified_random,13,95,93.13834255441226,Q3_40_60pct,0.2548932595647019,0.8,20.391460765176152,1,25.48932595647019,1,80.0,2
137,A4,AGV/shuttle drive unit,2,15,2,2,178,unstratified_random,74,126,94.81409660307276,Q3_40_60pct,0.24148722717541793,0.4,9.659489087016718,3,24.148722717541794,2,40.0,5
137,A5,Packing-station roller motor,3,35,3,2,178,unstratified_random,54,97,127.42576425394527,Q4_60_80pct,0.0,0.5333333333333333,0.0,4,0.0,4,60.0,4
138,A1,Inbound conveyor motor,4,40,3,3,179,unstratified_random,14,107,146.91015946253862,Q5_longest_80_100pct,0.0,0.6666666666666667,0.0,3,0.0,3,80.0,2
138,A2,Sortation conveyor drive,5,80,5,4,179,unstratified_random,94,55,48.61299679912422,Q2_20_40pct,0.6110960256070063,0.9333333333333333,57.035629056653924,1,61.10960256070063,2,100.0,1
138,A3,Vertical lift motor,4,55,4,4,179,unstratified_random,95,128,130.5679549560598,Q4_60_80pct,0.0,0.8,0.0,3,0.0,3,80.0,2
138,A4,AGV/shuttle drive unit,2,15,2,2,179,unstratified_random,90,28,30.303009041002955,Q1_shortest_0_20pct,0.7575759276719763,0.4,30.303037106879056,2,75.75759276719764,1,40.0,5
138,A5,Packing-station roller motor,3,35,3,2,179,unstratified_random,99,117,132.87361758142774,Q4_60_80pct,0.0,0.5333333333333333,0.0,3,0.0,3,60.0,4
139,A1,Inbound conveyor motor,4,40,3,3,180,unstratified_random,56,15,16.158144448588526,Q1_shortest_0_20pct,0.8707348444112918,0.6666666666666667,58.04898962741946,3,87.07348444112918,2,80.0,2
139,A2,Sortation conveyor drive,5,80,5,4,180,unstratified_random,42,10,15.95535794283765,Q1_shortest_0_20pct,0.8723571364572988,0.9333333333333333,81.41999940268123,1,87.23571364572989,1,100.0,1
139,A3,Vertical lift motor,4,55,4,4,180,unstratified_random,24,20,32.316305129135706,Q1_shortest_0_20pct,0.7414695589669144,0.8,59.31756471735315,2,74.14695589669144,3,80.0,2
139,A4,AGV/shuttle drive unit,2,15,2,2,180,unstratified_random,67,77,138.84222319134904,Q5_longest_80_100pct,0.0,0.4,0.0,5,0.0,5,40.0,5
139,A5,Packing-station roller motor,3,35,3,2,180,unstratified_random,98,59,85.21286900885234,Q3_40_60pct,0.31829704792918134,0.5333333333333333,16.975842556223007,4,31.829704792918136,4,60.0,4
140,A1,Inbound conveyor motor,4,40,3,3,181,unstratified_random,67,77,138.84222319134904,Q5_longest_80_100pct,0.0,0.6666666666666667,0.0,4,0.0,4,80.0,2
140,A2,Sortation conveyor drive,5,80,5,4,181,unstratified_random,59,114,150.6488483670163,Q5_longest_80_100pct,0.0,0.9333333333333333,0.0,4,0.0,4,100.0,1
140,A3,Vertical lift motor,4,55,4,4,181,unstratified_random,77,34,40.64323409645428,Q2_20_40pct,0.6748541272283658,0.8,53.98833017826927,1,67.48541272283659,1,80.0,2
140,A4,AGV/shuttle drive unit,2,15,2,2,181,unstratified_random,93,85,42.17809886645809,Q2_20_40pct,0.6625752090683352,0.4,26.50300836273341,2,66.25752090683352,2,40.0,5
140,A5,Packing-station roller motor,3,35,3,2,181,unstratified_random,89,136,96.67220915776228,Q3_40_60pct,0.22662232673790172,0.5333333333333333,12.08652409268809,3,22.66223267379017,3,60.0,4
141,A1,Inbound conveyor motor,4,40,3,3,182,unstratified_random,32,48,58.21837314904572,Q2_20_40pct,0.5342530148076343,0.6666666666666667,35.61686765384229,3,53.42530148076343,3,80.0,2
141,A2,Sortation conveyor drive,5,80,5,4,182,unstratified_random,17,50,51.778940468972905,Q2_20_40pct,0.5857684762482167,0.9333333333333333,54.671724449833555,2,58.57684762482167,2,100.0,1
141,A3,Vertical lift motor,4,55,4,4,182,unstratified_random,76,10,10.049433434661326,Q1_shortest_0_20pct,0.9196045325227094,0.8,73.56836260181676,1,91.96045325227094,1,80.0,2
141,A4,AGV/shuttle drive unit,2,15,2,2,182,unstratified_random,11,97,99.08741603137932,Q4_60_80pct,0.2073006717489655,0.4,8.29202686995862,5,20.73006717489655,5,40.0,5
141,A5,Packing-station roller motor,3,35,3,2,182,unstratified_random,5,91,97.4316568366386,Q3_40_60pct,0.22054674530689122,0.5333333333333333,11.7624930830342,4,22.054674530689123,4,60.0,4
142,A1,Inbound conveyor motor,4,40,3,3,183,unstratified_random,93,85,42.17809886645809,Q2_20_40pct,0.6625752090683352,0.6666666666666667,44.17168060455568,2,66.25752090683352,2,80.0,2
142,A2,Sortation conveyor drive,5,80,5,4,183,unstratified_random,89,136,96.67220915776228,Q3_40_60pct,0.22662232673790172,0.9333333333333333,21.15141716220416,4,22.66223267379017,4,100.0,1
142,A3,Vertical lift motor,4,55,4,4,183,unstratified_random,94,55,48.61299679912422,Q2_20_40pct,0.6110960256070063,0.8,48.88768204856051,1,61.10960256070063,3,80.0,2
142,A4,AGV/shuttle drive unit,2,15,2,2,183,unstratified_random,26,119,123.02499684692152,Q4_60_80pct,0.015800025224627756,0.4,0.6320010089851102,5,1.5800025224627756,5,40.0,5
142,A5,Packing-station roller motor,3,35,3,2,183,unstratified_random,90,28,30.303009041002955,Q1_shortest_0_20pct,0.7575759276719763,0.5333333333333333,40.40404947583874,3,75.75759276719764,1,60.0,4
143,A1,Inbound conveyor motor,4,40,3,3,184,unstratified_random,58,37,44.85465760060767,Q2_20_40pct,0.6411627391951387,0.6666666666666667,42.74418261300925,3,64.11627391951387,3,80.0,2
143,A2,Sortation conveyor drive,5,80,5,4,184,unstratified_random,35,11,10.318035788709574,Q1_shortest_0_20pct,0.9174557136903234,0.9333333333333333,85.6291999444302,1,91.74557136903235,1,100.0,1
143,A3,Vertical lift motor,4,55,4,4,184,unstratified_random,33,106,142.7935583123275,Q5_longest_80_100pct,0.0,0.8,0.0,4,0.0,4,80.0,2
143,A4,AGV/shuttle drive unit,2,15,2,2,184,unstratified_random,2,98,142.91341211911944,Q5_longest_80_100pct,0.0,0.4,0.0,4,0.0,4,40.0,5
143,A5,Packing-station roller motor,3,35,3,2,184,unstratified_random,100,20,23.88622641030998,Q1_shortest_0_20pct,0.8089101887175202,0.5333333333333333,43.14187673160108,2,80.89101887175202,2,60.0,4
144,A1,Inbound conveyor motor,4,40,3,3,185,unstratified_random,54,97,127.42576425394527,Q4_60_80pct,0.0,0.6666666666666667,0.0,4,0.0,4,80.0,2
144,A2,Sortation conveyor drive,5,80,5,4,185,unstratified_random,89,136,96.67220915776228,Q3_40_60pct,0.22662232673790172,0.9333333333333333,21.15141716220416,2,22.66223267379017,3,100.0,1
144,A3,Vertical lift motor,4,55,4,4,185,unstratified_random,100,20,23.88622641030998,Q1_shortest_0_20pct,0.8089101887175202,0.8,64.71281509740162,1,80.89101887175202,1,80.0,2
144,A4,AGV/shuttle drive unit,2,15,2,2,185,unstratified_random,28,97,94.6987062048556,Q3_40_60pct,0.2424103503611552,0.4,9.696414014446209,3,24.24103503611552,2,40.0,5
144,A5,Packing-station roller motor,3,35,3,2,185,unstratified_random,22,111,163.77680736738688,Q5_longest_80_100pct,0.0,0.5333333333333333,0.0,4,0.0,4,60.0,4
145,A1,Inbound conveyor motor,4,40,3,3,186,unstratified_random,54,97,127.42576425394527,Q4_60_80pct,0.0,0.6666666666666667,0.0,4,0.0,4,80.0,2
145,A2,Sortation conveyor drive,5,80,5,4,186,unstratified_random,1,112,181.7937722618632,Q5_longest_80_100pct,0.0,0.9333333333333333,0.0,4,0.0,4,100.0,1
145,A3,Vertical lift motor,4,55,4,4,186,unstratified_random,63,72,60.45894799885493,Q2_20_40pct,0.5163284160091606,0.8,41.30627328073285,1,51.63284160091606,1,80.0,2
145,A4,AGV/shuttle drive unit,2,15,2,2,186,unstratified_random,5,91,97.4316568366386,Q3_40_60pct,0.22054674530689122,0.4,8.821869812275649,3,22.054674530689123,3,40.0,5
145,A5,Packing-station roller motor,3,35,3,2,186,unstratified_random,43,59,63.79604805149177,Q2_20_40pct,0.4896316155880658,0.5333333333333333,26.11368616469684,2,48.963161558806576,2,60.0,4
146,A1,Inbound conveyor motor,4,40,3,3,187,unstratified_random,35,11,10.318035788709574,Q1_shortest_0_20pct,0.9174557136903234,0.6666666666666667,61.16371424602157,2,91.74557136903235,1,80.0,2
146,A2,Sortation conveyor drive,5,80,5,4,187,unstratified_random,22,111,163.77680736738688,Q5_longest_80_100pct,0.0,0.9333333333333333,0.0,4,0.0,4,100.0,1
146,A3,Vertical lift motor,4,55,4,4,187,unstratified_random,56,15,16.158144448588526,Q1_shortest_0_20pct,0.8707348444112918,0.8,69.65878755290335,1,87.07348444112918,2,80.0,2
146,A4,AGV/shuttle drive unit,2,15,2,2,187,unstratified_random,25,145,153.1932818222736,Q5_longest_80_100pct,0.0,0.4,0.0,4,0.0,4,40.0,5
146,A5,Packing-station roller motor,3,35,3,2,187,unstratified_random,58,37,44.85465760060767,Q2_20_40pct,0.6411627391951387,0.5333333333333333,34.1953460904074,3,64.11627391951387,3,60.0,4
147,A1,Inbound conveyor motor,4,40,3,3,188,unstratified_random,42,10,15.95535794283765,Q1_shortest_0_20pct,0.8723571364572988,0.6666666666666667,58.1571424304866,1,87.23571364572989,1,80.0,2
147,A2,Sortation conveyor drive,5,80,5,4,188,unstratified_random,72,50,70.20451782538055,Q3_40_60pct,0.4383638573969556,0.9333333333333333,40.91396002371585,2,43.83638573969556,3,100.0,1
147,A3,Vertical lift motor,4,55,4,4,188,unstratified_random,10,96,99.04426828245136,Q3_40_60pct,0.20764585374038913,0.8,16.61166829923113,4,20.764585374038912,5,80.0,2
147,A4,AGV/shuttle drive unit,2,15,2,2,188,unstratified_random,90,28,30.303009041002955,Q1_shortest_0_20pct,0.7575759276719763,0.4,30.303037106879056,3,75.75759276719764,2,40.0,5
147,A5,Packing-station roller motor,3,35,3,2,188,unstratified_random,89,136,96.67220915776228,Q3_40_60pct,0.22662232673790172,0.5333333333333333,12.08652409268809,5,22.66223267379017,4,60.0,4
148,A1,Inbound conveyor motor,4,40,3,3,189,unstratified_random,48,92,128.30022813454278,Q4_60_80pct,0.0,0.6666666666666667,0.0,2,0.0,2,80.0,2
148,A2,Sortation conveyor drive,5,80,5,4,189,unstratified_random,39,142,172.98448712201755,Q5_longest_80_100pct,0.0,0.9333333333333333,0.0,2,0.0,2,100.0,1
148,A3,Vertical lift motor,4,55,4,4,189,unstratified_random,14,107,146.91015946253862,Q5_longest_80_100pct,0.0,0.8,0.0,2,0.0,2,80.0,2
148,A4,AGV/shuttle drive unit,2,15,2,2,189,unstratified_random,56,15,16.158144448588526,Q1_shortest_0_20pct,0.8707348444112918,0.4,34.829393776451674,1,87.07348444112918,1,40.0,5
148,A5,Packing-station roller motor,3,35,3,2,189,unstratified_random,87,116,144.3579823471946,Q5_longest_80_100pct,0.0,0.5333333333333333,0.0,2,0.0,2,60.0,4
149,A1,Inbound conveyor motor,4,40,3,3,190,unstratified_random,5,91,97.4316568366386,Q3_40_60pct,0.22054674530689122,0.6666666666666667,14.703116353792751,3,22.054674530689123,2,80.0,2
149,A2,Sortation conveyor drive,5,80,5,4,190,unstratified_random,29,90,101.07862421817065,Q4_60_80pct,0.19137100625463488,0.9333333333333333,17.861293917099257,2,19.13710062546349,3,100.0,1
149,A3,Vertical lift motor,4,55,4,4,190,unstratified_random,9,111,137.60480848618022,Q5_longest_80_100pct,0.0,0.8,0.0,4,0.0,4,80.0,2
149,A4,AGV/shuttle drive unit,2,15,2,2,190,unstratified_random,52,29,40.87621681240515,Q2_20_40pct,0.6729902655007588,0.4,26.919610620030355,1,67.29902655007588,1,40.0,5
149,A5,Packing-station roller motor,3,35,3,2,190,unstratified_random,22,111,163.77680736738688,Q5_longest_80_100pct,0.0,0.5333333333333333,0.0,4,0.0,4,60.0,4
150,A1,Inbound conveyor motor,4,40,3,3,191,unstratified_random,15,83,158.0175356684317,Q5_longest_80_100pct,0.0,0.6666666666666667,0.0,4,0.0,4,80.0,2
150,A2,Sortation conveyor drive,5,80,5,4,191,unstratified_random,13,95,93.13834255441226,Q3_40_60pct,0.2548932595647019,0.9333333333333333,23.790037559372177,1,25.48932595647019,1,100.0,1
150,A3,Vertical lift motor,4,55,4,4,191,unstratified_random,79,63,95.26087986485147,Q3_40_60pct,0.2379129610811882,0.8,19.033036886495058,2,23.79129610811882,2,80.0,2
150,A4,AGV/shuttle drive unit,2,15,2,2,191,unstratified_random,95,128,130.5679549560598,Q4_60_80pct,0.0,0.4,0.0,4,0.0,4,40.0,5
150,A5,Packing-station roller motor,3,35,3,2,191,unstratified_random,11,97,99.08741603137932,Q4_60_80pct,0.2073006717489655,0.5333333333333333,11.056035826611494,3,20.73006717489655,3,60.0,4
151,A1,Inbound conveyor motor,4,40,3,3,192,unstratified_random,60,100,104.41961816061556,Q4_60_80pct,0.16464305471507557,0.6666666666666667,10.976203647671706,3,16.464305471507558,4,80.0,2
151,A2,Sortation conveyor drive,5,80,5,4,192,unstratified_random,64,28,47.55027096178691,Q2_20_40pct,0.6195978323057048,0.9333333333333333,57.82913101519911,1,61.95978323057047,1,100.0,1
151,A3,Vertical lift motor,4,55,4,4,192,unstratified_random,47,135,121.81629897102604,Q4_60_80pct,0.025469608231791674,0.8,2.037568658543334,5,2.5469608231791674,5,80.0,2
151,A4,AGV/shuttle drive unit,2,15,2,2,192,unstratified_random,5,91,97.4316568366386,Q3_40_60pct,0.22054674530689122,0.4,8.821869812275649,4,22.054674530689123,3,40.0,5
151,A5,Packing-station roller motor,3,35,3,2,192,unstratified_random,80,90,79.47558250502735,Q3_40_60pct,0.36419533995978126,0.5333333333333333,19.42375146452167,2,36.41953399597813,2,60.0,4
152,A1,Inbound conveyor motor,4,40,3,3,193,unstratified_random,59,114,150.6488483670163,Q5_longest_80_100pct,0.0,0.6666666666666667,0.0,3,0.0,3,80.0,2
152,A2,Sortation conveyor drive,5,80,5,4,193,unstratified_random,82,9,13.00528536289486,Q1_shortest_0_20pct,0.8959577170968411,0.9333333333333333,83.62272026237184,1,89.59577170968412,1,100.0,1
152,A3,Vertical lift motor,4,55,4,4,193,unstratified_random,61,21,41.30030317056766,Q2_20_40pct,0.6695975746354588,0.8,53.56780597083671,2,66.95975746354588,2,80.0,2
152,A4,AGV/shuttle drive unit,2,15,2,2,193,unstratified_random,50,79,131.9611497166465,Q4_60_80pct,0.0,0.4,0.0,3,0.0,3,40.0,5
152,A5,Packing-station roller motor,3,35,3,2,193,unstratified_random,25,145,153.1932818222736,Q5_longest_80_100pct,0.0,0.5333333333333333,0.0,3,0.0,3,60.0,4
153,A1,Inbound conveyor motor,4,40,3,3,194,unstratified_random,23,113,135.36716530023588,Q4_60_80pct,0.0,0.6666666666666667,0.0,5,0.0,5,80.0,2
153,A2,Sortation conveyor drive,5,80,5,4,194,unstratified_random,86,89,88.09422089781806,Q3_40_60pct,0.29524623281745555,0.9333333333333333,27.55631506296252,4,29.524623281745555,4,100.0,1
153,A3,Vertical lift motor,4,55,4,4,194,unstratified_random,93,85,42.17809886645809,Q2_20_40pct,0.6625752090683352,0.8,53.00601672546682,1,66.25752090683352,2,80.0,2
153,A4,AGV/shuttle drive unit,2,15,2,2,194,unstratified_random,91,38,26.859272201960557,Q1_shortest_0_20pct,0.7851258223843156,0.4,31.405032895372628,2,78.51258223843156,1,40.0,5
153,A5,Packing-station roller motor,3,35,3,2,194,unstratified_random,84,58,54.07820667708313,Q2_20_40pct,0.567374346583335,0.5333333333333333,30.2599651511112,3,56.7374346583335,3,60.0,4
154,A1,Inbound conveyor motor,4,40,3,3,195,unstratified_random,17,50,51.778940468972905,Q2_20_40pct,0.5857684762482167,0.6666666666666667,39.05123174988112,2,58.57684762482167,2,80.0,2
154,A2,Sortation conveyor drive,5,80,5,4,195,unstratified_random,40,28,26.358548153514647,Q1_shortest_0_20pct,0.7891316147718828,0.9333333333333333,73.65228404537574,1,78.91316147718828,1,100.0,1
154,A3,Vertical lift motor,4,55,4,4,195,unstratified_random,26,119,123.02499684692152,Q4_60_80pct,0.015800025224627756,0.8,1.2640020179702205,4,1.5800025224627756,4,80.0,2
154,A4,AGV/shuttle drive unit,2,15,2,2,195,unstratified_random,4,82,87.20565932033077,Q3_40_60pct,0.30235472543735387,0.4,12.094189017494156,3,30.235472543735387,3,40.0,5
154,A5,Packing-station roller motor,3,35,3,2,195,unstratified_random,9,111,137.60480848618022,Q5_longest_80_100pct,0.0,0.5333333333333333,0.0,5,0.0,5,60.0,4
155,A1,Inbound conveyor motor,4,40,3,3,196,unstratified_random,4,82,87.20565932033077,Q3_40_60pct,0.30235472543735387,0.6666666666666667,20.156981695823593,4,30.235472543735387,3,80.0,2
155,A2,Sortation conveyor drive,5,80,5,4,196,unstratified_random,86,89,88.09422089781806,Q3_40_60pct,0.29524623281745555,0.9333333333333333,27.55631506296252,3,29.524623281745555,4,100.0,1
155,A3,Vertical lift motor,4,55,4,4,196,unstratified_random,35,11,10.318035788709574,Q1_shortest_0_20pct,0.9174557136903234,0.8,73.39645709522588,1,91.74557136903235,1,80.0,2
155,A4,AGV/shuttle drive unit,2,15,2,2,196,unstratified_random,25,145,153.1932818222736,Q5_longest_80_100pct,0.0,0.4,0.0,5,0.0,5,40.0,5
155,A5,Packing-station roller motor,3,35,3,2,196,unstratified_random,42,10,15.95535794283765,Q1_shortest_0_20pct,0.8723571364572988,0.5333333333333333,46.525713944389274,2,87.23571364572989,2,60.0,4
156,A1,Inbound conveyor motor,4,40,3,3,197,unstratified_random,90,28,30.303009041002955,Q1_shortest_0_20pct,0.7575759276719763,0.6666666666666667,50.505061844798426,2,75.75759276719764,3,80.0,2
156,A2,Sortation conveyor drive,5,80,5,4,197,unstratified_random,82,9,13.00528536289486,Q1_shortest_0_20pct,0.8959577170968411,0.9333333333333333,83.62272026237184,1,89.59577170968412,1,100.0,1
156,A3,Vertical lift motor,4,55,4,4,197,unstratified_random,94,55,48.61299679912422,Q2_20_40pct,0.6110960256070063,0.8,48.88768204856051,3,61.10960256070063,4,80.0,2
156,A4,AGV/shuttle drive unit,2,15,2,2,197,unstratified_random,91,38,26.859272201960557,Q1_shortest_0_20pct,0.7851258223843156,0.4,31.405032895372628,4,78.51258223843156,2,40.0,5
156,A5,Packing-station roller motor,3,35,3,2,197,unstratified_random,78,107,158.8500624677376,Q5_longest_80_100pct,0.0,0.5333333333333333,0.0,5,0.0,5,60.0,4
157,A1,Inbound conveyor motor,4,40,3,3,198,unstratified_random,82,9,13.00528536289486,Q1_shortest_0_20pct,0.8959577170968411,0.6666666666666667,59.73051447312275,2,89.59577170968412,1,80.0,2
157,A2,Sortation conveyor drive,5,80,5,4,198,unstratified_random,90,28,30.303009041002955,Q1_shortest_0_20pct,0.7575759276719763,0.9333333333333333,70.70708658271779,1,75.75759276719764,2,100.0,1
157,A3,Vertical lift motor,4,55,4,4,198,unstratified_random,78,107,158.8500624677376,Q5_longest_80_100pct,0.0,0.8,0.0,3,0.0,3,80.0,2
157,A4,AGV/shuttle drive unit,2,15,2,2,198,unstratified_random,71,118,142.21779435736028,Q5_longest_80_100pct,0.0,0.4,0.0,3,0.0,3,40.0,5
157,A5,Packing-station roller motor,3,35,3,2,198,unstratified_random,39,142,172.98448712201755,Q5_longest_80_100pct,0.0,0.5333333333333333,0.0,3,0.0,3,60.0,4
158,A1,Inbound conveyor motor,4,40,3,3,199,unstratified_random,90,28,30.303009041002955,Q1_shortest_0_20pct,0.7575759276719763,0.6666666666666667,50.505061844798426,2,75.75759276719764,2,80.0,2
158,A2,Sortation conveyor drive,5,80,5,4,199,unstratified_random,61,21,41.30030317056766,Q2_20_40pct,0.6695975746354588,0.9333333333333333,62.49577363264282,1,66.95975746354588,3,100.0,1
158,A3,Vertical lift motor,4,55,4,4,199,unstratified_random,1,112,181.7937722618632,Q5_longest_80_100pct,0.0,0.8,0.0,5,0.0,5,80.0,2
158,A4,AGV/shuttle drive unit,2,15,2,2,199,unstratified_random,66,14,11.46932688270492,Q1_shortest_0_20pct,0.9082453849383606,0.4,36.329815397534425,3,90.82453849383606,1,40.0,5
158,A5,Packing-station roller motor,3,35,3,2,199,unstratified_random,41,18,59.85486006548725,Q2_20_40pct,0.521161119476102,0.5333333333333333,27.795259705392105,4,52.1161119476102,4,60.0,4
159,A1,Inbound conveyor motor,4,40,3,3,200,unstratified_random,66,14,11.46932688270492,Q1_shortest_0_20pct,0.9082453849383606,0.6666666666666667,60.549692329224044,2,90.82453849383606,2,80.0,2
159,A2,Sortation conveyor drive,5,80,5,4,200,unstratified_random,63,72,60.45894799885493,Q2_20_40pct,0.5163284160091606,0.9333333333333333,48.19065216085499,3,51.63284160091606,4,100.0,1
159,A3,Vertical lift motor,4,55,4,4,200,unstratified_random,34,7,11.177676889867849,Q1_shortest_0_20pct,0.9105785848810573,0.8,72.84628679048458,1,91.05785848810572,1,80.0,2
159,A4,AGV/shuttle drive unit,2,15,2,2,200,unstratified_random,24,20,32.316305129135706,Q1_shortest_0_20pct,0.7414695589669144,0.4,29.658782358676575,4,74.14695589669144,3,40.0,5
159,A5,Packing-station roller motor,3,35,3,2,200,unstratified_random,4,82,87.20565932033077,Q3_40_60pct,0.30235472543735387,0.5333333333333333,16.125585356658874,5,30.235472543735387,5,60.0,4
160,A1,Inbound conveyor motor,4,40,3,3,201,unstratified_random,29,90,101.07862421817065,Q4_60_80pct,0.19137100625463488,0.6666666666666667,12.758067083642327,3,19.13710062546349,3,80.0,2
160,A2,Sortation conveyor drive,5,80,5,4,201,unstratified_random,90,28,30.303009041002955,Q1_shortest_0_20pct,0.7575759276719763,0.9333333333333333,70.70708658271779,1,75.75759276719764,1,100.0,1
160,A3,Vertical lift motor,4,55,4,4,201,unstratified_random,97,82,79.22371888224494,Q3_40_60pct,0.36621024894204046,0.8,29.29681991536324,2,36.62102489420405,2,80.0,2
160,A4,AGV/shuttle drive unit,2,15,2,2,201,unstratified_random,54,97,127.42576425394527,Q4_60_80pct,0.0,0.4,0.0,4,0.0,4,40.0,5
160,A5,Packing-station roller motor,3,35,3,2,201,unstratified_random,14,107,146.91015946253862,Q5_longest_80_100pct,0.0,0.5333333333333333,0.0,4,0.0,4,60.0,4
161,A1,Inbound conveyor motor,4,40,3,3,202,unstratified_random,34,7,11.177676889867849,Q1_shortest_0_20pct,0.9105785848810573,0.6666666666666667,60.70523899207049,2,91.05785848810572,1,80.0,2
161,A2,Sortation conveyor drive,5,80,5,4,202,unstratified_random,44,109,141.8287484510994,Q5_longest_80_100pct,0.0,0.9333333333333333,0.0,5,0.0,5,100.0,1
161,A3,Vertical lift motor,4,55,4,4,202,unstratified_random,42,10,15.95535794283765,Q1_shortest_0_20pct,0.8723571364572988,0.8,69.78857091658391,1,87.23571364572989,2,80.0,2
161,A4,AGV/shuttle drive unit,2,15,2,2,202,unstratified_random,18,28,60.32803578156674,Q2_20_40pct,0.5173757137474662,0.4,20.695028549898648,3,51.737571374746615,3,40.0,5
161,A5,Packing-station roller motor,3,35,3,2,202,unstratified_random,26,119,123.02499684692152,Q4_60_80pct,0.015800025224627756,0.5333333333333333,0.842668011980147,4,1.5800025224627756,4,60.0,4
162,A1,Inbound conveyor motor,4,40,3,3,203,unstratified_random,93,85,42.17809886645809,Q2_20_40pct,0.6625752090683352,0.6666666666666667,44.17168060455568,2,66.25752090683352,4,80.0,2
162,A2,Sortation conveyor drive,5,80,5,4,203,unstratified_random,35,11,10.318035788709574,Q1_shortest_0_20pct,0.9174557136903234,0.9333333333333333,85.6291999444302,1,91.74557136903235,2,100.0,1
162,A3,Vertical lift motor,4,55,4,4,203,unstratified_random,98,59,85.21286900885234,Q3_40_60pct,0.31829704792918134,0.8,25.46376383433451,5,31.829704792918136,5,80.0,2
162,A4,AGV/shuttle drive unit,2,15,2,2,203,unstratified_random,76,10,10.049433434661326,Q1_shortest_0_20pct,0.9196045325227094,0.4,36.78418130090838,4,91.96045325227094,1,40.0,5
162,A5,Packing-station roller motor,3,35,3,2,203,unstratified_random,31,8,23.83573742078014,Q1_shortest_0_20pct,0.8093141006337589,0.5333333333333333,43.16341870046714,3,80.93141006337589,3,60.0,4
163,A1,Inbound conveyor motor,4,40,3,3,204,unstratified_random,53,26,32.51632437126566,Q1_shortest_0_20pct,0.7398694050298746,0.6666666666666667,49.32462700199165,1,73.98694050298747,2,80.0,2
163,A2,Sortation conveyor drive,5,80,5,4,204,unstratified_random,22,111,163.77680736738688,Q5_longest_80_100pct,0.0,0.9333333333333333,0.0,4,0.0,4,100.0,1
163,A3,Vertical lift motor,4,55,4,4,204,unstratified_random,72,50,70.20451782538055,Q3_40_60pct,0.4383638573969556,0.8,35.06910859175645,3,43.83638573969556,3,80.0,2
163,A4,AGV/shuttle drive unit,2,15,2,2,204,unstratified_random,88,115,132.4717899153425,Q4_60_80pct,0.0,0.4,0.0,4,0.0,4,40.0,5
163,A5,Packing-station roller motor,3,35,3,2,204,unstratified_random,81,8,12.767256508974471,Q1_shortest_0_20pct,0.8978619479282042,0.5333333333333333,47.88597055617089,2,89.78619479282042,1,60.0,4
164,A1,Inbound conveyor motor,4,40,3,3,205,unstratified_random,89,136,96.67220915776228,Q3_40_60pct,0.22662232673790172,0.6666666666666667,15.108155115860116,4,22.66223267379017,4,80.0,2
164,A2,Sortation conveyor drive,5,80,5,4,205,unstratified_random,98,59,85.21286900885234,Q3_40_60pct,0.31829704792918134,0.9333333333333333,29.70772447339026,3,31.829704792918136,3,100.0,1
164,A3,Vertical lift motor,4,55,4,4,205,unstratified_random,52,29,40.87621681240515,Q2_20_40pct,0.6729902655007588,0.8,53.83922124006071,1,67.29902655007588,2,80.0,2
164,A4,AGV/shuttle drive unit,2,15,2,2,205,unstratified_random,23,113,135.36716530023588,Q4_60_80pct,0.0,0.4,0.0,5,0.0,5,40.0,5
164,A5,Packing-station roller motor,3,35,3,2,205,unstratified_random,42,10,15.95535794283765,Q1_shortest_0_20pct,0.8723571364572988,0.5333333333333333,46.525713944389274,2,87.23571364572989,1,60.0,4
165,A1,Inbound conveyor motor,4,40,3,3,206,unstratified_random,69,121,148.86538698158105,Q5_longest_80_100pct,0.0,0.6666666666666667,0.0,4,0.0,4,80.0,2
165,A2,Sortation conveyor drive,5,80,5,4,206,unstratified_random,84,58,54.07820667708313,Q2_20_40pct,0.567374346583335,0.9333333333333333,52.9549390144446,1,56.7374346583335,2,100.0,1
165,A3,Vertical lift motor,4,55,4,4,206,unstratified_random,39,142,172.98448712201755,Q5_longest_80_100pct,0.0,0.8,0.0,4,0.0,4,80.0,2
165,A4,AGV/shuttle drive unit,2,15,2,2,206,unstratified_random,52,29,40.87621681240515,Q2_20_40pct,0.6729902655007588,0.4,26.919610620030355,2,67.29902655007588,1,40.0,5
165,A5,Packing-station roller motor,3,35,3,2,206,unstratified_random,19,87,106.94874018187056,Q4_60_80pct,0.14441007854503551,0.5333333333333333,7.701870855735227,3,14.441007854503551,3,60.0,4
166,A1,Inbound conveyor motor,4,40,3,3,207,unstratified_random,11,97,99.08741603137932,Q4_60_80pct,0.2073006717489655,0.6666666666666667,13.820044783264368,3,20.73006717489655,3,80.0,2
166,A2,Sortation conveyor drive,5,80,5,4,207,unstratified_random,25,145,153.1932818222736,Q5_longest_80_100pct,0.0,0.9333333333333333,0.0,5,0.0,5,100.0,1
166,A3,Vertical lift motor,4,55,4,4,207,unstratified_random,27,66,114.97611996076007,Q4_60_80pct,0.08019104031391944,0.8,6.415283225113555,4,8.019104031391944,4,80.0,2
166,A4,AGV/shuttle drive unit,2,15,2,2,207,unstratified_random,49,21,13.44996942007384,Q1_shortest_0_20pct,0.8924002446394093,0.4,35.69600978557637,1,89.24002446394093,1,40.0,5
166,A5,Packing-station roller motor,3,35,3,2,207,unstratified_random,80,90,79.47558250502735,Q3_40_60pct,0.36419533995978126,0.5333333333333333,19.42375146452167,2,36.41953399597813,2,60.0,4
167,A1,Inbound conveyor motor,4,40,3,3,208,unstratified_random,68,8,14.299954503479244,Q1_shortest_0_20pct,0.885600363972166,0.6666666666666667,59.04002426481108,1,88.5600363972166,1,80.0,2
167,A2,Sortation conveyor drive,5,80,5,4,208,unstratified_random,84,58,54.07820667708313,Q2_20_40pct,0.567374346583335,0.9333333333333333,52.9549390144446,2,56.7374346583335,4,100.0,1
167,A3,Vertical lift motor,4,55,4,4,208,unstratified_random,94,55,48.61299679912422,Q2_20_40pct,0.6110960256070063,0.8,48.88768204856051,3,61.10960256070063,3,80.0,2
167,A4,AGV/shuttle drive unit,2,15,2,2,208,unstratified_random,86,89,88.09422089781806,Q3_40_60pct,0.29524623281745555,0.4,11.809849312698223,5,29.524623281745555,5,40.0,5
167,A5,Packing-station roller motor,3,35,3,2,208,unstratified_random,93,85,42.17809886645809,Q2_20_40pct,0.6625752090683352,0.5333333333333333,35.33734448364454,4,66.25752090683352,2,60.0,4
168,A1,Inbound conveyor motor,4,40,3,3,209,unstratified_random,60,100,104.41961816061556,Q4_60_80pct,0.16464305471507557,0.6666666666666667,10.976203647671706,4,16.464305471507558,4,80.0,2
168,A2,Sortation conveyor drive,5,80,5,4,209,unstratified_random,28,97,94.6987062048556,Q3_40_60pct,0.2424103503611552,0.9333333333333333,22.624966033707818,3,24.24103503611552,3,100.0,1
168,A3,Vertical lift motor,4,55,4,4,209,unstratified_random,68,8,14.299954503479244,Q1_shortest_0_20pct,0.885600363972166,0.8,70.8480291177733,1,88.5600363972166,1,80.0,2
168,A4,AGV/shuttle drive unit,2,15,2,2,209,unstratified_random,39,142,172.98448712201755,Q5_longest_80_100pct,0.0,0.4,0.0,5,0.0,5,40.0,5
168,A5,Packing-station roller motor,3,35,3,2,209,unstratified_random,58,37,44.85465760060767,Q2_20_40pct,0.6411627391951387,0.5333333333333333,34.1953460904074,2,64.11627391951387,2,60.0,4
169,A1,Inbound conveyor motor,4,40,3,3,210,unstratified_random,60,100,104.41961816061556,Q4_60_80pct,0.16464305471507557,0.6666666666666667,10.976203647671706,3,16.464305471507558,3,80.0,2
169,A2,Sortation conveyor drive,5,80,5,4,210,unstratified_random,26,119,123.02499684692152,Q4_60_80pct,0.015800025224627756,0.9333333333333333,1.4746690209652573,4,1.5800025224627756,4,100.0,1
169,A3,Vertical lift motor,4,55,4,4,210,unstratified_random,71,118,142.21779435736028,Q5_longest_80_100pct,0.0,0.8,0.0,5,0.0,5,80.0,2
169,A4,AGV/shuttle drive unit,2,15,2,2,210,unstratified_random,68,8,14.299954503479244,Q1_shortest_0_20pct,0.885600363972166,0.4,35.42401455888665,1,88.5600363972166,1,40.0,5
169,A5,Packing-station roller motor,3,35,3,2,210,unstratified_random,63,72,60.45894799885493,Q2_20_40pct,0.5163284160091606,0.5333333333333333,27.537515520488565,2,51.63284160091606,2,60.0,4
170,A1,Inbound conveyor motor,4,40,3,3,211,unstratified_random,16,84,112.36753252847032,Q4_60_80pct,0.10105973977223748,0.6666666666666667,6.737315984815833,4,10.105973977223748,4,80.0,2
170,A2,Sortation conveyor drive,5,80,5,4,211,unstratified_random,38,50,47.55990877981797,Q2_20_40pct,0.6195207297614562,0.9333333333333333,57.82193477773591,1,61.95207297614562,2,100.0,1
170,A3,Vertical lift motor,4,55,4,4,211,unstratified_random,77,34,40.64323409645428,Q2_20_40pct,0.6748541272283658,0.8,53.98833017826927,2,67.48541272283659,1,80.0,2
170,A4,AGV/shuttle drive unit,2,15,2,2,211,unstratified_random,8,95,75.96907893735971,Q3_40_60pct,0.3922473685011223,0.4,15.689894740044892,3,39.22473685011223,3,40.0,5
170,A5,Packing-station roller motor,3,35,3,2,211,unstratified_random,44,109,141.8287484510994,Q5_longest_80_100pct,0.0,0.5333333333333333,0.0,5,0.0,5,60.0,4
171,A1,Inbound conveyor motor,4,40,3,3,212,unstratified_random,30,115,88.96761601985438,Q3_40_60pct,0.28825907184116495,0.6666666666666667,19.217271456077665,3,28.825907184116495,3,80.0,2
171,A2,Sortation conveyor drive,5,80,5,4,212,unstratified_random,56,15,16.158144448588526,Q1_shortest_0_20pct,0.8707348444112918,0.9333333333333333,81.26858547838724,1,87.07348444112918,1,100.0,1
171,A3,Vertical lift motor,4,55,4,4,212,unstratified_random,31,8,23.83573742078014,Q1_shortest_0_20pct,0.8093141006337589,0.8,64.74512805070071,2,80.93141006337589,2,80.0,2
171,A4,AGV/shuttle drive unit,2,15,2,2,212,unstratified_random,1,112,181.7937722618632,Q5_longest_80_100pct,0.0,0.4,0.0,5,0.0,5,40.0,5
171,A5,Packing-station roller motor,3,35,3,2,212,unstratified_random,79,63,95.26087986485147,Q3_40_60pct,0.2379129610811882,0.5333333333333333,12.688691257663372,4,23.79129610811882,4,60.0,4
172,A1,Inbound conveyor motor,4,40,3,3,213,unstratified_random,70,94,86.32146123836584,Q3_40_60pct,0.30942831009307326,0.6666666666666667,20.628554006204887,4,30.942831009307326,4,80.0,2
172,A2,Sortation conveyor drive,5,80,5,4,213,unstratified_random,23,113,135.36716530023588,Q4_60_80pct,0.0,0.9333333333333333,0.0,5,0.0,5,100.0,1
172,A3,Vertical lift motor,4,55,4,4,213,unstratified_random,64,28,47.55027096178691,Q2_20_40pct,0.6195978323057048,0.8,49.567826584456384,1,61.95978323057047,1,80.0,2
172,A4,AGV/shuttle drive unit,2,15,2,2,213,unstratified_random,17,50,51.778940468972905,Q2_20_40pct,0.5857684762482167,0.4,23.43073904992867,3,58.57684762482167,2,40.0,5
172,A5,Packing-station roller motor,3,35,3,2,213,unstratified_random,43,59,63.79604805149177,Q2_20_40pct,0.4896316155880658,0.5333333333333333,26.11368616469684,2,48.963161558806576,3,60.0,4
173,A1,Inbound conveyor motor,4,40,3,3,214,unstratified_random,42,10,15.95535794283765,Q1_shortest_0_20pct,0.8723571364572988,0.6666666666666667,58.1571424304866,1,87.23571364572989,1,80.0,2
173,A2,Sortation conveyor drive,5,80,5,4,214,unstratified_random,12,124,90.15767382323185,Q3_40_60pct,0.2787386094141452,0.9333333333333333,26.015603545320218,3,27.87386094141452,3,100.0,1
173,A3,Vertical lift motor,4,55,4,4,214,unstratified_random,37,21,54.159061654098565,Q2_20_40pct,0.5667275067672115,0.8,45.33820054137692,2,56.67275067672115,2,80.0,2
173,A4,AGV/shuttle drive unit,2,15,2,2,214,unstratified_random,10,96,99.04426828245136,Q3_40_60pct,0.20764585374038913,0.4,8.305834149615565,4,20.764585374038912,4,40.0,5
173,A5,Packing-station roller motor,3,35,3,2,214,unstratified_random,1,112,181.7937722618632,Q5_longest_80_100pct,0.0,0.5333333333333333,0.0,5,0.0,5,60.0,4
174,A1,Inbound conveyor motor,4,40,3,3,215,unstratified_random,89,136,96.67220915776228,Q3_40_60pct,0.22662232673790172,0.6666666666666667,15.108155115860116,4,22.66223267379017,4,80.0,2
174,A2,Sortation conveyor drive,5,80,5,4,215,unstratified_random,84,58,54.07820667708313,Q2_20_40pct,0.567374346583335,0.9333333333333333,52.9549390144446,1,56.7374346583335,1,100.0,1
174,A3,Vertical lift motor,4,55,4,4,215,unstratified_random,21,57,67.90605820026097,Q2_20_40pct,0.4567515343979123,0.8,36.54012275183299,2,45.67515343979123,2,80.0,2
174,A4,AGV/shuttle drive unit,2,15,2,2,215,unstratified_random,5,91,97.4316568366386,Q3_40_60pct,0.22054674530689122,0.4,8.821869812275649,5,22.054674530689123,5,40.0,5
174,A5,Packing-station roller motor,3,35,3,2,215,unstratified_random,57,103,83.29315372594353,Q3_40_60pct,0.3336547701924518,0.5333333333333333,17.794921076930763,3,33.36547701924518,3,60.0,4
175,A1,Inbound conveyor motor,4,40,3,3,216,unstratified_random,22,111,163.77680736738688,Q5_longest_80_100pct,0.0,0.6666666666666667,0.0,3,0.0,3,80.0,2
175,A2,Sortation conveyor drive,5,80,5,4,216,unstratified_random,73,131,128.00577343113736,Q4_60_80pct,0.0,0.9333333333333333,0.0,3,0.0,3,100.0,1
175,A3,Vertical lift motor,4,55,4,4,216,unstratified_random,45,114,76.03056963373365,Q3_40_60pct,0.39175544293013076,0.8,31.340435434410463,2,39.175544293013076,2,80.0,2
175,A4,AGV/shuttle drive unit,2,15,2,2,216,unstratified_random,95,128,130.5679549560598,Q4_60_80pct,0.0,0.4,0.0,3,0.0,3,40.0,5
175,A5,Packing-station roller motor,3,35,3,2,216,unstratified_random,90,28,30.303009041002955,Q1_shortest_0_20pct,0.7575759276719763,0.5333333333333333,40.40404947583874,1,75.75759276719764,1,60.0,4
176,A1,Inbound conveyor motor,4,40,3,3,217,unstratified_random,93,85,42.17809886645809,Q2_20_40pct,0.6625752090683352,0.6666666666666667,44.17168060455568,2,66.25752090683352,1,80.0,2
176,A2,Sortation conveyor drive,5,80,5,4,217,unstratified_random,71,118,142.21779435736028,Q5_longest_80_100pct,0.0,0.9333333333333333,0.0,5,0.0,5,100.0,1
176,A3,Vertical lift motor,4,55,4,4,217,unstratified_random,84,58,54.07820667708313,Q2_20_40pct,0.567374346583335,0.8,45.389947726666804,1,56.7374346583335,2,80.0,2
176,A4,AGV/shuttle drive unit,2,15,2,2,217,unstratified_random,98,59,85.21286900885234,Q3_40_60pct,0.31829704792918134,0.4,12.731881917167255,4,31.829704792918136,4,40.0,5
176,A5,Packing-station roller motor,3,35,3,2,217,unstratified_random,72,50,70.20451782538055,Q3_40_60pct,0.4383638573969556,0.5333333333333333,23.379405727837632,3,43.83638573969556,3,60.0,4
177,A1,Inbound conveyor motor,4,40,3,3,218,unstratified_random,57,103,83.29315372594353,Q3_40_60pct,0.3336547701924518,0.6666666666666667,22.243651346163457,1,33.36547701924518,1,80.0,2
177,A2,Sortation conveyor drive,5,80,5,4,218,unstratified_random,89,136,96.67220915776228,Q3_40_60pct,0.22662232673790172,0.9333333333333333,21.15141716220416,2,22.66223267379017,2,100.0,1
177,A3,Vertical lift motor,4,55,4,4,218,unstratified_random,96,137,137.09402180530702,Q5_longest_80_100pct,0.0,0.8,0.0,5,0.0,5,80.0,2
177,A4,AGV/shuttle drive unit,2,15,2,2,218,unstratified_random,55,137,118.91039914419324,Q4_60_80pct,0.048716806846454075,0.4,1.948672273858163,4,4.8716806846454075,4,40.0,5
177,A5,Packing-station roller motor,3,35,3,2,218,unstratified_random,60,100,104.41961816061556,Q4_60_80pct,0.16464305471507557,0.5333333333333333,8.780962918137364,3,16.464305471507558,3,60.0,4
178,A1,Inbound conveyor motor,4,40,3,3,219,unstratified_random,15,83,158.0175356684317,Q5_longest_80_100pct,0.0,0.6666666666666667,0.0,4,0.0,4,80.0,2
178,A2,Sortation conveyor drive,5,80,5,4,219,unstratified_random,30,115,88.96761601985438,Q3_40_60pct,0.28825907184116495,0.9333333333333333,26.90418003850873,2,28.825907184116495,3,100.0,1
178,A3,Vertical lift motor,4,55,4,4,219,unstratified_random,98,59,85.21286900885234,Q3_40_60pct,0.31829704792918134,0.8,25.46376383433451,3,31.829704792918136,2,80.0,2
178,A4,AGV/shuttle drive unit,2,15,2,2,219,unstratified_random,67,77,138.84222319134904,Q5_longest_80_100pct,0.0,0.4,0.0,4,0.0,4,40.0,5
178,A5,Packing-station roller motor,3,35,3,2,219,unstratified_random,100,20,23.88622641030998,Q1_shortest_0_20pct,0.8089101887175202,0.5333333333333333,43.14187673160108,1,80.89101887175202,1,60.0,4
179,A1,Inbound conveyor motor,4,40,3,3,220,unstratified_random,76,10,10.049433434661326,Q1_shortest_0_20pct,0.9196045325227094,0.6666666666666667,61.3069688348473,1,91.96045325227094,1,80.0,2
179,A2,Sortation conveyor drive,5,80,5,4,220,unstratified_random,87,116,144.3579823471946,Q5_longest_80_100pct,0.0,0.9333333333333333,0.0,5,0.0,5,100.0,1
179,A3,Vertical lift motor,4,55,4,4,220,unstratified_random,18,28,60.32803578156674,Q2_20_40pct,0.5173757137474662,0.8,41.390057099797296,2,51.737571374746615,4,80.0,2
179,A4,AGV/shuttle drive unit,2,15,2,2,220,unstratified_random,56,15,16.158144448588526,Q1_shortest_0_20pct,0.8707348444112918,0.4,34.829393776451674,4,87.07348444112918,2,40.0,5
179,A5,Packing-station roller motor,3,35,3,2,220,unstratified_random,24,20,32.316305129135706,Q1_shortest_0_20pct,0.7414695589669144,0.5333333333333333,39.5450431449021,3,74.14695589669144,3,60.0,4
180,A1,Inbound conveyor motor,4,40,3,3,221,unstratified_random,45,114,76.03056963373365,Q3_40_60pct,0.39175544293013076,0.6666666666666667,26.117029528675385,3,39.175544293013076,3,80.0,2
180,A2,Sortation conveyor drive,5,80,5,4,221,unstratified_random,26,119,123.02499684692152,Q4_60_80pct,0.015800025224627756,0.9333333333333333,1.4746690209652573,4,1.5800025224627756,4,100.0,1
180,A3,Vertical lift motor,4,55,4,4,221,unstratified_random,48,92,128.30022813454278,Q4_60_80pct,0.0,0.8,0.0,5,0.0,5,80.0,2
180,A4,AGV/shuttle drive unit,2,15,2,2,221,unstratified_random,35,11,10.318035788709574,Q1_shortest_0_20pct,0.9174557136903234,0.4,36.69822854761294,2,91.74557136903235,1,40.0,5
180,A5,Packing-station roller motor,3,35,3,2,221,unstratified_random,100,20,23.88622641030998,Q1_shortest_0_20pct,0.8089101887175202,0.5333333333333333,43.14187673160108,1,80.89101887175202,2,60.0,4
181,A1,Inbound conveyor motor,4,40,3,3,222,unstratified_random,37,21,54.159061654098565,Q2_20_40pct,0.5667275067672115,0.6666666666666667,37.781833784480774,3,56.67275067672115,3,80.0,2
181,A2,Sortation conveyor drive,5,80,5,4,222,unstratified_random,40,28,26.358548153514647,Q1_shortest_0_20pct,0.7891316147718828,0.9333333333333333,73.65228404537574,1,78.91316147718828,2,100.0,1
181,A3,Vertical lift motor,4,55,4,4,222,unstratified_random,34,7,11.177676889867849,Q1_shortest_0_20pct,0.9105785848810573,0.8,72.84628679048458,2,91.05785848810572,1,80.0,2
181,A4,AGV/shuttle drive unit,2,15,2,2,222,unstratified_random,2,98,142.91341211911944,Q5_longest_80_100pct,0.0,0.4,0.0,5,0.0,5,40.0,5
181,A5,Packing-station roller motor,3,35,3,2,222,unstratified_random,70,94,86.32146123836584,Q3_40_60pct,0.30942831009307326,0.5333333333333333,16.502843204963906,4,30.942831009307326,4,60.0,4
182,A1,Inbound conveyor motor,4,40,3,3,223,unstratified_random,87,116,144.3579823471946,Q5_longest_80_100pct,0.0,0.6666666666666667,0.0,4,0.0,4,80.0,2
182,A2,Sortation conveyor drive,5,80,5,4,223,unstratified_random,74,126,94.81409660307276,Q3_40_60pct,0.24148722717541793,0.9333333333333333,22.538807869705675,3,24.148722717541794,3,100.0,1
182,A3,Vertical lift motor,4,55,4,4,223,unstratified_random,33,106,142.7935583123275,Q5_longest_80_100pct,0.0,0.8,0.0,4,0.0,4,80.0,2
182,A4,AGV/shuttle drive unit,2,15,2,2,223,unstratified_random,52,29,40.87621681240515,Q2_20_40pct,0.6729902655007588,0.4,26.919610620030355,2,67.29902655007588,1,40.0,5
182,A5,Packing-station roller motor,3,35,3,2,223,unstratified_random,41,18,59.85486006548725,Q2_20_40pct,0.521161119476102,0.5333333333333333,27.795259705392105,1,52.1161119476102,2,60.0,4
183,A1,Inbound conveyor motor,4,40,3,3,224,unstratified_random,53,26,32.51632437126566,Q1_shortest_0_20pct,0.7398694050298746,0.6666666666666667,49.32462700199165,2,73.98694050298747,2,80.0,2
183,A2,Sortation conveyor drive,5,80,5,4,224,unstratified_random,50,79,131.9611497166465,Q4_60_80pct,0.0,0.9333333333333333,0.0,5,0.0,5,100.0,1
183,A3,Vertical lift motor,4,55,4,4,224,unstratified_random,40,28,26.358548153514647,Q1_shortest_0_20pct,0.7891316147718828,0.8,63.13052918175063,1,78.91316147718828,1,80.0,2
183,A4,AGV/shuttle drive unit,2,15,2,2,224,unstratified_random,80,90,79.47558250502735,Q3_40_60pct,0.36419533995978126,0.4,14.567813598391252,3,36.41953399597813,3,40.0,5
183,A5,Packing-station roller motor,3,35,3,2,224,unstratified_random,26,119,123.02499684692152,Q4_60_80pct,0.015800025224627756,0.5333333333333333,0.842668011980147,4,1.5800025224627756,4,60.0,4
184,A1,Inbound conveyor motor,4,40,3,3,225,unstratified_random,56,15,16.158144448588526,Q1_shortest_0_20pct,0.8707348444112918,0.6666666666666667,58.04898962741946,1,87.07348444112918,1,80.0,2
184,A2,Sortation conveyor drive,5,80,5,4,225,unstratified_random,59,114,150.6488483670163,Q5_longest_80_100pct,0.0,0.9333333333333333,0.0,4,0.0,4,100.0,1
184,A3,Vertical lift motor,4,55,4,4,225,unstratified_random,43,59,63.79604805149177,Q2_20_40pct,0.4896316155880658,0.8,39.170529247045266,2,48.963161558806576,2,80.0,2
184,A4,AGV/shuttle drive unit,2,15,2,2,225,unstratified_random,83,137,136.40747067846124,Q5_longest_80_100pct,0.0,0.4,0.0,4,0.0,4,40.0,5
184,A5,Packing-station roller motor,3,35,3,2,225,unstratified_random,26,119,123.02499684692152,Q4_60_80pct,0.015800025224627756,0.5333333333333333,0.842668011980147,3,1.5800025224627756,3,60.0,4
185,A1,Inbound conveyor motor,4,40,3,3,226,unstratified_random,86,89,88.09422089781806,Q3_40_60pct,0.29524623281745555,0.6666666666666667,19.683082187830372,2,29.524623281745555,3,80.0,2
185,A2,Sortation conveyor drive,5,80,5,4,226,unstratified_random,66,14,11.46932688270492,Q1_shortest_0_20pct,0.9082453849383606,0.9333333333333333,84.76956926091366,1,90.82453849383606,1,100.0,1
185,A3,Vertical lift motor,4,55,4,4,226,unstratified_random,83,137,136.40747067846124,Q5_longest_80_100pct,0.0,0.8,0.0,4,0.0,4,80.0,2
185,A4,AGV/shuttle drive unit,2,15,2,2,226,unstratified_random,70,94,86.32146123836584,Q3_40_60pct,0.30942831009307326,0.4,12.377132403722932,3,30.942831009307326,2,40.0,5
185,A5,Packing-station roller motor,3,35,3,2,226,unstratified_random,23,113,135.36716530023588,Q4_60_80pct,0.0,0.5333333333333333,0.0,4,0.0,4,60.0,4
186,A1,Inbound conveyor motor,4,40,3,3,227,unstratified_random,99,117,132.87361758142774,Q4_60_80pct,0.0,0.6666666666666667,0.0,4,0.0,4,80.0,2
186,A2,Sortation conveyor drive,5,80,5,4,227,unstratified_random,86,89,88.09422089781806,Q3_40_60pct,0.29524623281745555,0.9333333333333333,27.55631506296252,3,29.524623281745555,3,100.0,1
186,A3,Vertical lift motor,4,55,4,4,227,unstratified_random,49,21,13.44996942007384,Q1_shortest_0_20pct,0.8924002446394093,0.8,71.39201957115274,1,89.24002446394093,1,80.0,2
186,A4,AGV/shuttle drive unit,2,15,2,2,227,unstratified_random,25,145,153.1932818222736,Q5_longest_80_100pct,0.0,0.4,0.0,4,0.0,4,40.0,5
186,A5,Packing-station roller motor,3,35,3,2,227,unstratified_random,40,28,26.358548153514647,Q1_shortest_0_20pct,0.7891316147718828,0.5333333333333333,42.087019454500414,2,78.91316147718828,2,60.0,4
187,A1,Inbound conveyor motor,4,40,3,3,228,unstratified_random,29,90,101.07862421817065,Q4_60_80pct,0.19137100625463488,0.6666666666666667,12.758067083642327,4,19.13710062546349,4,80.0,2
187,A2,Sortation conveyor drive,5,80,5,4,228,unstratified_random,45,114,76.03056963373365,Q3_40_60pct,0.39175544293013076,0.9333333333333333,36.56384134014554,2,39.175544293013076,2,100.0,1
187,A3,Vertical lift motor,4,55,4,4,228,unstratified_random,64,28,47.55027096178691,Q2_20_40pct,0.6195978323057048,0.8,49.567826584456384,1,61.95978323057047,1,80.0,2
187,A4,AGV/shuttle drive unit,2,15,2,2,228,unstratified_random,65,128,151.46723766284128,Q5_longest_80_100pct,0.0,0.4,0.0,5,0.0,5,40.0,5
187,A5,Packing-station roller motor,3,35,3,2,228,unstratified_random,57,103,83.29315372594353,Q3_40_60pct,0.3336547701924518,0.5333333333333333,17.794921076930763,3,33.36547701924518,3,60.0,4
188,A1,Inbound conveyor motor,4,40,3,3,229,unstratified_random,91,38,26.859272201960557,Q1_shortest_0_20pct,0.7851258223843156,0.6666666666666667,52.34172149228771,2,78.51258223843156,2,80.0,2
188,A2,Sortation conveyor drive,5,80,5,4,229,unstratified_random,34,7,11.177676889867849,Q1_shortest_0_20pct,0.9105785848810573,0.9333333333333333,84.98733458889868,1,91.05785848810572,1,100.0,1
188,A3,Vertical lift motor,4,55,4,4,229,unstratified_random,1,112,181.7937722618632,Q5_longest_80_100pct,0.0,0.8,0.0,5,0.0,5,80.0,2
188,A4,AGV/shuttle drive unit,2,15,2,2,229,unstratified_random,86,89,88.09422089781806,Q3_40_60pct,0.29524623281745555,0.4,11.809849312698223,4,29.524623281745555,4,40.0,5
188,A5,Packing-station roller motor,3,35,3,2,229,unstratified_random,52,29,40.87621681240515,Q2_20_40pct,0.6729902655007588,0.5333333333333333,35.892814160040466,3,67.29902655007588,3,60.0,4
189,A1,Inbound conveyor motor,4,40,3,3,230,unstratified_random,1,112,181.7937722618632,Q5_longest_80_100pct,0.0,0.6666666666666667,0.0,3,0.0,3,80.0,2
189,A2,Sortation conveyor drive,5,80,5,4,230,unstratified_random,52,29,40.87621681240515,Q2_20_40pct,0.6729902655007588,0.9333333333333333,62.81242478007082,1,67.29902655007588,1,100.0,1
189,A3,Vertical lift motor,4,55,4,4,230,unstratified_random,87,116,144.3579823471946,Q5_longest_80_100pct,0.0,0.8,0.0,3,0.0,3,80.0,2
189,A4,AGV/shuttle drive unit,2,15,2,2,230,unstratified_random,58,37,44.85465760060767,Q2_20_40pct,0.6411627391951387,0.4,25.646509567805552,2,64.11627391951387,2,40.0,5
189,A5,Packing-station roller motor,3,35,3,2,230,unstratified_random,15,83,158.0175356684317,Q5_longest_80_100pct,0.0,0.5333333333333333,0.0,3,0.0,3,60.0,4
190,A1,Inbound conveyor motor,4,40,3,3,231,unstratified_random,12,124,90.15767382323185,Q3_40_60pct,0.2787386094141452,0.6666666666666667,18.582573960943016,2,27.87386094141452,2,80.0,2
190,A2,Sortation conveyor drive,5,80,5,4,231,unstratified_random,87,116,144.3579823471946,Q5_longest_80_100pct,0.0,0.9333333333333333,0.0,3,0.0,3,100.0,1
190,A3,Vertical lift motor,4,55,4,4,231,unstratified_random,54,97,127.42576425394527,Q4_60_80pct,0.0,0.8,0.0,3,0.0,3,80.0,2
190,A4,AGV/shuttle drive unit,2,15,2,2,231,unstratified_random,48,92,128.30022813454278,Q4_60_80pct,0.0,0.4,0.0,3,0.0,3,40.0,5
190,A5,Packing-station roller motor,3,35,3,2,231,unstratified_random,20,16,23.928748965669588,Q1_shortest_0_20pct,0.8085700082746433,0.5333333333333333,43.12373377464765,1,80.85700082746433,1,60.0,4
191,A1,Inbound conveyor motor,4,40,3,3,232,unstratified_random,64,28,47.55027096178691,Q2_20_40pct,0.6195978323057048,0.6666666666666667,41.30652215371365,1,61.95978323057047,1,80.0,2
191,A2,Sortation conveyor drive,5,80,5,4,232,unstratified_random,57,103,83.29315372594353,Q3_40_60pct,0.3336547701924518,0.9333333333333333,31.141111884628838,3,33.36547701924518,3,100.0,1
191,A3,Vertical lift motor,4,55,4,4,232,unstratified_random,63,72,60.45894799885493,Q2_20_40pct,0.5163284160091606,0.8,41.30627328073285,2,51.63284160091606,2,80.0,2
191,A4,AGV/shuttle drive unit,2,15,2,2,232,unstratified_random,67,77,138.84222319134904,Q5_longest_80_100pct,0.0,0.4,0.0,4,0.0,4,40.0,5
191,A5,Packing-station roller motor,3,35,3,2,232,unstratified_random,85,118,162.2981284023822,Q5_longest_80_100pct,0.0,0.5333333333333333,0.0,4,0.0,4,60.0,4
192,A1,Inbound conveyor motor,4,40,3,3,233,unstratified_random,8,95,75.96907893735971,Q3_40_60pct,0.3922473685011223,0.6666666666666667,26.14982456674149,2,39.22473685011223,2,80.0,2
192,A2,Sortation conveyor drive,5,80,5,4,233,unstratified_random,79,63,95.26087986485147,Q3_40_60pct,0.2379129610811882,0.9333333333333333,22.2052097009109,4,23.79129610811882,4,100.0,1
192,A3,Vertical lift motor,4,55,4,4,233,unstratified_random,97,82,79.22371888224494,Q3_40_60pct,0.36621024894204046,0.8,29.29681991536324,1,36.62102489420405,3,80.0,2
192,A4,AGV/shuttle drive unit,2,15,2,2,233,unstratified_random,58,37,44.85465760060767,Q2_20_40pct,0.6411627391951387,0.4,25.646509567805552,3,64.11627391951387,1,40.0,5
192,A5,Packing-station roller motor,3,35,3,2,233,unstratified_random,10,96,99.04426828245136,Q3_40_60pct,0.20764585374038913,0.5333333333333333,11.074445532820754,5,20.764585374038912,5,60.0,4
193,A1,Inbound conveyor motor,4,40,3,3,234,unstratified_random,31,8,23.83573742078014,Q1_shortest_0_20pct,0.8093141006337589,0.6666666666666667,53.95427337558394,1,80.93141006337589,1,80.0,2
193,A2,Sortation conveyor drive,5,80,5,4,234,unstratified_random,10,96,99.04426828245136,Q3_40_60pct,0.20764585374038913,0.9333333333333333,19.380279682436317,2,20.764585374038912,3,100.0,1
193,A3,Vertical lift motor,4,55,4,4,234,unstratified_random,44,109,141.8287484510994,Q5_longest_80_100pct,0.0,0.8,0.0,4,0.0,4,80.0,2
193,A4,AGV/shuttle drive unit,2,15,2,2,234,unstratified_random,45,114,76.03056963373365,Q3_40_60pct,0.39175544293013076,0.4,15.670217717205231,3,39.175544293013076,2,40.0,5
193,A5,Packing-station roller motor,3,35,3,2,234,unstratified_random,78,107,158.8500624677376,Q5_longest_80_100pct,0.0,0.5333333333333333,0.0,4,0.0,4,60.0,4
194,A1,Inbound conveyor motor,4,40,3,3,235,unstratified_random,49,21,13.44996942007384,Q1_shortest_0_20pct,0.8924002446394093,0.6666666666666667,59.493349642627294,1,89.24002446394093,1,80.0,2
194,A2,Sortation conveyor drive,5,80,5,4,235,unstratified_random,7,91,94.3787722014587,Q3_40_60pct,0.24496982238833043,0.9333333333333333,22.863850089577507,3,24.49698223883304,4,100.0,1
194,A3,Vertical lift motor,4,55,4,4,235,unstratified_random,21,57,67.90605820026097,Q2_20_40pct,0.4567515343979123,0.8,36.54012275183299,2,45.67515343979123,2,80.0,2
194,A4,AGV/shuttle drive unit,2,15,2,2,235,unstratified_random,98,59,85.21286900885234,Q3_40_60pct,0.31829704792918134,0.4,12.731881917167255,4,31.829704792918136,3,40.0,5
194,A5,Packing-station roller motor,3,35,3,2,235,unstratified_random,65,128,151.46723766284128,Q5_longest_80_100pct,0.0,0.5333333333333333,0.0,5,0.0,5,60.0,4
195,A1,Inbound conveyor motor,4,40,3,3,236,unstratified_random,81,8,12.767256508974471,Q1_shortest_0_20pct,0.8978619479282042,0.6666666666666667,59.857463195213626,2,89.78619479282042,1,80.0,2
195,A2,Sortation conveyor drive,5,80,5,4,236,unstratified_random,52,29,40.87621681240515,Q2_20_40pct,0.6729902655007588,0.9333333333333333,62.81242478007082,1,67.29902655007588,2,100.0,1
195,A3,Vertical lift motor,4,55,4,4,236,unstratified_random,94,55,48.61299679912422,Q2_20_40pct,0.6110960256070063,0.8,48.88768204856051,3,61.10960256070063,3,80.0,2
195,A4,AGV/shuttle drive unit,2,15,2,2,236,unstratified_random,32,48,58.21837314904572,Q2_20_40pct,0.5342530148076343,0.4,21.370120592305373,4,53.42530148076343,4,40.0,5
195,A5,Packing-station roller motor,3,35,3,2,236,unstratified_random,65,128,151.46723766284128,Q5_longest_80_100pct,0.0,0.5333333333333333,0.0,5,0.0,5,60.0,4
196,A1,Inbound conveyor motor,4,40,3,3,237,unstratified_random,92,20,25.16213385236525,Q1_shortest_0_20pct,0.798702929181078,0.6666666666666667,53.2468619454052,1,79.8702929181078,2,80.0,2
196,A2,Sortation conveyor drive,5,80,5,4,237,unstratified_random,9,111,137.60480848618022,Q5_longest_80_100pct,0.0,0.9333333333333333,0.0,5,0.0,5,100.0,1
196,A3,Vertical lift motor,4,55,4,4,237,unstratified_random,21,57,67.90605820026097,Q2_20_40pct,0.4567515343979123,0.8,36.54012275183299,3,45.67515343979123,3,80.0,2
196,A4,AGV/shuttle drive unit,2,15,2,2,237,unstratified_random,76,10,10.049433434661326,Q1_shortest_0_20pct,0.9196045325227094,0.4,36.78418130090838,2,91.96045325227094,1,40.0,5
196,A5,Packing-station roller motor,3,35,3,2,237,unstratified_random,47,135,121.81629897102604,Q4_60_80pct,0.025469608231791674,0.5333333333333333,1.3583791056955559,4,2.5469608231791674,4,60.0,4
197,A1,Inbound conveyor motor,4,40,3,3,238,unstratified_random,63,72,60.45894799885493,Q2_20_40pct,0.5163284160091606,0.6666666666666667,34.42189440061071,2,51.63284160091606,2,80.0,2
197,A2,Sortation conveyor drive,5,80,5,4,238,unstratified_random,85,118,162.2981284023822,Q5_longest_80_100pct,0.0,0.9333333333333333,0.0,4,0.0,4,100.0,1
197,A3,Vertical lift motor,4,55,4,4,238,unstratified_random,40,28,26.358548153514647,Q1_shortest_0_20pct,0.7891316147718828,0.8,63.13052918175063,1,78.91316147718828,1,80.0,2
197,A4,AGV/shuttle drive unit,2,15,2,2,238,unstratified_random,28,97,94.6987062048556,Q3_40_60pct,0.2424103503611552,0.4,9.696414014446209,3,24.24103503611552,3,40.0,5
197,A5,Packing-station roller motor,3,35,3,2,238,unstratified_random,1,112,181.7937722618632,Q5_longest_80_100pct,0.0,0.5333333333333333,0.0,4,0.0,4,60.0,4
198,A1,Inbound conveyor motor,4,40,3,3,239,unstratified_random,80,90,79.47558250502735,Q3_40_60pct,0.36419533995978126,0.6666666666666667,24.279689330652086,1,36.41953399597813,1,80.0,2
198,A2,Sortation conveyor drive,5,80,5,4,239,unstratified_random,23,113,135.36716530023588,Q4_60_80pct,0.0,0.9333333333333333,0.0,2,0.0,2,100.0,1
198,A3,Vertical lift motor,4,55,4,4,239,unstratified_random,2,98,142.91341211911944,Q5_longest_80_100pct,0.0,0.8,0.0,2,0.0,2,80.0,2
198,A4,AGV/shuttle drive unit,2,15,2,2,239,unstratified_random,25,145,153.1932818222736,Q5_longest_80_100pct,0.0,0.4,0.0,2,0.0,2,40.0,5
198,A5,Packing-station roller motor,3,35,3,2,239,unstratified_random,99,117,132.87361758142774,Q4_60_80pct,0.0,0.5333333333333333,0.0,2,0.0,2,60.0,4
199,A1,Inbound conveyor motor,4,40,3,3,240,unstratified_random,38,50,47.55990877981797,Q2_20_40pct,0.6195207297614562,0.6666666666666667,41.301381984097084,1,61.95207297614562,3,80.0,2
199,A2,Sortation conveyor drive,5,80,5,4,240,unstratified_random,86,89,88.09422089781806,Q3_40_60pct,0.29524623281745555,0.9333333333333333,27.55631506296252,4,29.524623281745555,4,100.0,1
199,A3,Vertical lift motor,4,55,4,4,240,unstratified_random,2,98,142.91341211911944,Q5_longest_80_100pct,0.0,0.8,0.0,5,0.0,5,80.0,2
199,A4,AGV/shuttle drive unit,2,15,2,2,240,unstratified_random,56,15,16.158144448588526,Q1_shortest_0_20pct,0.8707348444112918,0.4,34.829393776451674,2,87.07348444112918,1,40.0,5
199,A5,Packing-station roller motor,3,35,3,2,240,unstratified_random,64,28,47.55027096178691,Q2_20_40pct,0.6195978323057048,0.5333333333333333,33.04521772297092,3,61.95978323057047,2,60.0,4
200,A1,Inbound conveyor motor,4,40,3,3,241,unstratified_random,6,93,105.6201183358804,Q4_60_80pct,0.15503905331295675,0.6666666666666667,10.335936887530451,2,15.503905331295675,2,80.0,2
200,A2,Sortation conveyor drive,5,80,5,4,241,unstratified_random,14,107,146.91015946253862,Q5_longest_80_100pct,0.0,0.9333333333333333,0.0,3,0.0,3,100.0,1
200,A3,Vertical lift motor,4,55,4,4,241,unstratified_random,22,111,163.77680736738688,Q5_longest_80_100pct,0.0,0.8,0.0,3,0.0,3,80.0,2
200,A4,AGV/shuttle drive unit,2,15,2,2,241,unstratified_random,44,109,141.8287484510994,Q5_longest_80_100pct,0.0,0.4,0.0,3,0.0,3,40.0,5
200,A5,Packing-station roller motor,3,35,3,2,241,unstratified_random,36,19,22.29101002400674,Q1_shortest_0_20pct,0.8216719198079461,0.5333333333333333,43.822502389757126,1,82.16719198079461,1,60.0,4
201,A1,Inbound conveyor motor,4,40,3,3,242,unstratified_random,34,7,11.177676889867849,Q1_shortest_0_20pct,0.9105785848810573,0.6666666666666667,60.70523899207049,1,91.05785848810572,1,80.0,2
201,A2,Sortation conveyor drive,5,80,5,4,242,unstratified_random,9,111,137.60480848618022,Q5_longest_80_100pct,0.0,0.9333333333333333,0.0,2,0.0,2,100.0,1
201,A3,Vertical lift motor,4,55,4,4,242,unstratified_random,71,118,142.21779435736028,Q5_longest_80_100pct,0.0,0.8,0.0,2,0.0,2,80.0,2
201,A4,AGV/shuttle drive unit,2,15,2,2,242,unstratified_random,87,116,144.3579823471946,Q5_longest_80_100pct,0.0,0.4,0.0,2,0.0,2,40.0,5
201,A5,Packing-station roller motor,3,35,3,2,242,unstratified_random,44,109,141.8287484510994,Q5_longest_80_100pct,0.0,0.5333333333333333,0.0,2,0.0,2,60.0,4
202,A1,Inbound conveyor motor,4,40,3,3,243,unstratified_random,87,116,144.3579823471946,Q5_longest_80_100pct,0.0,0.6666666666666667,0.0,4,0.0,4,80.0,2
202,A2,Sortation conveyor drive,5,80,5,4,243,unstratified_random,46,47,45.79841882029448,Q2_20_40pct,0.6336126494376442,0.9333333333333333,59.137180614180124,1,63.36126494376442,1,100.0,1
202,A3,Vertical lift motor,4,55,4,4,243,unstratified_random,99,117,132.87361758142774,Q4_60_80pct,0.0,0.8,0.0,4,0.0,4,80.0,2
202,A4,AGV/shuttle drive unit,2,15,2,2,243,unstratified_random,64,28,47.55027096178691,Q2_20_40pct,0.6195978323057048,0.4,24.783913292228192,2,61.95978323057047,2,40.0,5
202,A5,Packing-station roller motor,3,35,3,2,243,unstratified_random,97,82,79.22371888224494,Q3_40_60pct,0.36621024894204046,0.5333333333333333,19.531213276908826,3,36.62102489420405,3,60.0,4
203,A1,Inbound conveyor motor,4,40,3,3,244,unstratified_random,56,15,16.158144448588526,Q1_shortest_0_20pct,0.8707348444112918,0.6666666666666667,58.04898962741946,1,87.07348444112918,1,80.0,2
203,A2,Sortation conveyor drive,5,80,5,4,244,unstratified_random,95,128,130.5679549560598,Q4_60_80pct,0.0,0.9333333333333333,0.0,4,0.0,4,100.0,1
203,A3,Vertical lift motor,4,55,4,4,244,unstratified_random,45,114,76.03056963373365,Q3_40_60pct,0.39175544293013076,0.8,31.340435434410463,2,39.175544293013076,2,80.0,2
203,A4,AGV/shuttle drive unit,2,15,2,2,244,unstratified_random,80,90,79.47558250502735,Q3_40_60pct,0.36419533995978126,0.4,14.567813598391252,3,36.41953399597813,3,40.0,5
203,A5,Packing-station roller motor,3,35,3,2,244,unstratified_random,9,111,137.60480848618022,Q5_longest_80_100pct,0.0,0.5333333333333333,0.0,4,0.0,4,60.0,4
204,A1,Inbound conveyor motor,4,40,3,3,245,unstratified_random,42,10,15.95535794283765,Q1_shortest_0_20pct,0.8723571364572988,0.6666666666666667,58.1571424304866,2,87.23571364572989,1,80.0,2
204,A2,Sortation conveyor drive,5,80,5,4,245,unstratified_random,40,28,26.358548153514647,Q1_shortest_0_20pct,0.7891316147718828,0.9333333333333333,73.65228404537574,1,78.91316147718828,2,100.0,1
204,A3,Vertical lift motor,4,55,4,4,245,unstratified_random,3,69,51.59437184534412,Q2_20_40pct,0.587245025237247,0.8,46.97960201897976,3,58.724502523724695,3,80.0,2
204,A4,AGV/shuttle drive unit,2,15,2,2,245,unstratified_random,47,135,121.81629897102604,Q4_60_80pct,0.025469608231791674,0.4,1.018784329271667,4,2.5469608231791674,4,40.0,5
204,A5,Packing-station roller motor,3,35,3,2,245,unstratified_random,95,128,130.5679549560598,Q4_60_80pct,0.0,0.5333333333333333,0.0,5,0.0,5,60.0,4
205,A1,Inbound conveyor motor,4,40,3,3,246,unstratified_random,69,121,148.86538698158105,Q5_longest_80_100pct,0.0,0.6666666666666667,0.0,3,0.0,3,80.0,2
205,A2,Sortation conveyor drive,5,80,5,4,246,unstratified_random,90,28,30.303009041002955,Q1_shortest_0_20pct,0.7575759276719763,0.9333333333333333,70.70708658271779,1,75.75759276719764,1,100.0,1
205,A3,Vertical lift motor,4,55,4,4,246,unstratified_random,54,97,127.42576425394527,Q4_60_80pct,0.0,0.8,0.0,3,0.0,3,80.0,2
205,A4,AGV/shuttle drive unit,2,15,2,2,246,unstratified_random,25,145,153.1932818222736,Q5_longest_80_100pct,0.0,0.4,0.0,3,0.0,3,40.0,5
205,A5,Packing-station roller motor,3,35,3,2,246,unstratified_random,32,48,58.21837314904572,Q2_20_40pct,0.5342530148076343,0.5333333333333333,28.49349412307383,2,53.42530148076343,2,60.0,4
206,A1,Inbound conveyor motor,4,40,3,3,247,unstratified_random,12,124,90.15767382323185,Q3_40_60pct,0.2787386094141452,0.6666666666666667,18.582573960943016,2,27.87386094141452,2,80.0,2
206,A2,Sortation conveyor drive,5,80,5,4,247,unstratified_random,99,117,132.87361758142774,Q4_60_80pct,0.0,0.9333333333333333,0.0,4,0.0,4,100.0,1
206,A3,Vertical lift motor,4,55,4,4,247,unstratified_random,74,126,94.81409660307276,Q3_40_60pct,0.24148722717541793,0.8,19.318978174033436,1,24.148722717541794,3,80.0,2
206,A4,AGV/shuttle drive unit,2,15,2,2,247,unstratified_random,30,115,88.96761601985438,Q3_40_60pct,0.28825907184116495,0.4,11.530362873646599,3,28.825907184116495,1,40.0,5
206,A5,Packing-station roller motor,3,35,3,2,247,unstratified_random,25,145,153.1932818222736,Q5_longest_80_100pct,0.0,0.5333333333333333,0.0,4,0.0,4,60.0,4
207,A1,Inbound conveyor motor,4,40,3,3,248,unstratified_random,4,82,87.20565932033077,Q3_40_60pct,0.30235472543735387,0.6666666666666667,20.156981695823593,3,30.235472543735387,3,80.0,2
207,A2,Sortation conveyor drive,5,80,5,4,248,unstratified_random,64,28,47.55027096178691,Q2_20_40pct,0.6195978323057048,0.9333333333333333,57.82913101519911,2,61.95978323057047,2,100.0,1
207,A3,Vertical lift motor,4,55,4,4,248,unstratified_random,90,28,30.303009041002955,Q1_shortest_0_20pct,0.7575759276719763,0.8,60.60607421375811,1,75.75759276719764,1,80.0,2
207,A4,AGV/shuttle drive unit,2,15,2,2,248,unstratified_random,73,131,128.00577343113736,Q4_60_80pct,0.0,0.4,0.0,5,0.0,5,40.0,5
207,A5,Packing-station roller motor,3,35,3,2,248,unstratified_random,51,114,102.38736822787688,Q4_60_80pct,0.180901054176985,0.5333333333333333,9.648056222772533,4,18.0901054176985,4,60.0,4
208,A1,Inbound conveyor motor,4,40,3,3,249,unstratified_random,93,85,42.17809886645809,Q2_20_40pct,0.6625752090683352,0.6666666666666667,44.17168060455568,2,66.25752090683352,3,80.0,2
208,A2,Sortation conveyor drive,5,80,5,4,249,unstratified_random,99,117,132.87361758142774,Q4_60_80pct,0.0,0.9333333333333333,0.0,5,0.0,5,100.0,1
208,A3,Vertical lift motor,4,55,4,4,249,unstratified_random,68,8,14.299954503479244,Q1_shortest_0_20pct,0.885600363972166,0.8,70.8480291177733,1,88.5600363972166,1,80.0,2
208,A4,AGV/shuttle drive unit,2,15,2,2,249,unstratified_random,98,59,85.21286900885234,Q3_40_60pct,0.31829704792918134,0.4,12.731881917167255,4,31.829704792918136,4,40.0,5
208,A5,Packing-station roller motor,3,35,3,2,249,unstratified_random,100,20,23.88622641030998,Q1_shortest_0_20pct,0.8089101887175202,0.5333333333333333,43.14187673160108,3,80.89101887175202,2,60.0,4
209,A1,Inbound conveyor motor,4,40,3,3,250,unstratified_random,20,16,23.928748965669588,Q1_shortest_0_20pct,0.8085700082746433,0.6666666666666667,53.90466721830956,1,80.85700082746433,1,80.0,2
209,A2,Sortation conveyor drive,5,80,5,4,250,unstratified_random,65,128,151.46723766284128,Q5_longest_80_100pct,0.0,0.9333333333333333,0.0,2,0.0,2,100.0,1
209,A3,Vertical lift motor,4,55,4,4,250,unstratified_random,14,107,146.91015946253862,Q5_longest_80_100pct,0.0,0.8,0.0,2,0.0,2,80.0,2
209,A4,AGV/shuttle drive unit,2,15,2,2,250,unstratified_random,71,118,142.21779435736028,Q5_longest_80_100pct,0.0,0.4,0.0,2,0.0,2,40.0,5
209,A5,Packing-station roller motor,3,35,3,2,250,unstratified_random,39,142,172.98448712201755,Q5_longest_80_100pct,0.0,0.5333333333333333,0.0,2,0.0,2,60.0,4
210,A1,Inbound conveyor motor,4,40,3,3,251,unstratified_random,96,137,137.09402180530702,Q5_longest_80_100pct,0.0,0.6666666666666667,0.0,3,0.0,3,80.0,2
210,A2,Sortation conveyor drive,5,80,5,4,251,unstratified_random,88,115,132.4717899153425,Q4_60_80pct,0.0,0.9333333333333333,0.0,3,0.0,3,100.0,1
210,A3,Vertical lift motor,4,55,4,4,251,unstratified_random,55,137,118.91039914419324,Q4_60_80pct,0.048716806846454075,0.8,3.897344547716326,2,4.8716806846454075,2,80.0,2
210,A4,AGV/shuttle drive unit,2,15,2,2,251,unstratified_random,10,96,99.04426828245136,Q3_40_60pct,0.20764585374038913,0.4,8.305834149615565,1,20.764585374038912,1,40.0,5
210,A5,Packing-station roller motor,3,35,3,2,251,unstratified_random,54,97,127.42576425394527,Q4_60_80pct,0.0,0.5333333333333333,0.0,3,0.0,3,60.0,4
211,A1,Inbound conveyor motor,4,40,3,3,252,unstratified_random,90,28,30.303009041002955,Q1_shortest_0_20pct,0.7575759276719763,0.6666666666666667,50.505061844798426,2,75.75759276719764,2,80.0,2
211,A2,Sortation conveyor drive,5,80,5,4,252,unstratified_random,52,29,40.87621681240515,Q2_20_40pct,0.6729902655007588,0.9333333333333333,62.81242478007082,1,67.29902655007588,3,100.0,1
211,A3,Vertical lift motor,4,55,4,4,252,unstratified_random,55,137,118.91039914419324,Q4_60_80pct,0.048716806846454075,0.8,3.897344547716326,5,4.8716806846454075,5,80.0,2
211,A4,AGV/shuttle drive unit,2,15,2,2,252,unstratified_random,82,9,13.00528536289486,Q1_shortest_0_20pct,0.8959577170968411,0.4,35.83830868387365,3,89.59577170968412,1,40.0,5
211,A5,Packing-station roller motor,3,35,3,2,252,unstratified_random,17,50,51.778940468972905,Q2_20_40pct,0.5857684762482167,0.5333333333333333,31.24098539990489,4,58.57684762482167,4,60.0,4
212,A1,Inbound conveyor motor,4,40,3,3,253,unstratified_random,25,145,153.1932818222736,Q5_longest_80_100pct,0.0,0.6666666666666667,0.0,4,0.0,4,80.0,2
212,A2,Sortation conveyor drive,5,80,5,4,253,unstratified_random,78,107,158.8500624677376,Q5_longest_80_100pct,0.0,0.9333333333333333,0.0,4,0.0,4,100.0,1
212,A3,Vertical lift motor,4,55,4,4,253,unstratified_random,42,10,15.95535794283765,Q1_shortest_0_20pct,0.8723571364572988,0.8,69.78857091658391,1,87.23571364572989,1,80.0,2
212,A4,AGV/shuttle drive unit,2,15,2,2,253,unstratified_random,63,72,60.45894799885493,Q2_20_40pct,0.5163284160091606,0.4,20.653136640366426,2,51.63284160091606,2,40.0,5
212,A5,Packing-station roller motor,3,35,3,2,253,unstratified_random,57,103,83.29315372594353,Q3_40_60pct,0.3336547701924518,0.5333333333333333,17.794921076930763,3,33.36547701924518,3,60.0,4
213,A1,Inbound conveyor motor,4,40,3,3,254,unstratified_random,44,109,141.8287484510994,Q5_longest_80_100pct,0.0,0.6666666666666667,0.0,4,0.0,4,80.0,2
213,A2,Sortation conveyor drive,5,80,5,4,254,unstratified_random,89,136,96.67220915776228,Q3_40_60pct,0.22662232673790172,0.9333333333333333,21.15141716220416,2,22.66223267379017,3,100.0,1
213,A3,Vertical lift motor,4,55,4,4,254,unstratified_random,83,137,136.40747067846124,Q5_longest_80_100pct,0.0,0.8,0.0,4,0.0,4,80.0,2
213,A4,AGV/shuttle drive unit,2,15,2,2,254,unstratified_random,28,97,94.6987062048556,Q3_40_60pct,0.2424103503611552,0.4,9.696414014446209,3,24.24103503611552,2,40.0,5
213,A5,Packing-station roller motor,3,35,3,2,254,unstratified_random,52,29,40.87621681240515,Q2_20_40pct,0.6729902655007588,0.5333333333333333,35.892814160040466,1,67.29902655007588,1,60.0,4
214,A1,Inbound conveyor motor,4,40,3,3,255,unstratified_random,91,38,26.859272201960557,Q1_shortest_0_20pct,0.7851258223843156,0.6666666666666667,52.34172149228771,2,78.51258223843156,1,80.0,2
214,A2,Sortation conveyor drive,5,80,5,4,255,unstratified_random,17,50,51.778940468972905,Q2_20_40pct,0.5857684762482167,0.9333333333333333,54.671724449833555,1,58.57684762482167,2,100.0,1
214,A3,Vertical lift motor,4,55,4,4,255,unstratified_random,79,63,95.26087986485147,Q3_40_60pct,0.2379129610811882,0.8,19.033036886495058,3,23.79129610811882,3,80.0,2
214,A4,AGV/shuttle drive unit,2,15,2,2,255,unstratified_random,65,128,151.46723766284128,Q5_longest_80_100pct,0.0,0.4,0.0,4,0.0,4,40.0,5
214,A5,Packing-station roller motor,3,35,3,2,255,unstratified_random,48,92,128.30022813454278,Q4_60_80pct,0.0,0.5333333333333333,0.0,4,0.0,4,60.0,4
215,A1,Inbound conveyor motor,4,40,3,3,256,unstratified_random,67,77,138.84222319134904,Q5_longest_80_100pct,0.0,0.6666666666666667,0.0,4,0.0,4,80.0,2
215,A2,Sortation conveyor drive,5,80,5,4,256,unstratified_random,98,59,85.21286900885234,Q3_40_60pct,0.31829704792918134,0.9333333333333333,29.70772447339026,1,31.829704792918136,2,100.0,1
215,A3,Vertical lift motor,4,55,4,4,256,unstratified_random,70,94,86.32146123836584,Q3_40_60pct,0.30942831009307326,0.8,24.754264807445864,2,30.942831009307326,3,80.0,2
215,A4,AGV/shuttle drive unit,2,15,2,2,256,unstratified_random,43,59,63.79604805149177,Q2_20_40pct,0.4896316155880658,0.4,19.585264623522633,3,48.963161558806576,1,40.0,5
215,A5,Packing-station roller motor,3,35,3,2,256,unstratified_random,14,107,146.91015946253862,Q5_longest_80_100pct,0.0,0.5333333333333333,0.0,4,0.0,4,60.0,4
216,A1,Inbound conveyor motor,4,40,3,3,257,unstratified_random,97,82,79.22371888224494,Q3_40_60pct,0.36621024894204046,0.6666666666666667,24.414016596136033,3,36.62102489420405,3,80.0,2
216,A2,Sortation conveyor drive,5,80,5,4,257,unstratified_random,84,58,54.07820667708313,Q2_20_40pct,0.567374346583335,0.9333333333333333,52.9549390144446,1,56.7374346583335,1,100.0,1
216,A3,Vertical lift motor,4,55,4,4,257,unstratified_random,59,114,150.6488483670163,Q5_longest_80_100pct,0.0,0.8,0.0,4,0.0,4,80.0,2
216,A4,AGV/shuttle drive unit,2,15,2,2,257,unstratified_random,73,131,128.00577343113736,Q4_60_80pct,0.0,0.4,0.0,4,0.0,4,40.0,5
216,A5,Packing-station roller motor,3,35,3,2,257,unstratified_random,43,59,63.79604805149177,Q2_20_40pct,0.4896316155880658,0.5333333333333333,26.11368616469684,2,48.963161558806576,2,60.0,4
217,A1,Inbound conveyor motor,4,40,3,3,258,unstratified_random,94,55,48.61299679912422,Q2_20_40pct,0.6110960256070063,0.6666666666666667,40.73973504046709,3,61.10960256070063,4,80.0,2
217,A2,Sortation conveyor drive,5,80,5,4,258,unstratified_random,35,11,10.318035788709574,Q1_shortest_0_20pct,0.9174557136903234,0.9333333333333333,85.6291999444302,1,91.74557136903235,1,100.0,1
217,A3,Vertical lift motor,4,55,4,4,258,unstratified_random,100,20,23.88622641030998,Q1_shortest_0_20pct,0.8089101887175202,0.8,64.71281509740162,2,80.89101887175202,3,80.0,2
217,A4,AGV/shuttle drive unit,2,15,2,2,258,unstratified_random,49,21,13.44996942007384,Q1_shortest_0_20pct,0.8924002446394093,0.4,35.69600978557637,4,89.24002446394093,2,40.0,5
217,A5,Packing-station roller motor,3,35,3,2,258,unstratified_random,87,116,144.3579823471946,Q5_longest_80_100pct,0.0,0.5333333333333333,0.0,5,0.0,5,60.0,4
218,A1,Inbound conveyor motor,4,40,3,3,259,unstratified_random,91,38,26.859272201960557,Q1_shortest_0_20pct,0.7851258223843156,0.6666666666666667,52.34172149228771,2,78.51258223843156,2,80.0,2
218,A2,Sortation conveyor drive,5,80,5,4,259,unstratified_random,17,50,51.778940468972905,Q2_20_40pct,0.5857684762482167,0.9333333333333333,54.671724449833555,1,58.57684762482167,3,100.0,1
218,A3,Vertical lift motor,4,55,4,4,259,unstratified_random,59,114,150.6488483670163,Q5_longest_80_100pct,0.0,0.8,0.0,4,0.0,4,80.0,2
218,A4,AGV/shuttle drive unit,2,15,2,2,259,unstratified_random,20,16,23.928748965669588,Q1_shortest_0_20pct,0.8085700082746433,0.4,32.34280033098573,3,80.85700082746433,1,40.0,5
218,A5,Packing-station roller motor,3,35,3,2,259,unstratified_random,54,97,127.42576425394527,Q4_60_80pct,0.0,0.5333333333333333,0.0,4,0.0,4,60.0,4
219,A1,Inbound conveyor motor,4,40,3,3,260,unstratified_random,9,111,137.60480848618022,Q5_longest_80_100pct,0.0,0.6666666666666667,0.0,4,0.0,4,80.0,2
219,A2,Sortation conveyor drive,5,80,5,4,260,unstratified_random,97,82,79.22371888224494,Q3_40_60pct,0.36621024894204046,0.9333333333333333,34.179623234590444,1,36.62102489420405,2,100.0,1
219,A3,Vertical lift motor,4,55,4,4,260,unstratified_random,6,93,105.6201183358804,Q4_60_80pct,0.15503905331295675,0.8,12.40312426503654,3,15.503905331295675,3,80.0,2
219,A4,AGV/shuttle drive unit,2,15,2,2,260,unstratified_random,91,38,26.859272201960557,Q1_shortest_0_20pct,0.7851258223843156,0.4,31.405032895372628,2,78.51258223843156,1,40.0,5
219,A5,Packing-station roller motor,3,35,3,2,260,unstratified_random,69,121,148.86538698158105,Q5_longest_80_100pct,0.0,0.5333333333333333,0.0,4,0.0,4,60.0,4
220,A1,Inbound conveyor motor,4,40,3,3,261,unstratified_random,56,15,16.158144448588526,Q1_shortest_0_20pct,0.8707348444112918,0.6666666666666667,58.04898962741946,1,87.07348444112918,2,80.0,2
220,A2,Sortation conveyor drive,5,80,5,4,261,unstratified_random,57,103,83.29315372594353,Q3_40_60pct,0.3336547701924518,0.9333333333333333,31.141111884628838,4,33.36547701924518,4,100.0,1
220,A3,Vertical lift motor,4,55,4,4,261,unstratified_random,47,135,121.81629897102604,Q4_60_80pct,0.025469608231791674,0.8,2.037568658543334,5,2.5469608231791674,5,80.0,2
220,A4,AGV/shuttle drive unit,2,15,2,2,261,unstratified_random,34,7,11.177676889867849,Q1_shortest_0_20pct,0.9105785848810573,0.4,36.42314339524229,2,91.05785848810572,1,40.0,5
220,A5,Packing-station roller motor,3,35,3,2,261,unstratified_random,38,50,47.55990877981797,Q2_20_40pct,0.6195207297614562,0.5333333333333333,33.04110558727766,3,61.95207297614562,3,60.0,4
221,A1,Inbound conveyor motor,4,40,3,3,262,unstratified_random,72,50,70.20451782538055,Q3_40_60pct,0.4383638573969556,0.6666666666666667,29.22425715979704,3,43.83638573969556,4,80.0,2
221,A2,Sortation conveyor drive,5,80,5,4,262,unstratified_random,82,9,13.00528536289486,Q1_shortest_0_20pct,0.8959577170968411,0.9333333333333333,83.62272026237184,1,89.59577170968412,1,100.0,1
221,A3,Vertical lift motor,4,55,4,4,262,unstratified_random,61,21,41.30030317056766,Q2_20_40pct,0.6695975746354588,0.8,53.56780597083671,2,66.95975746354588,2,80.0,2
221,A4,AGV/shuttle drive unit,2,15,2,2,262,unstratified_random,59,114,150.6488483670163,Q5_longest_80_100pct,0.0,0.4,0.0,5,0.0,5,40.0,5
221,A5,Packing-station roller motor,3,35,3,2,262,unstratified_random,41,18,59.85486006548725,Q2_20_40pct,0.521161119476102,0.5333333333333333,27.795259705392105,4,52.1161119476102,3,60.0,4
222,A1,Inbound conveyor motor,4,40,3,3,263,unstratified_random,12,124,90.15767382323185,Q3_40_60pct,0.2787386094141452,0.6666666666666667,18.582573960943016,2,27.87386094141452,2,80.0,2
222,A2,Sortation conveyor drive,5,80,5,4,263,unstratified_random,26,119,123.02499684692152,Q4_60_80pct,0.015800025224627756,0.9333333333333333,1.4746690209652573,4,1.5800025224627756,4,100.0,1
222,A3,Vertical lift motor,4,55,4,4,263,unstratified_random,33,106,142.7935583123275,Q5_longest_80_100pct,0.0,0.8,0.0,5,0.0,5,80.0,2
222,A4,AGV/shuttle drive unit,2,15,2,2,263,unstratified_random,13,95,93.13834255441226,Q3_40_60pct,0.2548932595647019,0.4,10.195730382588076,3,25.48932595647019,3,40.0,5
222,A5,Packing-station roller motor,3,35,3,2,263,unstratified_random,81,8,12.767256508974471,Q1_shortest_0_20pct,0.8978619479282042,0.5333333333333333,47.88597055617089,1,89.78619479282042,1,60.0,4
223,A1,Inbound conveyor motor,4,40,3,3,264,unstratified_random,53,26,32.51632437126566,Q1_shortest_0_20pct,0.7398694050298746,0.6666666666666667,49.32462700199165,1,73.98694050298747,1,80.0,2
223,A2,Sortation conveyor drive,5,80,5,4,264,unstratified_random,80,90,79.47558250502735,Q3_40_60pct,0.36419533995978126,0.9333333333333333,33.99156506291292,2,36.41953399597813,3,100.0,1
223,A3,Vertical lift motor,4,55,4,4,264,unstratified_random,12,124,90.15767382323185,Q3_40_60pct,0.2787386094141452,0.8,22.299088753131617,4,27.87386094141452,4,80.0,2
223,A4,AGV/shuttle drive unit,2,15,2,2,264,unstratified_random,48,92,128.30022813454278,Q4_60_80pct,0.0,0.4,0.0,5,0.0,5,40.0,5
223,A5,Packing-station roller motor,3,35,3,2,264,unstratified_random,37,21,54.159061654098565,Q2_20_40pct,0.5667275067672115,0.5333333333333333,30.225467027584614,3,56.67275067672115,2,60.0,4
224,A1,Inbound conveyor motor,4,40,3,3,265,unstratified_random,9,111,137.60480848618022,Q5_longest_80_100pct,0.0,0.6666666666666667,0.0,4,0.0,4,80.0,2
224,A2,Sortation conveyor drive,5,80,5,4,265,unstratified_random,72,50,70.20451782538055,Q3_40_60pct,0.4383638573969556,0.9333333333333333,40.91396002371585,1,43.83638573969556,2,100.0,1
224,A3,Vertical lift motor,4,55,4,4,265,unstratified_random,67,77,138.84222319134904,Q5_longest_80_100pct,0.0,0.8,0.0,4,0.0,4,80.0,2
224,A4,AGV/shuttle drive unit,2,15,2,2,265,unstratified_random,31,8,23.83573742078014,Q1_shortest_0_20pct,0.8093141006337589,0.4,32.37256402535036,2,80.93141006337589,1,40.0,5
224,A5,Packing-station roller motor,3,35,3,2,265,unstratified_random,89,136,96.67220915776228,Q3_40_60pct,0.22662232673790172,0.5333333333333333,12.08652409268809,3,22.66223267379017,3,60.0,4
225,A1,Inbound conveyor motor,4,40,3,3,266,unstratified_random,7,91,94.3787722014587,Q3_40_60pct,0.24496982238833043,0.6666666666666667,16.331321492555364,4,24.49698223883304,4,80.0,2
225,A2,Sortation conveyor drive,5,80,5,4,266,unstratified_random,20,16,23.928748965669588,Q1_shortest_0_20pct,0.8085700082746433,0.9333333333333333,75.46653410563337,1,80.85700082746433,1,100.0,1
225,A3,Vertical lift motor,4,55,4,4,266,unstratified_random,46,47,45.79841882029448,Q2_20_40pct,0.6336126494376442,0.8,50.68901195501154,2,63.36126494376442,2,80.0,2
225,A4,AGV/shuttle drive unit,2,15,2,2,266,unstratified_random,39,142,172.98448712201755,Q5_longest_80_100pct,0.0,0.4,0.0,5,0.0,5,40.0,5
225,A5,Packing-station roller motor,3,35,3,2,266,unstratified_random,80,90,79.47558250502735,Q3_40_60pct,0.36419533995978126,0.5333333333333333,19.42375146452167,3,36.41953399597813,3,60.0,4
226,A1,Inbound conveyor motor,4,40,3,3,267,unstratified_random,57,103,83.29315372594353,Q3_40_60pct,0.3336547701924518,0.6666666666666667,22.243651346163457,2,33.36547701924518,2,80.0,2
226,A2,Sortation conveyor drive,5,80,5,4,267,unstratified_random,91,38,26.859272201960557,Q1_shortest_0_20pct,0.7851258223843156,0.9333333333333333,73.2784100892028,1,78.51258223843156,1,100.0,1
226,A3,Vertical lift motor,4,55,4,4,267,unstratified_random,39,142,172.98448712201755,Q5_longest_80_100pct,0.0,0.8,0.0,5,0.0,5,80.0,2
226,A4,AGV/shuttle drive unit,2,15,2,2,267,unstratified_random,55,137,118.91039914419324,Q4_60_80pct,0.048716806846454075,0.4,1.948672273858163,4,4.8716806846454075,4,40.0,5
226,A5,Packing-station roller motor,3,35,3,2,267,unstratified_random,30,115,88.96761601985438,Q3_40_60pct,0.28825907184116495,0.5333333333333333,15.37381716486213,3,28.825907184116495,3,60.0,4
227,A1,Inbound conveyor motor,4,40,3,3,268,unstratified_random,65,128,151.46723766284128,Q5_longest_80_100pct,0.0,0.6666666666666667,0.0,5,0.0,5,80.0,2
227,A2,Sortation conveyor drive,5,80,5,4,268,unstratified_random,6,93,105.6201183358804,Q4_60_80pct,0.15503905331295675,0.9333333333333333,14.47031164254263,4,15.503905331295675,4,100.0,1
227,A3,Vertical lift motor,4,55,4,4,268,unstratified_random,52,29,40.87621681240515,Q2_20_40pct,0.6729902655007588,0.8,53.83922124006071,1,67.29902655007588,2,80.0,2
227,A4,AGV/shuttle drive unit,2,15,2,2,268,unstratified_random,94,55,48.61299679912422,Q2_20_40pct,0.6110960256070063,0.4,24.443841024280253,3,61.10960256070063,3,40.0,5
227,A5,Packing-station roller motor,3,35,3,2,268,unstratified_random,42,10,15.95535794283765,Q1_shortest_0_20pct,0.8723571364572988,0.5333333333333333,46.525713944389274,2,87.23571364572989,1,60.0,4
228,A1,Inbound conveyor motor,4,40,3,3,269,unstratified_random,90,28,30.303009041002955,Q1_shortest_0_20pct,0.7575759276719763,0.6666666666666667,50.505061844798426,1,75.75759276719764,2,80.0,2
228,A2,Sortation conveyor drive,5,80,5,4,269,unstratified_random,45,114,76.03056963373365,Q3_40_60pct,0.39175544293013076,0.9333333333333333,36.56384134014554,3,39.175544293013076,3,100.0,1
228,A3,Vertical lift motor,4,55,4,4,269,unstratified_random,55,137,118.91039914419324,Q4_60_80pct,0.048716806846454075,0.8,3.897344547716326,4,4.8716806846454075,4,80.0,2
228,A4,AGV/shuttle drive unit,2,15,2,2,269,unstratified_random,22,111,163.77680736738688,Q5_longest_80_100pct,0.0,0.4,0.0,5,0.0,5,40.0,5
228,A5,Packing-station roller motor,3,35,3,2,269,unstratified_random,31,8,23.83573742078014,Q1_shortest_0_20pct,0.8093141006337589,0.5333333333333333,43.16341870046714,2,80.93141006337589,1,60.0,4
229,A1,Inbound conveyor motor,4,40,3,3,270,unstratified_random,84,58,54.07820667708313,Q2_20_40pct,0.567374346583335,0.6666666666666667,37.824956438889004,4,56.7374346583335,4,80.0,2
229,A2,Sortation conveyor drive,5,80,5,4,270,unstratified_random,38,50,47.55990877981797,Q2_20_40pct,0.6195207297614562,0.9333333333333333,57.82193477773591,2,61.95207297614562,3,100.0,1
229,A3,Vertical lift motor,4,55,4,4,270,unstratified_random,56,15,16.158144448588526,Q1_shortest_0_20pct,0.8707348444112918,0.8,69.65878755290335,1,87.07348444112918,2,80.0,2
229,A4,AGV/shuttle drive unit,2,15,2,2,270,unstratified_random,86,89,88.09422089781806,Q3_40_60pct,0.29524623281745555,0.4,11.809849312698223,5,29.524623281745555,5,40.0,5
229,A5,Packing-station roller motor,3,35,3,2,270,unstratified_random,76,10,10.049433434661326,Q1_shortest_0_20pct,0.9196045325227094,0.5333333333333333,49.045575067877834,3,91.96045325227094,1,60.0,4
230,A1,Inbound conveyor motor,4,40,3,3,271,unstratified_random,51,114,102.38736822787688,Q4_60_80pct,0.180901054176985,0.6666666666666667,12.060070278465668,4,18.0901054176985,4,80.0,2
230,A2,Sortation conveyor drive,5,80,5,4,271,unstratified_random,76,10,10.049433434661326,Q1_shortest_0_20pct,0.9196045325227094,0.9333333333333333,85.8297563687862,1,91.96045325227094,1,100.0,1
230,A3,Vertical lift motor,4,55,4,4,271,unstratified_random,95,128,130.5679549560598,Q4_60_80pct,0.0,0.8,0.0,5,0.0,5,80.0,2
230,A4,AGV/shuttle drive unit,2,15,2,2,271,unstratified_random,66,14,11.46932688270492,Q1_shortest_0_20pct,0.9082453849383606,0.4,36.329815397534425,2,90.82453849383606,2,40.0,5
230,A5,Packing-station roller motor,3,35,3,2,271,unstratified_random,84,58,54.07820667708313,Q2_20_40pct,0.567374346583335,0.5333333333333333,30.2599651511112,3,56.7374346583335,3,60.0,4
231,A1,Inbound conveyor motor,4,40,3,3,272,unstratified_random,11,97,99.08741603137932,Q4_60_80pct,0.2073006717489655,0.6666666666666667,13.820044783264368,3,20.73006717489655,3,80.0,2
231,A2,Sortation conveyor drive,5,80,5,4,272,unstratified_random,43,59,63.79604805149177,Q2_20_40pct,0.4896316155880658,0.9333333333333333,45.69895078821947,1,48.963161558806576,2,100.0,1
231,A3,Vertical lift motor,4,55,4,4,272,unstratified_random,14,107,146.91015946253862,Q5_longest_80_100pct,0.0,0.8,0.0,5,0.0,5,80.0,2
231,A4,AGV/shuttle drive unit,2,15,2,2,272,unstratified_random,29,90,101.07862421817065,Q4_60_80pct,0.19137100625463488,0.4,7.654840250185396,4,19.13710062546349,4,40.0,5
231,A5,Packing-station roller motor,3,35,3,2,272,unstratified_random,36,19,22.29101002400674,Q1_shortest_0_20pct,0.8216719198079461,0.5333333333333333,43.822502389757126,2,82.16719198079461,1,60.0,4
232,A1,Inbound conveyor motor,4,40,3,3,273,unstratified_random,19,87,106.94874018187056,Q4_60_80pct,0.14441007854503551,0.6666666666666667,9.627338569669035,3,14.441007854503551,3,80.0,2
232,A2,Sortation conveyor drive,5,80,5,4,273,unstratified_random,12,124,90.15767382323185,Q3_40_60pct,0.2787386094141452,0.9333333333333333,26.015603545320218,2,27.87386094141452,2,100.0,1
232,A3,Vertical lift motor,4,55,4,4,273,unstratified_random,39,142,172.98448712201755,Q5_longest_80_100pct,0.0,0.8,0.0,4,0.0,4,80.0,2
232,A4,AGV/shuttle drive unit,2,15,2,2,273,unstratified_random,14,107,146.91015946253862,Q5_longest_80_100pct,0.0,0.4,0.0,4,0.0,4,40.0,5
232,A5,Packing-station roller motor,3,35,3,2,273,unstratified_random,81,8,12.767256508974471,Q1_shortest_0_20pct,0.8978619479282042,0.5333333333333333,47.88597055617089,1,89.78619479282042,1,60.0,4
233,A1,Inbound conveyor motor,4,40,3,3,274,unstratified_random,23,113,135.36716530023588,Q4_60_80pct,0.0,0.6666666666666667,0.0,3,0.0,3,80.0,2
233,A2,Sortation conveyor drive,5,80,5,4,274,unstratified_random,95,128,130.5679549560598,Q4_60_80pct,0.0,0.9333333333333333,0.0,3,0.0,3,100.0,1
233,A3,Vertical lift motor,4,55,4,4,274,unstratified_random,9,111,137.60480848618022,Q5_longest_80_100pct,0.0,0.8,0.0,3,0.0,3,80.0,2
233,A4,AGV/shuttle drive unit,2,15,2,2,274,unstratified_random,51,114,102.38736822787688,Q4_60_80pct,0.180901054176985,0.4,7.2360421670794,2,18.0901054176985,2,40.0,5
233,A5,Packing-station roller motor,3,35,3,2,274,unstratified_random,13,95,93.13834255441226,Q3_40_60pct,0.2548932595647019,0.5333333333333333,13.5943071767841,1,25.48932595647019,1,60.0,4
234,A1,Inbound conveyor motor,4,40,3,3,275,unstratified_random,91,38,26.859272201960557,Q1_shortest_0_20pct,0.7851258223843156,0.6666666666666667,52.34172149228771,3,78.51258223843156,2,80.0,2
234,A2,Sortation conveyor drive,5,80,5,4,275,unstratified_random,90,28,30.303009041002955,Q1_shortest_0_20pct,0.7575759276719763,0.9333333333333333,70.70708658271779,2,75.75759276719764,3,100.0,1
234,A3,Vertical lift motor,4,55,4,4,275,unstratified_random,81,8,12.767256508974471,Q1_shortest_0_20pct,0.8978619479282042,0.8,71.82895583425635,1,89.78619479282042,1,80.0,2
234,A4,AGV/shuttle drive unit,2,15,2,2,275,unstratified_random,80,90,79.47558250502735,Q3_40_60pct,0.36419533995978126,0.4,14.567813598391252,4,36.41953399597813,4,40.0,5
234,A5,Packing-station roller motor,3,35,3,2,275,unstratified_random,22,111,163.77680736738688,Q5_longest_80_100pct,0.0,0.5333333333333333,0.0,5,0.0,5,60.0,4
235,A1,Inbound conveyor motor,4,40,3,3,276,unstratified_random,99,117,132.87361758142774,Q4_60_80pct,0.0,0.6666666666666667,0.0,5,0.0,5,80.0,2
235,A2,Sortation conveyor drive,5,80,5,4,276,unstratified_random,62,54,60.376193576182295,Q2_20_40pct,0.5169904513905417,0.9333333333333333,48.25244212978389,2,51.699045139054164,2,100.0,1
235,A3,Vertical lift motor,4,55,4,4,276,unstratified_random,40,28,26.358548153514647,Q1_shortest_0_20pct,0.7891316147718828,0.8,63.13052918175063,1,78.91316147718828,1,80.0,2
235,A4,AGV/shuttle drive unit,2,15,2,2,276,unstratified_random,6,93,105.6201183358804,Q4_60_80pct,0.15503905331295675,0.4,6.20156213251827,4,15.503905331295675,4,40.0,5
235,A5,Packing-station roller motor,3,35,3,2,276,unstratified_random,80,90,79.47558250502735,Q3_40_60pct,0.36419533995978126,0.5333333333333333,19.42375146452167,3,36.41953399597813,3,60.0,4
236,A1,Inbound conveyor motor,4,40,3,3,277,unstratified_random,24,20,32.316305129135706,Q1_shortest_0_20pct,0.7414695589669144,0.6666666666666667,49.43130393112763,1,74.14695589669144,2,80.0,2
236,A2,Sortation conveyor drive,5,80,5,4,277,unstratified_random,18,28,60.32803578156674,Q2_20_40pct,0.5173757137474662,0.9333333333333333,48.28839994976351,3,51.737571374746615,3,100.0,1
236,A3,Vertical lift motor,4,55,4,4,277,unstratified_random,11,97,99.08741603137932,Q4_60_80pct,0.2073006717489655,0.8,16.58405373991724,4,20.73006717489655,4,80.0,2
236,A4,AGV/shuttle drive unit,2,15,2,2,277,unstratified_random,50,79,131.9611497166465,Q4_60_80pct,0.0,0.4,0.0,5,0.0,5,40.0,5
236,A5,Packing-station roller motor,3,35,3,2,277,unstratified_random,76,10,10.049433434661326,Q1_shortest_0_20pct,0.9196045325227094,0.5333333333333333,49.045575067877834,2,91.96045325227094,1,60.0,4
237,A1,Inbound conveyor motor,4,40,3,3,278,unstratified_random,51,114,102.38736822787688,Q4_60_80pct,0.180901054176985,0.6666666666666667,12.060070278465668,4,18.0901054176985,5,80.0,2
237,A2,Sortation conveyor drive,5,80,5,4,278,unstratified_random,43,59,63.79604805149177,Q2_20_40pct,0.4896316155880658,0.9333333333333333,45.69895078821947,2,48.963161558806576,2,100.0,1
237,A3,Vertical lift motor,4,55,4,4,278,unstratified_random,97,82,79.22371888224494,Q3_40_60pct,0.36621024894204046,0.8,29.29681991536324,3,36.62102489420405,3,80.0,2
237,A4,AGV/shuttle drive unit,2,15,2,2,278,unstratified_random,13,95,93.13834255441226,Q3_40_60pct,0.2548932595647019,0.4,10.195730382588076,5,25.48932595647019,4,40.0,5
237,A5,Packing-station roller motor,3,35,3,2,278,unstratified_random,68,8,14.299954503479244,Q1_shortest_0_20pct,0.885600363972166,0.5333333333333333,47.23201941184885,1,88.5600363972166,1,60.0,4
238,A1,Inbound conveyor motor,4,40,3,3,279,unstratified_random,5,91,97.4316568366386,Q3_40_60pct,0.22054674530689122,0.6666666666666667,14.703116353792751,3,22.054674530689123,3,80.0,2
238,A2,Sortation conveyor drive,5,80,5,4,279,unstratified_random,50,79,131.9611497166465,Q4_60_80pct,0.0,0.9333333333333333,0.0,4,0.0,4,100.0,1
238,A3,Vertical lift motor,4,55,4,4,279,unstratified_random,85,118,162.2981284023822,Q5_longest_80_100pct,0.0,0.8,0.0,4,0.0,4,80.0,2
238,A4,AGV/shuttle drive unit,2,15,2,2,279,unstratified_random,93,85,42.17809886645809,Q2_20_40pct,0.6625752090683352,0.4,26.50300836273341,2,66.25752090683352,2,40.0,5
238,A5,Packing-station roller motor,3,35,3,2,279,unstratified_random,56,15,16.158144448588526,Q1_shortest_0_20pct,0.8707348444112918,0.5333333333333333,46.43919170193556,1,87.07348444112918,1,60.0,4
239,A1,Inbound conveyor motor,4,40,3,3,280,unstratified_random,97,82,79.22371888224494,Q3_40_60pct,0.36621024894204046,0.6666666666666667,24.414016596136033,2,36.62102489420405,2,80.0,2
239,A2,Sortation conveyor drive,5,80,5,4,280,unstratified_random,38,50,47.55990877981797,Q2_20_40pct,0.6195207297614562,0.9333333333333333,57.82193477773591,1,61.95207297614562,1,100.0,1
239,A3,Vertical lift motor,4,55,4,4,280,unstratified_random,27,66,114.97611996076007,Q4_60_80pct,0.08019104031391944,0.8,6.415283225113555,3,8.019104031391944,3,80.0,2
239,A4,AGV/shuttle drive unit,2,15,2,2,280,unstratified_random,47,135,121.81629897102604,Q4_60_80pct,0.025469608231791674,0.4,1.018784329271667,4,2.5469608231791674,4,40.0,5
239,A5,Packing-station roller motor,3,35,3,2,280,unstratified_random,73,131,128.00577343113736,Q4_60_80pct,0.0,0.5333333333333333,0.0,5,0.0,5,60.0,4
240,A1,Inbound conveyor motor,4,40,3,3,281,unstratified_random,81,8,12.767256508974471,Q1_shortest_0_20pct,0.8978619479282042,0.6666666666666667,59.857463195213626,3,89.78619479282042,1,80.0,2
240,A2,Sortation conveyor drive,5,80,5,4,281,unstratified_random,49,21,13.44996942007384,Q1_shortest_0_20pct,0.8924002446394093,0.9333333333333333,83.2906894996782,1,89.24002446394093,2,100.0,1
240,A3,Vertical lift motor,4,55,4,4,281,unstratified_random,100,20,23.88622641030998,Q1_shortest_0_20pct,0.8089101887175202,0.8,64.71281509740162,2,80.89101887175202,3,80.0,2
240,A4,AGV/shuttle drive unit,2,15,2,2,281,unstratified_random,90,28,30.303009041002955,Q1_shortest_0_20pct,0.7575759276719763,0.4,30.303037106879056,4,75.75759276719764,4,40.0,5
240,A5,Packing-station roller motor,3,35,3,2,281,unstratified_random,44,109,141.8287484510994,Q5_longest_80_100pct,0.0,0.5333333333333333,0.0,5,0.0,5,60.0,4
241,A1,Inbound conveyor motor,4,40,3,3,282,unstratified_random,70,94,86.32146123836584,Q3_40_60pct,0.30942831009307326,0.6666666666666667,20.628554006204887,4,30.942831009307326,4,80.0,2
241,A2,Sortation conveyor drive,5,80,5,4,282,unstratified_random,75,113,125.9355598567823,Q4_60_80pct,0.0,0.9333333333333333,0.0,5,0.0,5,100.0,1
241,A3,Vertical lift motor,4,55,4,4,282,unstratified_random,49,21,13.44996942007384,Q1_shortest_0_20pct,0.8924002446394093,0.8,71.39201957115274,1,89.24002446394093,1,80.0,2
241,A4,AGV/shuttle drive unit,2,15,2,2,282,unstratified_random,61,21,41.30030317056766,Q2_20_40pct,0.6695975746354588,0.4,26.783902985418354,3,66.95975746354588,2,40.0,5
241,A5,Packing-station roller motor,3,35,3,2,282,unstratified_random,18,28,60.32803578156674,Q2_20_40pct,0.5173757137474662,0.5333333333333333,27.59337139986486,2,51.737571374746615,3,60.0,4
242,A1,Inbound conveyor motor,4,40,3,3,283,unstratified_random,47,135,121.81629897102604,Q4_60_80pct,0.025469608231791674,0.6666666666666667,1.6979738821194452,2,2.5469608231791674,2,80.0,2
242,A2,Sortation conveyor drive,5,80,5,4,283,unstratified_random,73,131,128.00577343113736,Q4_60_80pct,0.0,0.9333333333333333,0.0,3,0.0,3,100.0,1
242,A3,Vertical lift motor,4,55,4,4,283,unstratified_random,32,48,58.21837314904572,Q2_20_40pct,0.5342530148076343,0.8,42.740241184610746,1,53.42530148076343,1,80.0,2
242,A4,AGV/shuttle drive unit,2,15,2,2,283,unstratified_random,14,107,146.91015946253862,Q5_longest_80_100pct,0.0,0.4,0.0,3,0.0,3,40.0,5
242,A5,Packing-station roller motor,3,35,3,2,283,unstratified_random,75,113,125.9355598567823,Q4_60_80pct,0.0,0.5333333333333333,0.0,3,0.0,3,60.0,4
243,A1,Inbound conveyor motor,4,40,3,3,284,unstratified_random,24,20,32.316305129135706,Q1_shortest_0_20pct,0.7414695589669144,0.6666666666666667,49.43130393112763,2,74.14695589669144,2,80.0,2
243,A2,Sortation conveyor drive,5,80,5,4,284,unstratified_random,88,115,132.4717899153425,Q4_60_80pct,0.0,0.9333333333333333,0.0,4,0.0,4,100.0,1
243,A3,Vertical lift motor,4,55,4,4,284,unstratified_random,42,10,15.95535794283765,Q1_shortest_0_20pct,0.8723571364572988,0.8,69.78857091658391,1,87.23571364572989,1,80.0,2
243,A4,AGV/shuttle drive unit,2,15,2,2,284,unstratified_random,62,54,60.376193576182295,Q2_20_40pct,0.5169904513905417,0.4,20.679618055621667,3,51.699045139054164,3,40.0,5
243,A5,Packing-station roller motor,3,35,3,2,284,unstratified_random,2,98,142.91341211911944,Q5_longest_80_100pct,0.0,0.5333333333333333,0.0,4,0.0,4,60.0,4
244,A1,Inbound conveyor motor,4,40,3,3,285,unstratified_random,45,114,76.03056963373365,Q3_40_60pct,0.39175544293013076,0.6666666666666667,26.117029528675385,2,39.175544293013076,2,80.0,2
244,A2,Sortation conveyor drive,5,80,5,4,285,unstratified_random,5,91,97.4316568366386,Q3_40_60pct,0.22054674530689122,0.9333333333333333,20.584362895309848,3,22.054674530689123,4,100.0,1
244,A3,Vertical lift motor,4,55,4,4,285,unstratified_random,24,20,32.316305129135706,Q1_shortest_0_20pct,0.7414695589669144,0.8,59.31756471735315,1,74.14695589669144,1,80.0,2
244,A4,AGV/shuttle drive unit,2,15,2,2,285,unstratified_random,71,118,142.21779435736028,Q5_longest_80_100pct,0.0,0.4,0.0,5,0.0,5,40.0,5
244,A5,Packing-station roller motor,3,35,3,2,285,unstratified_random,30,115,88.96761601985438,Q3_40_60pct,0.28825907184116495,0.5333333333333333,15.37381716486213,4,28.825907184116495,3,60.0,4
245,A1,Inbound conveyor motor,4,40,3,3,286,unstratified_random,23,113,135.36716530023588,Q4_60_80pct,0.0,0.6666666666666667,0.0,5,0.0,5,80.0,2
245,A2,Sortation conveyor drive,5,80,5,4,286,unstratified_random,42,10,15.95535794283765,Q1_shortest_0_20pct,0.8723571364572988,0.9333333333333333,81.41999940268123,1,87.23571364572989,1,100.0,1
245,A3,Vertical lift motor,4,55,4,4,286,unstratified_random,70,94,86.32146123836584,Q3_40_60pct,0.30942831009307326,0.8,24.754264807445864,3,30.942831009307326,3,80.0,2
245,A4,AGV/shuttle drive unit,2,15,2,2,286,unstratified_random,77,34,40.64323409645428,Q2_20_40pct,0.6748541272283658,0.4,26.994165089134636,2,67.48541272283659,2,40.0,5
245,A5,Packing-station roller motor,3,35,3,2,286,unstratified_random,30,115,88.96761601985438,Q3_40_60pct,0.28825907184116495,0.5333333333333333,15.37381716486213,4,28.825907184116495,4,60.0,4
246,A1,Inbound conveyor motor,4,40,3,3,287,unstratified_random,83,137,136.40747067846124,Q5_longest_80_100pct,0.0,0.6666666666666667,0.0,3,0.0,3,80.0,2
246,A2,Sortation conveyor drive,5,80,5,4,287,unstratified_random,71,118,142.21779435736028,Q5_longest_80_100pct,0.0,0.9333333333333333,0.0,3,0.0,3,100.0,1
246,A3,Vertical lift motor,4,55,4,4,287,unstratified_random,62,54,60.376193576182295,Q2_20_40pct,0.5169904513905417,0.8,41.359236111243334,1,51.699045139054164,1,80.0,2
246,A4,AGV/shuttle drive unit,2,15,2,2,287,unstratified_random,59,114,150.6488483670163,Q5_longest_80_100pct,0.0,0.4,0.0,3,0.0,3,40.0,5
246,A5,Packing-station roller motor,3,35,3,2,287,unstratified_random,89,136,96.67220915776228,Q3_40_60pct,0.22662232673790172,0.5333333333333333,12.08652409268809,2,22.66223267379017,2,60.0,4
247,A1,Inbound conveyor motor,4,40,3,3,288,unstratified_random,22,111,163.77680736738688,Q5_longest_80_100pct,0.0,0.6666666666666667,0.0,4,0.0,4,80.0,2
247,A2,Sortation conveyor drive,5,80,5,4,288,unstratified_random,72,50,70.20451782538055,Q3_40_60pct,0.4383638573969556,0.9333333333333333,40.91396002371585,1,43.83638573969556,3,100.0,1
247,A3,Vertical lift motor,4,55,4,4,288,unstratified_random,39,142,172.98448712201755,Q5_longest_80_100pct,0.0,0.8,0.0,4,0.0,4,80.0,2
247,A4,AGV/shuttle drive unit,2,15,2,2,288,unstratified_random,37,21,54.159061654098565,Q2_20_40pct,0.5667275067672115,0.4,22.66910027068846,3,56.67275067672115,2,40.0,5
247,A5,Packing-station roller motor,3,35,3,2,288,unstratified_random,17,50,51.778940468972905,Q2_20_40pct,0.5857684762482167,0.5333333333333333,31.24098539990489,2,58.57684762482167,1,60.0,4
248,A1,Inbound conveyor motor,4,40,3,3,289,unstratified_random,10,96,99.04426828245136,Q3_40_60pct,0.20764585374038913,0.6666666666666667,13.843056916025944,5,20.764585374038912,5,80.0,2
248,A2,Sortation conveyor drive,5,80,5,4,289,unstratified_random,34,7,11.177676889867849,Q1_shortest_0_20pct,0.9105785848810573,0.9333333333333333,84.98733458889868,1,91.05785848810572,1,100.0,1
248,A3,Vertical lift motor,4,55,4,4,289,unstratified_random,64,28,47.55027096178691,Q2_20_40pct,0.6195978323057048,0.8,49.567826584456384,2,61.95978323057047,4,80.0,2
248,A4,AGV/shuttle drive unit,2,15,2,2,289,unstratified_random,90,28,30.303009041002955,Q1_shortest_0_20pct,0.7575759276719763,0.4,30.303037106879056,4,75.75759276719764,3,40.0,5
248,A5,Packing-station roller motor,3,35,3,2,289,unstratified_random,82,9,13.00528536289486,Q1_shortest_0_20pct,0.8959577170968411,0.5333333333333333,47.784411578498194,3,89.59577170968412,2,60.0,4
249,A1,Inbound conveyor motor,4,40,3,3,290,unstratified_random,46,47,45.79841882029448,Q2_20_40pct,0.6336126494376442,0.6666666666666667,42.24084329584295,3,63.36126494376442,2,80.0,2
249,A2,Sortation conveyor drive,5,80,5,4,290,unstratified_random,37,21,54.159061654098565,Q2_20_40pct,0.5667275067672115,0.9333333333333333,52.894567298273074,2,56.67275067672115,3,100.0,1
249,A3,Vertical lift motor,4,55,4,4,290,unstratified_random,20,16,23.928748965669588,Q1_shortest_0_20pct,0.8085700082746433,0.8,64.68560066197146,1,80.85700082746433,1,80.0,2
249,A4,AGV/shuttle drive unit,2,15,2,2,290,unstratified_random,26,119,123.02499684692152,Q4_60_80pct,0.015800025224627756,0.4,0.6320010089851102,4,1.5800025224627756,4,40.0,5
249,A5,Packing-station roller motor,3,35,3,2,290,unstratified_random,39,142,172.98448712201755,Q5_longest_80_100pct,0.0,0.5333333333333333,0.0,5,0.0,5,60.0,4
250,A1,Inbound conveyor motor,4,40,3,3,291,unstratified_random,69,121,148.86538698158105,Q5_longest_80_100pct,0.0,0.6666666666666667,0.0,4,0.0,4,80.0,2
250,A2,Sortation conveyor drive,5,80,5,4,291,unstratified_random,13,95,93.13834255441226,Q3_40_60pct,0.2548932595647019,0.9333333333333333,23.790037559372177,1,25.48932595647019,1,100.0,1
250,A3,Vertical lift motor,4,55,4,4,291,unstratified_random,5,91,97.4316568366386,Q3_40_60pct,0.22054674530689122,0.8,17.643739624551298,2,22.054674530689123,2,80.0,2
250,A4,AGV/shuttle drive unit,2,15,2,2,291,unstratified_random,19,87,106.94874018187056,Q4_60_80pct,0.14441007854503551,0.4,5.776403141801421,3,14.441007854503551,3,40.0,5
250,A5,Packing-station roller motor,3,35,3,2,291,unstratified_random,48,92,128.30022813454278,Q4_60_80pct,0.0,0.5333333333333333,0.0,4,0.0,4,60.0,4
251,A1,Inbound conveyor motor,4,40,3,3,292,unstratified_random,75,113,125.9355598567823,Q4_60_80pct,0.0,0.6666666666666667,0.0,2,0.0,2,80.0,2
251,A2,Sortation conveyor drive,5,80,5,4,292,unstratified_random,71,118,142.21779435736028,Q5_longest_80_100pct,0.0,0.9333333333333333,0.0,2,0.0,2,100.0,1
251,A3,Vertical lift motor,4,55,4,4,292,unstratified_random,6,93,105.6201183358804,Q4_60_80pct,0.15503905331295675,0.8,12.40312426503654,1,15.503905331295675,1,80.0,2
251,A4,AGV/shuttle drive unit,2,15,2,2,292,unstratified_random,96,137,137.09402180530702,Q5_longest_80_100pct,0.0,0.4,0.0,2,0.0,2,40.0,5
251,A5,Packing-station roller motor,3,35,3,2,292,unstratified_random,99,117,132.87361758142774,Q4_60_80pct,0.0,0.5333333333333333,0.0,2,0.0,2,60.0,4
252,A1,Inbound conveyor motor,4,40,3,3,293,unstratified_random,69,121,148.86538698158105,Q5_longest_80_100pct,0.0,0.6666666666666667,0.0,5,0.0,5,80.0,2
252,A2,Sortation conveyor drive,5,80,5,4,293,unstratified_random,52,29,40.87621681240515,Q2_20_40pct,0.6729902655007588,0.9333333333333333,62.81242478007082,1,67.29902655007588,2,100.0,1
252,A3,Vertical lift motor,4,55,4,4,293,unstratified_random,84,58,54.07820667708313,Q2_20_40pct,0.567374346583335,0.8,45.389947726666804,3,56.7374346583335,3,80.0,2
252,A4,AGV/shuttle drive unit,2,15,2,2,293,unstratified_random,10,96,99.04426828245136,Q3_40_60pct,0.20764585374038913,0.4,8.305834149615565,4,20.764585374038912,4,40.0,5
252,A5,Packing-station roller motor,3,35,3,2,293,unstratified_random,68,8,14.299954503479244,Q1_shortest_0_20pct,0.885600363972166,0.5333333333333333,47.23201941184885,2,88.5600363972166,1,60.0,4
253,A1,Inbound conveyor motor,4,40,3,3,294,unstratified_random,56,15,16.158144448588526,Q1_shortest_0_20pct,0.8707348444112918,0.6666666666666667,58.04898962741946,1,87.07348444112918,1,80.0,2
253,A2,Sortation conveyor drive,5,80,5,4,294,unstratified_random,63,72,60.45894799885493,Q2_20_40pct,0.5163284160091606,0.9333333333333333,48.19065216085499,2,51.63284160091606,2,100.0,1
253,A3,Vertical lift motor,4,55,4,4,294,unstratified_random,12,124,90.15767382323185,Q3_40_60pct,0.2787386094141452,0.8,22.299088753131617,3,27.87386094141452,3,80.0,2
253,A4,AGV/shuttle drive unit,2,15,2,2,294,unstratified_random,7,91,94.3787722014587,Q3_40_60pct,0.24496982238833043,0.4,9.798792895533218,4,24.49698223883304,4,40.0,5
253,A5,Packing-station roller motor,3,35,3,2,294,unstratified_random,54,97,127.42576425394527,Q4_60_80pct,0.0,0.5333333333333333,0.0,5,0.0,5,60.0,4
254,A1,Inbound conveyor motor,4,40,3,3,295,unstratified_random,17,50,51.778940468972905,Q2_20_40pct,0.5857684762482167,0.6666666666666667,39.05123174988112,2,58.57684762482167,1,80.0,2
254,A2,Sortation conveyor drive,5,80,5,4,295,unstratified_random,14,107,146.91015946253862,Q5_longest_80_100pct,0.0,0.9333333333333333,0.0,5,0.0,5,100.0,1
254,A3,Vertical lift motor,4,55,4,4,295,unstratified_random,43,59,63.79604805149177,Q2_20_40pct,0.4896316155880658,0.8,39.170529247045266,1,48.963161558806576,2,80.0,2
254,A4,AGV/shuttle drive unit,2,15,2,2,295,unstratified_random,7,91,94.3787722014587,Q3_40_60pct,0.24496982238833043,0.4,9.798792895533218,4,24.49698223883304,4,40.0,5
254,A5,Packing-station roller motor,3,35,3,2,295,unstratified_random,98,59,85.21286900885234,Q3_40_60pct,0.31829704792918134,0.5333333333333333,16.975842556223007,3,31.829704792918136,3,60.0,4
255,A1,Inbound conveyor motor,4,40,3,3,296,unstratified_random,50,79,131.9611497166465,Q4_60_80pct,0.0,0.6666666666666667,0.0,1,0.0,1,80.0,2
255,A2,Sortation conveyor drive,5,80,5,4,296,unstratified_random,23,113,135.36716530023588,Q4_60_80pct,0.0,0.9333333333333333,0.0,1,0.0,1,100.0,1
255,A3,Vertical lift motor,4,55,4,4,296,unstratified_random,9,111,137.60480848618022,Q5_longest_80_100pct,0.0,0.8,0.0,1,0.0,1,80.0,2
255,A4,AGV/shuttle drive unit,2,15,2,2,296,unstratified_random,14,107,146.91015946253862,Q5_longest_80_100pct,0.0,0.4,0.0,1,0.0,1,40.0,5
255,A5,Packing-station roller motor,3,35,3,2,296,unstratified_random,65,128,151.46723766284128,Q5_longest_80_100pct,0.0,0.5333333333333333,0.0,1,0.0,1,60.0,4
256,A1,Inbound conveyor motor,4,40,3,3,297,unstratified_random,80,90,79.47558250502735,Q3_40_60pct,0.36419533995978126,0.6666666666666667,24.279689330652086,1,36.41953399597813,2,80.0,2
256,A2,Sortation conveyor drive,5,80,5,4,297,unstratified_random,28,97,94.6987062048556,Q3_40_60pct,0.2424103503611552,0.9333333333333333,22.624966033707818,2,24.24103503611552,3,100.0,1
256,A3,Vertical lift motor,4,55,4,4,297,unstratified_random,19,87,106.94874018187056,Q4_60_80pct,0.14441007854503551,0.8,11.552806283602841,4,14.441007854503551,4,80.0,2
256,A4,AGV/shuttle drive unit,2,15,2,2,297,unstratified_random,69,121,148.86538698158105,Q5_longest_80_100pct,0.0,0.4,0.0,5,0.0,5,40.0,5
256,A5,Packing-station roller motor,3,35,3,2,297,unstratified_random,8,95,75.96907893735971,Q3_40_60pct,0.3922473685011223,0.5333333333333333,20.91985965339319,3,39.22473685011223,1,60.0,4
257,A1,Inbound conveyor motor,4,40,3,3,298,unstratified_random,47,135,121.81629897102604,Q4_60_80pct,0.025469608231791674,0.6666666666666667,1.6979738821194452,4,2.5469608231791674,4,80.0,2
257,A2,Sortation conveyor drive,5,80,5,4,298,unstratified_random,62,54,60.376193576182295,Q2_20_40pct,0.5169904513905417,0.9333333333333333,48.25244212978389,1,51.699045139054164,1,100.0,1
257,A3,Vertical lift motor,4,55,4,4,298,unstratified_random,88,115,132.4717899153425,Q4_60_80pct,0.0,0.8,0.0,5,0.0,5,80.0,2
257,A4,AGV/shuttle drive unit,2,15,2,2,298,unstratified_random,51,114,102.38736822787688,Q4_60_80pct,0.180901054176985,0.4,7.2360421670794,2,18.0901054176985,2,40.0,5
257,A5,Packing-station roller motor,3,35,3,2,298,unstratified_random,55,137,118.91039914419324,Q4_60_80pct,0.048716806846454075,0.5333333333333333,2.598229698477551,3,4.8716806846454075,3,60.0,4
258,A1,Inbound conveyor motor,4,40,3,3,299,unstratified_random,28,97,94.6987062048556,Q3_40_60pct,0.2424103503611552,0.6666666666666667,16.160690024077017,2,24.24103503611552,3,80.0,2
258,A2,Sortation conveyor drive,5,80,5,4,299,unstratified_random,38,50,47.55990877981797,Q2_20_40pct,0.6195207297614562,0.9333333333333333,57.82193477773591,1,61.95207297614562,1,100.0,1
258,A3,Vertical lift motor,4,55,4,4,299,unstratified_random,16,84,112.36753252847032,Q4_60_80pct,0.10105973977223748,0.8,8.084779181778998,4,10.105973977223748,4,80.0,2
258,A4,AGV/shuttle drive unit,2,15,2,2,299,unstratified_random,70,94,86.32146123836584,Q3_40_60pct,0.30942831009307326,0.4,12.377132403722932,3,30.942831009307326,2,40.0,5
258,A5,Packing-station roller motor,3,35,3,2,299,unstratified_random,78,107,158.8500624677376,Q5_longest_80_100pct,0.0,0.5333333333333333,0.0,5,0.0,5,60.0,4
259,A1,Inbound conveyor motor,4,40,3,3,300,unstratified_random,74,126,94.81409660307276,Q3_40_60pct,0.24148722717541793,0.6666666666666667,16.099148478361197,4,24.148722717541794,3,80.0,2
259,A2,Sortation conveyor drive,5,80,5,4,300,unstratified_random,75,113,125.9355598567823,Q4_60_80pct,0.0,0.9333333333333333,0.0,5,0.0,5,100.0,1
259,A3,Vertical lift motor,4,55,4,4,300,unstratified_random,5,91,97.4316568366386,Q3_40_60pct,0.22054674530689122,0.8,17.643739624551298,3,22.054674530689123,4,80.0,2
259,A4,AGV/shuttle drive unit,2,15,2,2,300,unstratified_random,56,15,16.158144448588526,Q1_shortest_0_20pct,0.8707348444112918,0.4,34.829393776451674,2,87.07348444112918,2,40.0,5
259,A5,Packing-station roller motor,3,35,3,2,300,unstratified_random,66,14,11.46932688270492,Q1_shortest_0_20pct,0.9082453849383606,0.5333333333333333,48.43975386337923,1,90.82453849383606,1,60.0,4
260,A1,Inbound conveyor motor,4,40,3,3,301,unstratified_random,23,113,135.36716530023588,Q4_60_80pct,0.0,0.6666666666666667,0.0,2,0.0,2,80.0,2
260,A2,Sortation conveyor drive,5,80,5,4,301,unstratified_random,20,16,23.928748965669588,Q1_shortest_0_20pct,0.8085700082746433,0.9333333333333333,75.46653410563337,1,80.85700082746433,1,100.0,1
260,A3,Vertical lift motor,4,55,4,4,301,unstratified_random,15,83,158.0175356684317,Q5_longest_80_100pct,0.0,0.8,0.0,2,0.0,2,80.0,2
260,A4,AGV/shuttle drive unit,2,15,2,2,301,unstratified_random,44,109,141.8287484510994,Q5_longest_80_100pct,0.0,0.4,0.0,2,0.0,2,40.0,5
260,A5,Packing-station roller motor,3,35,3,2,301,unstratified_random,39,142,172.98448712201755,Q5_longest_80_100pct,0.0,0.5333333333333333,0.0,2,0.0,2,60.0,4
261,A1,Inbound conveyor motor,4,40,3,3,302,unstratified_random,77,34,40.64323409645428,Q2_20_40pct,0.6748541272283658,0.6666666666666667,44.99027514855773,1,67.48541272283659,1,80.0,2
261,A2,Sortation conveyor drive,5,80,5,4,302,unstratified_random,70,94,86.32146123836584,Q3_40_60pct,0.30942831009307326,0.9333333333333333,28.879975608686838,2,30.942831009307326,3,100.0,1
261,A3,Vertical lift motor,4,55,4,4,302,unstratified_random,74,126,94.81409660307276,Q3_40_60pct,0.24148722717541793,0.8,19.318978174033436,4,24.148722717541794,4,80.0,2
261,A4,AGV/shuttle drive unit,2,15,2,2,302,unstratified_random,85,118,162.2981284023822,Q5_longest_80_100pct,0.0,0.4,0.0,5,0.0,5,40.0,5
261,A5,Packing-station roller motor,3,35,3,2,302,unstratified_random,21,57,67.90605820026097,Q2_20_40pct,0.4567515343979123,0.5333333333333333,24.360081834555324,3,45.67515343979123,2,60.0,4
262,A1,Inbound conveyor motor,4,40,3,3,303,unstratified_random,86,89,88.09422089781806,Q3_40_60pct,0.29524623281745555,0.6666666666666667,19.683082187830372,3,29.524623281745555,4,80.0,2
262,A2,Sortation conveyor drive,5,80,5,4,303,unstratified_random,42,10,15.95535794283765,Q1_shortest_0_20pct,0.8723571364572988,0.9333333333333333,81.41999940268123,1,87.23571364572989,1,100.0,1
262,A3,Vertical lift motor,4,55,4,4,303,unstratified_random,40,28,26.358548153514647,Q1_shortest_0_20pct,0.7891316147718828,0.8,63.13052918175063,2,78.91316147718828,2,80.0,2
262,A4,AGV/shuttle drive unit,2,15,2,2,303,unstratified_random,21,57,67.90605820026097,Q2_20_40pct,0.4567515343979123,0.4,18.270061375916494,4,45.67515343979123,3,40.0,5
262,A5,Packing-station roller motor,3,35,3,2,303,unstratified_random,48,92,128.30022813454278,Q4_60_80pct,0.0,0.5333333333333333,0.0,5,0.0,5,60.0,4
263,A1,Inbound conveyor motor,4,40,3,3,304,unstratified_random,83,137,136.40747067846124,Q5_longest_80_100pct,0.0,0.6666666666666667,0.0,5,0.0,5,80.0,2
263,A2,Sortation conveyor drive,5,80,5,4,304,unstratified_random,89,136,96.67220915776228,Q3_40_60pct,0.22662232673790172,0.9333333333333333,21.15141716220416,2,22.66223267379017,3,100.0,1
263,A3,Vertical lift motor,4,55,4,4,304,unstratified_random,66,14,11.46932688270492,Q1_shortest_0_20pct,0.9082453849383606,0.8,72.65963079506885,1,90.82453849383606,1,80.0,2
263,A4,AGV/shuttle drive unit,2,15,2,2,304,unstratified_random,74,126,94.81409660307276,Q3_40_60pct,0.24148722717541793,0.4,9.659489087016718,3,24.148722717541794,2,40.0,5
263,A5,Packing-station roller motor,3,35,3,2,304,unstratified_random,55,137,118.91039914419324,Q4_60_80pct,0.048716806846454075,0.5333333333333333,2.598229698477551,4,4.8716806846454075,4,60.0,4
264,A1,Inbound conveyor motor,4,40,3,3,305,unstratified_random,31,8,23.83573742078014,Q1_shortest_0_20pct,0.8093141006337589,0.6666666666666667,53.95427337558394,1,80.93141006337589,1,80.0,2
264,A2,Sortation conveyor drive,5,80,5,4,305,unstratified_random,69,121,148.86538698158105,Q5_longest_80_100pct,0.0,0.9333333333333333,0.0,4,0.0,4,100.0,1
264,A3,Vertical lift motor,4,55,4,4,305,unstratified_random,70,94,86.32146123836584,Q3_40_60pct,0.30942831009307326,0.8,24.754264807445864,2,30.942831009307326,2,80.0,2
264,A4,AGV/shuttle drive unit,2,15,2,2,305,unstratified_random,6,93,105.6201183358804,Q4_60_80pct,0.15503905331295675,0.4,6.20156213251827,3,15.503905331295675,3,40.0,5
264,A5,Packing-station roller motor,3,35,3,2,305,unstratified_random,73,131,128.00577343113736,Q4_60_80pct,0.0,0.5333333333333333,0.0,4,0.0,4,60.0,4
265,A1,Inbound conveyor motor,4,40,3,3,306,unstratified_random,6,93,105.6201183358804,Q4_60_80pct,0.15503905331295675,0.6666666666666667,10.335936887530451,3,15.503905331295675,3,80.0,2
265,A2,Sortation conveyor drive,5,80,5,4,306,unstratified_random,44,109,141.8287484510994,Q5_longest_80_100pct,0.0,0.9333333333333333,0.0,4,0.0,4,100.0,1
265,A3,Vertical lift motor,4,55,4,4,306,unstratified_random,30,115,88.96761601985438,Q3_40_60pct,0.28825907184116495,0.8,23.060725747293198,1,28.825907184116495,1,80.0,2
265,A4,AGV/shuttle drive unit,2,15,2,2,306,unstratified_random,9,111,137.60480848618022,Q5_longest_80_100pct,0.0,0.4,0.0,4,0.0,4,40.0,5
265,A5,Packing-station roller motor,3,35,3,2,306,unstratified_random,79,63,95.26087986485147,Q3_40_60pct,0.2379129610811882,0.5333333333333333,12.688691257663372,2,23.79129610811882,2,60.0,4
266,A1,Inbound conveyor motor,4,40,3,3,307,unstratified_random,62,54,60.376193576182295,Q2_20_40pct,0.5169904513905417,0.6666666666666667,34.46603009270278,2,51.699045139054164,2,80.0,2
266,A2,Sortation conveyor drive,5,80,5,4,307,unstratified_random,94,55,48.61299679912422,Q2_20_40pct,0.6110960256070063,0.9333333333333333,57.035629056653924,1,61.10960256070063,1,100.0,1
266,A3,Vertical lift motor,4,55,4,4,307,unstratified_random,44,109,141.8287484510994,Q5_longest_80_100pct,0.0,0.8,0.0,4,0.0,4,80.0,2
266,A4,AGV/shuttle drive unit,2,15,2,2,307,unstratified_random,8,95,75.96907893735971,Q3_40_60pct,0.3922473685011223,0.4,15.689894740044892,3,39.22473685011223,3,40.0,5
266,A5,Packing-station roller motor,3,35,3,2,307,unstratified_random,67,77,138.84222319134904,Q5_longest_80_100pct,0.0,0.5333333333333333,0.0,4,0.0,4,60.0,4
267,A1,Inbound conveyor motor,4,40,3,3,308,unstratified_random,66,14,11.46932688270492,Q1_shortest_0_20pct,0.9082453849383606,0.6666666666666667,60.549692329224044,1,90.82453849383606,1,80.0,2
267,A2,Sortation conveyor drive,5,80,5,4,308,unstratified_random,55,137,118.91039914419324,Q4_60_80pct,0.048716806846454075,0.9333333333333333,4.546901972335713,4,4.8716806846454075,4,100.0,1
267,A3,Vertical lift motor,4,55,4,4,308,unstratified_random,67,77,138.84222319134904,Q5_longest_80_100pct,0.0,0.8,0.0,5,0.0,5,80.0,2
267,A4,AGV/shuttle drive unit,2,15,2,2,308,unstratified_random,61,21,41.30030317056766,Q2_20_40pct,0.6695975746354588,0.4,26.783902985418354,2,66.95975746354588,2,40.0,5
267,A5,Packing-station roller motor,3,35,3,2,308,unstratified_random,12,124,90.15767382323185,Q3_40_60pct,0.2787386094141452,0.5333333333333333,14.866059168754411,3,27.87386094141452,3,60.0,4
268,A1,Inbound conveyor motor,4,40,3,3,309,unstratified_random,4,82,87.20565932033077,Q3_40_60pct,0.30235472543735387,0.6666666666666667,20.156981695823593,2,30.235472543735387,3,80.0,2
268,A2,Sortation conveyor drive,5,80,5,4,309,unstratified_random,57,103,83.29315372594353,Q3_40_60pct,0.3336547701924518,0.9333333333333333,31.141111884628838,1,33.36547701924518,1,100.0,1
268,A3,Vertical lift motor,4,55,4,4,309,unstratified_random,23,113,135.36716530023588,Q4_60_80pct,0.0,0.8,0.0,5,0.0,5,80.0,2
268,A4,AGV/shuttle drive unit,2,15,2,2,309,unstratified_random,7,91,94.3787722014587,Q3_40_60pct,0.24496982238833043,0.4,9.798792895533218,4,24.49698223883304,4,40.0,5
268,A5,Packing-station roller motor,3,35,3,2,309,unstratified_random,98,59,85.21286900885234,Q3_40_60pct,0.31829704792918134,0.5333333333333333,16.975842556223007,3,31.829704792918136,2,60.0,4
269,A1,Inbound conveyor motor,4,40,3,3,310,unstratified_random,81,8,12.767256508974471,Q1_shortest_0_20pct,0.8978619479282042,0.6666666666666667,59.857463195213626,1,89.78619479282042,1,80.0,2
269,A2,Sortation conveyor drive,5,80,5,4,310,unstratified_random,13,95,93.13834255441226,Q3_40_60pct,0.2548932595647019,0.9333333333333333,23.790037559372177,3,25.48932595647019,3,100.0,1
269,A3,Vertical lift motor,4,55,4,4,310,unstratified_random,4,82,87.20565932033077,Q3_40_60pct,0.30235472543735387,0.8,24.18837803498831,2,30.235472543735387,2,80.0,2
269,A4,AGV/shuttle drive unit,2,15,2,2,310,unstratified_random,51,114,102.38736822787688,Q4_60_80pct,0.180901054176985,0.4,7.2360421670794,4,18.0901054176985,4,40.0,5
269,A5,Packing-station roller motor,3,35,3,2,310,unstratified_random,95,128,130.5679549560598,Q4_60_80pct,0.0,0.5333333333333333,0.0,5,0.0,5,60.0,4
270,A1,Inbound conveyor motor,4,40,3,3,311,unstratified_random,15,83,158.0175356684317,Q5_longest_80_100pct,0.0,0.6666666666666667,0.0,3,0.0,3,80.0,2
270,A2,Sortation conveyor drive,5,80,5,4,311,unstratified_random,9,111,137.60480848618022,Q5_longest_80_100pct,0.0,0.9333333333333333,0.0,3,0.0,3,100.0,1
270,A3,Vertical lift motor,4,55,4,4,311,unstratified_random,23,113,135.36716530023588,Q4_60_80pct,0.0,0.8,0.0,3,0.0,3,80.0,2
270,A4,AGV/shuttle drive unit,2,15,2,2,311,unstratified_random,34,7,11.177676889867849,Q1_shortest_0_20pct,0.9105785848810573,0.4,36.42314339524229,2,91.05785848810572,1,40.0,5
270,A5,Packing-station roller motor,3,35,3,2,311,unstratified_random,56,15,16.158144448588526,Q1_shortest_0_20pct,0.8707348444112918,0.5333333333333333,46.43919170193556,1,87.07348444112918,2,60.0,4
271,A1,Inbound conveyor motor,4,40,3,3,312,unstratified_random,78,107,158.8500624677376,Q5_longest_80_100pct,0.0,0.6666666666666667,0.0,3,0.0,3,80.0,2
271,A2,Sortation conveyor drive,5,80,5,4,312,unstratified_random,36,19,22.29101002400674,Q1_shortest_0_20pct,0.8216719198079461,0.9333333333333333,76.68937918207497,1,82.16719198079461,1,100.0,1
271,A3,Vertical lift motor,4,55,4,4,312,unstratified_random,2,98,142.91341211911944,Q5_longest_80_100pct,0.0,0.8,0.0,3,0.0,3,80.0,2
271,A4,AGV/shuttle drive unit,2,15,2,2,312,unstratified_random,54,97,127.42576425394527,Q4_60_80pct,0.0,0.4,0.0,3,0.0,3,40.0,5
271,A5,Packing-station roller motor,3,35,3,2,312,unstratified_random,84,58,54.07820667708313,Q2_20_40pct,0.567374346583335,0.5333333333333333,30.2599651511112,2,56.7374346583335,2,60.0,4
272,A1,Inbound conveyor motor,4,40,3,3,313,unstratified_random,31,8,23.83573742078014,Q1_shortest_0_20pct,0.8093141006337589,0.6666666666666667,53.95427337558394,1,80.93141006337589,1,80.0,2
272,A2,Sortation conveyor drive,5,80,5,4,313,unstratified_random,13,95,93.13834255441226,Q3_40_60pct,0.2548932595647019,0.9333333333333333,23.790037559372177,4,25.48932595647019,4,100.0,1
272,A3,Vertical lift motor,4,55,4,4,313,unstratified_random,62,54,60.376193576182295,Q2_20_40pct,0.5169904513905417,0.8,41.359236111243334,2,51.699045139054164,3,80.0,2
272,A4,AGV/shuttle drive unit,2,15,2,2,313,unstratified_random,22,111,163.77680736738688,Q5_longest_80_100pct,0.0,0.4,0.0,5,0.0,5,40.0,5
272,A5,Packing-station roller motor,3,35,3,2,313,unstratified_random,46,47,45.79841882029448,Q2_20_40pct,0.6336126494376442,0.5333333333333333,33.792674636674356,3,63.36126494376442,2,60.0,4
273,A1,Inbound conveyor motor,4,40,3,3,314,unstratified_random,45,114,76.03056963373365,Q3_40_60pct,0.39175544293013076,0.6666666666666667,26.117029528675385,3,39.175544293013076,3,80.0,2
273,A2,Sortation conveyor drive,5,80,5,4,314,unstratified_random,56,15,16.158144448588526,Q1_shortest_0_20pct,0.8707348444112918,0.9333333333333333,81.26858547838724,1,87.07348444112918,1,100.0,1
273,A3,Vertical lift motor,4,55,4,4,314,unstratified_random,90,28,30.303009041002955,Q1_shortest_0_20pct,0.7575759276719763,0.8,60.60607421375811,2,75.75759276719764,2,80.0,2
273,A4,AGV/shuttle drive unit,2,15,2,2,314,unstratified_random,67,77,138.84222319134904,Q5_longest_80_100pct,0.0,0.4,0.0,4,0.0,4,40.0,5
273,A5,Packing-station roller motor,3,35,3,2,314,unstratified_random,71,118,142.21779435736028,Q5_longest_80_100pct,0.0,0.5333333333333333,0.0,4,0.0,4,60.0,4
274,A1,Inbound conveyor motor,4,40,3,3,315,unstratified_random,88,115,132.4717899153425,Q4_60_80pct,0.0,0.6666666666666667,0.0,5,0.0,5,80.0,2
274,A2,Sortation conveyor drive,5,80,5,4,315,unstratified_random,62,54,60.376193576182295,Q2_20_40pct,0.5169904513905417,0.9333333333333333,48.25244212978389,1,51.699045139054164,3,100.0,1
274,A3,Vertical lift motor,4,55,4,4,315,unstratified_random,11,97,99.08741603137932,Q4_60_80pct,0.2073006717489655,0.8,16.58405373991724,4,20.73006717489655,4,80.0,2
274,A4,AGV/shuttle drive unit,2,15,2,2,315,unstratified_random,53,26,32.51632437126566,Q1_shortest_0_20pct,0.7398694050298746,0.4,29.59477620119499,3,73.98694050298747,1,40.0,5
274,A5,Packing-station roller motor,3,35,3,2,315,unstratified_random,77,34,40.64323409645428,Q2_20_40pct,0.6748541272283658,0.5333333333333333,35.99222011884618,2,67.48541272283659,2,60.0,4
275,A1,Inbound conveyor motor,4,40,3,3,316,unstratified_random,6,93,105.6201183358804,Q4_60_80pct,0.15503905331295675,0.6666666666666667,10.335936887530451,4,15.503905331295675,4,80.0,2
275,A2,Sortation conveyor drive,5,80,5,4,316,unstratified_random,1,112,181.7937722618632,Q5_longest_80_100pct,0.0,0.9333333333333333,0.0,5,0.0,5,100.0,1
275,A3,Vertical lift motor,4,55,4,4,316,unstratified_random,97,82,79.22371888224494,Q3_40_60pct,0.36621024894204046,0.8,29.29681991536324,1,36.62102489420405,2,80.0,2
275,A4,AGV/shuttle drive unit,2,15,2,2,316,unstratified_random,46,47,45.79841882029448,Q2_20_40pct,0.6336126494376442,0.4,25.34450597750577,2,63.36126494376442,1,40.0,5
275,A5,Packing-station roller motor,3,35,3,2,316,unstratified_random,30,115,88.96761601985438,Q3_40_60pct,0.28825907184116495,0.5333333333333333,15.37381716486213,3,28.825907184116495,3,60.0,4
276,A1,Inbound conveyor motor,4,40,3,3,317,unstratified_random,20,16,23.928748965669588,Q1_shortest_0_20pct,0.8085700082746433,0.6666666666666667,53.90466721830956,2,80.85700082746433,1,80.0,2
276,A2,Sortation conveyor drive,5,80,5,4,317,unstratified_random,91,38,26.859272201960557,Q1_shortest_0_20pct,0.7851258223843156,0.9333333333333333,73.2784100892028,1,78.51258223843156,2,100.0,1
276,A3,Vertical lift motor,4,55,4,4,317,unstratified_random,21,57,67.90605820026097,Q2_20_40pct,0.4567515343979123,0.8,36.54012275183299,3,45.67515343979123,3,80.0,2
276,A4,AGV/shuttle drive unit,2,15,2,2,317,unstratified_random,88,115,132.4717899153425,Q4_60_80pct,0.0,0.4,0.0,5,0.0,5,40.0,5
276,A5,Packing-station roller motor,3,35,3,2,317,unstratified_random,7,91,94.3787722014587,Q3_40_60pct,0.24496982238833043,0.5333333333333333,13.065057194044288,4,24.49698223883304,4,60.0,4
277,A1,Inbound conveyor motor,4,40,3,3,318,unstratified_random,82,9,13.00528536289486,Q1_shortest_0_20pct,0.8959577170968411,0.6666666666666667,59.73051447312275,2,89.59577170968412,2,80.0,2
277,A2,Sortation conveyor drive,5,80,5,4,318,unstratified_random,94,55,48.61299679912422,Q2_20_40pct,0.6110960256070063,0.9333333333333333,57.035629056653924,3,61.10960256070063,3,100.0,1
277,A3,Vertical lift motor,4,55,4,4,318,unstratified_random,76,10,10.049433434661326,Q1_shortest_0_20pct,0.9196045325227094,0.8,73.56836260181676,1,91.96045325227094,1,80.0,2
277,A4,AGV/shuttle drive unit,2,15,2,2,318,unstratified_random,12,124,90.15767382323185,Q3_40_60pct,0.2787386094141452,0.4,11.149544376565808,4,27.87386094141452,4,40.0,5
277,A5,Packing-station roller motor,3,35,3,2,318,unstratified_random,25,145,153.1932818222736,Q5_longest_80_100pct,0.0,0.5333333333333333,0.0,5,0.0,5,60.0,4
278,A1,Inbound conveyor motor,4,40,3,3,319,unstratified_random,78,107,158.8500624677376,Q5_longest_80_100pct,0.0,0.6666666666666667,0.0,4,0.0,4,80.0,2
278,A2,Sortation conveyor drive,5,80,5,4,319,unstratified_random,86,89,88.09422089781806,Q3_40_60pct,0.29524623281745555,0.9333333333333333,27.55631506296252,1,29.524623281745555,2,100.0,1
278,A3,Vertical lift motor,4,55,4,4,319,unstratified_random,87,116,144.3579823471946,Q5_longest_80_100pct,0.0,0.8,0.0,4,0.0,4,80.0,2
278,A4,AGV/shuttle drive unit,2,15,2,2,319,unstratified_random,19,87,106.94874018187056,Q4_60_80pct,0.14441007854503551,0.4,5.776403141801421,3,14.441007854503551,3,40.0,5
278,A5,Packing-station roller motor,3,35,3,2,319,unstratified_random,21,57,67.90605820026097,Q2_20_40pct,0.4567515343979123,0.5333333333333333,24.360081834555324,2,45.67515343979123,1,60.0,4
279,A1,Inbound conveyor motor,4,40,3,3,320,unstratified_random,70,94,86.32146123836584,Q3_40_60pct,0.30942831009307326,0.6666666666666667,20.628554006204887,2,30.942831009307326,2,80.0,2
279,A2,Sortation conveyor drive,5,80,5,4,320,unstratified_random,29,90,101.07862421817065,Q4_60_80pct,0.19137100625463488,0.9333333333333333,17.861293917099257,3,19.13710062546349,4,100.0,1
279,A3,Vertical lift motor,4,55,4,4,320,unstratified_random,100,20,23.88622641030998,Q1_shortest_0_20pct,0.8089101887175202,0.8,64.71281509740162,1,80.89101887175202,1,80.0,2
279,A4,AGV/shuttle drive unit,2,15,2,2,320,unstratified_random,27,66,114.97611996076007,Q4_60_80pct,0.08019104031391944,0.4,3.2076416125567775,5,8.019104031391944,5,40.0,5
279,A5,Packing-station roller motor,3,35,3,2,320,unstratified_random,79,63,95.26087986485147,Q3_40_60pct,0.2379129610811882,0.5333333333333333,12.688691257663372,4,23.79129610811882,3,60.0,4
280,A1,Inbound conveyor motor,4,40,3,3,321,unstratified_random,90,28,30.303009041002955,Q1_shortest_0_20pct,0.7575759276719763,0.6666666666666667,50.505061844798426,3,75.75759276719764,2,80.0,2
280,A2,Sortation conveyor drive,5,80,5,4,321,unstratified_random,37,21,54.159061654098565,Q2_20_40pct,0.5667275067672115,0.9333333333333333,52.894567298273074,2,56.67275067672115,4,100.0,1
280,A3,Vertical lift motor,4,55,4,4,321,unstratified_random,66,14,11.46932688270492,Q1_shortest_0_20pct,0.9082453849383606,0.8,72.65963079506885,1,90.82453849383606,1,80.0,2
280,A4,AGV/shuttle drive unit,2,15,2,2,321,unstratified_random,64,28,47.55027096178691,Q2_20_40pct,0.6195978323057048,0.4,24.783913292228192,4,61.95978323057047,3,40.0,5
280,A5,Packing-station roller motor,3,35,3,2,321,unstratified_random,13,95,93.13834255441226,Q3_40_60pct,0.2548932595647019,0.5333333333333333,13.5943071767841,5,25.48932595647019,5,60.0,4
281,A1,Inbound conveyor motor,4,40,3,3,322,unstratified_random,29,90,101.07862421817065,Q4_60_80pct,0.19137100625463488,0.6666666666666667,12.758067083642327,4,19.13710062546349,4,80.0,2
281,A2,Sortation conveyor drive,5,80,5,4,322,unstratified_random,48,92,128.30022813454278,Q4_60_80pct,0.0,0.9333333333333333,0.0,5,0.0,5,100.0,1
281,A3,Vertical lift motor,4,55,4,4,322,unstratified_random,10,96,99.04426828245136,Q3_40_60pct,0.20764585374038913,0.8,16.61166829923113,2,20.764585374038912,3,80.0,2
281,A4,AGV/shuttle drive unit,2,15,2,2,322,unstratified_random,18,28,60.32803578156674,Q2_20_40pct,0.5173757137474662,0.4,20.695028549898648,1,51.737571374746615,1,40.0,5
281,A5,Packing-station roller motor,3,35,3,2,322,unstratified_random,30,115,88.96761601985438,Q3_40_60pct,0.28825907184116495,0.5333333333333333,15.37381716486213,3,28.825907184116495,2,60.0,4
282,A1,Inbound conveyor motor,4,40,3,3,323,unstratified_random,28,97,94.6987062048556,Q3_40_60pct,0.2424103503611552,0.6666666666666667,16.160690024077017,4,24.24103503611552,4,80.0,2
282,A2,Sortation conveyor drive,5,80,5,4,323,unstratified_random,80,90,79.47558250502735,Q3_40_60pct,0.36419533995978126,0.9333333333333333,33.99156506291292,2,36.41953399597813,3,100.0,1
282,A3,Vertical lift motor,4,55,4,4,323,unstratified_random,68,8,14.299954503479244,Q1_shortest_0_20pct,0.885600363972166,0.8,70.8480291177733,1,88.5600363972166,1,80.0,2
282,A4,AGV/shuttle drive unit,2,15,2,2,323,unstratified_random,83,137,136.40747067846124,Q5_longest_80_100pct,0.0,0.4,0.0,5,0.0,5,40.0,5
282,A5,Packing-station roller motor,3,35,3,2,323,unstratified_random,17,50,51.778940468972905,Q2_20_40pct,0.5857684762482167,0.5333333333333333,31.24098539990489,3,58.57684762482167,2,60.0,4
283,A1,Inbound conveyor motor,4,40,3,3,324,unstratified_random,24,20,32.316305129135706,Q1_shortest_0_20pct,0.7414695589669144,0.6666666666666667,49.43130393112763,1,74.14695589669144,2,80.0,2
283,A2,Sortation conveyor drive,5,80,5,4,324,unstratified_random,60,100,104.41961816061556,Q4_60_80pct,0.16464305471507557,0.9333333333333333,15.366685106740388,3,16.464305471507558,4,100.0,1
283,A3,Vertical lift motor,4,55,4,4,324,unstratified_random,47,135,121.81629897102604,Q4_60_80pct,0.025469608231791674,0.8,2.037568658543334,5,2.5469608231791674,5,80.0,2
283,A4,AGV/shuttle drive unit,2,15,2,2,324,unstratified_random,91,38,26.859272201960557,Q1_shortest_0_20pct,0.7851258223843156,0.4,31.405032895372628,2,78.51258223843156,1,40.0,5
283,A5,Packing-station roller motor,3,35,3,2,324,unstratified_random,29,90,101.07862421817065,Q4_60_80pct,0.19137100625463488,0.5333333333333333,10.20645366691386,4,19.13710062546349,3,60.0,4
284,A1,Inbound conveyor motor,4,40,3,3,325,unstratified_random,59,114,150.6488483670163,Q5_longest_80_100pct,0.0,0.6666666666666667,0.0,3,0.0,3,80.0,2
284,A2,Sortation conveyor drive,5,80,5,4,325,unstratified_random,2,98,142.91341211911944,Q5_longest_80_100pct,0.0,0.9333333333333333,0.0,3,0.0,3,100.0,1
284,A3,Vertical lift motor,4,55,4,4,325,unstratified_random,46,47,45.79841882029448,Q2_20_40pct,0.6336126494376442,0.8,50.68901195501154,1,63.36126494376442,1,80.0,2
284,A4,AGV/shuttle drive unit,2,15,2,2,325,unstratified_random,75,113,125.9355598567823,Q4_60_80pct,0.0,0.4,0.0,3,0.0,3,40.0,5
284,A5,Packing-station roller motor,3,35,3,2,325,unstratified_random,38,50,47.55990877981797,Q2_20_40pct,0.6195207297614562,0.5333333333333333,33.04110558727766,2,61.95207297614562,2,60.0,4
285,A1,Inbound conveyor motor,4,40,3,3,326,unstratified_random,53,26,32.51632437126566,Q1_shortest_0_20pct,0.7398694050298746,0.6666666666666667,49.32462700199165,1,73.98694050298747,1,80.0,2
285,A2,Sortation conveyor drive,5,80,5,4,326,unstratified_random,22,111,163.77680736738688,Q5_longest_80_100pct,0.0,0.9333333333333333,0.0,4,0.0,4,100.0,1
285,A3,Vertical lift motor,4,55,4,4,326,unstratified_random,97,82,79.22371888224494,Q3_40_60pct,0.36621024894204046,0.8,29.29681991536324,2,36.62102489420405,2,80.0,2
285,A4,AGV/shuttle drive unit,2,15,2,2,326,unstratified_random,5,91,97.4316568366386,Q3_40_60pct,0.22054674530689122,0.4,8.821869812275649,3,22.054674530689123,3,40.0,5
285,A5,Packing-station roller motor,3,35,3,2,326,unstratified_random,48,92,128.30022813454278,Q4_60_80pct,0.0,0.5333333333333333,0.0,4,0.0,4,60.0,4
286,A1,Inbound conveyor motor,4,40,3,3,327,unstratified_random,62,54,60.376193576182295,Q2_20_40pct,0.5169904513905417,0.6666666666666667,34.46603009270278,3,51.699045139054164,3,80.0,2
286,A2,Sortation conveyor drive,5,80,5,4,327,unstratified_random,23,113,135.36716530023588,Q4_60_80pct,0.0,0.9333333333333333,0.0,4,0.0,4,100.0,1
286,A3,Vertical lift motor,4,55,4,4,327,unstratified_random,38,50,47.55990877981797,Q2_20_40pct,0.6195207297614562,0.8,49.5616583809165,1,61.95207297614562,2,80.0,2
286,A4,AGV/shuttle drive unit,2,15,2,2,327,unstratified_random,9,111,137.60480848618022,Q5_longest_80_100pct,0.0,0.4,0.0,4,0.0,4,40.0,5
286,A5,Packing-station roller motor,3,35,3,2,327,unstratified_random,53,26,32.51632437126566,Q1_shortest_0_20pct,0.7398694050298746,0.5333333333333333,39.459701601593316,2,73.98694050298747,1,60.0,4
287,A1,Inbound conveyor motor,4,40,3,3,328,unstratified_random,27,66,114.97611996076007,Q4_60_80pct,0.08019104031391944,0.6666666666666667,5.346069354261297,3,8.019104031391944,3,80.0,2
287,A2,Sortation conveyor drive,5,80,5,4,328,unstratified_random,90,28,30.303009041002955,Q1_shortest_0_20pct,0.7575759276719763,0.9333333333333333,70.70708658271779,1,75.75759276719764,1,100.0,1
287,A3,Vertical lift motor,4,55,4,4,328,unstratified_random,48,92,128.30022813454278,Q4_60_80pct,0.0,0.8,0.0,4,0.0,4,80.0,2
287,A4,AGV/shuttle drive unit,2,15,2,2,328,unstratified_random,62,54,60.376193576182295,Q2_20_40pct,0.5169904513905417,0.4,20.679618055621667,2,51.699045139054164,2,40.0,5
287,A5,Packing-station roller motor,3,35,3,2,328,unstratified_random,39,142,172.98448712201755,Q5_longest_80_100pct,0.0,0.5333333333333333,0.0,4,0.0,4,60.0,4
288,A1,Inbound conveyor motor,4,40,3,3,329,unstratified_random,24,20,32.316305129135706,Q1_shortest_0_20pct,0.7414695589669144,0.6666666666666667,49.43130393112763,1,74.14695589669144,3,80.0,2
288,A2,Sortation conveyor drive,5,80,5,4,329,unstratified_random,27,66,114.97611996076007,Q4_60_80pct,0.08019104031391944,0.9333333333333333,7.484497095965814,5,8.019104031391944,5,100.0,1
288,A3,Vertical lift motor,4,55,4,4,329,unstratified_random,80,90,79.47558250502735,Q3_40_60pct,0.36419533995978126,0.8,29.135627196782504,4,36.41953399597813,4,80.0,2
288,A4,AGV/shuttle drive unit,2,15,2,2,329,unstratified_random,35,11,10.318035788709574,Q1_shortest_0_20pct,0.9174557136903234,0.4,36.69822854761294,3,91.74557136903235,1,40.0,5
288,A5,Packing-station roller motor,3,35,3,2,329,unstratified_random,66,14,11.46932688270492,Q1_shortest_0_20pct,0.9082453849383606,0.5333333333333333,48.43975386337923,2,90.82453849383606,2,60.0,4
289,A1,Inbound conveyor motor,4,40,3,3,330,unstratified_random,96,137,137.09402180530702,Q5_longest_80_100pct,0.0,0.6666666666666667,0.0,3,0.0,3,80.0,2
289,A2,Sortation conveyor drive,5,80,5,4,330,unstratified_random,14,107,146.91015946253862,Q5_longest_80_100pct,0.0,0.9333333333333333,0.0,3,0.0,3,100.0,1
289,A3,Vertical lift motor,4,55,4,4,330,unstratified_random,50,79,131.9611497166465,Q4_60_80pct,0.0,0.8,0.0,3,0.0,3,80.0,2
289,A4,AGV/shuttle drive unit,2,15,2,2,330,unstratified_random,92,20,25.16213385236525,Q1_shortest_0_20pct,0.798702929181078,0.4,31.94811716724312,1,79.8702929181078,1,40.0,5
289,A5,Packing-station roller motor,3,35,3,2,330,unstratified_random,51,114,102.38736822787688,Q4_60_80pct,0.180901054176985,0.5333333333333333,9.648056222772533,2,18.0901054176985,2,60.0,4
290,A1,Inbound conveyor motor,4,40,3,3,331,unstratified_random,35,11,10.318035788709574,Q1_shortest_0_20pct,0.9174557136903234,0.6666666666666667,61.16371424602157,2,91.74557136903235,2,80.0,2
290,A2,Sortation conveyor drive,5,80,5,4,331,unstratified_random,76,10,10.049433434661326,Q1_shortest_0_20pct,0.9196045325227094,0.9333333333333333,85.8297563687862,1,91.96045325227094,1,100.0,1
290,A3,Vertical lift motor,4,55,4,4,331,unstratified_random,10,96,99.04426828245136,Q3_40_60pct,0.20764585374038913,0.8,16.61166829923113,3,20.764585374038912,3,80.0,2
290,A4,AGV/shuttle drive unit,2,15,2,2,331,unstratified_random,96,137,137.09402180530702,Q5_longest_80_100pct,0.0,0.4,0.0,4,0.0,4,40.0,5
290,A5,Packing-station roller motor,3,35,3,2,331,unstratified_random,33,106,142.7935583123275,Q5_longest_80_100pct,0.0,0.5333333333333333,0.0,4,0.0,4,60.0,4
291,A1,Inbound conveyor motor,4,40,3,3,332,unstratified_random,41,18,59.85486006548725,Q2_20_40pct,0.521161119476102,0.6666666666666667,34.74407463174014,4,52.1161119476102,3,80.0,2
291,A2,Sortation conveyor drive,5,80,5,4,332,unstratified_random,45,114,76.03056963373365,Q3_40_60pct,0.39175544293013076,0.9333333333333333,36.56384134014554,3,39.175544293013076,4,100.0,1
291,A3,Vertical lift motor,4,55,4,4,332,unstratified_random,100,20,23.88622641030998,Q1_shortest_0_20pct,0.8089101887175202,0.8,64.71281509740162,1,80.89101887175202,2,80.0,2
291,A4,AGV/shuttle drive unit,2,15,2,2,332,unstratified_random,76,10,10.049433434661326,Q1_shortest_0_20pct,0.9196045325227094,0.4,36.78418130090838,2,91.96045325227094,1,40.0,5
291,A5,Packing-station roller motor,3,35,3,2,332,unstratified_random,13,95,93.13834255441226,Q3_40_60pct,0.2548932595647019,0.5333333333333333,13.5943071767841,5,25.48932595647019,5,60.0,4
292,A1,Inbound conveyor motor,4,40,3,3,333,unstratified_random,90,28,30.303009041002955,Q1_shortest_0_20pct,0.7575759276719763,0.6666666666666667,50.505061844798426,2,75.75759276719764,2,80.0,2
292,A2,Sortation conveyor drive,5,80,5,4,333,unstratified_random,29,90,101.07862421817065,Q4_60_80pct,0.19137100625463488,0.9333333333333333,17.861293917099257,4,19.13710062546349,4,100.0,1
292,A3,Vertical lift motor,4,55,4,4,333,unstratified_random,100,20,23.88622641030998,Q1_shortest_0_20pct,0.8089101887175202,0.8,64.71281509740162,1,80.89101887175202,1,80.0,2
292,A4,AGV/shuttle drive unit,2,15,2,2,333,unstratified_random,83,137,136.40747067846124,Q5_longest_80_100pct,0.0,0.4,0.0,5,0.0,5,40.0,5
292,A5,Packing-station roller motor,3,35,3,2,333,unstratified_random,41,18,59.85486006548725,Q2_20_40pct,0.521161119476102,0.5333333333333333,27.795259705392105,3,52.1161119476102,3,60.0,4
293,A1,Inbound conveyor motor,4,40,3,3,334,unstratified_random,44,109,141.8287484510994,Q5_longest_80_100pct,0.0,0.6666666666666667,0.0,5,0.0,5,80.0,2
293,A2,Sortation conveyor drive,5,80,5,4,334,unstratified_random,4,82,87.20565932033077,Q3_40_60pct,0.30235472543735387,0.9333333333333333,28.21977437415303,4,30.235472543735387,4,100.0,1
293,A3,Vertical lift motor,4,55,4,4,334,unstratified_random,40,28,26.358548153514647,Q1_shortest_0_20pct,0.7891316147718828,0.8,63.13052918175063,1,78.91316147718828,2,80.0,2
293,A4,AGV/shuttle drive unit,2,15,2,2,334,unstratified_random,100,20,23.88622641030998,Q1_shortest_0_20pct,0.8089101887175202,0.4,32.35640754870081,3,80.89101887175202,1,40.0,5
293,A5,Packing-station roller motor,3,35,3,2,334,unstratified_random,61,21,41.30030317056766,Q2_20_40pct,0.6695975746354588,0.5333333333333333,35.71187064722447,2,66.95975746354588,3,60.0,4
294,A1,Inbound conveyor motor,4,40,3,3,335,unstratified_random,13,95,93.13834255441226,Q3_40_60pct,0.2548932595647019,0.6666666666666667,16.992883970980127,2,25.48932595647019,2,80.0,2
294,A2,Sortation conveyor drive,5,80,5,4,335,unstratified_random,47,135,121.81629897102604,Q4_60_80pct,0.025469608231791674,0.9333333333333333,2.377163434967223,4,2.5469608231791674,4,100.0,1
294,A3,Vertical lift motor,4,55,4,4,335,unstratified_random,75,113,125.9355598567823,Q4_60_80pct,0.0,0.8,0.0,5,0.0,5,80.0,2
294,A4,AGV/shuttle drive unit,2,15,2,2,335,unstratified_random,11,97,99.08741603137932,Q4_60_80pct,0.2073006717489655,0.4,8.29202686995862,3,20.73006717489655,3,40.0,5
294,A5,Packing-station roller motor,3,35,3,2,335,unstratified_random,32,48,58.21837314904572,Q2_20_40pct,0.5342530148076343,0.5333333333333333,28.49349412307383,1,53.42530148076343,1,60.0,4
295,A1,Inbound conveyor motor,4,40,3,3,336,unstratified_random,90,28,30.303009041002955,Q1_shortest_0_20pct,0.7575759276719763,0.6666666666666667,50.505061844798426,2,75.75759276719764,2,80.0,2
295,A2,Sortation conveyor drive,5,80,5,4,336,unstratified_random,92,20,25.16213385236525,Q1_shortest_0_20pct,0.798702929181078,0.9333333333333333,74.54560672356727,1,79.8702929181078,1,100.0,1
295,A3,Vertical lift motor,4,55,4,4,336,unstratified_random,33,106,142.7935583123275,Q5_longest_80_100pct,0.0,0.8,0.0,5,0.0,5,80.0,2
295,A4,AGV/shuttle drive unit,2,15,2,2,336,unstratified_random,37,21,54.159061654098565,Q2_20_40pct,0.5667275067672115,0.4,22.66910027068846,3,56.67275067672115,3,40.0,5
295,A5,Packing-station roller motor,3,35,3,2,336,unstratified_random,8,95,75.96907893735971,Q3_40_60pct,0.3922473685011223,0.5333333333333333,20.91985965339319,4,39.22473685011223,4,60.0,4
296,A1,Inbound conveyor motor,4,40,3,3,337,unstratified_random,32,48,58.21837314904572,Q2_20_40pct,0.5342530148076343,0.6666666666666667,35.61686765384229,1,53.42530148076343,2,80.0,2
296,A2,Sortation conveyor drive,5,80,5,4,337,unstratified_random,57,103,83.29315372594353,Q3_40_60pct,0.3336547701924518,0.9333333333333333,31.141111884628838,2,33.36547701924518,3,100.0,1
296,A3,Vertical lift motor,4,55,4,4,337,unstratified_random,25,145,153.1932818222736,Q5_longest_80_100pct,0.0,0.8,0.0,5,0.0,5,80.0,2
296,A4,AGV/shuttle drive unit,2,15,2,2,337,unstratified_random,3,69,51.59437184534412,Q2_20_40pct,0.587245025237247,0.4,23.48980100948988,3,58.724502523724695,1,40.0,5
296,A5,Packing-station roller motor,3,35,3,2,337,unstratified_random,29,90,101.07862421817065,Q4_60_80pct,0.19137100625463488,0.5333333333333333,10.20645366691386,4,19.13710062546349,4,60.0,4
297,A1,Inbound conveyor motor,4,40,3,3,338,unstratified_random,82,9,13.00528536289486,Q1_shortest_0_20pct,0.8959577170968411,0.6666666666666667,59.73051447312275,2,89.59577170968412,1,80.0,2
297,A2,Sortation conveyor drive,5,80,5,4,338,unstratified_random,52,29,40.87621681240515,Q2_20_40pct,0.6729902655007588,0.9333333333333333,62.81242478007082,1,67.29902655007588,2,100.0,1
297,A3,Vertical lift motor,4,55,4,4,338,unstratified_random,95,128,130.5679549560598,Q4_60_80pct,0.0,0.8,0.0,4,0.0,4,80.0,2
297,A4,AGV/shuttle drive unit,2,15,2,2,338,unstratified_random,73,131,128.00577343113736,Q4_60_80pct,0.0,0.4,0.0,4,0.0,4,40.0,5
297,A5,Packing-station roller motor,3,35,3,2,338,unstratified_random,57,103,83.29315372594353,Q3_40_60pct,0.3336547701924518,0.5333333333333333,17.794921076930763,3,33.36547701924518,3,60.0,4
298,A1,Inbound conveyor motor,4,40,3,3,339,unstratified_random,3,69,51.59437184534412,Q2_20_40pct,0.587245025237247,0.6666666666666667,39.1496683491498,2,58.724502523724695,2,80.0,2
298,A2,Sortation conveyor drive,5,80,5,4,339,unstratified_random,29,90,101.07862421817065,Q4_60_80pct,0.19137100625463488,0.9333333333333333,17.861293917099257,4,19.13710062546349,5,100.0,1
298,A3,Vertical lift motor,4,55,4,4,339,unstratified_random,62,54,60.376193576182295,Q2_20_40pct,0.5169904513905417,0.8,41.359236111243334,1,51.699045139054164,3,80.0,2
298,A4,AGV/shuttle drive unit,2,15,2,2,339,unstratified_random,90,28,30.303009041002955,Q1_shortest_0_20pct,0.7575759276719763,0.4,30.303037106879056,3,75.75759276719764,1,40.0,5
298,A5,Packing-station roller motor,3,35,3,2,339,unstratified_random,5,91,97.4316568366386,Q3_40_60pct,0.22054674530689122,0.5333333333333333,11.7624930830342,5,22.054674530689123,4,60.0,4
299,A1,Inbound conveyor motor,4,40,3,3,340,unstratified_random,6,93,105.6201183358804,Q4_60_80pct,0.15503905331295675,0.6666666666666667,10.335936887530451,4,15.503905331295675,4,80.0,2
299,A2,Sortation conveyor drive,5,80,5,4,340,unstratified_random,81,8,12.767256508974471,Q1_shortest_0_20pct,0.8978619479282042,0.9333333333333333,83.80044847329907,1,89.78619479282042,1,100.0,1
299,A3,Vertical lift motor,4,55,4,4,340,unstratified_random,21,57,67.90605820026097,Q2_20_40pct,0.4567515343979123,0.8,36.54012275183299,3,45.67515343979123,3,80.0,2
299,A4,AGV/shuttle drive unit,2,15,2,2,340,unstratified_random,15,83,158.0175356684317,Q5_longest_80_100pct,0.0,0.4,0.0,5,0.0,5,40.0,5
299,A5,Packing-station roller motor,3,35,3,2,340,unstratified_random,56,15,16.158144448588526,Q1_shortest_0_20pct,0.8707348444112918,0.5333333333333333,46.43919170193556,2,87.07348444112918,2,60.0,4
300,A1,Inbound conveyor motor,4,40,3,3,341,unstratified_random,49,21,13.44996942007384,Q1_shortest_0_20pct,0.8924002446394093,0.6666666666666667,59.493349642627294,2,89.24002446394093,1,80.0,2
300,A2,Sortation conveyor drive,5,80,5,4,341,unstratified_random,60,100,104.41961816061556,Q4_60_80pct,0.16464305471507557,0.9333333333333333,15.366685106740388,4,16.464305471507558,4,100.0,1
300,A3,Vertical lift motor,4,55,4,4,341,unstratified_random,31,8,23.83573742078014,Q1_shortest_0_20pct,0.8093141006337589,0.8,64.74512805070071,1,80.93141006337589,2,80.0,2
300,A4,AGV/shuttle drive unit,2,15,2,2,341,unstratified_random,91,38,26.859272201960557,Q1_shortest_0_20pct,0.7851258223843156,0.4,31.405032895372628,3,78.51258223843156,3,40.0,5
300,A5,Packing-station roller motor,3,35,3,2,341,unstratified_random,14,107,146.91015946253862,Q5_longest_80_100pct,0.0,0.5333333333333333,0.0,5,0.0,5,60.0,4
301,A1,Inbound conveyor motor,4,40,3,3,342,unstratified_random,59,114,150.6488483670163,Q5_longest_80_100pct,0.0,0.6666666666666667,0.0,4,0.0,4,80.0,2
301,A2,Sortation conveyor drive,5,80,5,4,342,unstratified_random,73,131,128.00577343113736,Q4_60_80pct,0.0,0.9333333333333333,0.0,4,0.0,4,100.0,1
301,A3,Vertical lift motor,4,55,4,4,342,unstratified_random,47,135,121.81629897102604,Q4_60_80pct,0.025469608231791674,0.8,2.037568658543334,3,2.5469608231791674,3,80.0,2
301,A4,AGV/shuttle drive unit,2,15,2,2,342,unstratified_random,16,84,112.36753252847032,Q4_60_80pct,0.10105973977223748,0.4,4.042389590889499,2,10.105973977223748,2,40.0,5
301,A5,Packing-station roller motor,3,35,3,2,342,unstratified_random,76,10,10.049433434661326,Q1_shortest_0_20pct,0.9196045325227094,0.5333333333333333,49.045575067877834,1,91.96045325227094,1,60.0,4
302,A1,Inbound conveyor motor,4,40,3,3,343,unstratified_random,78,107,158.8500624677376,Q5_longest_80_100pct,0.0,0.6666666666666667,0.0,4,0.0,4,80.0,2
302,A2,Sortation conveyor drive,5,80,5,4,343,unstratified_random,57,103,83.29315372594353,Q3_40_60pct,0.3336547701924518,0.9333333333333333,31.141111884628838,3,33.36547701924518,3,100.0,1
302,A3,Vertical lift motor,4,55,4,4,343,unstratified_random,8,95,75.96907893735971,Q3_40_60pct,0.3922473685011223,0.8,31.379789480089784,2,39.22473685011223,2,80.0,2
302,A4,AGV/shuttle drive unit,2,15,2,2,343,unstratified_random,2,98,142.91341211911944,Q5_longest_80_100pct,0.0,0.4,0.0,4,0.0,4,40.0,5
302,A5,Packing-station roller motor,3,35,3,2,343,unstratified_random,77,34,40.64323409645428,Q2_20_40pct,0.6748541272283658,0.5333333333333333,35.99222011884618,1,67.48541272283659,1,60.0,4
303,A1,Inbound conveyor motor,4,40,3,3,344,unstratified_random,18,28,60.32803578156674,Q2_20_40pct,0.5173757137474662,0.6666666666666667,34.491714249831084,4,51.737571374746615,4,80.0,2
303,A2,Sortation conveyor drive,5,80,5,4,344,unstratified_random,19,87,106.94874018187056,Q4_60_80pct,0.14441007854503551,0.9333333333333333,13.478273997536649,5,14.441007854503551,5,100.0,1
303,A3,Vertical lift motor,4,55,4,4,344,unstratified_random,41,18,59.85486006548725,Q2_20_40pct,0.521161119476102,0.8,41.69288955808816,1,52.1161119476102,3,80.0,2
303,A4,AGV/shuttle drive unit,2,15,2,2,344,unstratified_random,68,8,14.299954503479244,Q1_shortest_0_20pct,0.885600363972166,0.4,35.42401455888665,3,88.5600363972166,1,40.0,5
303,A5,Packing-station roller motor,3,35,3,2,344,unstratified_random,90,28,30.303009041002955,Q1_shortest_0_20pct,0.7575759276719763,0.5333333333333333,40.40404947583874,2,75.75759276719764,2,60.0,4
304,A1,Inbound conveyor motor,4,40,3,3,345,unstratified_random,63,72,60.45894799885493,Q2_20_40pct,0.5163284160091606,0.6666666666666667,34.42189440061071,2,51.63284160091606,2,80.0,2
304,A2,Sortation conveyor drive,5,80,5,4,345,unstratified_random,10,96,99.04426828245136,Q3_40_60pct,0.20764585374038913,0.9333333333333333,19.380279682436317,3,20.764585374038912,3,100.0,1
304,A3,Vertical lift motor,4,55,4,4,345,unstratified_random,75,113,125.9355598567823,Q4_60_80pct,0.0,0.8,0.0,5,0.0,5,80.0,2
304,A4,AGV/shuttle drive unit,2,15,2,2,345,unstratified_random,29,90,101.07862421817065,Q4_60_80pct,0.19137100625463488,0.4,7.654840250185396,4,19.13710062546349,4,40.0,5
304,A5,Packing-station roller motor,3,35,3,2,345,unstratified_random,40,28,26.358548153514647,Q1_shortest_0_20pct,0.7891316147718828,0.5333333333333333,42.087019454500414,1,78.91316147718828,1,60.0,4
305,A1,Inbound conveyor motor,4,40,3,3,346,unstratified_random,24,20,32.316305129135706,Q1_shortest_0_20pct,0.7414695589669144,0.6666666666666667,49.43130393112763,2,74.14695589669144,2,80.0,2
305,A2,Sortation conveyor drive,5,80,5,4,346,unstratified_random,67,77,138.84222319134904,Q5_longest_80_100pct,0.0,0.9333333333333333,0.0,5,0.0,5,100.0,1
305,A3,Vertical lift motor,4,55,4,4,346,unstratified_random,100,20,23.88622641030998,Q1_shortest_0_20pct,0.8089101887175202,0.8,64.71281509740162,1,80.89101887175202,1,80.0,2
305,A4,AGV/shuttle drive unit,2,15,2,2,346,unstratified_random,62,54,60.376193576182295,Q2_20_40pct,0.5169904513905417,0.4,20.679618055621667,4,51.699045139054164,4,40.0,5
305,A5,Packing-station roller motor,3,35,3,2,346,unstratified_random,53,26,32.51632437126566,Q1_shortest_0_20pct,0.7398694050298746,0.5333333333333333,39.459701601593316,3,73.98694050298747,3,60.0,4
306,A1,Inbound conveyor motor,4,40,3,3,347,unstratified_random,28,97,94.6987062048556,Q3_40_60pct,0.2424103503611552,0.6666666666666667,16.160690024077017,4,24.24103503611552,4,80.0,2
306,A2,Sortation conveyor drive,5,80,5,4,347,unstratified_random,69,121,148.86538698158105,Q5_longest_80_100pct,0.0,0.9333333333333333,0.0,5,0.0,5,100.0,1
306,A3,Vertical lift motor,4,55,4,4,347,unstratified_random,66,14,11.46932688270492,Q1_shortest_0_20pct,0.9082453849383606,0.8,72.65963079506885,1,90.82453849383606,2,80.0,2
306,A4,AGV/shuttle drive unit,2,15,2,2,347,unstratified_random,35,11,10.318035788709574,Q1_shortest_0_20pct,0.9174557136903234,0.4,36.69822854761294,2,91.74557136903235,1,40.0,5
306,A5,Packing-station roller motor,3,35,3,2,347,unstratified_random,61,21,41.30030317056766,Q2_20_40pct,0.6695975746354588,0.5333333333333333,35.71187064722447,3,66.95975746354588,3,60.0,4
307,A1,Inbound conveyor motor,4,40,3,3,348,unstratified_random,24,20,32.316305129135706,Q1_shortest_0_20pct,0.7414695589669144,0.6666666666666667,49.43130393112763,1,74.14695589669144,1,80.0,2
307,A2,Sortation conveyor drive,5,80,5,4,348,unstratified_random,74,126,94.81409660307276,Q3_40_60pct,0.24148722717541793,0.9333333333333333,22.538807869705675,4,24.148722717541794,5,100.0,1
307,A3,Vertical lift motor,4,55,4,4,348,unstratified_random,63,72,60.45894799885493,Q2_20_40pct,0.5163284160091606,0.8,41.30627328073285,2,51.63284160091606,3,80.0,2
307,A4,AGV/shuttle drive unit,2,15,2,2,348,unstratified_random,21,57,67.90605820026097,Q2_20_40pct,0.4567515343979123,0.4,18.270061375916494,5,45.67515343979123,4,40.0,5
307,A5,Packing-station roller motor,3,35,3,2,348,unstratified_random,52,29,40.87621681240515,Q2_20_40pct,0.6729902655007588,0.5333333333333333,35.892814160040466,3,67.29902655007588,2,60.0,4
308,A1,Inbound conveyor motor,4,40,3,3,349,unstratified_random,23,113,135.36716530023588,Q4_60_80pct,0.0,0.6666666666666667,0.0,3,0.0,3,80.0,2
308,A2,Sortation conveyor drive,5,80,5,4,349,unstratified_random,35,11,10.318035788709574,Q1_shortest_0_20pct,0.9174557136903234,0.9333333333333333,85.6291999444302,1,91.74557136903235,1,100.0,1
308,A3,Vertical lift motor,4,55,4,4,349,unstratified_random,75,113,125.9355598567823,Q4_60_80pct,0.0,0.8,0.0,3,0.0,3,80.0,2
308,A4,AGV/shuttle drive unit,2,15,2,2,349,unstratified_random,44,109,141.8287484510994,Q5_longest_80_100pct,0.0,0.4,0.0,3,0.0,3,40.0,5
308,A5,Packing-station roller motor,3,35,3,2,349,unstratified_random,57,103,83.29315372594353,Q3_40_60pct,0.3336547701924518,0.5333333333333333,17.794921076930763,2,33.36547701924518,2,60.0,4
309,A1,Inbound conveyor motor,4,40,3,3,350,unstratified_random,45,114,76.03056963373365,Q3_40_60pct,0.39175544293013076,0.6666666666666667,26.117029528675385,3,39.175544293013076,2,80.0,2
309,A2,Sortation conveyor drive,5,80,5,4,350,unstratified_random,98,59,85.21286900885234,Q3_40_60pct,0.31829704792918134,0.9333333333333333,29.70772447339026,2,31.829704792918136,3,100.0,1
309,A3,Vertical lift motor,4,55,4,4,350,unstratified_random,88,115,132.4717899153425,Q4_60_80pct,0.0,0.8,0.0,4,0.0,4,80.0,2
309,A4,AGV/shuttle drive unit,2,15,2,2,350,unstratified_random,33,106,142.7935583123275,Q5_longest_80_100pct,0.0,0.4,0.0,4,0.0,4,40.0,5
309,A5,Packing-station roller motor,3,35,3,2,350,unstratified_random,91,38,26.859272201960557,Q1_shortest_0_20pct,0.7851258223843156,0.5333333333333333,41.873377193830166,1,78.51258223843156,1,60.0,4
310,A1,Inbound conveyor motor,4,40,3,3,351,unstratified_random,75,113,125.9355598567823,Q4_60_80pct,0.0,0.6666666666666667,0.0,4,0.0,4,80.0,2
310,A2,Sortation conveyor drive,5,80,5,4,351,unstratified_random,50,79,131.9611497166465,Q4_60_80pct,0.0,0.9333333333333333,0.0,4,0.0,4,100.0,1
310,A3,Vertical lift motor,4,55,4,4,351,unstratified_random,63,72,60.45894799885493,Q2_20_40pct,0.5163284160091606,0.8,41.30627328073285,1,51.63284160091606,3,80.0,2
310,A4,AGV/shuttle drive unit,2,15,2,2,351,unstratified_random,20,16,23.928748965669588,Q1_shortest_0_20pct,0.8085700082746433,0.4,32.34280033098573,3,80.85700082746433,1,40.0,5
310,A5,Packing-station roller motor,3,35,3,2,351,unstratified_random,58,37,44.85465760060767,Q2_20_40pct,0.6411627391951387,0.5333333333333333,34.1953460904074,2,64.11627391951387,2,60.0,4
311,A1,Inbound conveyor motor,4,40,3,3,352,unstratified_random,55,137,118.91039914419324,Q4_60_80pct,0.048716806846454075,0.6666666666666667,3.2477871230969386,4,4.8716806846454075,4,80.0,2
311,A2,Sortation conveyor drive,5,80,5,4,352,unstratified_random,26,119,123.02499684692152,Q4_60_80pct,0.015800025224627756,0.9333333333333333,1.4746690209652573,5,1.5800025224627756,5,100.0,1
311,A3,Vertical lift motor,4,55,4,4,352,unstratified_random,28,97,94.6987062048556,Q3_40_60pct,0.2424103503611552,0.8,19.392828028892417,2,24.24103503611552,3,80.0,2
311,A4,AGV/shuttle drive unit,2,15,2,2,352,unstratified_random,3,69,51.59437184534412,Q2_20_40pct,0.587245025237247,0.4,23.48980100948988,1,58.724502523724695,1,40.0,5
311,A5,Packing-station roller motor,3,35,3,2,352,unstratified_random,57,103,83.29315372594353,Q3_40_60pct,0.3336547701924518,0.5333333333333333,17.794921076930763,3,33.36547701924518,2,60.0,4
312,A1,Inbound conveyor motor,4,40,3,3,353,unstratified_random,77,34,40.64323409645428,Q2_20_40pct,0.6748541272283658,0.6666666666666667,44.99027514855773,1,67.48541272283659,1,80.0,2
312,A2,Sortation conveyor drive,5,80,5,4,353,unstratified_random,2,98,142.91341211911944,Q5_longest_80_100pct,0.0,0.9333333333333333,0.0,4,0.0,4,100.0,1
312,A3,Vertical lift motor,4,55,4,4,353,unstratified_random,41,18,59.85486006548725,Q2_20_40pct,0.521161119476102,0.8,41.69288955808816,2,52.1161119476102,2,80.0,2
312,A4,AGV/shuttle drive unit,2,15,2,2,353,unstratified_random,15,83,158.0175356684317,Q5_longest_80_100pct,0.0,0.4,0.0,4,0.0,4,40.0,5
312,A5,Packing-station roller motor,3,35,3,2,353,unstratified_random,6,93,105.6201183358804,Q4_60_80pct,0.15503905331295675,0.5333333333333333,8.26874951002436,3,15.503905331295675,3,60.0,4
313,A1,Inbound conveyor motor,4,40,3,3,354,unstratified_random,43,59,63.79604805149177,Q2_20_40pct,0.4896316155880658,0.6666666666666667,32.642107705871055,2,48.963161558806576,3,80.0,2
313,A2,Sortation conveyor drive,5,80,5,4,354,unstratified_random,61,21,41.30030317056766,Q2_20_40pct,0.6695975746354588,0.9333333333333333,62.49577363264282,1,66.95975746354588,1,100.0,1
313,A3,Vertical lift motor,4,55,4,4,354,unstratified_random,6,93,105.6201183358804,Q4_60_80pct,0.15503905331295675,0.8,12.40312426503654,4,15.503905331295675,4,80.0,2
313,A4,AGV/shuttle drive unit,2,15,2,2,354,unstratified_random,17,50,51.778940468972905,Q2_20_40pct,0.5857684762482167,0.4,23.43073904992867,3,58.57684762482167,2,40.0,5
313,A5,Packing-station roller motor,3,35,3,2,354,unstratified_random,69,121,148.86538698158105,Q5_longest_80_100pct,0.0,0.5333333333333333,0.0,5,0.0,5,60.0,4
314,A1,Inbound conveyor motor,4,40,3,3,355,unstratified_random,47,135,121.81629897102604,Q4_60_80pct,0.025469608231791674,0.6666666666666667,1.6979738821194452,3,2.5469608231791674,3,80.0,2
314,A2,Sortation conveyor drive,5,80,5,4,355,unstratified_random,14,107,146.91015946253862,Q5_longest_80_100pct,0.0,0.9333333333333333,0.0,4,0.0,4,100.0,1
314,A3,Vertical lift motor,4,55,4,4,355,unstratified_random,74,126,94.81409660307276,Q3_40_60pct,0.24148722717541793,0.8,19.318978174033436,1,24.148722717541794,2,80.0,2
314,A4,AGV/shuttle drive unit,2,15,2,2,355,unstratified_random,21,57,67.90605820026097,Q2_20_40pct,0.4567515343979123,0.4,18.270061375916494,2,45.67515343979123,1,40.0,5
314,A5,Packing-station roller motor,3,35,3,2,355,unstratified_random,69,121,148.86538698158105,Q5_longest_80_100pct,0.0,0.5333333333333333,0.0,4,0.0,4,60.0,4
315,A1,Inbound conveyor motor,4,40,3,3,356,unstratified_random,2,98,142.91341211911944,Q5_longest_80_100pct,0.0,0.6666666666666667,0.0,5,0.0,5,80.0,2
315,A2,Sortation conveyor drive,5,80,5,4,356,unstratified_random,28,97,94.6987062048556,Q3_40_60pct,0.2424103503611552,0.9333333333333333,22.624966033707818,4,24.24103503611552,4,100.0,1
315,A3,Vertical lift motor,4,55,4,4,356,unstratified_random,62,54,60.376193576182295,Q2_20_40pct,0.5169904513905417,0.8,41.359236111243334,2,51.699045139054164,3,80.0,2
315,A4,AGV/shuttle drive unit,2,15,2,2,356,unstratified_random,3,69,51.59437184534412,Q2_20_40pct,0.587245025237247,0.4,23.48980100948988,3,58.724502523724695,2,40.0,5
315,A5,Packing-station roller motor,3,35,3,2,356,unstratified_random,40,28,26.358548153514647,Q1_shortest_0_20pct,0.7891316147718828,0.5333333333333333,42.087019454500414,1,78.91316147718828,1,60.0,4
316,A1,Inbound conveyor motor,4,40,3,3,357,unstratified_random,28,97,94.6987062048556,Q3_40_60pct,0.2424103503611552,0.6666666666666667,16.160690024077017,4,24.24103503611552,3,80.0,2
316,A2,Sortation conveyor drive,5,80,5,4,357,unstratified_random,74,126,94.81409660307276,Q3_40_60pct,0.24148722717541793,0.9333333333333333,22.538807869705675,3,24.148722717541794,4,100.0,1
316,A3,Vertical lift motor,4,55,4,4,357,unstratified_random,20,16,23.928748965669588,Q1_shortest_0_20pct,0.8085700082746433,0.8,64.68560066197146,1,80.85700082746433,1,80.0,2
316,A4,AGV/shuttle drive unit,2,15,2,2,357,unstratified_random,99,117,132.87361758142774,Q4_60_80pct,0.0,0.4,0.0,5,0.0,5,40.0,5
316,A5,Packing-station roller motor,3,35,3,2,357,unstratified_random,61,21,41.30030317056766,Q2_20_40pct,0.6695975746354588,0.5333333333333333,35.71187064722447,2,66.95975746354588,2,60.0,4
317,A1,Inbound conveyor motor,4,40,3,3,358,unstratified_random,72,50,70.20451782538055,Q3_40_60pct,0.4383638573969556,0.6666666666666667,29.22425715979704,3,43.83638573969556,3,80.0,2
317,A2,Sortation conveyor drive,5,80,5,4,358,unstratified_random,61,21,41.30030317056766,Q2_20_40pct,0.6695975746354588,0.9333333333333333,62.49577363264282,1,66.95975746354588,2,100.0,1
317,A3,Vertical lift motor,4,55,4,4,358,unstratified_random,54,97,127.42576425394527,Q4_60_80pct,0.0,0.8,0.0,4,0.0,4,80.0,2
317,A4,AGV/shuttle drive unit,2,15,2,2,358,unstratified_random,59,114,150.6488483670163,Q5_longest_80_100pct,0.0,0.4,0.0,4,0.0,4,40.0,5
317,A5,Packing-station roller motor,3,35,3,2,358,unstratified_random,68,8,14.299954503479244,Q1_shortest_0_20pct,0.885600363972166,0.5333333333333333,47.23201941184885,2,88.5600363972166,1,60.0,4
318,A1,Inbound conveyor motor,4,40,3,3,359,unstratified_random,48,92,128.30022813454278,Q4_60_80pct,0.0,0.6666666666666667,0.0,3,0.0,3,80.0,2
318,A2,Sortation conveyor drive,5,80,5,4,359,unstratified_random,44,109,141.8287484510994,Q5_longest_80_100pct,0.0,0.9333333333333333,0.0,3,0.0,3,100.0,1
318,A3,Vertical lift motor,4,55,4,4,359,unstratified_random,62,54,60.376193576182295,Q2_20_40pct,0.5169904513905417,0.8,41.359236111243334,1,51.699045139054164,1,80.0,2
318,A4,AGV/shuttle drive unit,2,15,2,2,359,unstratified_random,96,137,137.09402180530702,Q5_longest_80_100pct,0.0,0.4,0.0,3,0.0,3,40.0,5
318,A5,Packing-station roller motor,3,35,3,2,359,unstratified_random,12,124,90.15767382323185,Q3_40_60pct,0.2787386094141452,0.5333333333333333,14.866059168754411,2,27.87386094141452,2,60.0,4
319,A1,Inbound conveyor motor,4,40,3,3,360,unstratified_random,86,89,88.09422089781806,Q3_40_60pct,0.29524623281745555,0.6666666666666667,19.683082187830372,3,29.524623281745555,3,80.0,2
319,A2,Sortation conveyor drive,5,80,5,4,360,unstratified_random,82,9,13.00528536289486,Q1_shortest_0_20pct,0.8959577170968411,0.9333333333333333,83.62272026237184,1,89.59577170968412,1,100.0,1
319,A3,Vertical lift motor,4,55,4,4,360,unstratified_random,88,115,132.4717899153425,Q4_60_80pct,0.0,0.8,0.0,4,0.0,4,80.0,2
319,A4,AGV/shuttle drive unit,2,15,2,2,360,unstratified_random,90,28,30.303009041002955,Q1_shortest_0_20pct,0.7575759276719763,0.4,30.303037106879056,2,75.75759276719764,2,40.0,5
319,A5,Packing-station roller motor,3,35,3,2,360,unstratified_random,67,77,138.84222319134904,Q5_longest_80_100pct,0.0,0.5333333333333333,0.0,4,0.0,4,60.0,4
320,A1,Inbound conveyor motor,4,40,3,3,361,unstratified_random,38,50,47.55990877981797,Q2_20_40pct,0.6195207297614562,0.6666666666666667,41.301381984097084,2,61.95207297614562,2,80.0,2
320,A2,Sortation conveyor drive,5,80,5,4,361,unstratified_random,49,21,13.44996942007384,Q1_shortest_0_20pct,0.8924002446394093,0.9333333333333333,83.2906894996782,1,89.24002446394093,1,100.0,1
320,A3,Vertical lift motor,4,55,4,4,361,unstratified_random,14,107,146.91015946253862,Q5_longest_80_100pct,0.0,0.8,0.0,5,0.0,5,80.0,2
320,A4,AGV/shuttle drive unit,2,15,2,2,361,unstratified_random,86,89,88.09422089781806,Q3_40_60pct,0.29524623281745555,0.4,11.809849312698223,4,29.524623281745555,4,40.0,5
320,A5,Packing-station roller motor,3,35,3,2,361,unstratified_random,70,94,86.32146123836584,Q3_40_60pct,0.30942831009307326,0.5333333333333333,16.502843204963906,3,30.942831009307326,3,60.0,4
321,A1,Inbound conveyor motor,4,40,3,3,362,unstratified_random,59,114,150.6488483670163,Q5_longest_80_100pct,0.0,0.6666666666666667,0.0,4,0.0,4,80.0,2
321,A2,Sortation conveyor drive,5,80,5,4,362,unstratified_random,7,91,94.3787722014587,Q3_40_60pct,0.24496982238833043,0.9333333333333333,22.863850089577507,3,24.49698223883304,3,100.0,1
321,A3,Vertical lift motor,4,55,4,4,362,unstratified_random,72,50,70.20451782538055,Q3_40_60pct,0.4383638573969556,0.8,35.06910859175645,1,43.83638573969556,2,80.0,2
321,A4,AGV/shuttle drive unit,2,15,2,2,362,unstratified_random,17,50,51.778940468972905,Q2_20_40pct,0.5857684762482167,0.4,23.43073904992867,2,58.57684762482167,1,40.0,5
321,A5,Packing-station roller motor,3,35,3,2,362,unstratified_random,14,107,146.91015946253862,Q5_longest_80_100pct,0.0,0.5333333333333333,0.0,4,0.0,4,60.0,4
322,A1,Inbound conveyor motor,4,40,3,3,363,unstratified_random,90,28,30.303009041002955,Q1_shortest_0_20pct,0.7575759276719763,0.6666666666666667,50.505061844798426,2,75.75759276719764,2,80.0,2
322,A2,Sortation conveyor drive,5,80,5,4,363,unstratified_random,93,85,42.17809886645809,Q2_20_40pct,0.6625752090683352,0.9333333333333333,61.840352846377954,1,66.25752090683352,3,100.0,1
322,A3,Vertical lift motor,4,55,4,4,363,unstratified_random,9,111,137.60480848618022,Q5_longest_80_100pct,0.0,0.8,0.0,5,0.0,5,80.0,2
322,A4,AGV/shuttle drive unit,2,15,2,2,363,unstratified_random,51,114,102.38736822787688,Q4_60_80pct,0.180901054176985,0.4,7.2360421670794,4,18.0901054176985,4,40.0,5
322,A5,Packing-station roller motor,3,35,3,2,363,unstratified_random,20,16,23.928748965669588,Q1_shortest_0_20pct,0.8085700082746433,0.5333333333333333,43.12373377464765,3,80.85700082746433,1,60.0,4
323,A1,Inbound conveyor motor,4,40,3,3,364,unstratified_random,69,121,148.86538698158105,Q5_longest_80_100pct,0.0,0.6666666666666667,0.0,3,0.0,3,80.0,2
323,A2,Sortation conveyor drive,5,80,5,4,364,unstratified_random,6,93,105.6201183358804,Q4_60_80pct,0.15503905331295675,0.9333333333333333,14.47031164254263,1,15.503905331295675,2,100.0,1
323,A3,Vertical lift motor,4,55,4,4,364,unstratified_random,85,118,162.2981284023822,Q5_longest_80_100pct,0.0,0.8,0.0,3,0.0,3,80.0,2
323,A4,AGV/shuttle drive unit,2,15,2,2,364,unstratified_random,11,97,99.08741603137932,Q4_60_80pct,0.2073006717489655,0.4,8.29202686995862,2,20.73006717489655,1,40.0,5
323,A5,Packing-station roller motor,3,35,3,2,364,unstratified_random,54,97,127.42576425394527,Q4_60_80pct,0.0,0.5333333333333333,0.0,3,0.0,3,60.0,4
324,A1,Inbound conveyor motor,4,40,3,3,365,unstratified_random,74,126,94.81409660307276,Q3_40_60pct,0.24148722717541793,0.6666666666666667,16.099148478361197,4,24.148722717541794,3,80.0,2
324,A2,Sortation conveyor drive,5,80,5,4,365,unstratified_random,84,58,54.07820667708313,Q2_20_40pct,0.567374346583335,0.9333333333333333,52.9549390144446,1,56.7374346583335,2,100.0,1
324,A3,Vertical lift motor,4,55,4,4,365,unstratified_random,10,96,99.04426828245136,Q3_40_60pct,0.20764585374038913,0.8,16.61166829923113,3,20.764585374038912,4,80.0,2
324,A4,AGV/shuttle drive unit,2,15,2,2,365,unstratified_random,60,100,104.41961816061556,Q4_60_80pct,0.16464305471507557,0.4,6.5857221886030235,5,16.464305471507558,5,40.0,5
324,A5,Packing-station roller motor,3,35,3,2,365,unstratified_random,76,10,10.049433434661326,Q1_shortest_0_20pct,0.9196045325227094,0.5333333333333333,49.045575067877834,2,91.96045325227094,1,60.0,4
325,A1,Inbound conveyor motor,4,40,3,3,366,unstratified_random,21,57,67.90605820026097,Q2_20_40pct,0.4567515343979123,0.6666666666666667,30.450102293194156,3,45.67515343979123,4,80.0,2
325,A2,Sortation conveyor drive,5,80,5,4,366,unstratified_random,46,47,45.79841882029448,Q2_20_40pct,0.6336126494376442,0.9333333333333333,59.137180614180124,1,63.36126494376442,1,100.0,1
325,A3,Vertical lift motor,4,55,4,4,366,unstratified_random,14,107,146.91015946253862,Q5_longest_80_100pct,0.0,0.8,0.0,5,0.0,5,80.0,2
325,A4,AGV/shuttle drive unit,2,15,2,2,366,unstratified_random,62,54,60.376193576182295,Q2_20_40pct,0.5169904513905417,0.4,20.679618055621667,4,51.699045139054164,3,40.0,5
325,A5,Packing-station roller motor,3,35,3,2,366,unstratified_random,3,69,51.59437184534412,Q2_20_40pct,0.587245025237247,0.5333333333333333,31.319734679319836,2,58.724502523724695,2,60.0,4
326,A1,Inbound conveyor motor,4,40,3,3,367,unstratified_random,36,19,22.29101002400674,Q1_shortest_0_20pct,0.8216719198079461,0.6666666666666667,54.77812798719641,1,82.16719198079461,1,80.0,2
326,A2,Sortation conveyor drive,5,80,5,4,367,unstratified_random,71,118,142.21779435736028,Q5_longest_80_100pct,0.0,0.9333333333333333,0.0,5,0.0,5,100.0,1
326,A3,Vertical lift motor,4,55,4,4,367,unstratified_random,37,21,54.159061654098565,Q2_20_40pct,0.5667275067672115,0.8,45.33820054137692,2,56.67275067672115,3,80.0,2
326,A4,AGV/shuttle drive unit,2,15,2,2,367,unstratified_random,26,119,123.02499684692152,Q4_60_80pct,0.015800025224627756,0.4,0.6320010089851102,4,1.5800025224627756,4,40.0,5
326,A5,Packing-station roller motor,3,35,3,2,367,unstratified_random,92,20,25.16213385236525,Q1_shortest_0_20pct,0.798702929181078,0.5333333333333333,42.597489556324156,3,79.8702929181078,2,60.0,4
327,A1,Inbound conveyor motor,4,40,3,3,368,unstratified_random,96,137,137.09402180530702,Q5_longest_80_100pct,0.0,0.6666666666666667,0.0,4,0.0,4,80.0,2
327,A2,Sortation conveyor drive,5,80,5,4,368,unstratified_random,59,114,150.6488483670163,Q5_longest_80_100pct,0.0,0.9333333333333333,0.0,4,0.0,4,100.0,1
327,A3,Vertical lift motor,4,55,4,4,368,unstratified_random,32,48,58.21837314904572,Q2_20_40pct,0.5342530148076343,0.8,42.740241184610746,2,53.42530148076343,3,80.0,2
327,A4,AGV/shuttle drive unit,2,15,2,2,368,unstratified_random,100,20,23.88622641030998,Q1_shortest_0_20pct,0.8089101887175202,0.4,32.35640754870081,3,80.89101887175202,2,40.0,5
327,A5,Packing-station roller motor,3,35,3,2,368,unstratified_random,56,15,16.158144448588526,Q1_shortest_0_20pct,0.8707348444112918,0.5333333333333333,46.43919170193556,1,87.07348444112918,1,60.0,4
328,A1,Inbound conveyor motor,4,40,3,3,369,unstratified_random,31,8,23.83573742078014,Q1_shortest_0_20pct,0.8093141006337589,0.6666666666666667,53.95427337558394,2,80.93141006337589,1,80.0,2
328,A2,Sortation conveyor drive,5,80,5,4,369,unstratified_random,38,50,47.55990877981797,Q2_20_40pct,0.6195207297614562,0.9333333333333333,57.82193477773591,1,61.95207297614562,2,100.0,1
328,A3,Vertical lift motor,4,55,4,4,369,unstratified_random,74,126,94.81409660307276,Q3_40_60pct,0.24148722717541793,0.8,19.318978174033436,3,24.148722717541794,4,80.0,2
328,A4,AGV/shuttle drive unit,2,15,2,2,369,unstratified_random,98,59,85.21286900885234,Q3_40_60pct,0.31829704792918134,0.4,12.731881917167255,4,31.829704792918136,3,40.0,5
328,A5,Packing-station roller motor,3,35,3,2,369,unstratified_random,78,107,158.8500624677376,Q5_longest_80_100pct,0.0,0.5333333333333333,0.0,5,0.0,5,60.0,4
329,A1,Inbound conveyor motor,4,40,3,3,370,unstratified_random,66,14,11.46932688270492,Q1_shortest_0_20pct,0.9082453849383606,0.6666666666666667,60.549692329224044,3,90.82453849383606,2,80.0,2
329,A2,Sortation conveyor drive,5,80,5,4,370,unstratified_random,82,9,13.00528536289486,Q1_shortest_0_20pct,0.8959577170968411,0.9333333333333333,83.62272026237184,1,89.59577170968412,4,100.0,1
329,A3,Vertical lift motor,4,55,4,4,370,unstratified_random,81,8,12.767256508974471,Q1_shortest_0_20pct,0.8978619479282042,0.8,71.82895583425635,2,89.78619479282042,3,80.0,2
329,A4,AGV/shuttle drive unit,2,15,2,2,370,unstratified_random,64,28,47.55027096178691,Q2_20_40pct,0.6195978323057048,0.4,24.783913292228192,5,61.95978323057047,5,40.0,5
329,A5,Packing-station roller motor,3,35,3,2,370,unstratified_random,34,7,11.177676889867849,Q1_shortest_0_20pct,0.9105785848810573,0.5333333333333333,48.564191193656384,4,91.05785848810572,1,60.0,4
330,A1,Inbound conveyor motor,4,40,3,3,371,unstratified_random,32,48,58.21837314904572,Q2_20_40pct,0.5342530148076343,0.6666666666666667,35.61686765384229,2,53.42530148076343,2,80.0,2
330,A2,Sortation conveyor drive,5,80,5,4,371,unstratified_random,47,135,121.81629897102604,Q4_60_80pct,0.025469608231791674,0.9333333333333333,2.377163434967223,4,2.5469608231791674,4,100.0,1
330,A3,Vertical lift motor,4,55,4,4,371,unstratified_random,91,38,26.859272201960557,Q1_shortest_0_20pct,0.7851258223843156,0.8,62.810065790745256,1,78.51258223843156,1,80.0,2
330,A4,AGV/shuttle drive unit,2,15,2,2,371,unstratified_random,88,115,132.4717899153425,Q4_60_80pct,0.0,0.4,0.0,5,0.0,5,40.0,5
330,A5,Packing-station roller motor,3,35,3,2,371,unstratified_random,41,18,59.85486006548725,Q2_20_40pct,0.521161119476102,0.5333333333333333,27.795259705392105,3,52.1161119476102,3,60.0,4
331,A1,Inbound conveyor motor,4,40,3,3,372,unstratified_random,68,8,14.299954503479244,Q1_shortest_0_20pct,0.885600363972166,0.6666666666666667,59.04002426481108,1,88.5600363972166,1,80.0,2
331,A2,Sortation conveyor drive,5,80,5,4,372,unstratified_random,64,28,47.55027096178691,Q2_20_40pct,0.6195978323057048,0.9333333333333333,57.82913101519911,2,61.95978323057047,4,100.0,1
331,A3,Vertical lift motor,4,55,4,4,372,unstratified_random,83,137,136.40747067846124,Q5_longest_80_100pct,0.0,0.8,0.0,5,0.0,5,80.0,2
331,A4,AGV/shuttle drive unit,2,15,2,2,372,unstratified_random,61,21,41.30030317056766,Q2_20_40pct,0.6695975746354588,0.4,26.783902985418354,4,66.95975746354588,2,40.0,5
331,A5,Packing-station roller motor,3,35,3,2,372,unstratified_random,58,37,44.85465760060767,Q2_20_40pct,0.6411627391951387,0.5333333333333333,34.1953460904074,3,64.11627391951387,3,60.0,4
332,A1,Inbound conveyor motor,4,40,3,3,373,unstratified_random,76,10,10.049433434661326,Q1_shortest_0_20pct,0.9196045325227094,0.6666666666666667,61.3069688348473,3,91.96045325227094,1,80.0,2
332,A2,Sortation conveyor drive,5,80,5,4,373,unstratified_random,92,20,25.16213385236525,Q1_shortest_0_20pct,0.798702929181078,0.9333333333333333,74.54560672356727,1,79.8702929181078,3,100.0,1
332,A3,Vertical lift motor,4,55,4,4,373,unstratified_random,56,15,16.158144448588526,Q1_shortest_0_20pct,0.8707348444112918,0.8,69.65878755290335,2,87.07348444112918,2,80.0,2
332,A4,AGV/shuttle drive unit,2,15,2,2,373,unstratified_random,94,55,48.61299679912422,Q2_20_40pct,0.6110960256070063,0.4,24.443841024280253,5,61.10960256070063,5,40.0,5
332,A5,Packing-station roller motor,3,35,3,2,373,unstratified_random,53,26,32.51632437126566,Q1_shortest_0_20pct,0.7398694050298746,0.5333333333333333,39.459701601593316,4,73.98694050298747,4,60.0,4
333,A1,Inbound conveyor motor,4,40,3,3,374,unstratified_random,55,137,118.91039914419324,Q4_60_80pct,0.048716806846454075,0.6666666666666667,3.2477871230969386,4,4.8716806846454075,4,80.0,2
333,A2,Sortation conveyor drive,5,80,5,4,374,unstratified_random,56,15,16.158144448588526,Q1_shortest_0_20pct,0.8707348444112918,0.9333333333333333,81.26858547838724,1,87.07348444112918,1,100.0,1
333,A3,Vertical lift motor,4,55,4,4,374,unstratified_random,27,66,114.97611996076007,Q4_60_80pct,0.08019104031391944,0.8,6.415283225113555,3,8.019104031391944,3,80.0,2
333,A4,AGV/shuttle drive unit,2,15,2,2,374,unstratified_random,73,131,128.00577343113736,Q4_60_80pct,0.0,0.4,0.0,5,0.0,5,40.0,5
333,A5,Packing-station roller motor,3,35,3,2,374,unstratified_random,12,124,90.15767382323185,Q3_40_60pct,0.2787386094141452,0.5333333333333333,14.866059168754411,2,27.87386094141452,2,60.0,4
334,A1,Inbound conveyor motor,4,40,3,3,375,unstratified_random,99,117,132.87361758142774,Q4_60_80pct,0.0,0.6666666666666667,0.0,4,0.0,4,80.0,2
334,A2,Sortation conveyor drive,5,80,5,4,375,unstratified_random,91,38,26.859272201960557,Q1_shortest_0_20pct,0.7851258223843156,0.9333333333333333,73.2784100892028,1,78.51258223843156,1,100.0,1
334,A3,Vertical lift motor,4,55,4,4,375,unstratified_random,28,97,94.6987062048556,Q3_40_60pct,0.2424103503611552,0.8,19.392828028892417,2,24.24103503611552,2,80.0,2
334,A4,AGV/shuttle drive unit,2,15,2,2,375,unstratified_random,79,63,95.26087986485147,Q3_40_60pct,0.2379129610811882,0.4,9.516518443247529,3,23.79129610811882,3,40.0,5
334,A5,Packing-station roller motor,3,35,3,2,375,unstratified_random,73,131,128.00577343113736,Q4_60_80pct,0.0,0.5333333333333333,0.0,4,0.0,4,60.0,4
335,A1,Inbound conveyor motor,4,40,3,3,376,unstratified_random,46,47,45.79841882029448,Q2_20_40pct,0.6336126494376442,0.6666666666666667,42.24084329584295,3,63.36126494376442,3,80.0,2
335,A2,Sortation conveyor drive,5,80,5,4,376,unstratified_random,86,89,88.09422089781806,Q3_40_60pct,0.29524623281745555,0.9333333333333333,27.55631506296252,4,29.524623281745555,4,100.0,1
335,A3,Vertical lift motor,4,55,4,4,376,unstratified_random,77,34,40.64323409645428,Q2_20_40pct,0.6748541272283658,0.8,53.98833017826927,1,67.48541272283659,2,80.0,2
335,A4,AGV/shuttle drive unit,2,15,2,2,376,unstratified_random,67,77,138.84222319134904,Q5_longest_80_100pct,0.0,0.4,0.0,5,0.0,5,40.0,5
335,A5,Packing-station roller motor,3,35,3,2,376,unstratified_random,36,19,22.29101002400674,Q1_shortest_0_20pct,0.8216719198079461,0.5333333333333333,43.822502389757126,2,82.16719198079461,1,60.0,4
336,A1,Inbound conveyor motor,4,40,3,3,377,unstratified_random,4,82,87.20565932033077,Q3_40_60pct,0.30235472543735387,0.6666666666666667,20.156981695823593,4,30.235472543735387,4,80.0,2
336,A2,Sortation conveyor drive,5,80,5,4,377,unstratified_random,21,57,67.90605820026097,Q2_20_40pct,0.4567515343979123,0.9333333333333333,42.630143210471815,2,45.67515343979123,3,100.0,1
336,A3,Vertical lift motor,4,55,4,4,377,unstratified_random,78,107,158.8500624677376,Q5_longest_80_100pct,0.0,0.8,0.0,5,0.0,5,80.0,2
336,A4,AGV/shuttle drive unit,2,15,2,2,377,unstratified_random,36,19,22.29101002400674,Q1_shortest_0_20pct,0.8216719198079461,0.4,32.866876792317846,3,82.16719198079461,1,40.0,5
336,A5,Packing-station roller motor,3,35,3,2,377,unstratified_random,31,8,23.83573742078014,Q1_shortest_0_20pct,0.8093141006337589,0.5333333333333333,43.16341870046714,1,80.93141006337589,2,60.0,4
337,A1,Inbound conveyor motor,4,40,3,3,378,unstratified_random,55,137,118.91039914419324,Q4_60_80pct,0.048716806846454075,0.6666666666666667,3.2477871230969386,3,4.8716806846454075,3,80.0,2
337,A2,Sortation conveyor drive,5,80,5,4,378,unstratified_random,14,107,146.91015946253862,Q5_longest_80_100pct,0.0,0.9333333333333333,0.0,4,0.0,4,100.0,1
337,A3,Vertical lift motor,4,55,4,4,378,unstratified_random,61,21,41.30030317056766,Q2_20_40pct,0.6695975746354588,0.8,53.56780597083671,1,66.95975746354588,1,80.0,2
337,A4,AGV/shuttle drive unit,2,15,2,2,378,unstratified_random,78,107,158.8500624677376,Q5_longest_80_100pct,0.0,0.4,0.0,4,0.0,4,40.0,5
337,A5,Packing-station roller motor,3,35,3,2,378,unstratified_random,63,72,60.45894799885493,Q2_20_40pct,0.5163284160091606,0.5333333333333333,27.537515520488565,2,51.63284160091606,2,60.0,4
338,A1,Inbound conveyor motor,4,40,3,3,379,unstratified_random,51,114,102.38736822787688,Q4_60_80pct,0.180901054176985,0.6666666666666667,12.060070278465668,3,18.0901054176985,3,80.0,2
338,A2,Sortation conveyor drive,5,80,5,4,379,unstratified_random,17,50,51.778940468972905,Q2_20_40pct,0.5857684762482167,0.9333333333333333,54.671724449833555,1,58.57684762482167,1,100.0,1
338,A3,Vertical lift motor,4,55,4,4,379,unstratified_random,57,103,83.29315372594353,Q3_40_60pct,0.3336547701924518,0.8,26.692381615396148,2,33.36547701924518,2,80.0,2
338,A4,AGV/shuttle drive unit,2,15,2,2,379,unstratified_random,60,100,104.41961816061556,Q4_60_80pct,0.16464305471507557,0.4,6.5857221886030235,4,16.464305471507558,4,40.0,5
338,A5,Packing-station roller motor,3,35,3,2,379,unstratified_random,67,77,138.84222319134904,Q5_longest_80_100pct,0.0,0.5333333333333333,0.0,5,0.0,5,60.0,4
339,A1,Inbound conveyor motor,4,40,3,3,380,unstratified_random,22,111,163.77680736738688,Q5_longest_80_100pct,0.0,0.6666666666666667,0.0,3,0.0,3,80.0,2
339,A2,Sortation conveyor drive,5,80,5,4,380,unstratified_random,54,97,127.42576425394527,Q4_60_80pct,0.0,0.9333333333333333,0.0,3,0.0,3,100.0,1
339,A3,Vertical lift motor,4,55,4,4,380,unstratified_random,80,90,79.47558250502735,Q3_40_60pct,0.36419533995978126,0.8,29.135627196782504,2,36.41953399597813,2,80.0,2
339,A4,AGV/shuttle drive unit,2,15,2,2,380,unstratified_random,73,131,128.00577343113736,Q4_60_80pct,0.0,0.4,0.0,3,0.0,3,40.0,5
339,A5,Packing-station roller motor,3,35,3,2,380,unstratified_random,3,69,51.59437184534412,Q2_20_40pct,0.587245025237247,0.5333333333333333,31.319734679319836,1,58.724502523724695,1,60.0,4
340,A1,Inbound conveyor motor,4,40,3,3,381,unstratified_random,76,10,10.049433434661326,Q1_shortest_0_20pct,0.9196045325227094,0.6666666666666667,61.3069688348473,1,91.96045325227094,1,80.0,2
340,A2,Sortation conveyor drive,5,80,5,4,381,unstratified_random,63,72,60.45894799885493,Q2_20_40pct,0.5163284160091606,0.9333333333333333,48.19065216085499,3,51.63284160091606,3,100.0,1
340,A3,Vertical lift motor,4,55,4,4,381,unstratified_random,94,55,48.61299679912422,Q2_20_40pct,0.6110960256070063,0.8,48.88768204856051,2,61.10960256070063,2,80.0,2
340,A4,AGV/shuttle drive unit,2,15,2,2,381,unstratified_random,79,63,95.26087986485147,Q3_40_60pct,0.2379129610811882,0.4,9.516518443247529,5,23.79129610811882,5,40.0,5
340,A5,Packing-station roller motor,3,35,3,2,381,unstratified_random,45,114,76.03056963373365,Q3_40_60pct,0.39175544293013076,0.5333333333333333,20.893623622940307,4,39.175544293013076,4,60.0,4
341,A1,Inbound conveyor motor,4,40,3,3,382,unstratified_random,26,119,123.02499684692152,Q4_60_80pct,0.015800025224627756,0.6666666666666667,1.053335014975184,3,1.5800025224627756,3,80.0,2
341,A2,Sortation conveyor drive,5,80,5,4,382,unstratified_random,52,29,40.87621681240515,Q2_20_40pct,0.6729902655007588,0.9333333333333333,62.81242478007082,1,67.29902655007588,1,100.0,1
341,A3,Vertical lift motor,4,55,4,4,382,unstratified_random,95,128,130.5679549560598,Q4_60_80pct,0.0,0.8,0.0,4,0.0,4,80.0,2
341,A4,AGV/shuttle drive unit,2,15,2,2,382,unstratified_random,3,69,51.59437184534412,Q2_20_40pct,0.587245025237247,0.4,23.48980100948988,2,58.724502523724695,2,40.0,5
341,A5,Packing-station roller motor,3,35,3,2,382,unstratified_random,39,142,172.98448712201755,Q5_longest_80_100pct,0.0,0.5333333333333333,0.0,4,0.0,4,60.0,4
342,A1,Inbound conveyor motor,4,40,3,3,383,unstratified_random,80,90,79.47558250502735,Q3_40_60pct,0.36419533995978126,0.6666666666666667,24.279689330652086,2,36.41953399597813,2,80.0,2
342,A2,Sortation conveyor drive,5,80,5,4,383,unstratified_random,26,119,123.02499684692152,Q4_60_80pct,0.015800025224627756,0.9333333333333333,1.4746690209652573,4,1.5800025224627756,4,100.0,1
342,A3,Vertical lift motor,4,55,4,4,383,unstratified_random,84,58,54.07820667708313,Q2_20_40pct,0.567374346583335,0.8,45.389947726666804,1,56.7374346583335,1,80.0,2
342,A4,AGV/shuttle drive unit,2,15,2,2,383,unstratified_random,4,82,87.20565932033077,Q3_40_60pct,0.30235472543735387,0.4,12.094189017494156,3,30.235472543735387,3,40.0,5
342,A5,Packing-station roller motor,3,35,3,2,383,unstratified_random,22,111,163.77680736738688,Q5_longest_80_100pct,0.0,0.5333333333333333,0.0,5,0.0,5,60.0,4
343,A1,Inbound conveyor motor,4,40,3,3,384,unstratified_random,2,98,142.91341211911944,Q5_longest_80_100pct,0.0,0.6666666666666667,0.0,2,0.0,2,80.0,2
343,A2,Sortation conveyor drive,5,80,5,4,384,unstratified_random,17,50,51.778940468972905,Q2_20_40pct,0.5857684762482167,0.9333333333333333,54.671724449833555,1,58.57684762482167,1,100.0,1
343,A3,Vertical lift motor,4,55,4,4,384,unstratified_random,25,145,153.1932818222736,Q5_longest_80_100pct,0.0,0.8,0.0,2,0.0,2,80.0,2
343,A4,AGV/shuttle drive unit,2,15,2,2,384,unstratified_random,44,109,141.8287484510994,Q5_longest_80_100pct,0.0,0.4,0.0,2,0.0,2,40.0,5
343,A5,Packing-station roller motor,3,35,3,2,384,unstratified_random,96,137,137.09402180530702,Q5_longest_80_100pct,0.0,0.5333333333333333,0.0,2,0.0,2,60.0,4
344,A1,Inbound conveyor motor,4,40,3,3,385,unstratified_random,65,128,151.46723766284128,Q5_longest_80_100pct,0.0,0.6666666666666667,0.0,5,0.0,5,80.0,2
344,A2,Sortation conveyor drive,5,80,5,4,385,unstratified_random,32,48,58.21837314904572,Q2_20_40pct,0.5342530148076343,0.9333333333333333,49.8636147153792,1,53.42530148076343,3,100.0,1
344,A3,Vertical lift motor,4,55,4,4,385,unstratified_random,80,90,79.47558250502735,Q3_40_60pct,0.36419533995978126,0.8,29.135627196782504,3,36.41953399597813,4,80.0,2
344,A4,AGV/shuttle drive unit,2,15,2,2,385,unstratified_random,58,37,44.85465760060767,Q2_20_40pct,0.6411627391951387,0.4,25.646509567805552,4,64.11627391951387,2,40.0,5
344,A5,Packing-station roller motor,3,35,3,2,385,unstratified_random,90,28,30.303009041002955,Q1_shortest_0_20pct,0.7575759276719763,0.5333333333333333,40.40404947583874,2,75.75759276719764,1,60.0,4
345,A1,Inbound conveyor motor,4,40,3,3,386,unstratified_random,22,111,163.77680736738688,Q5_longest_80_100pct,0.0,0.6666666666666667,0.0,3,0.0,3,80.0,2
345,A2,Sortation conveyor drive,5,80,5,4,386,unstratified_random,23,113,135.36716530023588,Q4_60_80pct,0.0,0.9333333333333333,0.0,3,0.0,3,100.0,1
345,A3,Vertical lift motor,4,55,4,4,386,unstratified_random,93,85,42.17809886645809,Q2_20_40pct,0.6625752090683352,0.8,53.00601672546682,1,66.25752090683352,1,80.0,2
345,A4,AGV/shuttle drive unit,2,15,2,2,386,unstratified_random,33,106,142.7935583123275,Q5_longest_80_100pct,0.0,0.4,0.0,3,0.0,3,40.0,5
345,A5,Packing-station roller motor,3,35,3,2,386,unstratified_random,37,21,54.159061654098565,Q2_20_40pct,0.5667275067672115,0.5333333333333333,30.225467027584614,2,56.67275067672115,2,60.0,4
346,A1,Inbound conveyor motor,4,40,3,3,387,unstratified_random,97,82,79.22371888224494,Q3_40_60pct,0.36621024894204046,0.6666666666666667,24.414016596136033,4,36.62102489420405,4,80.0,2
346,A2,Sortation conveyor drive,5,80,5,4,387,unstratified_random,37,21,54.159061654098565,Q2_20_40pct,0.5667275067672115,0.9333333333333333,52.894567298273074,1,56.67275067672115,2,100.0,1
346,A3,Vertical lift motor,4,55,4,4,387,unstratified_random,23,113,135.36716530023588,Q4_60_80pct,0.0,0.8,0.0,5,0.0,5,80.0,2
346,A4,AGV/shuttle drive unit,2,15,2,2,387,unstratified_random,35,11,10.318035788709574,Q1_shortest_0_20pct,0.9174557136903234,0.4,36.69822854761294,2,91.74557136903235,1,40.0,5
346,A5,Packing-station roller motor,3,35,3,2,387,unstratified_random,43,59,63.79604805149177,Q2_20_40pct,0.4896316155880658,0.5333333333333333,26.11368616469684,3,48.963161558806576,3,60.0,4
347,A1,Inbound conveyor motor,4,40,3,3,388,unstratified_random,79,63,95.26087986485147,Q3_40_60pct,0.2379129610811882,0.6666666666666667,15.860864072079217,2,23.79129610811882,2,80.0,2
347,A2,Sortation conveyor drive,5,80,5,4,388,unstratified_random,20,16,23.928748965669588,Q1_shortest_0_20pct,0.8085700082746433,0.9333333333333333,75.46653410563337,1,80.85700082746433,1,100.0,1
347,A3,Vertical lift motor,4,55,4,4,388,unstratified_random,48,92,128.30022813454278,Q4_60_80pct,0.0,0.8,0.0,4,0.0,4,80.0,2
347,A4,AGV/shuttle drive unit,2,15,2,2,388,unstratified_random,19,87,106.94874018187056,Q4_60_80pct,0.14441007854503551,0.4,5.776403141801421,3,14.441007854503551,3,40.0,5
347,A5,Packing-station roller motor,3,35,3,2,388,unstratified_random,85,118,162.2981284023822,Q5_longest_80_100pct,0.0,0.5333333333333333,0.0,4,0.0,4,60.0,4
348,A1,Inbound conveyor motor,4,40,3,3,389,unstratified_random,17,50,51.778940468972905,Q2_20_40pct,0.5857684762482167,0.6666666666666667,39.05123174988112,2,58.57684762482167,2,80.0,2
348,A2,Sortation conveyor drive,5,80,5,4,389,unstratified_random,86,89,88.09422089781806,Q3_40_60pct,0.29524623281745555,0.9333333333333333,27.55631506296252,3,29.524623281745555,4,100.0,1
348,A3,Vertical lift motor,4,55,4,4,389,unstratified_random,53,26,32.51632437126566,Q1_shortest_0_20pct,0.7398694050298746,0.8,59.18955240238998,1,73.98694050298747,1,80.0,2
348,A4,AGV/shuttle drive unit,2,15,2,2,389,unstratified_random,1,112,181.7937722618632,Q5_longest_80_100pct,0.0,0.4,0.0,5,0.0,5,40.0,5
348,A5,Packing-station roller motor,3,35,3,2,389,unstratified_random,63,72,60.45894799885493,Q2_20_40pct,0.5163284160091606,0.5333333333333333,27.537515520488565,4,51.63284160091606,3,60.0,4
349,A1,Inbound conveyor motor,4,40,3,3,390,unstratified_random,62,54,60.376193576182295,Q2_20_40pct,0.5169904513905417,0.6666666666666667,34.46603009270278,4,51.699045139054164,3,80.0,2
349,A2,Sortation conveyor drive,5,80,5,4,390,unstratified_random,8,95,75.96907893735971,Q3_40_60pct,0.3922473685011223,0.9333333333333333,36.60975439343808,3,39.22473685011223,4,100.0,1
349,A3,Vertical lift motor,4,55,4,4,390,unstratified_random,82,9,13.00528536289486,Q1_shortest_0_20pct,0.8959577170968411,0.8,71.6766173677473,1,89.59577170968412,1,80.0,2
349,A4,AGV/shuttle drive unit,2,15,2,2,390,unstratified_random,97,82,79.22371888224494,Q3_40_60pct,0.36621024894204046,0.4,14.64840995768162,5,36.62102489420405,5,40.0,5
349,A5,Packing-station roller motor,3,35,3,2,390,unstratified_random,92,20,25.16213385236525,Q1_shortest_0_20pct,0.798702929181078,0.5333333333333333,42.597489556324156,2,79.8702929181078,2,60.0,4
350,A1,Inbound conveyor motor,4,40,3,3,391,unstratified_random,93,85,42.17809886645809,Q2_20_40pct,0.6625752090683352,0.6666666666666667,44.17168060455568,1,66.25752090683352,1,80.0,2
350,A2,Sortation conveyor drive,5,80,5,4,391,unstratified_random,1,112,181.7937722618632,Q5_longest_80_100pct,0.0,0.9333333333333333,0.0,5,0.0,5,100.0,1
350,A3,Vertical lift motor,4,55,4,4,391,unstratified_random,45,114,76.03056963373365,Q3_40_60pct,0.39175544293013076,0.8,31.340435434410463,2,39.175544293013076,3,80.0,2
350,A4,AGV/shuttle drive unit,2,15,2,2,391,unstratified_random,17,50,51.778940468972905,Q2_20_40pct,0.5857684762482167,0.4,23.43073904992867,3,58.57684762482167,2,40.0,5
350,A5,Packing-station roller motor,3,35,3,2,391,unstratified_random,10,96,99.04426828245136,Q3_40_60pct,0.20764585374038913,0.5333333333333333,11.074445532820754,4,20.764585374038912,4,60.0,4
351,A1,Inbound conveyor motor,4,40,3,3,392,unstratified_random,25,145,153.1932818222736,Q5_longest_80_100pct,0.0,0.6666666666666667,0.0,4,0.0,4,80.0,2
351,A2,Sortation conveyor drive,5,80,5,4,392,unstratified_random,42,10,15.95535794283765,Q1_shortest_0_20pct,0.8723571364572988,0.9333333333333333,81.41999940268123,1,87.23571364572989,1,100.0,1
351,A3,Vertical lift motor,4,55,4,4,392,unstratified_random,89,136,96.67220915776228,Q3_40_60pct,0.22662232673790172,0.8,18.129786139032138,2,22.66223267379017,3,80.0,2
351,A4,AGV/shuttle drive unit,2,15,2,2,392,unstratified_random,44,109,141.8287484510994,Q5_longest_80_100pct,0.0,0.4,0.0,4,0.0,4,40.0,5
351,A5,Packing-station roller motor,3,35,3,2,392,unstratified_random,12,124,90.15767382323185,Q3_40_60pct,0.2787386094141452,0.5333333333333333,14.866059168754411,3,27.87386094141452,2,60.0,4
352,A1,Inbound conveyor motor,4,40,3,3,393,unstratified_random,37,21,54.159061654098565,Q2_20_40pct,0.5667275067672115,0.6666666666666667,37.781833784480774,3,56.67275067672115,3,80.0,2
352,A2,Sortation conveyor drive,5,80,5,4,393,unstratified_random,32,48,58.21837314904572,Q2_20_40pct,0.5342530148076343,0.9333333333333333,49.8636147153792,2,53.42530148076343,4,100.0,1
352,A3,Vertical lift motor,4,55,4,4,393,unstratified_random,66,14,11.46932688270492,Q1_shortest_0_20pct,0.9082453849383606,0.8,72.65963079506885,1,90.82453849383606,1,80.0,2
352,A4,AGV/shuttle drive unit,2,15,2,2,393,unstratified_random,29,90,101.07862421817065,Q4_60_80pct,0.19137100625463488,0.4,7.654840250185396,5,19.13710062546349,5,40.0,5
352,A5,Packing-station roller motor,3,35,3,2,393,unstratified_random,77,34,40.64323409645428,Q2_20_40pct,0.6748541272283658,0.5333333333333333,35.99222011884618,4,67.48541272283659,2,60.0,4
353,A1,Inbound conveyor motor,4,40,3,3,394,unstratified_random,7,91,94.3787722014587,Q3_40_60pct,0.24496982238833043,0.6666666666666667,16.331321492555364,3,24.49698223883304,3,80.0,2
353,A2,Sortation conveyor drive,5,80,5,4,394,unstratified_random,26,119,123.02499684692152,Q4_60_80pct,0.015800025224627756,0.9333333333333333,1.4746690209652573,4,1.5800025224627756,4,100.0,1
353,A3,Vertical lift motor,4,55,4,4,394,unstratified_random,53,26,32.51632437126566,Q1_shortest_0_20pct,0.7398694050298746,0.8,59.18955240238998,1,73.98694050298747,1,80.0,2
353,A4,AGV/shuttle drive unit,2,15,2,2,394,unstratified_random,78,107,158.8500624677376,Q5_longest_80_100pct,0.0,0.4,0.0,5,0.0,5,40.0,5
353,A5,Packing-station roller motor,3,35,3,2,394,unstratified_random,64,28,47.55027096178691,Q2_20_40pct,0.6195978323057048,0.5333333333333333,33.04521772297092,2,61.95978323057047,2,60.0,4
354,A1,Inbound conveyor motor,4,40,3,3,395,unstratified_random,44,109,141.8287484510994,Q5_longest_80_100pct,0.0,0.6666666666666667,0.0,3,0.0,3,80.0,2
354,A2,Sortation conveyor drive,5,80,5,4,395,unstratified_random,75,113,125.9355598567823,Q4_60_80pct,0.0,0.9333333333333333,0.0,3,0.0,3,100.0,1
354,A3,Vertical lift motor,4,55,4,4,395,unstratified_random,64,28,47.55027096178691,Q2_20_40pct,0.6195978323057048,0.8,49.567826584456384,1,61.95978323057047,1,80.0,2
354,A4,AGV/shuttle drive unit,2,15,2,2,395,unstratified_random,8,95,75.96907893735971,Q3_40_60pct,0.3922473685011223,0.4,15.689894740044892,2,39.22473685011223,2,40.0,5
354,A5,Packing-station roller motor,3,35,3,2,395,unstratified_random,50,79,131.9611497166465,Q4_60_80pct,0.0,0.5333333333333333,0.0,3,0.0,3,60.0,4
355,A1,Inbound conveyor motor,4,40,3,3,396,unstratified_random,44,109,141.8287484510994,Q5_longest_80_100pct,0.0,0.6666666666666667,0.0,5,0.0,5,80.0,2
355,A2,Sortation conveyor drive,5,80,5,4,396,unstratified_random,38,50,47.55990877981797,Q2_20_40pct,0.6195207297614562,0.9333333333333333,57.82193477773591,1,61.95207297614562,1,100.0,1
355,A3,Vertical lift motor,4,55,4,4,396,unstratified_random,79,63,95.26087986485147,Q3_40_60pct,0.2379129610811882,0.8,19.033036886495058,4,23.79129610811882,4,80.0,2
355,A4,AGV/shuttle drive unit,2,15,2,2,396,unstratified_random,62,54,60.376193576182295,Q2_20_40pct,0.5169904513905417,0.4,20.679618055621667,3,51.699045139054164,2,40.0,5
355,A5,Packing-station roller motor,3,35,3,2,396,unstratified_random,21,57,67.90605820026097,Q2_20_40pct,0.4567515343979123,0.5333333333333333,24.360081834555324,2,45.67515343979123,3,60.0,4
356,A1,Inbound conveyor motor,4,40,3,3,397,unstratified_random,42,10,15.95535794283765,Q1_shortest_0_20pct,0.8723571364572988,0.6666666666666667,58.1571424304866,1,87.23571364572989,1,80.0,2
356,A2,Sortation conveyor drive,5,80,5,4,397,unstratified_random,79,63,95.26087986485147,Q3_40_60pct,0.2379129610811882,0.9333333333333333,22.2052097009109,3,23.79129610811882,3,100.0,1
356,A3,Vertical lift motor,4,55,4,4,397,unstratified_random,88,115,132.4717899153425,Q4_60_80pct,0.0,0.8,0.0,4,0.0,4,80.0,2
356,A4,AGV/shuttle drive unit,2,15,2,2,397,unstratified_random,39,142,172.98448712201755,Q5_longest_80_100pct,0.0,0.4,0.0,4,0.0,4,40.0,5
356,A5,Packing-station roller motor,3,35,3,2,397,unstratified_random,92,20,25.16213385236525,Q1_shortest_0_20pct,0.798702929181078,0.5333333333333333,42.597489556324156,2,79.8702929181078,2,60.0,4
357,A1,Inbound conveyor motor,4,40,3,3,398,unstratified_random,70,94,86.32146123836584,Q3_40_60pct,0.30942831009307326,0.6666666666666667,20.628554006204887,3,30.942831009307326,3,80.0,2
357,A2,Sortation conveyor drive,5,80,5,4,398,unstratified_random,88,115,132.4717899153425,Q4_60_80pct,0.0,0.9333333333333333,0.0,5,0.0,5,100.0,1
357,A3,Vertical lift motor,4,55,4,4,398,unstratified_random,79,63,95.26087986485147,Q3_40_60pct,0.2379129610811882,0.8,19.033036886495058,4,23.79129610811882,4,80.0,2
357,A4,AGV/shuttle drive unit,2,15,2,2,398,unstratified_random,46,47,45.79841882029448,Q2_20_40pct,0.6336126494376442,0.4,25.34450597750577,2,63.36126494376442,2,40.0,5
357,A5,Packing-station roller motor,3,35,3,2,398,unstratified_random,56,15,16.158144448588526,Q1_shortest_0_20pct,0.8707348444112918,0.5333333333333333,46.43919170193556,1,87.07348444112918,1,60.0,4
358,A1,Inbound conveyor motor,4,40,3,3,399,unstratified_random,93,85,42.17809886645809,Q2_20_40pct,0.6625752090683352,0.6666666666666667,44.17168060455568,2,66.25752090683352,2,80.0,2
358,A2,Sortation conveyor drive,5,80,5,4,399,unstratified_random,53,26,32.51632437126566,Q1_shortest_0_20pct,0.7398694050298746,0.9333333333333333,69.0544778027883,1,73.98694050298747,1,100.0,1
358,A3,Vertical lift motor,4,55,4,4,399,unstratified_random,71,118,142.21779435736028,Q5_longest_80_100pct,0.0,0.8,0.0,4,0.0,4,80.0,2
358,A4,AGV/shuttle drive unit,2,15,2,2,399,unstratified_random,67,77,138.84222319134904,Q5_longest_80_100pct,0.0,0.4,0.0,4,0.0,4,40.0,5
358,A5,Packing-station roller motor,3,35,3,2,399,unstratified_random,5,91,97.4316568366386,Q3_40_60pct,0.22054674530689122,0.5333333333333333,11.7624930830342,3,22.054674530689123,3,60.0,4
359,A1,Inbound conveyor motor,4,40,3,3,400,unstratified_random,32,48,58.21837314904572,Q2_20_40pct,0.5342530148076343,0.6666666666666667,35.61686765384229,5,53.42530148076343,5,80.0,2
359,A2,Sortation conveyor drive,5,80,5,4,400,unstratified_random,61,21,41.30030317056766,Q2_20_40pct,0.6695975746354588,0.9333333333333333,62.49577363264282,2,66.95975746354588,4,100.0,1
359,A3,Vertical lift motor,4,55,4,4,400,unstratified_random,20,16,23.928748965669588,Q1_shortest_0_20pct,0.8085700082746433,0.8,64.68560066197146,1,80.85700082746433,3,80.0,2
359,A4,AGV/shuttle drive unit,2,15,2,2,400,unstratified_random,76,10,10.049433434661326,Q1_shortest_0_20pct,0.9196045325227094,0.4,36.78418130090838,4,91.96045325227094,1,40.0,5
359,A5,Packing-station roller motor,3,35,3,2,400,unstratified_random,100,20,23.88622641030998,Q1_shortest_0_20pct,0.8089101887175202,0.5333333333333333,43.14187673160108,3,80.89101887175202,2,60.0,4
360,A1,Inbound conveyor motor,4,40,3,3,401,unstratified_random,96,137,137.09402180530702,Q5_longest_80_100pct,0.0,0.6666666666666667,0.0,4,0.0,4,80.0,2
360,A2,Sortation conveyor drive,5,80,5,4,401,unstratified_random,68,8,14.299954503479244,Q1_shortest_0_20pct,0.885600363972166,0.9333333333333333,82.6560339707355,1,88.5600363972166,1,100.0,1
360,A3,Vertical lift motor,4,55,4,4,401,unstratified_random,39,142,172.98448712201755,Q5_longest_80_100pct,0.0,0.8,0.0,4,0.0,4,80.0,2
360,A4,AGV/shuttle drive unit,2,15,2,2,401,unstratified_random,21,57,67.90605820026097,Q2_20_40pct,0.4567515343979123,0.4,18.270061375916494,3,45.67515343979123,3,40.0,5
360,A5,Packing-station roller motor,3,35,3,2,401,unstratified_random,42,10,15.95535794283765,Q1_shortest_0_20pct,0.8723571364572988,0.5333333333333333,46.525713944389274,2,87.23571364572989,2,60.0,4
361,A1,Inbound conveyor motor,4,40,3,3,402,unstratified_random,15,83,158.0175356684317,Q5_longest_80_100pct,0.0,0.6666666666666667,0.0,4,0.0,4,80.0,2
361,A2,Sortation conveyor drive,5,80,5,4,402,unstratified_random,93,85,42.17809886645809,Q2_20_40pct,0.6625752090683352,0.9333333333333333,61.840352846377954,1,66.25752090683352,1,100.0,1
361,A3,Vertical lift motor,4,55,4,4,402,unstratified_random,70,94,86.32146123836584,Q3_40_60pct,0.30942831009307326,0.8,24.754264807445864,2,30.942831009307326,2,80.0,2
361,A4,AGV/shuttle drive unit,2,15,2,2,402,unstratified_random,87,116,144.3579823471946,Q5_longest_80_100pct,0.0,0.4,0.0,4,0.0,4,40.0,5
361,A5,Packing-station roller motor,3,35,3,2,402,unstratified_random,26,119,123.02499684692152,Q4_60_80pct,0.015800025224627756,0.5333333333333333,0.842668011980147,3,1.5800025224627756,3,60.0,4
362,A1,Inbound conveyor motor,4,40,3,3,403,unstratified_random,74,126,94.81409660307276,Q3_40_60pct,0.24148722717541793,0.6666666666666667,16.099148478361197,5,24.148722717541794,5,80.0,2
362,A2,Sortation conveyor drive,5,80,5,4,403,unstratified_random,64,28,47.55027096178691,Q2_20_40pct,0.6195978323057048,0.9333333333333333,57.82913101519911,1,61.95978323057047,2,100.0,1
362,A3,Vertical lift motor,4,55,4,4,403,unstratified_random,7,91,94.3787722014587,Q3_40_60pct,0.24496982238833043,0.8,19.597585791066436,4,24.49698223883304,4,80.0,2
362,A4,AGV/shuttle drive unit,2,15,2,2,403,unstratified_random,93,85,42.17809886645809,Q2_20_40pct,0.6625752090683352,0.4,26.50300836273341,3,66.25752090683352,1,40.0,5
362,A5,Packing-station roller motor,3,35,3,2,403,unstratified_random,18,28,60.32803578156674,Q2_20_40pct,0.5173757137474662,0.5333333333333333,27.59337139986486,2,51.737571374746615,3,60.0,4
363,A1,Inbound conveyor motor,4,40,3,3,404,unstratified_random,45,114,76.03056963373365,Q3_40_60pct,0.39175544293013076,0.6666666666666667,26.117029528675385,1,39.175544293013076,2,80.0,2
363,A2,Sortation conveyor drive,5,80,5,4,404,unstratified_random,89,136,96.67220915776228,Q3_40_60pct,0.22662232673790172,0.9333333333333333,21.15141716220416,3,22.66223267379017,4,100.0,1
363,A3,Vertical lift motor,4,55,4,4,404,unstratified_random,78,107,158.8500624677376,Q5_longest_80_100pct,0.0,0.8,0.0,5,0.0,5,80.0,2
363,A4,AGV/shuttle drive unit,2,15,2,2,404,unstratified_random,58,37,44.85465760060767,Q2_20_40pct,0.6411627391951387,0.4,25.646509567805552,2,64.11627391951387,1,40.0,5
363,A5,Packing-station roller motor,3,35,3,2,404,unstratified_random,30,115,88.96761601985438,Q3_40_60pct,0.28825907184116495,0.5333333333333333,15.37381716486213,4,28.825907184116495,3,60.0,4
364,A1,Inbound conveyor motor,4,40,3,3,405,unstratified_random,34,7,11.177676889867849,Q1_shortest_0_20pct,0.9105785848810573,0.6666666666666667,60.70523899207049,1,91.05785848810572,1,80.0,2
364,A2,Sortation conveyor drive,5,80,5,4,405,unstratified_random,87,116,144.3579823471946,Q5_longest_80_100pct,0.0,0.9333333333333333,0.0,5,0.0,5,100.0,1
364,A3,Vertical lift motor,4,55,4,4,405,unstratified_random,16,84,112.36753252847032,Q4_60_80pct,0.10105973977223748,0.8,8.084779181778998,3,10.105973977223748,4,80.0,2
364,A4,AGV/shuttle drive unit,2,15,2,2,405,unstratified_random,19,87,106.94874018187056,Q4_60_80pct,0.14441007854503551,0.4,5.776403141801421,4,14.441007854503551,3,40.0,5
364,A5,Packing-station roller motor,3,35,3,2,405,unstratified_random,21,57,67.90605820026097,Q2_20_40pct,0.4567515343979123,0.5333333333333333,24.360081834555324,2,45.67515343979123,2,60.0,4
365,A1,Inbound conveyor motor,4,40,3,3,406,unstratified_random,78,107,158.8500624677376,Q5_longest_80_100pct,0.0,0.6666666666666667,0.0,4,0.0,4,80.0,2
365,A2,Sortation conveyor drive,5,80,5,4,406,unstratified_random,79,63,95.26087986485147,Q3_40_60pct,0.2379129610811882,0.9333333333333333,22.2052097009109,2,23.79129610811882,3,100.0,1
365,A3,Vertical lift motor,4,55,4,4,406,unstratified_random,99,117,132.87361758142774,Q4_60_80pct,0.0,0.8,0.0,4,0.0,4,80.0,2
365,A4,AGV/shuttle drive unit,2,15,2,2,406,unstratified_random,8,95,75.96907893735971,Q3_40_60pct,0.3922473685011223,0.4,15.689894740044892,3,39.22473685011223,2,40.0,5
365,A5,Packing-station roller motor,3,35,3,2,406,unstratified_random,52,29,40.87621681240515,Q2_20_40pct,0.6729902655007588,0.5333333333333333,35.892814160040466,1,67.29902655007588,1,60.0,4
366,A1,Inbound conveyor motor,4,40,3,3,407,unstratified_random,68,8,14.299954503479244,Q1_shortest_0_20pct,0.885600363972166,0.6666666666666667,59.04002426481108,1,88.5600363972166,1,80.0,2
366,A2,Sortation conveyor drive,5,80,5,4,407,unstratified_random,18,28,60.32803578156674,Q2_20_40pct,0.5173757137474662,0.9333333333333333,48.28839994976351,2,51.737571374746615,3,100.0,1
366,A3,Vertical lift motor,4,55,4,4,407,unstratified_random,26,119,123.02499684692152,Q4_60_80pct,0.015800025224627756,0.8,1.2640020179702205,5,1.5800025224627756,5,80.0,2
366,A4,AGV/shuttle drive unit,2,15,2,2,407,unstratified_random,16,84,112.36753252847032,Q4_60_80pct,0.10105973977223748,0.4,4.042389590889499,4,10.105973977223748,4,40.0,5
366,A5,Packing-station roller motor,3,35,3,2,407,unstratified_random,100,20,23.88622641030998,Q1_shortest_0_20pct,0.8089101887175202,0.5333333333333333,43.14187673160108,3,80.89101887175202,2,60.0,4
367,A1,Inbound conveyor motor,4,40,3,3,408,unstratified_random,84,58,54.07820667708313,Q2_20_40pct,0.567374346583335,0.6666666666666667,37.824956438889004,2,56.7374346583335,2,80.0,2
367,A2,Sortation conveyor drive,5,80,5,4,408,unstratified_random,1,112,181.7937722618632,Q5_longest_80_100pct,0.0,0.9333333333333333,0.0,3,0.0,3,100.0,1
367,A3,Vertical lift motor,4,55,4,4,408,unstratified_random,34,7,11.177676889867849,Q1_shortest_0_20pct,0.9105785848810573,0.8,72.84628679048458,1,91.05785848810572,1,80.0,2
367,A4,AGV/shuttle drive unit,2,15,2,2,408,unstratified_random,22,111,163.77680736738688,Q5_longest_80_100pct,0.0,0.4,0.0,3,0.0,3,40.0,5
367,A5,Packing-station roller motor,3,35,3,2,408,unstratified_random,59,114,150.6488483670163,Q5_longest_80_100pct,0.0,0.5333333333333333,0.0,3,0.0,3,60.0,4
368,A1,Inbound conveyor motor,4,40,3,3,409,unstratified_random,87,116,144.3579823471946,Q5_longest_80_100pct,0.0,0.6666666666666667,0.0,5,0.0,5,80.0,2
368,A2,Sortation conveyor drive,5,80,5,4,409,unstratified_random,31,8,23.83573742078014,Q1_shortest_0_20pct,0.8093141006337589,0.9333333333333333,75.5359827258175,1,80.93141006337589,2,100.0,1
368,A3,Vertical lift motor,4,55,4,4,409,unstratified_random,36,19,22.29101002400674,Q1_shortest_0_20pct,0.8216719198079461,0.8,65.73375358463569,2,82.16719198079461,1,80.0,2
368,A4,AGV/shuttle drive unit,2,15,2,2,409,unstratified_random,57,103,83.29315372594353,Q3_40_60pct,0.3336547701924518,0.4,13.346190807698074,4,33.36547701924518,3,40.0,5
368,A5,Packing-station roller motor,3,35,3,2,409,unstratified_random,13,95,93.13834255441226,Q3_40_60pct,0.2548932595647019,0.5333333333333333,13.5943071767841,3,25.48932595647019,4,60.0,4
369,A1,Inbound conveyor motor,4,40,3,3,410,unstratified_random,35,11,10.318035788709574,Q1_shortest_0_20pct,0.9174557136903234,0.6666666666666667,61.16371424602157,2,91.74557136903235,1,80.0,2
369,A2,Sortation conveyor drive,5,80,5,4,410,unstratified_random,92,20,25.16213385236525,Q1_shortest_0_20pct,0.798702929181078,0.9333333333333333,74.54560672356727,1,79.8702929181078,3,100.0,1
369,A3,Vertical lift motor,4,55,4,4,410,unstratified_random,45,114,76.03056963373365,Q3_40_60pct,0.39175544293013076,0.8,31.340435434410463,4,39.175544293013076,4,80.0,2
369,A4,AGV/shuttle drive unit,2,15,2,2,410,unstratified_random,88,115,132.4717899153425,Q4_60_80pct,0.0,0.4,0.0,5,0.0,5,40.0,5
369,A5,Packing-station roller motor,3,35,3,2,410,unstratified_random,82,9,13.00528536289486,Q1_shortest_0_20pct,0.8959577170968411,0.5333333333333333,47.784411578498194,3,89.59577170968412,2,60.0,4
370,A1,Inbound conveyor motor,4,40,3,3,411,unstratified_random,12,124,90.15767382323185,Q3_40_60pct,0.2787386094141452,0.6666666666666667,18.582573960943016,3,27.87386094141452,4,80.0,2
370,A2,Sortation conveyor drive,5,80,5,4,411,unstratified_random,90,28,30.303009041002955,Q1_shortest_0_20pct,0.7575759276719763,0.9333333333333333,70.70708658271779,1,75.75759276719764,1,100.0,1
370,A3,Vertical lift motor,4,55,4,4,411,unstratified_random,17,50,51.778940468972905,Q2_20_40pct,0.5857684762482167,0.8,46.86147809985734,2,58.57684762482167,2,80.0,2
370,A4,AGV/shuttle drive unit,2,15,2,2,411,unstratified_random,21,57,67.90605820026097,Q2_20_40pct,0.4567515343979123,0.4,18.270061375916494,4,45.67515343979123,3,40.0,5
370,A5,Packing-station roller motor,3,35,3,2,411,unstratified_random,73,131,128.00577343113736,Q4_60_80pct,0.0,0.5333333333333333,0.0,5,0.0,5,60.0,4
371,A1,Inbound conveyor motor,4,40,3,3,412,unstratified_random,51,114,102.38736822787688,Q4_60_80pct,0.180901054176985,0.6666666666666667,12.060070278465668,1,18.0901054176985,2,80.0,2
371,A2,Sortation conveyor drive,5,80,5,4,412,unstratified_random,69,121,148.86538698158105,Q5_longest_80_100pct,0.0,0.9333333333333333,0.0,3,0.0,3,100.0,1
371,A3,Vertical lift motor,4,55,4,4,412,unstratified_random,50,79,131.9611497166465,Q4_60_80pct,0.0,0.8,0.0,3,0.0,3,80.0,2
371,A4,AGV/shuttle drive unit,2,15,2,2,412,unstratified_random,86,89,88.09422089781806,Q3_40_60pct,0.29524623281745555,0.4,11.809849312698223,2,29.524623281745555,1,40.0,5
371,A5,Packing-station roller motor,3,35,3,2,412,unstratified_random,83,137,136.40747067846124,Q5_longest_80_100pct,0.0,0.5333333333333333,0.0,3,0.0,3,60.0,4
372,A1,Inbound conveyor motor,4,40,3,3,413,unstratified_random,52,29,40.87621681240515,Q2_20_40pct,0.6729902655007588,0.6666666666666667,44.86601770005059,2,67.29902655007588,2,80.0,2
372,A2,Sortation conveyor drive,5,80,5,4,413,unstratified_random,49,21,13.44996942007384,Q1_shortest_0_20pct,0.8924002446394093,0.9333333333333333,83.2906894996782,1,89.24002446394093,1,100.0,1
372,A3,Vertical lift motor,4,55,4,4,413,unstratified_random,88,115,132.4717899153425,Q4_60_80pct,0.0,0.8,0.0,5,0.0,5,80.0,2
372,A4,AGV/shuttle drive unit,2,15,2,2,413,unstratified_random,5,91,97.4316568366386,Q3_40_60pct,0.22054674530689122,0.4,8.821869812275649,3,22.054674530689123,3,40.0,5
372,A5,Packing-station roller motor,3,35,3,2,413,unstratified_random,27,66,114.97611996076007,Q4_60_80pct,0.08019104031391944,0.5333333333333333,4.276855483409037,4,8.019104031391944,4,60.0,4
373,A1,Inbound conveyor motor,4,40,3,3,414,unstratified_random,6,93,105.6201183358804,Q4_60_80pct,0.15503905331295675,0.6666666666666667,10.335936887530451,2,15.503905331295675,2,80.0,2
373,A2,Sortation conveyor drive,5,80,5,4,414,unstratified_random,55,137,118.91039914419324,Q4_60_80pct,0.048716806846454075,0.9333333333333333,4.546901972335713,3,4.8716806846454075,3,100.0,1
373,A3,Vertical lift motor,4,55,4,4,414,unstratified_random,44,109,141.8287484510994,Q5_longest_80_100pct,0.0,0.8,0.0,4,0.0,4,80.0,2
373,A4,AGV/shuttle drive unit,2,15,2,2,414,unstratified_random,95,128,130.5679549560598,Q4_60_80pct,0.0,0.4,0.0,4,0.0,4,40.0,5
373,A5,Packing-station roller motor,3,35,3,2,414,unstratified_random,40,28,26.358548153514647,Q1_shortest_0_20pct,0.7891316147718828,0.5333333333333333,42.087019454500414,1,78.91316147718828,1,60.0,4
374,A1,Inbound conveyor motor,4,40,3,3,415,unstratified_random,60,100,104.41961816061556,Q4_60_80pct,0.16464305471507557,0.6666666666666667,10.976203647671706,2,16.464305471507558,2,80.0,2
374,A2,Sortation conveyor drive,5,80,5,4,415,unstratified_random,35,11,10.318035788709574,Q1_shortest_0_20pct,0.9174557136903234,0.9333333333333333,85.6291999444302,1,91.74557136903235,1,100.0,1
374,A3,Vertical lift motor,4,55,4,4,415,unstratified_random,73,131,128.00577343113736,Q4_60_80pct,0.0,0.8,0.0,3,0.0,3,80.0,2
374,A4,AGV/shuttle drive unit,2,15,2,2,415,unstratified_random,75,113,125.9355598567823,Q4_60_80pct,0.0,0.4,0.0,3,0.0,3,40.0,5
374,A5,Packing-station roller motor,3,35,3,2,415,unstratified_random,54,97,127.42576425394527,Q4_60_80pct,0.0,0.5333333333333333,0.0,3,0.0,3,60.0,4
375,A1,Inbound conveyor motor,4,40,3,3,416,unstratified_random,61,21,41.30030317056766,Q2_20_40pct,0.6695975746354588,0.6666666666666667,44.639838309030594,2,66.95975746354588,3,80.0,2
375,A2,Sortation conveyor drive,5,80,5,4,416,unstratified_random,71,118,142.21779435736028,Q5_longest_80_100pct,0.0,0.9333333333333333,0.0,4,0.0,4,100.0,1
375,A3,Vertical lift motor,4,55,4,4,416,unstratified_random,49,21,13.44996942007384,Q1_shortest_0_20pct,0.8924002446394093,0.8,71.39201957115274,1,89.24002446394093,2,80.0,2
375,A4,AGV/shuttle drive unit,2,15,2,2,416,unstratified_random,34,7,11.177676889867849,Q1_shortest_0_20pct,0.9105785848810573,0.4,36.42314339524229,3,91.05785848810572,1,40.0,5
375,A5,Packing-station roller motor,3,35,3,2,416,unstratified_random,1,112,181.7937722618632,Q5_longest_80_100pct,0.0,0.5333333333333333,0.0,4,0.0,4,60.0,4
376,A1,Inbound conveyor motor,4,40,3,3,417,unstratified_random,98,59,85.21286900885234,Q3_40_60pct,0.31829704792918134,0.6666666666666667,21.21980319527876,5,31.829704792918136,5,80.0,2
376,A2,Sortation conveyor drive,5,80,5,4,417,unstratified_random,17,50,51.778940468972905,Q2_20_40pct,0.5857684762482167,0.9333333333333333,54.671724449833555,1,58.57684762482167,2,100.0,1
376,A3,Vertical lift motor,4,55,4,4,417,unstratified_random,43,59,63.79604805149177,Q2_20_40pct,0.4896316155880658,0.8,39.170529247045266,2,48.963161558806576,4,80.0,2
376,A4,AGV/shuttle drive unit,2,15,2,2,417,unstratified_random,93,85,42.17809886645809,Q2_20_40pct,0.6625752090683352,0.4,26.50300836273341,4,66.25752090683352,1,40.0,5
376,A5,Packing-station roller motor,3,35,3,2,417,unstratified_random,41,18,59.85486006548725,Q2_20_40pct,0.521161119476102,0.5333333333333333,27.795259705392105,3,52.1161119476102,3,60.0,4
377,A1,Inbound conveyor motor,4,40,3,3,418,unstratified_random,34,7,11.177676889867849,Q1_shortest_0_20pct,0.9105785848810573,0.6666666666666667,60.70523899207049,1,91.05785848810572,1,80.0,2
377,A2,Sortation conveyor drive,5,80,5,4,418,unstratified_random,64,28,47.55027096178691,Q2_20_40pct,0.6195978323057048,0.9333333333333333,57.82913101519911,2,61.95978323057047,3,100.0,1
377,A3,Vertical lift motor,4,55,4,4,418,unstratified_random,98,59,85.21286900885234,Q3_40_60pct,0.31829704792918134,0.8,25.46376383433451,4,31.829704792918136,4,80.0,2
377,A4,AGV/shuttle drive unit,2,15,2,2,418,unstratified_random,51,114,102.38736822787688,Q4_60_80pct,0.180901054176985,0.4,7.2360421670794,5,18.0901054176985,5,40.0,5
377,A5,Packing-station roller motor,3,35,3,2,418,unstratified_random,31,8,23.83573742078014,Q1_shortest_0_20pct,0.8093141006337589,0.5333333333333333,43.16341870046714,3,80.93141006337589,2,60.0,4
378,A1,Inbound conveyor motor,4,40,3,3,419,unstratified_random,87,116,144.3579823471946,Q5_longest_80_100pct,0.0,0.6666666666666667,0.0,2,0.0,2,80.0,2
378,A2,Sortation conveyor drive,5,80,5,4,419,unstratified_random,78,107,158.8500624677376,Q5_longest_80_100pct,0.0,0.9333333333333333,0.0,2,0.0,2,100.0,1
378,A3,Vertical lift motor,4,55,4,4,419,unstratified_random,75,113,125.9355598567823,Q4_60_80pct,0.0,0.8,0.0,2,0.0,2,80.0,2
378,A4,AGV/shuttle drive unit,2,15,2,2,419,unstratified_random,95,128,130.5679549560598,Q4_60_80pct,0.0,0.4,0.0,2,0.0,2,40.0,5
378,A5,Packing-station roller motor,3,35,3,2,419,unstratified_random,81,8,12.767256508974471,Q1_shortest_0_20pct,0.8978619479282042,0.5333333333333333,47.88597055617089,1,89.78619479282042,1,60.0,4
379,A1,Inbound conveyor motor,4,40,3,3,420,unstratified_random,12,124,90.15767382323185,Q3_40_60pct,0.2787386094141452,0.6666666666666667,18.582573960943016,3,27.87386094141452,3,80.0,2
379,A2,Sortation conveyor drive,5,80,5,4,420,unstratified_random,94,55,48.61299679912422,Q2_20_40pct,0.6110960256070063,0.9333333333333333,57.035629056653924,2,61.10960256070063,2,100.0,1
379,A3,Vertical lift motor,4,55,4,4,420,unstratified_random,76,10,10.049433434661326,Q1_shortest_0_20pct,0.9196045325227094,0.8,73.56836260181676,1,91.96045325227094,1,80.0,2
379,A4,AGV/shuttle drive unit,2,15,2,2,420,unstratified_random,60,100,104.41961816061556,Q4_60_80pct,0.16464305471507557,0.4,6.5857221886030235,4,16.464305471507558,4,40.0,5
379,A5,Packing-station roller motor,3,35,3,2,420,unstratified_random,88,115,132.4717899153425,Q4_60_80pct,0.0,0.5333333333333333,0.0,5,0.0,5,60.0,4
380,A1,Inbound conveyor motor,4,40,3,3,421,unstratified_random,21,57,67.90605820026097,Q2_20_40pct,0.4567515343979123,0.6666666666666667,30.450102293194156,1,45.67515343979123,3,80.0,2
380,A2,Sortation conveyor drive,5,80,5,4,421,unstratified_random,14,107,146.91015946253862,Q5_longest_80_100pct,0.0,0.9333333333333333,0.0,5,0.0,5,100.0,1
380,A3,Vertical lift motor,4,55,4,4,421,unstratified_random,28,97,94.6987062048556,Q3_40_60pct,0.2424103503611552,0.8,19.392828028892417,4,24.24103503611552,4,80.0,2
380,A4,AGV/shuttle drive unit,2,15,2,2,421,unstratified_random,93,85,42.17809886645809,Q2_20_40pct,0.6625752090683352,0.4,26.50300836273341,3,66.25752090683352,1,40.0,5
380,A5,Packing-station roller motor,3,35,3,2,421,unstratified_random,18,28,60.32803578156674,Q2_20_40pct,0.5173757137474662,0.5333333333333333,27.59337139986486,2,51.737571374746615,2,60.0,4
381,A1,Inbound conveyor motor,4,40,3,3,422,unstratified_random,61,21,41.30030317056766,Q2_20_40pct,0.6695975746354588,0.6666666666666667,44.639838309030594,1,66.95975746354588,1,80.0,2
381,A2,Sortation conveyor drive,5,80,5,4,422,unstratified_random,69,121,148.86538698158105,Q5_longest_80_100pct,0.0,0.9333333333333333,0.0,2,0.0,2,100.0,1
381,A3,Vertical lift motor,4,55,4,4,422,unstratified_random,25,145,153.1932818222736,Q5_longest_80_100pct,0.0,0.8,0.0,2,0.0,2,80.0,2
381,A4,AGV/shuttle drive unit,2,15,2,2,422,unstratified_random,65,128,151.46723766284128,Q5_longest_80_100pct,0.0,0.4,0.0,2,0.0,2,40.0,5
381,A5,Packing-station roller motor,3,35,3,2,422,unstratified_random,15,83,158.0175356684317,Q5_longest_80_100pct,0.0,0.5333333333333333,0.0,2,0.0,2,60.0,4
382,A1,Inbound conveyor motor,4,40,3,3,423,unstratified_random,52,29,40.87621681240515,Q2_20_40pct,0.6729902655007588,0.6666666666666667,44.86601770005059,1,67.29902655007588,2,80.0,2
382,A2,Sortation conveyor drive,5,80,5,4,423,unstratified_random,50,79,131.9611497166465,Q4_60_80pct,0.0,0.9333333333333333,0.0,4,0.0,4,100.0,1
382,A3,Vertical lift motor,4,55,4,4,423,unstratified_random,55,137,118.91039914419324,Q4_60_80pct,0.048716806846454075,0.8,3.897344547716326,3,4.8716806846454075,3,80.0,2
382,A4,AGV/shuttle drive unit,2,15,2,2,423,unstratified_random,59,114,150.6488483670163,Q5_longest_80_100pct,0.0,0.4,0.0,4,0.0,4,40.0,5
382,A5,Packing-station roller motor,3,35,3,2,423,unstratified_random,91,38,26.859272201960557,Q1_shortest_0_20pct,0.7851258223843156,0.5333333333333333,41.873377193830166,2,78.51258223843156,1,60.0,4
383,A1,Inbound conveyor motor,4,40,3,3,424,unstratified_random,31,8,23.83573742078014,Q1_shortest_0_20pct,0.8093141006337589,0.6666666666666667,53.95427337558394,2,80.93141006337589,1,80.0,2
383,A2,Sortation conveyor drive,5,80,5,4,424,unstratified_random,100,20,23.88622641030998,Q1_shortest_0_20pct,0.8089101887175202,0.9333333333333333,75.49828428030189,1,80.89101887175202,2,100.0,1
383,A3,Vertical lift motor,4,55,4,4,424,unstratified_random,26,119,123.02499684692152,Q4_60_80pct,0.015800025224627756,0.8,1.2640020179702205,3,1.5800025224627756,3,80.0,2
383,A4,AGV/shuttle drive unit,2,15,2,2,424,unstratified_random,1,112,181.7937722618632,Q5_longest_80_100pct,0.0,0.4,0.0,4,0.0,4,40.0,5
383,A5,Packing-station roller motor,3,35,3,2,424,unstratified_random,73,131,128.00577343113736,Q4_60_80pct,0.0,0.5333333333333333,0.0,4,0.0,4,60.0,4
384,A1,Inbound conveyor motor,4,40,3,3,425,unstratified_random,89,136,96.67220915776228,Q3_40_60pct,0.22662232673790172,0.6666666666666667,15.108155115860116,2,22.66223267379017,2,80.0,2
384,A2,Sortation conveyor drive,5,80,5,4,425,unstratified_random,9,111,137.60480848618022,Q5_longest_80_100pct,0.0,0.9333333333333333,0.0,3,0.0,3,100.0,1
384,A3,Vertical lift motor,4,55,4,4,425,unstratified_random,18,28,60.32803578156674,Q2_20_40pct,0.5173757137474662,0.8,41.390057099797296,1,51.737571374746615,1,80.0,2
384,A4,AGV/shuttle drive unit,2,15,2,2,425,unstratified_random,2,98,142.91341211911944,Q5_longest_80_100pct,0.0,0.4,0.0,3,0.0,3,40.0,5
384,A5,Packing-station roller motor,3,35,3,2,425,unstratified_random,22,111,163.77680736738688,Q5_longest_80_100pct,0.0,0.5333333333333333,0.0,3,0.0,3,60.0,4
385,A1,Inbound conveyor motor,4,40,3,3,426,unstratified_random,89,136,96.67220915776228,Q3_40_60pct,0.22662232673790172,0.6666666666666667,15.108155115860116,3,22.66223267379017,3,80.0,2
385,A2,Sortation conveyor drive,5,80,5,4,426,unstratified_random,26,119,123.02499684692152,Q4_60_80pct,0.015800025224627756,0.9333333333333333,1.4746690209652573,5,1.5800025224627756,5,100.0,1
385,A3,Vertical lift motor,4,55,4,4,426,unstratified_random,53,26,32.51632437126566,Q1_shortest_0_20pct,0.7398694050298746,0.8,59.18955240238998,1,73.98694050298747,1,80.0,2
385,A4,AGV/shuttle drive unit,2,15,2,2,426,unstratified_random,16,84,112.36753252847032,Q4_60_80pct,0.10105973977223748,0.4,4.042389590889499,4,10.105973977223748,4,40.0,5
385,A5,Packing-station roller motor,3,35,3,2,426,unstratified_random,8,95,75.96907893735971,Q3_40_60pct,0.3922473685011223,0.5333333333333333,20.91985965339319,2,39.22473685011223,2,60.0,4
386,A1,Inbound conveyor motor,4,40,3,3,427,unstratified_random,14,107,146.91015946253862,Q5_longest_80_100pct,0.0,0.6666666666666667,0.0,2,0.0,2,80.0,2
386,A2,Sortation conveyor drive,5,80,5,4,427,unstratified_random,39,142,172.98448712201755,Q5_longest_80_100pct,0.0,0.9333333333333333,0.0,2,0.0,2,100.0,1
386,A3,Vertical lift motor,4,55,4,4,427,unstratified_random,53,26,32.51632437126566,Q1_shortest_0_20pct,0.7398694050298746,0.8,59.18955240238998,1,73.98694050298747,1,80.0,2
386,A4,AGV/shuttle drive unit,2,15,2,2,427,unstratified_random,96,137,137.09402180530702,Q5_longest_80_100pct,0.0,0.4,0.0,2,0.0,2,40.0,5
386,A5,Packing-station roller motor,3,35,3,2,427,unstratified_random,99,117,132.87361758142774,Q4_60_80pct,0.0,0.5333333333333333,0.0,2,0.0,2,60.0,4
387,A1,Inbound conveyor motor,4,40,3,3,428,unstratified_random,26,119,123.02499684692152,Q4_60_80pct,0.015800025224627756,0.6666666666666667,1.053335014975184,5,1.5800025224627756,5,80.0,2
387,A2,Sortation conveyor drive,5,80,5,4,428,unstratified_random,80,90,79.47558250502735,Q3_40_60pct,0.36419533995978126,0.9333333333333333,33.99156506291292,1,36.41953399597813,2,100.0,1
387,A3,Vertical lift motor,4,55,4,4,428,unstratified_random,27,66,114.97611996076007,Q4_60_80pct,0.08019104031391944,0.8,6.415283225113555,4,8.019104031391944,4,80.0,2
387,A4,AGV/shuttle drive unit,2,15,2,2,428,unstratified_random,62,54,60.376193576182295,Q2_20_40pct,0.5169904513905417,0.4,20.679618055621667,2,51.699045139054164,1,40.0,5
387,A5,Packing-station roller motor,3,35,3,2,428,unstratified_random,60,100,104.41961816061556,Q4_60_80pct,0.16464305471507557,0.5333333333333333,8.780962918137364,3,16.464305471507558,3,60.0,4
388,A1,Inbound conveyor motor,4,40,3,3,429,unstratified_random,76,10,10.049433434661326,Q1_shortest_0_20pct,0.9196045325227094,0.6666666666666667,61.3069688348473,1,91.96045325227094,1,80.0,2
388,A2,Sortation conveyor drive,5,80,5,4,429,unstratified_random,54,97,127.42576425394527,Q4_60_80pct,0.0,0.9333333333333333,0.0,4,0.0,4,100.0,1
388,A3,Vertical lift motor,4,55,4,4,429,unstratified_random,84,58,54.07820667708313,Q2_20_40pct,0.567374346583335,0.8,45.389947726666804,2,56.7374346583335,2,80.0,2
388,A4,AGV/shuttle drive unit,2,15,2,2,429,unstratified_random,9,111,137.60480848618022,Q5_longest_80_100pct,0.0,0.4,0.0,4,0.0,4,40.0,5
388,A5,Packing-station roller motor,3,35,3,2,429,unstratified_random,5,91,97.4316568366386,Q3_40_60pct,0.22054674530689122,0.5333333333333333,11.7624930830342,3,22.054674530689123,3,60.0,4
389,A1,Inbound conveyor motor,4,40,3,3,430,unstratified_random,12,124,90.15767382323185,Q3_40_60pct,0.2787386094141452,0.6666666666666667,18.582573960943016,2,27.87386094141452,2,80.0,2
389,A2,Sortation conveyor drive,5,80,5,4,430,unstratified_random,71,118,142.21779435736028,Q5_longest_80_100pct,0.0,0.9333333333333333,0.0,4,0.0,4,100.0,1
389,A3,Vertical lift motor,4,55,4,4,430,unstratified_random,20,16,23.928748965669588,Q1_shortest_0_20pct,0.8085700082746433,0.8,64.68560066197146,1,80.85700082746433,1,80.0,2
389,A4,AGV/shuttle drive unit,2,15,2,2,430,unstratified_random,73,131,128.00577343113736,Q4_60_80pct,0.0,0.4,0.0,4,0.0,4,40.0,5
389,A5,Packing-station roller motor,3,35,3,2,430,unstratified_random,74,126,94.81409660307276,Q3_40_60pct,0.24148722717541793,0.5333333333333333,12.879318782688957,3,24.148722717541794,3,60.0,4
390,A1,Inbound conveyor motor,4,40,3,3,431,unstratified_random,84,58,54.07820667708313,Q2_20_40pct,0.567374346583335,0.6666666666666667,37.824956438889004,1,56.7374346583335,1,80.0,2
390,A2,Sortation conveyor drive,5,80,5,4,431,unstratified_random,75,113,125.9355598567823,Q4_60_80pct,0.0,0.9333333333333333,0.0,4,0.0,4,100.0,1
390,A3,Vertical lift motor,4,55,4,4,431,unstratified_random,6,93,105.6201183358804,Q4_60_80pct,0.15503905331295675,0.8,12.40312426503654,2,15.503905331295675,3,80.0,2
390,A4,AGV/shuttle drive unit,2,15,2,2,431,unstratified_random,51,114,102.38736822787688,Q4_60_80pct,0.180901054176985,0.4,7.2360421670794,3,18.0901054176985,2,40.0,5
390,A5,Packing-station roller motor,3,35,3,2,431,unstratified_random,69,121,148.86538698158105,Q5_longest_80_100pct,0.0,0.5333333333333333,0.0,4,0.0,4,60.0,4
391,A1,Inbound conveyor motor,4,40,3,3,432,unstratified_random,97,82,79.22371888224494,Q3_40_60pct,0.36621024894204046,0.6666666666666667,24.414016596136033,2,36.62102489420405,2,80.0,2
391,A2,Sortation conveyor drive,5,80,5,4,432,unstratified_random,64,28,47.55027096178691,Q2_20_40pct,0.6195978323057048,0.9333333333333333,57.82913101519911,1,61.95978323057047,1,100.0,1
391,A3,Vertical lift motor,4,55,4,4,432,unstratified_random,2,98,142.91341211911944,Q5_longest_80_100pct,0.0,0.8,0.0,3,0.0,3,80.0,2
391,A4,AGV/shuttle drive unit,2,15,2,2,432,unstratified_random,59,114,150.6488483670163,Q5_longest_80_100pct,0.0,0.4,0.0,3,0.0,3,40.0,5
391,A5,Packing-station roller motor,3,35,3,2,432,unstratified_random,73,131,128.00577343113736,Q4_60_80pct,0.0,0.5333333333333333,0.0,3,0.0,3,60.0,4
392,A1,Inbound conveyor motor,4,40,3,3,433,unstratified_random,26,119,123.02499684692152,Q4_60_80pct,0.015800025224627756,0.6666666666666667,1.053335014975184,4,1.5800025224627756,4,80.0,2
392,A2,Sortation conveyor drive,5,80,5,4,433,unstratified_random,89,136,96.67220915776228,Q3_40_60pct,0.22662232673790172,0.9333333333333333,21.15141716220416,2,22.66223267379017,2,100.0,1
392,A3,Vertical lift motor,4,55,4,4,433,unstratified_random,22,111,163.77680736738688,Q5_longest_80_100pct,0.0,0.8,0.0,5,0.0,5,80.0,2
392,A4,AGV/shuttle drive unit,2,15,2,2,433,unstratified_random,60,100,104.41961816061556,Q4_60_80pct,0.16464305471507557,0.4,6.5857221886030235,3,16.464305471507558,3,40.0,5
392,A5,Packing-station roller motor,3,35,3,2,433,unstratified_random,36,19,22.29101002400674,Q1_shortest_0_20pct,0.8216719198079461,0.5333333333333333,43.822502389757126,1,82.16719198079461,1,60.0,4
393,A1,Inbound conveyor motor,4,40,3,3,434,unstratified_random,56,15,16.158144448588526,Q1_shortest_0_20pct,0.8707348444112918,0.6666666666666667,58.04898962741946,2,87.07348444112918,1,80.0,2
393,A2,Sortation conveyor drive,5,80,5,4,434,unstratified_random,100,20,23.88622641030998,Q1_shortest_0_20pct,0.8089101887175202,0.9333333333333333,75.49828428030189,1,80.89101887175202,2,100.0,1
393,A3,Vertical lift motor,4,55,4,4,434,unstratified_random,23,113,135.36716530023588,Q4_60_80pct,0.0,0.8,0.0,3,0.0,3,80.0,2
393,A4,AGV/shuttle drive unit,2,15,2,2,434,unstratified_random,67,77,138.84222319134904,Q5_longest_80_100pct,0.0,0.4,0.0,3,0.0,3,40.0,5
393,A5,Packing-station roller motor,3,35,3,2,434,unstratified_random,85,118,162.2981284023822,Q5_longest_80_100pct,0.0,0.5333333333333333,0.0,3,0.0,3,60.0,4
394,A1,Inbound conveyor motor,4,40,3,3,435,unstratified_random,64,28,47.55027096178691,Q2_20_40pct,0.6195978323057048,0.6666666666666667,41.30652215371365,2,61.95978323057047,2,80.0,2
394,A2,Sortation conveyor drive,5,80,5,4,435,unstratified_random,98,59,85.21286900885234,Q3_40_60pct,0.31829704792918134,0.9333333333333333,29.70772447339026,4,31.829704792918136,4,100.0,1
394,A3,Vertical lift motor,4,55,4,4,435,unstratified_random,41,18,59.85486006548725,Q2_20_40pct,0.521161119476102,0.8,41.69288955808816,1,52.1161119476102,3,80.0,2
394,A4,AGV/shuttle drive unit,2,15,2,2,435,unstratified_random,76,10,10.049433434661326,Q1_shortest_0_20pct,0.9196045325227094,0.4,36.78418130090838,3,91.96045325227094,1,40.0,5
394,A5,Packing-station roller motor,3,35,3,2,435,unstratified_random,75,113,125.9355598567823,Q4_60_80pct,0.0,0.5333333333333333,0.0,5,0.0,5,60.0,4
395,A1,Inbound conveyor motor,4,40,3,3,436,unstratified_random,45,114,76.03056963373365,Q3_40_60pct,0.39175544293013076,0.6666666666666667,26.117029528675385,3,39.175544293013076,3,80.0,2
395,A2,Sortation conveyor drive,5,80,5,4,436,unstratified_random,25,145,153.1932818222736,Q5_longest_80_100pct,0.0,0.9333333333333333,0.0,4,0.0,4,100.0,1
395,A3,Vertical lift motor,4,55,4,4,436,unstratified_random,43,59,63.79604805149177,Q2_20_40pct,0.4896316155880658,0.8,39.170529247045266,1,48.963161558806576,2,80.0,2
395,A4,AGV/shuttle drive unit,2,15,2,2,436,unstratified_random,53,26,32.51632437126566,Q1_shortest_0_20pct,0.7398694050298746,0.4,29.59477620119499,2,73.98694050298747,1,40.0,5
395,A5,Packing-station roller motor,3,35,3,2,436,unstratified_random,78,107,158.8500624677376,Q5_longest_80_100pct,0.0,0.5333333333333333,0.0,4,0.0,4,60.0,4
396,A1,Inbound conveyor motor,4,40,3,3,437,unstratified_random,25,145,153.1932818222736,Q5_longest_80_100pct,0.0,0.6666666666666667,0.0,5,0.0,5,80.0,2
396,A2,Sortation conveyor drive,5,80,5,4,437,unstratified_random,56,15,16.158144448588526,Q1_shortest_0_20pct,0.8707348444112918,0.9333333333333333,81.26858547838724,1,87.07348444112918,1,100.0,1
396,A3,Vertical lift motor,4,55,4,4,437,unstratified_random,32,48,58.21837314904572,Q2_20_40pct,0.5342530148076343,0.8,42.740241184610746,2,53.42530148076343,2,80.0,2
396,A4,AGV/shuttle drive unit,2,15,2,2,437,unstratified_random,79,63,95.26087986485147,Q3_40_60pct,0.2379129610811882,0.4,9.516518443247529,3,23.79129610811882,3,40.0,5
396,A5,Packing-station roller motor,3,35,3,2,437,unstratified_random,16,84,112.36753252847032,Q4_60_80pct,0.10105973977223748,0.5333333333333333,5.389852787852665,4,10.105973977223748,4,60.0,4
397,A1,Inbound conveyor motor,4,40,3,3,438,unstratified_random,89,136,96.67220915776228,Q3_40_60pct,0.22662232673790172,0.6666666666666667,15.108155115860116,4,22.66223267379017,4,80.0,2
397,A2,Sortation conveyor drive,5,80,5,4,438,unstratified_random,53,26,32.51632437126566,Q1_shortest_0_20pct,0.7398694050298746,0.9333333333333333,69.0544778027883,1,73.98694050298747,2,100.0,1
397,A3,Vertical lift motor,4,55,4,4,438,unstratified_random,59,114,150.6488483670163,Q5_longest_80_100pct,0.0,0.8,0.0,5,0.0,5,80.0,2
397,A4,AGV/shuttle drive unit,2,15,2,2,438,unstratified_random,84,58,54.07820667708313,Q2_20_40pct,0.567374346583335,0.4,22.694973863333402,3,56.7374346583335,3,40.0,5
397,A5,Packing-station roller motor,3,35,3,2,438,unstratified_random,68,8,14.299954503479244,Q1_shortest_0_20pct,0.885600363972166,0.5333333333333333,47.23201941184885,2,88.5600363972166,1,60.0,4
398,A1,Inbound conveyor motor,4,40,3,3,439,unstratified_random,44,109,141.8287484510994,Q5_longest_80_100pct,0.0,0.6666666666666667,0.0,4,0.0,4,80.0,2
398,A2,Sortation conveyor drive,5,80,5,4,439,unstratified_random,70,94,86.32146123836584,Q3_40_60pct,0.30942831009307326,0.9333333333333333,28.879975608686838,2,30.942831009307326,3,100.0,1
398,A3,Vertical lift motor,4,55,4,4,439,unstratified_random,95,128,130.5679549560598,Q4_60_80pct,0.0,0.8,0.0,4,0.0,4,80.0,2
398,A4,AGV/shuttle drive unit,2,15,2,2,439,unstratified_random,56,15,16.158144448588526,Q1_shortest_0_20pct,0.8707348444112918,0.4,34.829393776451674,1,87.07348444112918,1,40.0,5
398,A5,Packing-station roller motor,3,35,3,2,439,unstratified_random,97,82,79.22371888224494,Q3_40_60pct,0.36621024894204046,0.5333333333333333,19.531213276908826,3,36.62102489420405,2,60.0,4
399,A1,Inbound conveyor motor,4,40,3,3,440,unstratified_random,13,95,93.13834255441226,Q3_40_60pct,0.2548932595647019,0.6666666666666667,16.992883970980127,3,25.48932595647019,2,80.0,2
399,A2,Sortation conveyor drive,5,80,5,4,440,unstratified_random,7,91,94.3787722014587,Q3_40_60pct,0.24496982238833043,0.9333333333333333,22.863850089577507,2,24.49698223883304,3,100.0,1
399,A3,Vertical lift motor,4,55,4,4,440,unstratified_random,92,20,25.16213385236525,Q1_shortest_0_20pct,0.798702929181078,0.8,63.89623433448624,1,79.8702929181078,1,80.0,2
399,A4,AGV/shuttle drive unit,2,15,2,2,440,unstratified_random,75,113,125.9355598567823,Q4_60_80pct,0.0,0.4,0.0,4,0.0,4,40.0,5
399,A5,Packing-station roller motor,3,35,3,2,440,unstratified_random,95,128,130.5679549560598,Q4_60_80pct,0.0,0.5333333333333333,0.0,4,0.0,4,60.0,4
400,A1,Inbound conveyor motor,4,40,3,3,441,unstratified_random,55,137,118.91039914419324,Q4_60_80pct,0.048716806846454075,0.6666666666666667,3.2477871230969386,5,4.8716806846454075,5,80.0,2
400,A2,Sortation conveyor drive,5,80,5,4,441,unstratified_random,20,16,23.928748965669588,Q1_shortest_0_20pct,0.8085700082746433,0.9333333333333333,75.46653410563337,1,80.85700082746433,1,100.0,1
400,A3,Vertical lift motor,4,55,4,4,441,unstratified_random,90,28,30.303009041002955,Q1_shortest_0_20pct,0.7575759276719763,0.8,60.60607421375811,2,75.75759276719764,2,80.0,2
400,A4,AGV/shuttle drive unit,2,15,2,2,441,unstratified_random,57,103,83.29315372594353,Q3_40_60pct,0.3336547701924518,0.4,13.346190807698074,3,33.36547701924518,3,40.0,5
400,A5,Packing-station roller motor,3,35,3,2,441,unstratified_random,10,96,99.04426828245136,Q3_40_60pct,0.20764585374038913,0.5333333333333333,11.074445532820754,4,20.764585374038912,4,60.0,4
401,A1,Inbound conveyor motor,4,40,3,3,442,unstratified_random,60,100,104.41961816061556,Q4_60_80pct,0.16464305471507557,0.6666666666666667,10.976203647671706,4,16.464305471507558,5,80.0,2
401,A2,Sortation conveyor drive,5,80,5,4,442,unstratified_random,42,10,15.95535794283765,Q1_shortest_0_20pct,0.8723571364572988,0.9333333333333333,81.41999940268123,1,87.23571364572989,1,100.0,1
401,A3,Vertical lift motor,4,55,4,4,442,unstratified_random,79,63,95.26087986485147,Q3_40_60pct,0.2379129610811882,0.8,19.033036886495058,3,23.79129610811882,3,80.0,2
401,A4,AGV/shuttle drive unit,2,15,2,2,442,unstratified_random,89,136,96.67220915776228,Q3_40_60pct,0.22662232673790172,0.4,9.064893069516069,5,22.66223267379017,4,40.0,5
401,A5,Packing-station roller motor,3,35,3,2,442,unstratified_random,53,26,32.51632437126566,Q1_shortest_0_20pct,0.7398694050298746,0.5333333333333333,39.459701601593316,2,73.98694050298747,2,60.0,4
402,A1,Inbound conveyor motor,4,40,3,3,443,unstratified_random,49,21,13.44996942007384,Q1_shortest_0_20pct,0.8924002446394093,0.6666666666666667,59.493349642627294,1,89.24002446394093,1,80.0,2
402,A2,Sortation conveyor drive,5,80,5,4,443,unstratified_random,7,91,94.3787722014587,Q3_40_60pct,0.24496982238833043,0.9333333333333333,22.863850089577507,4,24.49698223883304,4,100.0,1
402,A3,Vertical lift motor,4,55,4,4,443,unstratified_random,94,55,48.61299679912422,Q2_20_40pct,0.6110960256070063,0.8,48.88768204856051,2,61.10960256070063,2,80.0,2
402,A4,AGV/shuttle drive unit,2,15,2,2,443,unstratified_random,17,50,51.778940468972905,Q2_20_40pct,0.5857684762482167,0.4,23.43073904992867,3,58.57684762482167,3,40.0,5
402,A5,Packing-station roller motor,3,35,3,2,443,unstratified_random,44,109,141.8287484510994,Q5_longest_80_100pct,0.0,0.5333333333333333,0.0,5,0.0,5,60.0,4
403,A1,Inbound conveyor motor,4,40,3,3,444,unstratified_random,80,90,79.47558250502735,Q3_40_60pct,0.36419533995978126,0.6666666666666667,24.279689330652086,2,36.41953399597813,2,80.0,2
403,A2,Sortation conveyor drive,5,80,5,4,444,unstratified_random,22,111,163.77680736738688,Q5_longest_80_100pct,0.0,0.9333333333333333,0.0,4,0.0,4,100.0,1
403,A3,Vertical lift motor,4,55,4,4,444,unstratified_random,56,15,16.158144448588526,Q1_shortest_0_20pct,0.8707348444112918,0.8,69.65878755290335,1,87.07348444112918,1,80.0,2
403,A4,AGV/shuttle drive unit,2,15,2,2,444,unstratified_random,67,77,138.84222319134904,Q5_longest_80_100pct,0.0,0.4,0.0,4,0.0,4,40.0,5
403,A5,Packing-station roller motor,3,35,3,2,444,unstratified_random,12,124,90.15767382323185,Q3_40_60pct,0.2787386094141452,0.5333333333333333,14.866059168754411,3,27.87386094141452,3,60.0,4
404,A1,Inbound conveyor motor,4,40,3,3,445,unstratified_random,20,16,23.928748965669588,Q1_shortest_0_20pct,0.8085700082746433,0.6666666666666667,53.90466721830956,1,80.85700082746433,2,80.0,2
404,A2,Sortation conveyor drive,5,80,5,4,445,unstratified_random,19,87,106.94874018187056,Q4_60_80pct,0.14441007854503551,0.9333333333333333,13.478273997536649,5,14.441007854503551,5,100.0,1
404,A3,Vertical lift motor,4,55,4,4,445,unstratified_random,51,114,102.38736822787688,Q4_60_80pct,0.180901054176985,0.8,14.4720843341588,4,18.0901054176985,4,80.0,2
404,A4,AGV/shuttle drive unit,2,15,2,2,445,unstratified_random,56,15,16.158144448588526,Q1_shortest_0_20pct,0.8707348444112918,0.4,34.829393776451674,2,87.07348444112918,1,40.0,5
404,A5,Packing-station roller motor,3,35,3,2,445,unstratified_random,3,69,51.59437184534412,Q2_20_40pct,0.587245025237247,0.5333333333333333,31.319734679319836,3,58.724502523724695,3,60.0,4
405,A1,Inbound conveyor motor,4,40,3,3,446,unstratified_random,4,82,87.20565932033077,Q3_40_60pct,0.30235472543735387,0.6666666666666667,20.156981695823593,1,30.235472543735387,1,80.0,2
405,A2,Sortation conveyor drive,5,80,5,4,446,unstratified_random,73,131,128.00577343113736,Q4_60_80pct,0.0,0.9333333333333333,0.0,3,0.0,3,100.0,1
405,A3,Vertical lift motor,4,55,4,4,446,unstratified_random,7,91,94.3787722014587,Q3_40_60pct,0.24496982238833043,0.8,19.597585791066436,2,24.49698223883304,2,80.0,2
405,A4,AGV/shuttle drive unit,2,15,2,2,446,unstratified_random,1,112,181.7937722618632,Q5_longest_80_100pct,0.0,0.4,0.0,3,0.0,3,40.0,5
405,A5,Packing-station roller motor,3,35,3,2,446,unstratified_random,71,118,142.21779435736028,Q5_longest_80_100pct,0.0,0.5333333333333333,0.0,3,0.0,3,60.0,4
406,A1,Inbound conveyor motor,4,40,3,3,447,unstratified_random,47,135,121.81629897102604,Q4_60_80pct,0.025469608231791674,0.6666666666666667,1.6979738821194452,4,2.5469608231791674,4,80.0,2
406,A2,Sortation conveyor drive,5,80,5,4,447,unstratified_random,63,72,60.45894799885493,Q2_20_40pct,0.5163284160091606,0.9333333333333333,48.19065216085499,2,51.63284160091606,3,100.0,1
406,A3,Vertical lift motor,4,55,4,4,447,unstratified_random,40,28,26.358548153514647,Q1_shortest_0_20pct,0.7891316147718828,0.8,63.13052918175063,1,78.91316147718828,2,80.0,2
406,A4,AGV/shuttle drive unit,2,15,2,2,447,unstratified_random,68,8,14.299954503479244,Q1_shortest_0_20pct,0.885600363972166,0.4,35.42401455888665,3,88.5600363972166,1,40.0,5
406,A5,Packing-station roller motor,3,35,3,2,447,unstratified_random,22,111,163.77680736738688,Q5_longest_80_100pct,0.0,0.5333333333333333,0.0,5,0.0,5,60.0,4
407,A1,Inbound conveyor motor,4,40,3,3,448,unstratified_random,73,131,128.00577343113736,Q4_60_80pct,0.0,0.6666666666666667,0.0,5,0.0,5,80.0,2
407,A2,Sortation conveyor drive,5,80,5,4,448,unstratified_random,74,126,94.81409660307276,Q3_40_60pct,0.24148722717541793,0.9333333333333333,22.538807869705675,1,24.148722717541794,2,100.0,1
407,A3,Vertical lift motor,4,55,4,4,448,unstratified_random,11,97,99.08741603137932,Q4_60_80pct,0.2073006717489655,0.8,16.58405373991724,2,20.73006717489655,4,80.0,2
407,A4,AGV/shuttle drive unit,2,15,2,2,448,unstratified_random,4,82,87.20565932033077,Q3_40_60pct,0.30235472543735387,0.4,12.094189017494156,3,30.235472543735387,1,40.0,5
407,A5,Packing-station roller motor,3,35,3,2,448,unstratified_random,5,91,97.4316568366386,Q3_40_60pct,0.22054674530689122,0.5333333333333333,11.7624930830342,4,22.054674530689123,3,60.0,4
408,A1,Inbound conveyor motor,4,40,3,3,449,unstratified_random,87,116,144.3579823471946,Q5_longest_80_100pct,0.0,0.6666666666666667,0.0,4,0.0,4,80.0,2
408,A2,Sortation conveyor drive,5,80,5,4,449,unstratified_random,17,50,51.778940468972905,Q2_20_40pct,0.5857684762482167,0.9333333333333333,54.671724449833555,1,58.57684762482167,1,100.0,1
408,A3,Vertical lift motor,4,55,4,4,449,unstratified_random,83,137,136.40747067846124,Q5_longest_80_100pct,0.0,0.8,0.0,4,0.0,4,80.0,2
408,A4,AGV/shuttle drive unit,2,15,2,2,449,unstratified_random,26,119,123.02499684692152,Q4_60_80pct,0.015800025224627756,0.4,0.6320010089851102,3,1.5800025224627756,3,40.0,5
408,A5,Packing-station roller motor,3,35,3,2,449,unstratified_random,18,28,60.32803578156674,Q2_20_40pct,0.5173757137474662,0.5333333333333333,27.59337139986486,2,51.737571374746615,2,60.0,4
409,A1,Inbound conveyor motor,4,40,3,3,450,unstratified_random,5,91,97.4316568366386,Q3_40_60pct,0.22054674530689122,0.6666666666666667,14.703116353792751,4,22.054674530689123,4,80.0,2
409,A2,Sortation conveyor drive,5,80,5,4,450,unstratified_random,97,82,79.22371888224494,Q3_40_60pct,0.36621024894204046,0.9333333333333333,34.179623234590444,2,36.62102489420405,3,100.0,1
409,A3,Vertical lift motor,4,55,4,4,450,unstratified_random,3,69,51.59437184534412,Q2_20_40pct,0.587245025237247,0.8,46.97960201897976,1,58.724502523724695,2,80.0,2
409,A4,AGV/shuttle drive unit,2,15,2,2,450,unstratified_random,48,92,128.30022813454278,Q4_60_80pct,0.0,0.4,0.0,5,0.0,5,40.0,5
409,A5,Packing-station roller motor,3,35,3,2,450,unstratified_random,46,47,45.79841882029448,Q2_20_40pct,0.6336126494376442,0.5333333333333333,33.792674636674356,3,63.36126494376442,1,60.0,4
410,A1,Inbound conveyor motor,4,40,3,3,451,unstratified_random,72,50,70.20451782538055,Q3_40_60pct,0.4383638573969556,0.6666666666666667,29.22425715979704,1,43.83638573969556,1,80.0,2
410,A2,Sortation conveyor drive,5,80,5,4,451,unstratified_random,39,142,172.98448712201755,Q5_longest_80_100pct,0.0,0.9333333333333333,0.0,4,0.0,4,100.0,1
410,A3,Vertical lift motor,4,55,4,4,451,unstratified_random,30,115,88.96761601985438,Q3_40_60pct,0.28825907184116495,0.8,23.060725747293198,2,28.825907184116495,2,80.0,2
410,A4,AGV/shuttle drive unit,2,15,2,2,451,unstratified_random,19,87,106.94874018187056,Q4_60_80pct,0.14441007854503551,0.4,5.776403141801421,3,14.441007854503551,3,40.0,5
410,A5,Packing-station roller motor,3,35,3,2,451,unstratified_random,1,112,181.7937722618632,Q5_longest_80_100pct,0.0,0.5333333333333333,0.0,4,0.0,4,60.0,4
411,A1,Inbound conveyor motor,4,40,3,3,452,unstratified_random,28,97,94.6987062048556,Q3_40_60pct,0.2424103503611552,0.6666666666666667,16.160690024077017,3,24.24103503611552,4,80.0,2
411,A2,Sortation conveyor drive,5,80,5,4,452,unstratified_random,20,16,23.928748965669588,Q1_shortest_0_20pct,0.8085700082746433,0.9333333333333333,75.46653410563337,1,80.85700082746433,1,100.0,1
411,A3,Vertical lift motor,4,55,4,4,452,unstratified_random,94,55,48.61299679912422,Q2_20_40pct,0.6110960256070063,0.8,48.88768204856051,2,61.10960256070063,2,80.0,2
411,A4,AGV/shuttle drive unit,2,15,2,2,452,unstratified_random,60,100,104.41961816061556,Q4_60_80pct,0.16464305471507557,0.4,6.5857221886030235,5,16.464305471507558,5,40.0,5
411,A5,Packing-station roller motor,3,35,3,2,452,unstratified_random,4,82,87.20565932033077,Q3_40_60pct,0.30235472543735387,0.5333333333333333,16.125585356658874,4,30.235472543735387,3,60.0,4
412,A1,Inbound conveyor motor,4,40,3,3,453,unstratified_random,71,118,142.21779435736028,Q5_longest_80_100pct,0.0,0.6666666666666667,0.0,4,0.0,4,80.0,2
412,A2,Sortation conveyor drive,5,80,5,4,453,unstratified_random,18,28,60.32803578156674,Q2_20_40pct,0.5173757137474662,0.9333333333333333,48.28839994976351,1,51.737571374746615,2,100.0,1
412,A3,Vertical lift motor,4,55,4,4,453,unstratified_random,17,50,51.778940468972905,Q2_20_40pct,0.5857684762482167,0.8,46.86147809985734,2,58.57684762482167,1,80.0,2
412,A4,AGV/shuttle drive unit,2,15,2,2,453,unstratified_random,45,114,76.03056963373365,Q3_40_60pct,0.39175544293013076,0.4,15.670217717205231,3,39.175544293013076,3,40.0,5
412,A5,Packing-station roller motor,3,35,3,2,453,unstratified_random,54,97,127.42576425394527,Q4_60_80pct,0.0,0.5333333333333333,0.0,4,0.0,4,60.0,4
413,A1,Inbound conveyor motor,4,40,3,3,454,unstratified_random,56,15,16.158144448588526,Q1_shortest_0_20pct,0.8707348444112918,0.6666666666666667,58.04898962741946,2,87.07348444112918,2,80.0,2
413,A2,Sortation conveyor drive,5,80,5,4,454,unstratified_random,94,55,48.61299679912422,Q2_20_40pct,0.6110960256070063,0.9333333333333333,57.035629056653924,3,61.10960256070063,3,100.0,1
413,A3,Vertical lift motor,4,55,4,4,454,unstratified_random,49,21,13.44996942007384,Q1_shortest_0_20pct,0.8924002446394093,0.8,71.39201957115274,1,89.24002446394093,1,80.0,2
413,A4,AGV/shuttle drive unit,2,15,2,2,454,unstratified_random,39,142,172.98448712201755,Q5_longest_80_100pct,0.0,0.4,0.0,5,0.0,5,40.0,5
413,A5,Packing-station roller motor,3,35,3,2,454,unstratified_random,11,97,99.08741603137932,Q4_60_80pct,0.2073006717489655,0.5333333333333333,11.056035826611494,4,20.73006717489655,4,60.0,4
414,A1,Inbound conveyor motor,4,40,3,3,455,unstratified_random,76,10,10.049433434661326,Q1_shortest_0_20pct,0.9196045325227094,0.6666666666666667,61.3069688348473,2,91.96045325227094,1,80.0,2
414,A2,Sortation conveyor drive,5,80,5,4,455,unstratified_random,40,28,26.358548153514647,Q1_shortest_0_20pct,0.7891316147718828,0.9333333333333333,73.65228404537574,1,78.91316147718828,2,100.0,1
414,A3,Vertical lift motor,4,55,4,4,455,unstratified_random,99,117,132.87361758142774,Q4_60_80pct,0.0,0.8,0.0,5,0.0,5,80.0,2
414,A4,AGV/shuttle drive unit,2,15,2,2,455,unstratified_random,43,59,63.79604805149177,Q2_20_40pct,0.4896316155880658,0.4,19.585264623522633,3,48.963161558806576,3,40.0,5
414,A5,Packing-station roller motor,3,35,3,2,455,unstratified_random,70,94,86.32146123836584,Q3_40_60pct,0.30942831009307326,0.5333333333333333,16.502843204963906,4,30.942831009307326,4,60.0,4
415,A1,Inbound conveyor motor,4,40,3,3,456,unstratified_random,5,91,97.4316568366386,Q3_40_60pct,0.22054674530689122,0.6666666666666667,14.703116353792751,5,22.054674530689123,5,80.0,2
415,A2,Sortation conveyor drive,5,80,5,4,456,unstratified_random,46,47,45.79841882029448,Q2_20_40pct,0.6336126494376442,0.9333333333333333,59.137180614180124,1,63.36126494376442,2,100.0,1
415,A3,Vertical lift motor,4,55,4,4,456,unstratified_random,98,59,85.21286900885234,Q3_40_60pct,0.31829704792918134,0.8,25.46376383433451,3,31.829704792918136,4,80.0,2
415,A4,AGV/shuttle drive unit,2,15,2,2,456,unstratified_random,45,114,76.03056963373365,Q3_40_60pct,0.39175544293013076,0.4,15.670217717205231,4,39.175544293013076,3,40.0,5
415,A5,Packing-station roller motor,3,35,3,2,456,unstratified_random,34,7,11.177676889867849,Q1_shortest_0_20pct,0.9105785848810573,0.5333333333333333,48.564191193656384,2,91.05785848810572,1,60.0,4
416,A1,Inbound conveyor motor,4,40,3,3,457,unstratified_random,97,82,79.22371888224494,Q3_40_60pct,0.36621024894204046,0.6666666666666667,24.414016596136033,2,36.62102489420405,3,80.0,2
416,A2,Sortation conveyor drive,5,80,5,4,457,unstratified_random,29,90,101.07862421817065,Q4_60_80pct,0.19137100625463488,0.9333333333333333,17.861293917099257,4,19.13710062546349,4,100.0,1
416,A3,Vertical lift motor,4,55,4,4,457,unstratified_random,84,58,54.07820667708313,Q2_20_40pct,0.567374346583335,0.8,45.389947726666804,1,56.7374346583335,1,80.0,2
416,A4,AGV/shuttle drive unit,2,15,2,2,457,unstratified_random,37,21,54.159061654098565,Q2_20_40pct,0.5667275067672115,0.4,22.66910027068846,3,56.67275067672115,2,40.0,5
416,A5,Packing-station roller motor,3,35,3,2,457,unstratified_random,27,66,114.97611996076007,Q4_60_80pct,0.08019104031391944,0.5333333333333333,4.276855483409037,5,8.019104031391944,5,60.0,4
417,A1,Inbound conveyor motor,4,40,3,3,458,unstratified_random,31,8,23.83573742078014,Q1_shortest_0_20pct,0.8093141006337589,0.6666666666666667,53.95427337558394,1,80.93141006337589,1,80.0,2
417,A2,Sortation conveyor drive,5,80,5,4,458,unstratified_random,60,100,104.41961816061556,Q4_60_80pct,0.16464305471507557,0.9333333333333333,15.366685106740388,2,16.464305471507558,3,100.0,1
417,A3,Vertical lift motor,4,55,4,4,458,unstratified_random,67,77,138.84222319134904,Q5_longest_80_100pct,0.0,0.8,0.0,4,0.0,4,80.0,2
417,A4,AGV/shuttle drive unit,2,15,2,2,458,unstratified_random,69,121,148.86538698158105,Q5_longest_80_100pct,0.0,0.4,0.0,4,0.0,4,40.0,5
417,A5,Packing-station roller motor,3,35,3,2,458,unstratified_random,28,97,94.6987062048556,Q3_40_60pct,0.2424103503611552,0.5333333333333333,12.92855201926161,3,24.24103503611552,2,60.0,4
418,A1,Inbound conveyor motor,4,40,3,3,459,unstratified_random,39,142,172.98448712201755,Q5_longest_80_100pct,0.0,0.6666666666666667,0.0,3,0.0,3,80.0,2
418,A2,Sortation conveyor drive,5,80,5,4,459,unstratified_random,67,77,138.84222319134904,Q5_longest_80_100pct,0.0,0.9333333333333333,0.0,3,0.0,3,100.0,1
418,A3,Vertical lift motor,4,55,4,4,459,unstratified_random,37,21,54.159061654098565,Q2_20_40pct,0.5667275067672115,0.8,45.33820054137692,1,56.67275067672115,2,80.0,2
418,A4,AGV/shuttle drive unit,2,15,2,2,459,unstratified_random,17,50,51.778940468972905,Q2_20_40pct,0.5857684762482167,0.4,23.43073904992867,2,58.57684762482167,1,40.0,5
418,A5,Packing-station roller motor,3,35,3,2,459,unstratified_random,85,118,162.2981284023822,Q5_longest_80_100pct,0.0,0.5333333333333333,0.0,3,0.0,3,60.0,4
419,A1,Inbound conveyor motor,4,40,3,3,460,unstratified_random,74,126,94.81409660307276,Q3_40_60pct,0.24148722717541793,0.6666666666666667,16.099148478361197,3,24.148722717541794,3,80.0,2
419,A2,Sortation conveyor drive,5,80,5,4,460,unstratified_random,21,57,67.90605820026097,Q2_20_40pct,0.4567515343979123,0.9333333333333333,42.630143210471815,1,45.67515343979123,2,100.0,1
419,A3,Vertical lift motor,4,55,4,4,460,unstratified_random,2,98,142.91341211911944,Q5_longest_80_100pct,0.0,0.8,0.0,4,0.0,4,80.0,2
419,A4,AGV/shuttle drive unit,2,15,2,2,460,unstratified_random,77,34,40.64323409645428,Q2_20_40pct,0.6748541272283658,0.4,26.994165089134636,2,67.48541272283659,1,40.0,5
419,A5,Packing-station roller motor,3,35,3,2,460,unstratified_random,83,137,136.40747067846124,Q5_longest_80_100pct,0.0,0.5333333333333333,0.0,4,0.0,4,60.0,4
420,A1,Inbound conveyor motor,4,40,3,3,461,unstratified_random,52,29,40.87621681240515,Q2_20_40pct,0.6729902655007588,0.6666666666666667,44.86601770005059,2,67.29902655007588,1,80.0,2
420,A2,Sortation conveyor drive,5,80,5,4,461,unstratified_random,70,94,86.32146123836584,Q3_40_60pct,0.30942831009307326,0.9333333333333333,28.879975608686838,3,30.942831009307326,3,100.0,1
420,A3,Vertical lift motor,4,55,4,4,461,unstratified_random,46,47,45.79841882029448,Q2_20_40pct,0.6336126494376442,0.8,50.68901195501154,1,63.36126494376442,2,80.0,2
420,A4,AGV/shuttle drive unit,2,15,2,2,461,unstratified_random,83,137,136.40747067846124,Q5_longest_80_100pct,0.0,0.4,0.0,4,0.0,4,40.0,5
420,A5,Packing-station roller motor,3,35,3,2,461,unstratified_random,96,137,137.09402180530702,Q5_longest_80_100pct,0.0,0.5333333333333333,0.0,4,0.0,4,60.0,4
421,A1,Inbound conveyor motor,4,40,3,3,462,unstratified_random,17,50,51.778940468972905,Q2_20_40pct,0.5857684762482167,0.6666666666666667,39.05123174988112,2,58.57684762482167,2,80.0,2
421,A2,Sortation conveyor drive,5,80,5,4,462,unstratified_random,64,28,47.55027096178691,Q2_20_40pct,0.6195978323057048,0.9333333333333333,57.82913101519911,1,61.95978323057047,1,100.0,1
421,A3,Vertical lift motor,4,55,4,4,462,unstratified_random,44,109,141.8287484510994,Q5_longest_80_100pct,0.0,0.8,0.0,5,0.0,5,80.0,2
421,A4,AGV/shuttle drive unit,2,15,2,2,462,unstratified_random,4,82,87.20565932033077,Q3_40_60pct,0.30235472543735387,0.4,12.094189017494156,4,30.235472543735387,3,40.0,5
421,A5,Packing-station roller motor,3,35,3,2,462,unstratified_random,86,89,88.09422089781806,Q3_40_60pct,0.29524623281745555,0.5333333333333333,15.746465750264296,3,29.524623281745555,4,60.0,4
422,A1,Inbound conveyor motor,4,40,3,3,463,unstratified_random,57,103,83.29315372594353,Q3_40_60pct,0.3336547701924518,0.6666666666666667,22.243651346163457,2,33.36547701924518,2,80.0,2
422,A2,Sortation conveyor drive,5,80,5,4,463,unstratified_random,69,121,148.86538698158105,Q5_longest_80_100pct,0.0,0.9333333333333333,0.0,5,0.0,5,100.0,1
422,A3,Vertical lift motor,4,55,4,4,463,unstratified_random,35,11,10.318035788709574,Q1_shortest_0_20pct,0.9174557136903234,0.8,73.39645709522588,1,91.74557136903235,1,80.0,2
422,A4,AGV/shuttle drive unit,2,15,2,2,463,unstratified_random,29,90,101.07862421817065,Q4_60_80pct,0.19137100625463488,0.4,7.654840250185396,4,19.13710062546349,4,40.0,5
422,A5,Packing-station roller motor,3,35,3,2,463,unstratified_random,89,136,96.67220915776228,Q3_40_60pct,0.22662232673790172,0.5333333333333333,12.08652409268809,3,22.66223267379017,3,60.0,4
423,A1,Inbound conveyor motor,4,40,3,3,464,unstratified_random,54,97,127.42576425394527,Q4_60_80pct,0.0,0.6666666666666667,0.0,4,0.0,4,80.0,2
423,A2,Sortation conveyor drive,5,80,5,4,464,unstratified_random,31,8,23.83573742078014,Q1_shortest_0_20pct,0.8093141006337589,0.9333333333333333,75.5359827258175,1,80.93141006337589,1,100.0,1
423,A3,Vertical lift motor,4,55,4,4,464,unstratified_random,14,107,146.91015946253862,Q5_longest_80_100pct,0.0,0.8,0.0,4,0.0,4,80.0,2
423,A4,AGV/shuttle drive unit,2,15,2,2,464,unstratified_random,47,135,121.81629897102604,Q4_60_80pct,0.025469608231791674,0.4,1.018784329271667,3,2.5469608231791674,3,40.0,5
423,A5,Packing-station roller motor,3,35,3,2,464,unstratified_random,100,20,23.88622641030998,Q1_shortest_0_20pct,0.8089101887175202,0.5333333333333333,43.14187673160108,2,80.89101887175202,2,60.0,4
424,A1,Inbound conveyor motor,4,40,3,3,465,unstratified_random,25,145,153.1932818222736,Q5_longest_80_100pct,0.0,0.6666666666666667,0.0,3,0.0,3,80.0,2
424,A2,Sortation conveyor drive,5,80,5,4,465,unstratified_random,19,87,106.94874018187056,Q4_60_80pct,0.14441007854503551,0.9333333333333333,13.478273997536649,2,14.441007854503551,2,100.0,1
424,A3,Vertical lift motor,4,55,4,4,465,unstratified_random,15,83,158.0175356684317,Q5_longest_80_100pct,0.0,0.8,0.0,3,0.0,3,80.0,2
424,A4,AGV/shuttle drive unit,2,15,2,2,465,unstratified_random,87,116,144.3579823471946,Q5_longest_80_100pct,0.0,0.4,0.0,3,0.0,3,40.0,5
424,A5,Packing-station roller motor,3,35,3,2,465,unstratified_random,17,50,51.778940468972905,Q2_20_40pct,0.5857684762482167,0.5333333333333333,31.24098539990489,1,58.57684762482167,1,60.0,4
425,A1,Inbound conveyor motor,4,40,3,3,466,unstratified_random,18,28,60.32803578156674,Q2_20_40pct,0.5173757137474662,0.6666666666666667,34.491714249831084,3,51.737571374746615,3,80.0,2
425,A2,Sortation conveyor drive,5,80,5,4,466,unstratified_random,31,8,23.83573742078014,Q1_shortest_0_20pct,0.8093141006337589,0.9333333333333333,75.5359827258175,1,80.93141006337589,2,100.0,1
425,A3,Vertical lift motor,4,55,4,4,466,unstratified_random,70,94,86.32146123836584,Q3_40_60pct,0.30942831009307326,0.8,24.754264807445864,4,30.942831009307326,4,80.0,2
425,A4,AGV/shuttle drive unit,2,15,2,2,466,unstratified_random,49,21,13.44996942007384,Q1_shortest_0_20pct,0.8924002446394093,0.4,35.69600978557637,2,89.24002446394093,1,40.0,5
425,A5,Packing-station roller motor,3,35,3,2,466,unstratified_random,54,97,127.42576425394527,Q4_60_80pct,0.0,0.5333333333333333,0.0,5,0.0,5,60.0,4
426,A1,Inbound conveyor motor,4,40,3,3,467,unstratified_random,19,87,106.94874018187056,Q4_60_80pct,0.14441007854503551,0.6666666666666667,9.627338569669035,5,14.441007854503551,5,80.0,2
426,A2,Sortation conveyor drive,5,80,5,4,467,unstratified_random,82,9,13.00528536289486,Q1_shortest_0_20pct,0.8959577170968411,0.9333333333333333,83.62272026237184,1,89.59577170968412,1,100.0,1
426,A3,Vertical lift motor,4,55,4,4,467,unstratified_random,52,29,40.87621681240515,Q2_20_40pct,0.6729902655007588,0.8,53.83922124006071,2,67.29902655007588,2,80.0,2
426,A4,AGV/shuttle drive unit,2,15,2,2,467,unstratified_random,62,54,60.376193576182295,Q2_20_40pct,0.5169904513905417,0.4,20.679618055621667,4,51.699045139054164,4,40.0,5
426,A5,Packing-station roller motor,3,35,3,2,467,unstratified_random,3,69,51.59437184534412,Q2_20_40pct,0.587245025237247,0.5333333333333333,31.319734679319836,3,58.724502523724695,3,60.0,4
427,A1,Inbound conveyor motor,4,40,3,3,468,unstratified_random,78,107,158.8500624677376,Q5_longest_80_100pct,0.0,0.6666666666666667,0.0,5,0.0,5,80.0,2
427,A2,Sortation conveyor drive,5,80,5,4,468,unstratified_random,6,93,105.6201183358804,Q4_60_80pct,0.15503905331295675,0.9333333333333333,14.47031164254263,4,15.503905331295675,4,100.0,1
427,A3,Vertical lift motor,4,55,4,4,468,unstratified_random,7,91,94.3787722014587,Q3_40_60pct,0.24496982238833043,0.8,19.597585791066436,3,24.49698223883304,3,80.0,2
427,A4,AGV/shuttle drive unit,2,15,2,2,468,unstratified_random,90,28,30.303009041002955,Q1_shortest_0_20pct,0.7575759276719763,0.4,30.303037106879056,1,75.75759276719764,1,40.0,5
427,A5,Packing-station roller motor,3,35,3,2,468,unstratified_random,43,59,63.79604805149177,Q2_20_40pct,0.4896316155880658,0.5333333333333333,26.11368616469684,2,48.963161558806576,2,60.0,4
428,A1,Inbound conveyor motor,4,40,3,3,469,unstratified_random,28,97,94.6987062048556,Q3_40_60pct,0.2424103503611552,0.6666666666666667,16.160690024077017,3,24.24103503611552,3,80.0,2
428,A2,Sortation conveyor drive,5,80,5,4,469,unstratified_random,97,82,79.22371888224494,Q3_40_60pct,0.36621024894204046,0.9333333333333333,34.179623234590444,2,36.62102489420405,2,100.0,1
428,A3,Vertical lift motor,4,55,4,4,469,unstratified_random,1,112,181.7937722618632,Q5_longest_80_100pct,0.0,0.8,0.0,5,0.0,5,80.0,2
428,A4,AGV/shuttle drive unit,2,15,2,2,469,unstratified_random,5,91,97.4316568366386,Q3_40_60pct,0.22054674530689122,0.4,8.821869812275649,4,22.054674530689123,4,40.0,5
428,A5,Packing-station roller motor,3,35,3,2,469,unstratified_random,49,21,13.44996942007384,Q1_shortest_0_20pct,0.8924002446394093,0.5333333333333333,47.59467971410183,1,89.24002446394093,1,60.0,4
429,A1,Inbound conveyor motor,4,40,3,3,470,unstratified_random,45,114,76.03056963373365,Q3_40_60pct,0.39175544293013076,0.6666666666666667,26.117029528675385,3,39.175544293013076,3,80.0,2
429,A2,Sortation conveyor drive,5,80,5,4,470,unstratified_random,12,124,90.15767382323185,Q3_40_60pct,0.2787386094141452,0.9333333333333333,26.015603545320218,4,27.87386094141452,4,100.0,1
429,A3,Vertical lift motor,4,55,4,4,470,unstratified_random,66,14,11.46932688270492,Q1_shortest_0_20pct,0.9082453849383606,0.8,72.65963079506885,1,90.82453849383606,1,80.0,2
429,A4,AGV/shuttle drive unit,2,15,2,2,470,unstratified_random,48,92,128.30022813454278,Q4_60_80pct,0.0,0.4,0.0,5,0.0,5,40.0,5
429,A5,Packing-station roller motor,3,35,3,2,470,unstratified_random,84,58,54.07820667708313,Q2_20_40pct,0.567374346583335,0.5333333333333333,30.2599651511112,2,56.7374346583335,2,60.0,4
430,A1,Inbound conveyor motor,4,40,3,3,471,unstratified_random,2,98,142.91341211911944,Q5_longest_80_100pct,0.0,0.6666666666666667,0.0,4,0.0,4,80.0,2
430,A2,Sortation conveyor drive,5,80,5,4,471,unstratified_random,79,63,95.26087986485147,Q3_40_60pct,0.2379129610811882,0.9333333333333333,22.2052097009109,2,23.79129610811882,3,100.0,1
430,A3,Vertical lift motor,4,55,4,4,471,unstratified_random,94,55,48.61299679912422,Q2_20_40pct,0.6110960256070063,0.8,48.88768204856051,1,61.10960256070063,1,80.0,2
430,A4,AGV/shuttle drive unit,2,15,2,2,471,unstratified_random,39,142,172.98448712201755,Q5_longest_80_100pct,0.0,0.4,0.0,4,0.0,4,40.0,5
430,A5,Packing-station roller motor,3,35,3,2,471,unstratified_random,28,97,94.6987062048556,Q3_40_60pct,0.2424103503611552,0.5333333333333333,12.92855201926161,3,24.24103503611552,2,60.0,4
431,A1,Inbound conveyor motor,4,40,3,3,472,unstratified_random,33,106,142.7935583123275,Q5_longest_80_100pct,0.0,0.6666666666666667,0.0,4,0.0,4,80.0,2
431,A2,Sortation conveyor drive,5,80,5,4,472,unstratified_random,53,26,32.51632437126566,Q1_shortest_0_20pct,0.7398694050298746,0.9333333333333333,69.0544778027883,1,73.98694050298747,2,100.0,1
431,A3,Vertical lift motor,4,55,4,4,472,unstratified_random,36,19,22.29101002400674,Q1_shortest_0_20pct,0.8216719198079461,0.8,65.73375358463569,2,82.16719198079461,1,80.0,2
431,A4,AGV/shuttle drive unit,2,15,2,2,472,unstratified_random,27,66,114.97611996076007,Q4_60_80pct,0.08019104031391944,0.4,3.2076416125567775,3,8.019104031391944,3,40.0,5
431,A5,Packing-station roller motor,3,35,3,2,472,unstratified_random,48,92,128.30022813454278,Q4_60_80pct,0.0,0.5333333333333333,0.0,4,0.0,4,60.0,4
432,A1,Inbound conveyor motor,4,40,3,3,473,unstratified_random,37,21,54.159061654098565,Q2_20_40pct,0.5667275067672115,0.6666666666666667,37.781833784480774,2,56.67275067672115,2,80.0,2
432,A2,Sortation conveyor drive,5,80,5,4,473,unstratified_random,50,79,131.9611497166465,Q4_60_80pct,0.0,0.9333333333333333,0.0,4,0.0,4,100.0,1
432,A3,Vertical lift motor,4,55,4,4,473,unstratified_random,42,10,15.95535794283765,Q1_shortest_0_20pct,0.8723571364572988,0.8,69.78857091658391,1,87.23571364572989,1,80.0,2
432,A4,AGV/shuttle drive unit,2,15,2,2,473,unstratified_random,32,48,58.21837314904572,Q2_20_40pct,0.5342530148076343,0.4,21.370120592305373,3,53.42530148076343,3,40.0,5
432,A5,Packing-station roller motor,3,35,3,2,473,unstratified_random,75,113,125.9355598567823,Q4_60_80pct,0.0,0.5333333333333333,0.0,4,0.0,4,60.0,4
433,A1,Inbound conveyor motor,4,40,3,3,474,unstratified_random,76,10,10.049433434661326,Q1_shortest_0_20pct,0.9196045325227094,0.6666666666666667,61.3069688348473,2,91.96045325227094,1,80.0,2
433,A2,Sortation conveyor drive,5,80,5,4,474,unstratified_random,34,7,11.177676889867849,Q1_shortest_0_20pct,0.9105785848810573,0.9333333333333333,84.98733458889868,1,91.05785848810572,2,100.0,1
433,A3,Vertical lift motor,4,55,4,4,474,unstratified_random,78,107,158.8500624677376,Q5_longest_80_100pct,0.0,0.8,0.0,5,0.0,5,80.0,2
433,A4,AGV/shuttle drive unit,2,15,2,2,474,unstratified_random,26,119,123.02499684692152,Q4_60_80pct,0.015800025224627756,0.4,0.6320010089851102,4,1.5800025224627756,4,40.0,5
433,A5,Packing-station roller motor,3,35,3,2,474,unstratified_random,38,50,47.55990877981797,Q2_20_40pct,0.6195207297614562,0.5333333333333333,33.04110558727766,3,61.95207297614562,3,60.0,4
434,A1,Inbound conveyor motor,4,40,3,3,475,unstratified_random,30,115,88.96761601985438,Q3_40_60pct,0.28825907184116495,0.6666666666666667,19.217271456077665,2,28.825907184116495,2,80.0,2
434,A2,Sortation conveyor drive,5,80,5,4,475,unstratified_random,67,77,138.84222319134904,Q5_longest_80_100pct,0.0,0.9333333333333333,0.0,5,0.0,5,100.0,1
434,A3,Vertical lift motor,4,55,4,4,475,unstratified_random,29,90,101.07862421817065,Q4_60_80pct,0.19137100625463488,0.8,15.309680500370792,3,19.13710062546349,3,80.0,2
434,A4,AGV/shuttle drive unit,2,15,2,2,475,unstratified_random,6,93,105.6201183358804,Q4_60_80pct,0.15503905331295675,0.4,6.20156213251827,4,15.503905331295675,4,40.0,5
434,A5,Packing-station roller motor,3,35,3,2,475,unstratified_random,41,18,59.85486006548725,Q2_20_40pct,0.521161119476102,0.5333333333333333,27.795259705392105,1,52.1161119476102,1,60.0,4
435,A1,Inbound conveyor motor,4,40,3,3,476,unstratified_random,4,82,87.20565932033077,Q3_40_60pct,0.30235472543735387,0.6666666666666667,20.156981695823593,2,30.235472543735387,2,80.0,2
435,A2,Sortation conveyor drive,5,80,5,4,476,unstratified_random,37,21,54.159061654098565,Q2_20_40pct,0.5667275067672115,0.9333333333333333,52.894567298273074,1,56.67275067672115,1,100.0,1
435,A3,Vertical lift motor,4,55,4,4,476,unstratified_random,44,109,141.8287484510994,Q5_longest_80_100pct,0.0,0.8,0.0,3,0.0,3,80.0,2
435,A4,AGV/shuttle drive unit,2,15,2,2,476,unstratified_random,75,113,125.9355598567823,Q4_60_80pct,0.0,0.4,0.0,3,0.0,3,40.0,5
435,A5,Packing-station roller motor,3,35,3,2,476,unstratified_random,48,92,128.30022813454278,Q4_60_80pct,0.0,0.5333333333333333,0.0,3,0.0,3,60.0,4
436,A1,Inbound conveyor motor,4,40,3,3,477,unstratified_random,68,8,14.299954503479244,Q1_shortest_0_20pct,0.885600363972166,0.6666666666666667,59.04002426481108,1,88.5600363972166,2,80.0,2
436,A2,Sortation conveyor drive,5,80,5,4,477,unstratified_random,60,100,104.41961816061556,Q4_60_80pct,0.16464305471507557,0.9333333333333333,15.366685106740388,3,16.464305471507558,4,100.0,1
436,A3,Vertical lift motor,4,55,4,4,477,unstratified_random,67,77,138.84222319134904,Q5_longest_80_100pct,0.0,0.8,0.0,5,0.0,5,80.0,2
436,A4,AGV/shuttle drive unit,2,15,2,2,477,unstratified_random,82,9,13.00528536289486,Q1_shortest_0_20pct,0.8959577170968411,0.4,35.83830868387365,2,89.59577170968412,1,40.0,5
436,A5,Packing-station roller motor,3,35,3,2,477,unstratified_random,13,95,93.13834255441226,Q3_40_60pct,0.2548932595647019,0.5333333333333333,13.5943071767841,4,25.48932595647019,3,60.0,4
437,A1,Inbound conveyor motor,4,40,3,3,478,unstratified_random,74,126,94.81409660307276,Q3_40_60pct,0.24148722717541793,0.6666666666666667,16.099148478361197,5,24.148722717541794,5,80.0,2
437,A2,Sortation conveyor drive,5,80,5,4,478,unstratified_random,62,54,60.376193576182295,Q2_20_40pct,0.5169904513905417,0.9333333333333333,48.25244212978389,1,51.699045139054164,2,100.0,1
437,A3,Vertical lift motor,4,55,4,4,478,unstratified_random,21,57,67.90605820026097,Q2_20_40pct,0.4567515343979123,0.8,36.54012275183299,3,45.67515343979123,4,80.0,2
437,A4,AGV/shuttle drive unit,2,15,2,2,478,unstratified_random,35,11,10.318035788709574,Q1_shortest_0_20pct,0.9174557136903234,0.4,36.69822854761294,2,91.74557136903235,1,40.0,5
437,A5,Packing-station roller motor,3,35,3,2,478,unstratified_random,43,59,63.79604805149177,Q2_20_40pct,0.4896316155880658,0.5333333333333333,26.11368616469684,4,48.963161558806576,3,60.0,4
438,A1,Inbound conveyor motor,4,40,3,3,479,unstratified_random,88,115,132.4717899153425,Q4_60_80pct,0.0,0.6666666666666667,0.0,4,0.0,4,80.0,2
438,A2,Sortation conveyor drive,5,80,5,4,479,unstratified_random,58,37,44.85465760060767,Q2_20_40pct,0.6411627391951387,0.9333333333333333,59.84185565821295,1,64.11627391951387,2,100.0,1
438,A3,Vertical lift motor,4,55,4,4,479,unstratified_random,87,116,144.3579823471946,Q5_longest_80_100pct,0.0,0.8,0.0,4,0.0,4,80.0,2
438,A4,AGV/shuttle drive unit,2,15,2,2,479,unstratified_random,68,8,14.299954503479244,Q1_shortest_0_20pct,0.885600363972166,0.4,35.42401455888665,2,88.5600363972166,1,40.0,5
438,A5,Packing-station roller motor,3,35,3,2,479,unstratified_random,26,119,123.02499684692152,Q4_60_80pct,0.015800025224627756,0.5333333333333333,0.842668011980147,3,1.5800025224627756,3,60.0,4
439,A1,Inbound conveyor motor,4,40,3,3,480,unstratified_random,75,113,125.9355598567823,Q4_60_80pct,0.0,0.6666666666666667,0.0,4,0.0,4,80.0,2
439,A2,Sortation conveyor drive,5,80,5,4,480,unstratified_random,72,50,70.20451782538055,Q3_40_60pct,0.4383638573969556,0.9333333333333333,40.91396002371585,1,43.83638573969556,3,100.0,1
439,A3,Vertical lift motor,4,55,4,4,480,unstratified_random,65,128,151.46723766284128,Q5_longest_80_100pct,0.0,0.8,0.0,4,0.0,4,80.0,2
439,A4,AGV/shuttle drive unit,2,15,2,2,480,unstratified_random,62,54,60.376193576182295,Q2_20_40pct,0.5169904513905417,0.4,20.679618055621667,3,51.699045139054164,2,40.0,5
439,A5,Packing-station roller motor,3,35,3,2,480,unstratified_random,3,69,51.59437184534412,Q2_20_40pct,0.587245025237247,0.5333333333333333,31.319734679319836,2,58.724502523724695,1,60.0,4
440,A1,Inbound conveyor motor,4,40,3,3,481,unstratified_random,67,77,138.84222319134904,Q5_longest_80_100pct,0.0,0.6666666666666667,0.0,3,0.0,3,80.0,2
440,A2,Sortation conveyor drive,5,80,5,4,481,unstratified_random,54,97,127.42576425394527,Q4_60_80pct,0.0,0.9333333333333333,0.0,3,0.0,3,100.0,1
440,A3,Vertical lift motor,4,55,4,4,481,unstratified_random,42,10,15.95535794283765,Q1_shortest_0_20pct,0.8723571364572988,0.8,69.78857091658391,1,87.23571364572989,1,80.0,2
440,A4,AGV/shuttle drive unit,2,15,2,2,481,unstratified_random,74,126,94.81409660307276,Q3_40_60pct,0.24148722717541793,0.4,9.659489087016718,2,24.148722717541794,2,40.0,5
440,A5,Packing-station roller motor,3,35,3,2,481,unstratified_random,85,118,162.2981284023822,Q5_longest_80_100pct,0.0,0.5333333333333333,0.0,3,0.0,3,60.0,4
441,A1,Inbound conveyor motor,4,40,3,3,482,unstratified_random,3,69,51.59437184534412,Q2_20_40pct,0.587245025237247,0.6666666666666667,39.1496683491498,1,58.724502523724695,2,80.0,2
441,A2,Sortation conveyor drive,5,80,5,4,482,unstratified_random,71,118,142.21779435736028,Q5_longest_80_100pct,0.0,0.9333333333333333,0.0,3,0.0,3,100.0,1
441,A3,Vertical lift motor,4,55,4,4,482,unstratified_random,2,98,142.91341211911944,Q5_longest_80_100pct,0.0,0.8,0.0,3,0.0,3,80.0,2
441,A4,AGV/shuttle drive unit,2,15,2,2,482,unstratified_random,100,20,23.88622641030998,Q1_shortest_0_20pct,0.8089101887175202,0.4,32.35640754870081,2,80.89101887175202,1,40.0,5
441,A5,Packing-station roller motor,3,35,3,2,482,unstratified_random,22,111,163.77680736738688,Q5_longest_80_100pct,0.0,0.5333333333333333,0.0,3,0.0,3,60.0,4
442,A1,Inbound conveyor motor,4,40,3,3,483,unstratified_random,32,48,58.21837314904572,Q2_20_40pct,0.5342530148076343,0.6666666666666667,35.61686765384229,1,53.42530148076343,1,80.0,2
442,A2,Sortation conveyor drive,5,80,5,4,483,unstratified_random,19,87,106.94874018187056,Q4_60_80pct,0.14441007854503551,0.9333333333333333,13.478273997536649,4,14.441007854503551,4,100.0,1
442,A3,Vertical lift motor,4,55,4,4,483,unstratified_random,11,97,99.08741603137932,Q4_60_80pct,0.2073006717489655,0.8,16.58405373991724,3,20.73006717489655,3,80.0,2
442,A4,AGV/shuttle drive unit,2,15,2,2,483,unstratified_random,87,116,144.3579823471946,Q5_longest_80_100pct,0.0,0.4,0.0,5,0.0,5,40.0,5
442,A5,Packing-station roller motor,3,35,3,2,483,unstratified_random,21,57,67.90605820026097,Q2_20_40pct,0.4567515343979123,0.5333333333333333,24.360081834555324,2,45.67515343979123,2,60.0,4
443,A1,Inbound conveyor motor,4,40,3,3,484,unstratified_random,77,34,40.64323409645428,Q2_20_40pct,0.6748541272283658,0.6666666666666667,44.99027514855773,3,67.48541272283659,2,80.0,2
443,A2,Sortation conveyor drive,5,80,5,4,484,unstratified_random,91,38,26.859272201960557,Q1_shortest_0_20pct,0.7851258223843156,0.9333333333333333,73.2784100892028,1,78.51258223843156,1,100.0,1
443,A3,Vertical lift motor,4,55,4,4,484,unstratified_random,93,85,42.17809886645809,Q2_20_40pct,0.6625752090683352,0.8,53.00601672546682,2,66.25752090683352,3,80.0,2
443,A4,AGV/shuttle drive unit,2,15,2,2,484,unstratified_random,6,93,105.6201183358804,Q4_60_80pct,0.15503905331295675,0.4,6.20156213251827,4,15.503905331295675,4,40.0,5
443,A5,Packing-station roller motor,3,35,3,2,484,unstratified_random,71,118,142.21779435736028,Q5_longest_80_100pct,0.0,0.5333333333333333,0.0,5,0.0,5,60.0,4
444,A1,Inbound conveyor motor,4,40,3,3,485,unstratified_random,66,14,11.46932688270492,Q1_shortest_0_20pct,0.9082453849383606,0.6666666666666667,60.549692329224044,2,90.82453849383606,1,80.0,2
444,A2,Sortation conveyor drive,5,80,5,4,485,unstratified_random,90,28,30.303009041002955,Q1_shortest_0_20pct,0.7575759276719763,0.9333333333333333,70.70708658271779,1,75.75759276719764,2,100.0,1
444,A3,Vertical lift motor,4,55,4,4,485,unstratified_random,53,26,32.51632437126566,Q1_shortest_0_20pct,0.7398694050298746,0.8,59.18955240238998,3,73.98694050298747,3,80.0,2
444,A4,AGV/shuttle drive unit,2,15,2,2,485,unstratified_random,39,142,172.98448712201755,Q5_longest_80_100pct,0.0,0.4,0.0,4,0.0,4,40.0,5
444,A5,Packing-station roller motor,3,35,3,2,485,unstratified_random,15,83,158.0175356684317,Q5_longest_80_100pct,0.0,0.5333333333333333,0.0,4,0.0,4,60.0,4
445,A1,Inbound conveyor motor,4,40,3,3,486,unstratified_random,99,117,132.87361758142774,Q4_60_80pct,0.0,0.6666666666666667,0.0,4,0.0,4,80.0,2
445,A2,Sortation conveyor drive,5,80,5,4,486,unstratified_random,6,93,105.6201183358804,Q4_60_80pct,0.15503905331295675,0.9333333333333333,14.47031164254263,3,15.503905331295675,3,100.0,1
445,A3,Vertical lift motor,4,55,4,4,486,unstratified_random,36,19,22.29101002400674,Q1_shortest_0_20pct,0.8216719198079461,0.8,65.73375358463569,1,82.16719198079461,2,80.0,2
445,A4,AGV/shuttle drive unit,2,15,2,2,486,unstratified_random,78,107,158.8500624677376,Q5_longest_80_100pct,0.0,0.4,0.0,4,0.0,4,40.0,5
445,A5,Packing-station roller motor,3,35,3,2,486,unstratified_random,35,11,10.318035788709574,Q1_shortest_0_20pct,0.9174557136903234,0.5333333333333333,48.93097139681725,2,91.74557136903235,1,60.0,4
446,A1,Inbound conveyor motor,4,40,3,3,487,unstratified_random,31,8,23.83573742078014,Q1_shortest_0_20pct,0.8093141006337589,0.6666666666666667,53.95427337558394,2,80.93141006337589,2,80.0,2
446,A2,Sortation conveyor drive,5,80,5,4,487,unstratified_random,56,15,16.158144448588526,Q1_shortest_0_20pct,0.8707348444112918,0.9333333333333333,81.26858547838724,1,87.07348444112918,1,100.0,1
446,A3,Vertical lift motor,4,55,4,4,487,unstratified_random,51,114,102.38736822787688,Q4_60_80pct,0.180901054176985,0.8,14.4720843341588,4,18.0901054176985,4,80.0,2
446,A4,AGV/shuttle drive unit,2,15,2,2,487,unstratified_random,24,20,32.316305129135706,Q1_shortest_0_20pct,0.7414695589669144,0.4,29.658782358676575,3,74.14695589669144,3,40.0,5
446,A5,Packing-station roller motor,3,35,3,2,487,unstratified_random,55,137,118.91039914419324,Q4_60_80pct,0.048716806846454075,0.5333333333333333,2.598229698477551,5,4.8716806846454075,5,60.0,4
447,A1,Inbound conveyor motor,4,40,3,3,488,unstratified_random,99,117,132.87361758142774,Q4_60_80pct,0.0,0.6666666666666667,0.0,3,0.0,3,80.0,2
447,A2,Sortation conveyor drive,5,80,5,4,488,unstratified_random,91,38,26.859272201960557,Q1_shortest_0_20pct,0.7851258223843156,0.9333333333333333,73.2784100892028,1,78.51258223843156,1,100.0,1
447,A3,Vertical lift motor,4,55,4,4,488,unstratified_random,2,98,142.91341211911944,Q5_longest_80_100pct,0.0,0.8,0.0,3,0.0,3,80.0,2
447,A4,AGV/shuttle drive unit,2,15,2,2,488,unstratified_random,54,97,127.42576425394527,Q4_60_80pct,0.0,0.4,0.0,3,0.0,3,40.0,5
447,A5,Packing-station roller motor,3,35,3,2,488,unstratified_random,19,87,106.94874018187056,Q4_60_80pct,0.14441007854503551,0.5333333333333333,7.701870855735227,2,14.441007854503551,2,60.0,4
448,A1,Inbound conveyor motor,4,40,3,3,489,unstratified_random,34,7,11.177676889867849,Q1_shortest_0_20pct,0.9105785848810573,0.6666666666666667,60.70523899207049,1,91.05785848810572,1,80.0,2
448,A2,Sortation conveyor drive,5,80,5,4,489,unstratified_random,58,37,44.85465760060767,Q2_20_40pct,0.6411627391951387,0.9333333333333333,59.84185565821295,2,64.11627391951387,4,100.0,1
448,A3,Vertical lift motor,4,55,4,4,489,unstratified_random,62,54,60.376193576182295,Q2_20_40pct,0.5169904513905417,0.8,41.359236111243334,4,51.699045139054164,5,80.0,2
448,A4,AGV/shuttle drive unit,2,15,2,2,489,unstratified_random,93,85,42.17809886645809,Q2_20_40pct,0.6625752090683352,0.4,26.50300836273341,5,66.25752090683352,3,40.0,5
448,A5,Packing-station roller motor,3,35,3,2,489,unstratified_random,82,9,13.00528536289486,Q1_shortest_0_20pct,0.8959577170968411,0.5333333333333333,47.784411578498194,3,89.59577170968412,2,60.0,4
449,A1,Inbound conveyor motor,4,40,3,3,490,unstratified_random,43,59,63.79604805149177,Q2_20_40pct,0.4896316155880658,0.6666666666666667,32.642107705871055,2,48.963161558806576,3,80.0,2
449,A2,Sortation conveyor drive,5,80,5,4,490,unstratified_random,29,90,101.07862421817065,Q4_60_80pct,0.19137100625463488,0.9333333333333333,17.861293917099257,4,19.13710062546349,4,100.0,1
449,A3,Vertical lift motor,4,55,4,4,490,unstratified_random,49,21,13.44996942007384,Q1_shortest_0_20pct,0.8924002446394093,0.8,71.39201957115274,1,89.24002446394093,1,80.0,2
449,A4,AGV/shuttle drive unit,2,15,2,2,490,unstratified_random,32,48,58.21837314904572,Q2_20_40pct,0.5342530148076343,0.4,21.370120592305373,3,53.42530148076343,2,40.0,5
449,A5,Packing-station roller motor,3,35,3,2,490,unstratified_random,19,87,106.94874018187056,Q4_60_80pct,0.14441007854503551,0.5333333333333333,7.701870855735227,5,14.441007854503551,5,60.0,4
450,A1,Inbound conveyor motor,4,40,3,3,491,unstratified_random,64,28,47.55027096178691,Q2_20_40pct,0.6195978323057048,0.6666666666666667,41.30652215371365,2,61.95978323057047,2,80.0,2
450,A2,Sortation conveyor drive,5,80,5,4,491,unstratified_random,45,114,76.03056963373365,Q3_40_60pct,0.39175544293013076,0.9333333333333333,36.56384134014554,3,39.175544293013076,3,100.0,1
450,A3,Vertical lift motor,4,55,4,4,491,unstratified_random,34,7,11.177676889867849,Q1_shortest_0_20pct,0.9105785848810573,0.8,72.84628679048458,1,91.05785848810572,1,80.0,2
450,A4,AGV/shuttle drive unit,2,15,2,2,491,unstratified_random,95,128,130.5679549560598,Q4_60_80pct,0.0,0.4,0.0,4,0.0,4,40.0,5
450,A5,Packing-station roller motor,3,35,3,2,491,unstratified_random,75,113,125.9355598567823,Q4_60_80pct,0.0,0.5333333333333333,0.0,4,0.0,4,60.0,4
451,A1,Inbound conveyor motor,4,40,3,3,492,unstratified_random,76,10,10.049433434661326,Q1_shortest_0_20pct,0.9196045325227094,0.6666666666666667,61.3069688348473,1,91.96045325227094,1,80.0,2
451,A2,Sortation conveyor drive,5,80,5,4,492,unstratified_random,95,128,130.5679549560598,Q4_60_80pct,0.0,0.9333333333333333,0.0,5,0.0,5,100.0,1
451,A3,Vertical lift motor,4,55,4,4,492,unstratified_random,58,37,44.85465760060767,Q2_20_40pct,0.6411627391951387,0.8,51.293019135611104,2,64.11627391951387,3,80.0,2
451,A4,AGV/shuttle drive unit,2,15,2,2,492,unstratified_random,43,59,63.79604805149177,Q2_20_40pct,0.4896316155880658,0.4,19.585264623522633,4,48.963161558806576,4,40.0,5
451,A5,Packing-station roller motor,3,35,3,2,492,unstratified_random,82,9,13.00528536289486,Q1_shortest_0_20pct,0.8959577170968411,0.5333333333333333,47.784411578498194,3,89.59577170968412,2,60.0,4
452,A1,Inbound conveyor motor,4,40,3,3,493,unstratified_random,84,58,54.07820667708313,Q2_20_40pct,0.567374346583335,0.6666666666666667,37.824956438889004,1,56.7374346583335,2,80.0,2
452,A2,Sortation conveyor drive,5,80,5,4,493,unstratified_random,97,82,79.22371888224494,Q3_40_60pct,0.36621024894204046,0.9333333333333333,34.179623234590444,2,36.62102489420405,3,100.0,1
452,A3,Vertical lift motor,4,55,4,4,493,unstratified_random,74,126,94.81409660307276,Q3_40_60pct,0.24148722717541793,0.8,19.318978174033436,4,24.148722717541794,4,80.0,2
452,A4,AGV/shuttle drive unit,2,15,2,2,493,unstratified_random,93,85,42.17809886645809,Q2_20_40pct,0.6625752090683352,0.4,26.50300836273341,3,66.25752090683352,1,40.0,5
452,A5,Packing-station roller motor,3,35,3,2,493,unstratified_random,75,113,125.9355598567823,Q4_60_80pct,0.0,0.5333333333333333,0.0,5,0.0,5,60.0,4
453,A1,Inbound conveyor motor,4,40,3,3,494,unstratified_random,29,90,101.07862421817065,Q4_60_80pct,0.19137100625463488,0.6666666666666667,12.758067083642327,3,19.13710062546349,4,80.0,2
453,A2,Sortation conveyor drive,5,80,5,4,494,unstratified_random,56,15,16.158144448588526,Q1_shortest_0_20pct,0.8707348444112918,0.9333333333333333,81.26858547838724,1,87.07348444112918,1,100.0,1
453,A3,Vertical lift motor,4,55,4,4,494,unstratified_random,87,116,144.3579823471946,Q5_longest_80_100pct,0.0,0.8,0.0,5,0.0,5,80.0,2
453,A4,AGV/shuttle drive unit,2,15,2,2,494,unstratified_random,98,59,85.21286900885234,Q3_40_60pct,0.31829704792918134,0.4,12.731881917167255,4,31.829704792918136,3,40.0,5
453,A5,Packing-station roller motor,3,35,3,2,494,unstratified_random,80,90,79.47558250502735,Q3_40_60pct,0.36419533995978126,0.5333333333333333,19.42375146452167,2,36.41953399597813,2,60.0,4
454,A1,Inbound conveyor motor,4,40,3,3,495,unstratified_random,3,69,51.59437184534412,Q2_20_40pct,0.587245025237247,0.6666666666666667,39.1496683491498,1,58.724502523724695,1,80.0,2
454,A2,Sortation conveyor drive,5,80,5,4,495,unstratified_random,74,126,94.81409660307276,Q3_40_60pct,0.24148722717541793,0.9333333333333333,22.538807869705675,3,24.148722717541794,3,100.0,1
454,A3,Vertical lift motor,4,55,4,4,495,unstratified_random,60,100,104.41961816061556,Q4_60_80pct,0.16464305471507557,0.8,13.171444377206047,4,16.464305471507558,4,80.0,2
454,A4,AGV/shuttle drive unit,2,15,2,2,495,unstratified_random,2,98,142.91341211911944,Q5_longest_80_100pct,0.0,0.4,0.0,5,0.0,5,40.0,5
454,A5,Packing-station roller motor,3,35,3,2,495,unstratified_random,84,58,54.07820667708313,Q2_20_40pct,0.567374346583335,0.5333333333333333,30.2599651511112,2,56.7374346583335,2,60.0,4
455,A1,Inbound conveyor motor,4,40,3,3,496,unstratified_random,39,142,172.98448712201755,Q5_longest_80_100pct,0.0,0.6666666666666667,0.0,4,0.0,4,80.0,2
455,A2,Sortation conveyor drive,5,80,5,4,496,unstratified_random,17,50,51.778940468972905,Q2_20_40pct,0.5857684762482167,0.9333333333333333,54.671724449833555,1,58.57684762482167,3,100.0,1
455,A3,Vertical lift motor,4,55,4,4,496,unstratified_random,33,106,142.7935583123275,Q5_longest_80_100pct,0.0,0.8,0.0,4,0.0,4,80.0,2
455,A4,AGV/shuttle drive unit,2,15,2,2,496,unstratified_random,68,8,14.299954503479244,Q1_shortest_0_20pct,0.885600363972166,0.4,35.42401455888665,3,88.5600363972166,1,40.0,5
455,A5,Packing-station roller motor,3,35,3,2,496,unstratified_random,90,28,30.303009041002955,Q1_shortest_0_20pct,0.7575759276719763,0.5333333333333333,40.40404947583874,2,75.75759276719764,2,60.0,4
456,A1,Inbound conveyor motor,4,40,3,3,497,unstratified_random,18,28,60.32803578156674,Q2_20_40pct,0.5173757137474662,0.6666666666666667,34.491714249831084,2,51.737571374746615,2,80.0,2
456,A2,Sortation conveyor drive,5,80,5,4,497,unstratified_random,96,137,137.09402180530702,Q5_longest_80_100pct,0.0,0.9333333333333333,0.0,5,0.0,5,100.0,1
456,A3,Vertical lift motor,4,55,4,4,497,unstratified_random,46,47,45.79841882029448,Q2_20_40pct,0.6336126494376442,0.8,50.68901195501154,1,63.36126494376442,1,80.0,2
456,A4,AGV/shuttle drive unit,2,15,2,2,497,unstratified_random,16,84,112.36753252847032,Q4_60_80pct,0.10105973977223748,0.4,4.042389590889499,4,10.105973977223748,4,40.0,5
456,A5,Packing-station roller motor,3,35,3,2,497,unstratified_random,63,72,60.45894799885493,Q2_20_40pct,0.5163284160091606,0.5333333333333333,27.537515520488565,3,51.63284160091606,3,60.0,4
457,A1,Inbound conveyor motor,4,40,3,3,498,unstratified_random,92,20,25.16213385236525,Q1_shortest_0_20pct,0.798702929181078,0.6666666666666667,53.2468619454052,3,79.8702929181078,3,80.0,2
457,A2,Sortation conveyor drive,5,80,5,4,498,unstratified_random,90,28,30.303009041002955,Q1_shortest_0_20pct,0.7575759276719763,0.9333333333333333,70.70708658271779,2,75.75759276719764,4,100.0,1
457,A3,Vertical lift motor,4,55,4,4,498,unstratified_random,76,10,10.049433434661326,Q1_shortest_0_20pct,0.9196045325227094,0.8,73.56836260181676,1,91.96045325227094,1,80.0,2
457,A4,AGV/shuttle drive unit,2,15,2,2,498,unstratified_random,49,21,13.44996942007384,Q1_shortest_0_20pct,0.8924002446394093,0.4,35.69600978557637,4,89.24002446394093,2,40.0,5
457,A5,Packing-station roller motor,3,35,3,2,498,unstratified_random,46,47,45.79841882029448,Q2_20_40pct,0.6336126494376442,0.5333333333333333,33.792674636674356,5,63.36126494376442,5,60.0,4
458,A1,Inbound conveyor motor,4,40,3,3,499,unstratified_random,100,20,23.88622641030998,Q1_shortest_0_20pct,0.8089101887175202,0.6666666666666667,53.92734591450136,2,80.89101887175202,2,80.0,2
458,A2,Sortation conveyor drive,5,80,5,4,499,unstratified_random,27,66,114.97611996076007,Q4_60_80pct,0.08019104031391944,0.9333333333333333,7.484497095965814,4,8.019104031391944,4,100.0,1
458,A3,Vertical lift motor,4,55,4,4,499,unstratified_random,76,10,10.049433434661326,Q1_shortest_0_20pct,0.9196045325227094,0.8,73.56836260181676,1,91.96045325227094,1,80.0,2
458,A4,AGV/shuttle drive unit,2,15,2,2,499,unstratified_random,50,79,131.9611497166465,Q4_60_80pct,0.0,0.4,0.0,5,0.0,5,40.0,5
458,A5,Packing-station roller motor,3,35,3,2,499,unstratified_random,92,20,25.16213385236525,Q1_shortest_0_20pct,0.798702929181078,0.5333333333333333,42.597489556324156,3,79.8702929181078,3,60.0,4
459,A1,Inbound conveyor motor,4,40,3,3,500,unstratified_random,41,18,59.85486006548725,Q2_20_40pct,0.521161119476102,0.6666666666666667,34.74407463174014,2,52.1161119476102,3,80.0,2
459,A2,Sortation conveyor drive,5,80,5,4,500,unstratified_random,37,21,54.159061654098565,Q2_20_40pct,0.5667275067672115,0.9333333333333333,52.894567298273074,1,56.67275067672115,2,100.0,1
459,A3,Vertical lift motor,4,55,4,4,500,unstratified_random,55,137,118.91039914419324,Q4_60_80pct,0.048716806846454075,0.8,3.897344547716326,4,4.8716806846454075,4,80.0,2
459,A4,AGV/shuttle drive unit,2,15,2,2,500,unstratified_random,64,28,47.55027096178691,Q2_20_40pct,0.6195978323057048,0.4,24.783913292228192,3,61.95978323057047,1,40.0,5
459,A5,Packing-station roller motor,3,35,3,2,500,unstratified_random,85,118,162.2981284023822,Q5_longest_80_100pct,0.0,0.5333333333333333,0.0,5,0.0,5,60.0,4
460,A1,Inbound conveyor motor,4,40,3,3,501,unstratified_random,64,28,47.55027096178691,Q2_20_40pct,0.6195978323057048,0.6666666666666667,41.30652215371365,1,61.95978323057047,1,80.0,2
460,A2,Sortation conveyor drive,5,80,5,4,501,unstratified_random,45,114,76.03056963373365,Q3_40_60pct,0.39175544293013076,0.9333333333333333,36.56384134014554,2,39.175544293013076,3,100.0,1
460,A3,Vertical lift motor,4,55,4,4,501,unstratified_random,97,82,79.22371888224494,Q3_40_60pct,0.36621024894204046,0.8,29.29681991536324,3,36.62102489420405,4,80.0,2
460,A4,AGV/shuttle drive unit,2,15,2,2,501,unstratified_random,87,116,144.3579823471946,Q5_longest_80_100pct,0.0,0.4,0.0,5,0.0,5,40.0,5
460,A5,Packing-station roller motor,3,35,3,2,501,unstratified_random,43,59,63.79604805149177,Q2_20_40pct,0.4896316155880658,0.5333333333333333,26.11368616469684,4,48.963161558806576,2,60.0,4
461,A1,Inbound conveyor motor,4,40,3,3,502,unstratified_random,38,50,47.55990877981797,Q2_20_40pct,0.6195207297614562,0.6666666666666667,41.301381984097084,2,61.95207297614562,3,80.0,2
461,A2,Sortation conveyor drive,5,80,5,4,502,unstratified_random,21,57,67.90605820026097,Q2_20_40pct,0.4567515343979123,0.9333333333333333,42.630143210471815,1,45.67515343979123,4,100.0,1
461,A3,Vertical lift motor,4,55,4,4,502,unstratified_random,14,107,146.91015946253862,Q5_longest_80_100pct,0.0,0.8,0.0,5,0.0,5,80.0,2
461,A4,AGV/shuttle drive unit,2,15,2,2,502,unstratified_random,34,7,11.177676889867849,Q1_shortest_0_20pct,0.9105785848810573,0.4,36.42314339524229,3,91.05785848810572,1,40.0,5
461,A5,Packing-station roller motor,3,35,3,2,502,unstratified_random,93,85,42.17809886645809,Q2_20_40pct,0.6625752090683352,0.5333333333333333,35.33734448364454,4,66.25752090683352,2,60.0,4
462,A1,Inbound conveyor motor,4,40,3,3,503,unstratified_random,27,66,114.97611996076007,Q4_60_80pct,0.08019104031391944,0.6666666666666667,5.346069354261297,2,8.019104031391944,2,80.0,2
462,A2,Sortation conveyor drive,5,80,5,4,503,unstratified_random,26,119,123.02499684692152,Q4_60_80pct,0.015800025224627756,0.9333333333333333,1.4746690209652573,3,1.5800025224627756,3,100.0,1
462,A3,Vertical lift motor,4,55,4,4,503,unstratified_random,40,28,26.358548153514647,Q1_shortest_0_20pct,0.7891316147718828,0.8,63.13052918175063,1,78.91316147718828,1,80.0,2
462,A4,AGV/shuttle drive unit,2,15,2,2,503,unstratified_random,71,118,142.21779435736028,Q5_longest_80_100pct,0.0,0.4,0.0,4,0.0,4,40.0,5
462,A5,Packing-station roller motor,3,35,3,2,503,unstratified_random,25,145,153.1932818222736,Q5_longest_80_100pct,0.0,0.5333333333333333,0.0,4,0.0,4,60.0,4
463,A1,Inbound conveyor motor,4,40,3,3,504,unstratified_random,3,69,51.59437184534412,Q2_20_40pct,0.587245025237247,0.6666666666666667,39.1496683491498,2,58.724502523724695,2,80.0,2
463,A2,Sortation conveyor drive,5,80,5,4,504,unstratified_random,2,98,142.91341211911944,Q5_longest_80_100pct,0.0,0.9333333333333333,0.0,4,0.0,4,100.0,1
463,A3,Vertical lift motor,4,55,4,4,504,unstratified_random,49,21,13.44996942007384,Q1_shortest_0_20pct,0.8924002446394093,0.8,71.39201957115274,1,89.24002446394093,1,80.0,2
463,A4,AGV/shuttle drive unit,2,15,2,2,504,unstratified_random,85,118,162.2981284023822,Q5_longest_80_100pct,0.0,0.4,0.0,4,0.0,4,40.0,5
463,A5,Packing-station roller motor,3,35,3,2,504,unstratified_random,5,91,97.4316568366386,Q3_40_60pct,0.22054674530689122,0.5333333333333333,11.7624930830342,3,22.054674530689123,3,60.0,4
464,A1,Inbound conveyor motor,4,40,3,3,505,unstratified_random,70,94,86.32146123836584,Q3_40_60pct,0.30942831009307326,0.6666666666666667,20.628554006204887,2,30.942831009307326,1,80.0,2
464,A2,Sortation conveyor drive,5,80,5,4,505,unstratified_random,75,113,125.9355598567823,Q4_60_80pct,0.0,0.9333333333333333,0.0,3,0.0,3,100.0,1
464,A3,Vertical lift motor,4,55,4,4,505,unstratified_random,30,115,88.96761601985438,Q3_40_60pct,0.28825907184116495,0.8,23.060725747293198,1,28.825907184116495,2,80.0,2
464,A4,AGV/shuttle drive unit,2,15,2,2,505,unstratified_random,83,137,136.40747067846124,Q5_longest_80_100pct,0.0,0.4,0.0,3,0.0,3,40.0,5
464,A5,Packing-station roller motor,3,35,3,2,505,unstratified_random,78,107,158.8500624677376,Q5_longest_80_100pct,0.0,0.5333333333333333,0.0,3,0.0,3,60.0,4
465,A1,Inbound conveyor motor,4,40,3,3,506,unstratified_random,30,115,88.96761601985438,Q3_40_60pct,0.28825907184116495,0.6666666666666667,19.217271456077665,2,28.825907184116495,2,80.0,2
465,A2,Sortation conveyor drive,5,80,5,4,506,unstratified_random,39,142,172.98448712201755,Q5_longest_80_100pct,0.0,0.9333333333333333,0.0,4,0.0,4,100.0,1
465,A3,Vertical lift motor,4,55,4,4,506,unstratified_random,57,103,83.29315372594353,Q3_40_60pct,0.3336547701924518,0.8,26.692381615396148,1,33.36547701924518,1,80.0,2
465,A4,AGV/shuttle drive unit,2,15,2,2,506,unstratified_random,96,137,137.09402180530702,Q5_longest_80_100pct,0.0,0.4,0.0,4,0.0,4,40.0,5
465,A5,Packing-station roller motor,3,35,3,2,506,unstratified_random,47,135,121.81629897102604,Q4_60_80pct,0.025469608231791674,0.5333333333333333,1.3583791056955559,3,2.5469608231791674,3,60.0,4
466,A1,Inbound conveyor motor,4,40,3,3,507,unstratified_random,69,121,148.86538698158105,Q5_longest_80_100pct,0.0,0.6666666666666667,0.0,5,0.0,5,80.0,2
466,A2,Sortation conveyor drive,5,80,5,4,507,unstratified_random,24,20,32.316305129135706,Q1_shortest_0_20pct,0.7414695589669144,0.9333333333333333,69.20382550357867,1,74.14695589669144,2,100.0,1
466,A3,Vertical lift motor,4,55,4,4,507,unstratified_random,27,66,114.97611996076007,Q4_60_80pct,0.08019104031391944,0.8,6.415283225113555,4,8.019104031391944,4,80.0,2
466,A4,AGV/shuttle drive unit,2,15,2,2,507,unstratified_random,100,20,23.88622641030998,Q1_shortest_0_20pct,0.8089101887175202,0.4,32.35640754870081,2,80.89101887175202,1,40.0,5
466,A5,Packing-station roller motor,3,35,3,2,507,unstratified_random,4,82,87.20565932033077,Q3_40_60pct,0.30235472543735387,0.5333333333333333,16.125585356658874,3,30.235472543735387,3,60.0,4
467,A1,Inbound conveyor motor,4,40,3,3,508,unstratified_random,83,137,136.40747067846124,Q5_longest_80_100pct,0.0,0.6666666666666667,0.0,4,0.0,4,80.0,2
467,A2,Sortation conveyor drive,5,80,5,4,508,unstratified_random,24,20,32.316305129135706,Q1_shortest_0_20pct,0.7414695589669144,0.9333333333333333,69.20382550357867,2,74.14695589669144,2,100.0,1
467,A3,Vertical lift motor,4,55,4,4,508,unstratified_random,49,21,13.44996942007384,Q1_shortest_0_20pct,0.8924002446394093,0.8,71.39201957115274,1,89.24002446394093,1,80.0,2
467,A4,AGV/shuttle drive unit,2,15,2,2,508,unstratified_random,22,111,163.77680736738688,Q5_longest_80_100pct,0.0,0.4,0.0,4,0.0,4,40.0,5
467,A5,Packing-station roller motor,3,35,3,2,508,unstratified_random,43,59,63.79604805149177,Q2_20_40pct,0.4896316155880658,0.5333333333333333,26.11368616469684,3,48.963161558806576,3,60.0,4
468,A1,Inbound conveyor motor,4,40,3,3,509,unstratified_random,78,107,158.8500624677376,Q5_longest_80_100pct,0.0,0.6666666666666667,0.0,4,0.0,4,80.0,2
468,A2,Sortation conveyor drive,5,80,5,4,509,unstratified_random,94,55,48.61299679912422,Q2_20_40pct,0.6110960256070063,0.9333333333333333,57.035629056653924,1,61.10960256070063,1,100.0,1
468,A3,Vertical lift motor,4,55,4,4,509,unstratified_random,37,21,54.159061654098565,Q2_20_40pct,0.5667275067672115,0.8,45.33820054137692,2,56.67275067672115,2,80.0,2
468,A4,AGV/shuttle drive unit,2,15,2,2,509,unstratified_random,51,114,102.38736822787688,Q4_60_80pct,0.180901054176985,0.4,7.2360421670794,3,18.0901054176985,3,40.0,5
468,A5,Packing-station roller motor,3,35,3,2,509,unstratified_random,99,117,132.87361758142774,Q4_60_80pct,0.0,0.5333333333333333,0.0,4,0.0,4,60.0,4
469,A1,Inbound conveyor motor,4,40,3,3,510,unstratified_random,45,114,76.03056963373365,Q3_40_60pct,0.39175544293013076,0.6666666666666667,26.117029528675385,3,39.175544293013076,3,80.0,2
469,A2,Sortation conveyor drive,5,80,5,4,510,unstratified_random,41,18,59.85486006548725,Q2_20_40pct,0.521161119476102,0.9333333333333333,48.64170448443619,1,52.1161119476102,2,100.0,1
469,A3,Vertical lift motor,4,55,4,4,510,unstratified_random,74,126,94.81409660307276,Q3_40_60pct,0.24148722717541793,0.8,19.318978174033436,4,24.148722717541794,4,80.0,2
469,A4,AGV/shuttle drive unit,2,15,2,2,510,unstratified_random,25,145,153.1932818222736,Q5_longest_80_100pct,0.0,0.4,0.0,5,0.0,5,40.0,5
469,A5,Packing-station roller motor,3,35,3,2,510,unstratified_random,56,15,16.158144448588526,Q1_shortest_0_20pct,0.8707348444112918,0.5333333333333333,46.43919170193556,2,87.07348444112918,1,60.0,4
470,A1,Inbound conveyor motor,4,40,3,3,511,unstratified_random,29,90,101.07862421817065,Q4_60_80pct,0.19137100625463488,0.6666666666666667,12.758067083642327,3,19.13710062546349,4,80.0,2
470,A2,Sortation conveyor drive,5,80,5,4,511,unstratified_random,73,131,128.00577343113736,Q4_60_80pct,0.0,0.9333333333333333,0.0,5,0.0,5,100.0,1
470,A3,Vertical lift motor,4,55,4,4,511,unstratified_random,45,114,76.03056963373365,Q3_40_60pct,0.39175544293013076,0.8,31.340435434410463,2,39.175544293013076,2,80.0,2
470,A4,AGV/shuttle drive unit,2,15,2,2,511,unstratified_random,79,63,95.26087986485147,Q3_40_60pct,0.2379129610811882,0.4,9.516518443247529,4,23.79129610811882,3,40.0,5
470,A5,Packing-station roller motor,3,35,3,2,511,unstratified_random,92,20,25.16213385236525,Q1_shortest_0_20pct,0.798702929181078,0.5333333333333333,42.597489556324156,1,79.8702929181078,1,60.0,4
471,A1,Inbound conveyor motor,4,40,3,3,512,unstratified_random,18,28,60.32803578156674,Q2_20_40pct,0.5173757137474662,0.6666666666666667,34.491714249831084,1,51.737571374746615,1,80.0,2
471,A2,Sortation conveyor drive,5,80,5,4,512,unstratified_random,95,128,130.5679549560598,Q4_60_80pct,0.0,0.9333333333333333,0.0,4,0.0,4,100.0,1
471,A3,Vertical lift motor,4,55,4,4,512,unstratified_random,98,59,85.21286900885234,Q3_40_60pct,0.31829704792918134,0.8,25.46376383433451,2,31.829704792918136,2,80.0,2
471,A4,AGV/shuttle drive unit,2,15,2,2,512,unstratified_random,70,94,86.32146123836584,Q3_40_60pct,0.30942831009307326,0.4,12.377132403722932,3,30.942831009307326,3,40.0,5
471,A5,Packing-station roller motor,3,35,3,2,512,unstratified_random,33,106,142.7935583123275,Q5_longest_80_100pct,0.0,0.5333333333333333,0.0,4,0.0,4,60.0,4
472,A1,Inbound conveyor motor,4,40,3,3,513,unstratified_random,46,47,45.79841882029448,Q2_20_40pct,0.6336126494376442,0.6666666666666667,42.24084329584295,2,63.36126494376442,1,80.0,2
472,A2,Sortation conveyor drive,5,80,5,4,513,unstratified_random,94,55,48.61299679912422,Q2_20_40pct,0.6110960256070063,0.9333333333333333,57.035629056653924,1,61.10960256070063,2,100.0,1
472,A3,Vertical lift motor,4,55,4,4,513,unstratified_random,27,66,114.97611996076007,Q4_60_80pct,0.08019104031391944,0.8,6.415283225113555,5,8.019104031391944,5,80.0,2
472,A4,AGV/shuttle drive unit,2,15,2,2,513,unstratified_random,37,21,54.159061654098565,Q2_20_40pct,0.5667275067672115,0.4,22.66910027068846,3,56.67275067672115,3,40.0,5
472,A5,Packing-station roller motor,3,35,3,2,513,unstratified_random,98,59,85.21286900885234,Q3_40_60pct,0.31829704792918134,0.5333333333333333,16.975842556223007,4,31.829704792918136,4,60.0,4
473,A1,Inbound conveyor motor,4,40,3,3,514,unstratified_random,80,90,79.47558250502735,Q3_40_60pct,0.36419533995978126,0.6666666666666667,24.279689330652086,3,36.41953399597813,3,80.0,2
473,A2,Sortation conveyor drive,5,80,5,4,514,unstratified_random,44,109,141.8287484510994,Q5_longest_80_100pct,0.0,0.9333333333333333,0.0,5,0.0,5,100.0,1
473,A3,Vertical lift motor,4,55,4,4,514,unstratified_random,66,14,11.46932688270492,Q1_shortest_0_20pct,0.9082453849383606,0.8,72.65963079506885,1,90.82453849383606,2,80.0,2
473,A4,AGV/shuttle drive unit,2,15,2,2,514,unstratified_random,35,11,10.318035788709574,Q1_shortest_0_20pct,0.9174557136903234,0.4,36.69822854761294,2,91.74557136903235,1,40.0,5
473,A5,Packing-station roller motor,3,35,3,2,514,unstratified_random,86,89,88.09422089781806,Q3_40_60pct,0.29524623281745555,0.5333333333333333,15.746465750264296,4,29.524623281745555,4,60.0,4
474,A1,Inbound conveyor motor,4,40,3,3,515,unstratified_random,64,28,47.55027096178691,Q2_20_40pct,0.6195978323057048,0.6666666666666667,41.30652215371365,1,61.95978323057047,1,80.0,2
474,A2,Sortation conveyor drive,5,80,5,4,515,unstratified_random,14,107,146.91015946253862,Q5_longest_80_100pct,0.0,0.9333333333333333,0.0,4,0.0,4,100.0,1
474,A3,Vertical lift motor,4,55,4,4,515,unstratified_random,96,137,137.09402180530702,Q5_longest_80_100pct,0.0,0.8,0.0,4,0.0,4,80.0,2
474,A4,AGV/shuttle drive unit,2,15,2,2,515,unstratified_random,10,96,99.04426828245136,Q3_40_60pct,0.20764585374038913,0.4,8.305834149615565,3,20.764585374038912,3,40.0,5
474,A5,Packing-station roller motor,3,35,3,2,515,unstratified_random,72,50,70.20451782538055,Q3_40_60pct,0.4383638573969556,0.5333333333333333,23.379405727837632,2,43.83638573969556,2,60.0,4
475,A1,Inbound conveyor motor,4,40,3,3,516,unstratified_random,10,96,99.04426828245136,Q3_40_60pct,0.20764585374038913,0.6666666666666667,13.843056916025944,3,20.764585374038912,3,80.0,2
475,A2,Sortation conveyor drive,5,80,5,4,516,unstratified_random,65,128,151.46723766284128,Q5_longest_80_100pct,0.0,0.9333333333333333,0.0,4,0.0,4,100.0,1
475,A3,Vertical lift motor,4,55,4,4,516,unstratified_random,8,95,75.96907893735971,Q3_40_60pct,0.3922473685011223,0.8,31.379789480089784,1,39.22473685011223,2,80.0,2
475,A4,AGV/shuttle drive unit,2,15,2,2,516,unstratified_random,71,118,142.21779435736028,Q5_longest_80_100pct,0.0,0.4,0.0,4,0.0,4,40.0,5
475,A5,Packing-station roller motor,3,35,3,2,516,unstratified_random,21,57,67.90605820026097,Q2_20_40pct,0.4567515343979123,0.5333333333333333,24.360081834555324,2,45.67515343979123,1,60.0,4
476,A1,Inbound conveyor motor,4,40,3,3,517,unstratified_random,39,142,172.98448712201755,Q5_longest_80_100pct,0.0,0.6666666666666667,0.0,4,0.0,4,80.0,2
476,A2,Sortation conveyor drive,5,80,5,4,517,unstratified_random,43,59,63.79604805149177,Q2_20_40pct,0.4896316155880658,0.9333333333333333,45.69895078821947,2,48.963161558806576,2,100.0,1
476,A3,Vertical lift motor,4,55,4,4,517,unstratified_random,57,103,83.29315372594353,Q3_40_60pct,0.3336547701924518,0.8,26.692381615396148,3,33.36547701924518,3,80.0,2
476,A4,AGV/shuttle drive unit,2,15,2,2,517,unstratified_random,69,121,148.86538698158105,Q5_longest_80_100pct,0.0,0.4,0.0,4,0.0,4,40.0,5
476,A5,Packing-station roller motor,3,35,3,2,517,unstratified_random,76,10,10.049433434661326,Q1_shortest_0_20pct,0.9196045325227094,0.5333333333333333,49.045575067877834,1,91.96045325227094,1,60.0,4
477,A1,Inbound conveyor motor,4,40,3,3,518,unstratified_random,26,119,123.02499684692152,Q4_60_80pct,0.015800025224627756,0.6666666666666667,1.053335014975184,5,1.5800025224627756,5,80.0,2
477,A2,Sortation conveyor drive,5,80,5,4,518,unstratified_random,92,20,25.16213385236525,Q1_shortest_0_20pct,0.798702929181078,0.9333333333333333,74.54560672356727,1,79.8702929181078,1,100.0,1
477,A3,Vertical lift motor,4,55,4,4,518,unstratified_random,17,50,51.778940468972905,Q2_20_40pct,0.5857684762482167,0.8,46.86147809985734,2,58.57684762482167,3,80.0,2
477,A4,AGV/shuttle drive unit,2,15,2,2,518,unstratified_random,21,57,67.90605820026097,Q2_20_40pct,0.4567515343979123,0.4,18.270061375916494,4,45.67515343979123,4,40.0,5
477,A5,Packing-station roller motor,3,35,3,2,518,unstratified_random,64,28,47.55027096178691,Q2_20_40pct,0.6195978323057048,0.5333333333333333,33.04521772297092,3,61.95978323057047,2,60.0,4
478,A1,Inbound conveyor motor,4,40,3,3,519,unstratified_random,2,98,142.91341211911944,Q5_longest_80_100pct,0.0,0.6666666666666667,0.0,5,0.0,5,80.0,2
478,A2,Sortation conveyor drive,5,80,5,4,519,unstratified_random,66,14,11.46932688270492,Q1_shortest_0_20pct,0.9082453849383606,0.9333333333333333,84.76956926091366,1,90.82453849383606,1,100.0,1
478,A3,Vertical lift motor,4,55,4,4,519,unstratified_random,16,84,112.36753252847032,Q4_60_80pct,0.10105973977223748,0.8,8.084779181778998,4,10.105973977223748,4,80.0,2
478,A4,AGV/shuttle drive unit,2,15,2,2,519,unstratified_random,40,28,26.358548153514647,Q1_shortest_0_20pct,0.7891316147718828,0.4,31.565264590875316,3,78.91316147718828,3,40.0,5
478,A5,Packing-station roller motor,3,35,3,2,519,unstratified_random,31,8,23.83573742078014,Q1_shortest_0_20pct,0.8093141006337589,0.5333333333333333,43.16341870046714,2,80.93141006337589,2,60.0,4
479,A1,Inbound conveyor motor,4,40,3,3,520,unstratified_random,27,66,114.97611996076007,Q4_60_80pct,0.08019104031391944,0.6666666666666667,5.346069354261297,5,8.019104031391944,5,80.0,2
479,A2,Sortation conveyor drive,5,80,5,4,520,unstratified_random,68,8,14.299954503479244,Q1_shortest_0_20pct,0.885600363972166,0.9333333333333333,82.6560339707355,1,88.5600363972166,1,100.0,1
479,A3,Vertical lift motor,4,55,4,4,520,unstratified_random,40,28,26.358548153514647,Q1_shortest_0_20pct,0.7891316147718828,0.8,63.13052918175063,2,78.91316147718828,2,80.0,2
479,A4,AGV/shuttle drive unit,2,15,2,2,520,unstratified_random,74,126,94.81409660307276,Q3_40_60pct,0.24148722717541793,0.4,9.659489087016718,4,24.148722717541794,4,40.0,5
479,A5,Packing-station roller motor,3,35,3,2,520,unstratified_random,28,97,94.6987062048556,Q3_40_60pct,0.2424103503611552,0.5333333333333333,12.92855201926161,3,24.24103503611552,3,60.0,4
480,A1,Inbound conveyor motor,4,40,3,3,521,unstratified_random,26,119,123.02499684692152,Q4_60_80pct,0.015800025224627756,0.6666666666666667,1.053335014975184,3,1.5800025224627756,3,80.0,2
480,A2,Sortation conveyor drive,5,80,5,4,521,unstratified_random,77,34,40.64323409645428,Q2_20_40pct,0.6748541272283658,0.9333333333333333,62.98638520798082,1,67.48541272283659,1,100.0,1
480,A3,Vertical lift motor,4,55,4,4,521,unstratified_random,15,83,158.0175356684317,Q5_longest_80_100pct,0.0,0.8,0.0,4,0.0,4,80.0,2
480,A4,AGV/shuttle drive unit,2,15,2,2,521,unstratified_random,44,109,141.8287484510994,Q5_longest_80_100pct,0.0,0.4,0.0,4,0.0,4,40.0,5
480,A5,Packing-station roller motor,3,35,3,2,521,unstratified_random,80,90,79.47558250502735,Q3_40_60pct,0.36419533995978126,0.5333333333333333,19.42375146452167,2,36.41953399597813,2,60.0,4
481,A1,Inbound conveyor motor,4,40,3,3,522,unstratified_random,2,98,142.91341211911944,Q5_longest_80_100pct,0.0,0.6666666666666667,0.0,4,0.0,4,80.0,2
481,A2,Sortation conveyor drive,5,80,5,4,522,unstratified_random,37,21,54.159061654098565,Q2_20_40pct,0.5667275067672115,0.9333333333333333,52.894567298273074,1,56.67275067672115,1,100.0,1
481,A3,Vertical lift motor,4,55,4,4,522,unstratified_random,65,128,151.46723766284128,Q5_longest_80_100pct,0.0,0.8,0.0,4,0.0,4,80.0,2
481,A4,AGV/shuttle drive unit,2,15,2,2,522,unstratified_random,41,18,59.85486006548725,Q2_20_40pct,0.521161119476102,0.4,20.84644477904408,2,52.1161119476102,2,40.0,5
481,A5,Packing-station roller motor,3,35,3,2,522,unstratified_random,4,82,87.20565932033077,Q3_40_60pct,0.30235472543735387,0.5333333333333333,16.125585356658874,3,30.235472543735387,3,60.0,4
482,A1,Inbound conveyor motor,4,40,3,3,523,unstratified_random,69,121,148.86538698158105,Q5_longest_80_100pct,0.0,0.6666666666666667,0.0,3,0.0,3,80.0,2
482,A2,Sortation conveyor drive,5,80,5,4,523,unstratified_random,27,66,114.97611996076007,Q4_60_80pct,0.08019104031391944,0.9333333333333333,7.484497095965814,2,8.019104031391944,2,100.0,1
482,A3,Vertical lift motor,4,55,4,4,523,unstratified_random,99,117,132.87361758142774,Q4_60_80pct,0.0,0.8,0.0,3,0.0,3,80.0,2
482,A4,AGV/shuttle drive unit,2,15,2,2,523,unstratified_random,10,96,99.04426828245136,Q3_40_60pct,0.20764585374038913,0.4,8.305834149615565,1,20.764585374038912,1,40.0,5
482,A5,Packing-station roller motor,3,35,3,2,523,unstratified_random,1,112,181.7937722618632,Q5_longest_80_100pct,0.0,0.5333333333333333,0.0,3,0.0,3,60.0,4
483,A1,Inbound conveyor motor,4,40,3,3,524,unstratified_random,18,28,60.32803578156674,Q2_20_40pct,0.5173757137474662,0.6666666666666667,34.491714249831084,1,51.737571374746615,1,80.0,2
483,A2,Sortation conveyor drive,5,80,5,4,524,unstratified_random,51,114,102.38736822787688,Q4_60_80pct,0.180901054176985,0.9333333333333333,16.884098389851932,2,18.0901054176985,4,100.0,1
483,A3,Vertical lift motor,4,55,4,4,524,unstratified_random,9,111,137.60480848618022,Q5_longest_80_100pct,0.0,0.8,0.0,5,0.0,5,80.0,2
483,A4,AGV/shuttle drive unit,2,15,2,2,524,unstratified_random,74,126,94.81409660307276,Q3_40_60pct,0.24148722717541793,0.4,9.659489087016718,4,24.148722717541794,2,40.0,5
483,A5,Packing-station roller motor,3,35,3,2,524,unstratified_random,10,96,99.04426828245136,Q3_40_60pct,0.20764585374038913,0.5333333333333333,11.074445532820754,3,20.764585374038912,3,60.0,4
484,A1,Inbound conveyor motor,4,40,3,3,525,unstratified_random,4,82,87.20565932033077,Q3_40_60pct,0.30235472543735387,0.6666666666666667,20.156981695823593,3,30.235472543735387,3,80.0,2
484,A2,Sortation conveyor drive,5,80,5,4,525,unstratified_random,72,50,70.20451782538055,Q3_40_60pct,0.4383638573969556,0.9333333333333333,40.91396002371585,2,43.83638573969556,2,100.0,1
484,A3,Vertical lift motor,4,55,4,4,525,unstratified_random,39,142,172.98448712201755,Q5_longest_80_100pct,0.0,0.8,0.0,4,0.0,4,80.0,2
484,A4,AGV/shuttle drive unit,2,15,2,2,525,unstratified_random,73,131,128.00577343113736,Q4_60_80pct,0.0,0.4,0.0,4,0.0,4,40.0,5
484,A5,Packing-station roller motor,3,35,3,2,525,unstratified_random,68,8,14.299954503479244,Q1_shortest_0_20pct,0.885600363972166,0.5333333333333333,47.23201941184885,1,88.5600363972166,1,60.0,4
485,A1,Inbound conveyor motor,4,40,3,3,526,unstratified_random,4,82,87.20565932033077,Q3_40_60pct,0.30235472543735387,0.6666666666666667,20.156981695823593,3,30.235472543735387,2,80.0,2
485,A2,Sortation conveyor drive,5,80,5,4,526,unstratified_random,5,91,97.4316568366386,Q3_40_60pct,0.22054674530689122,0.9333333333333333,20.584362895309848,2,22.054674530689123,3,100.0,1
485,A3,Vertical lift motor,4,55,4,4,526,unstratified_random,25,145,153.1932818222736,Q5_longest_80_100pct,0.0,0.8,0.0,4,0.0,4,80.0,2
485,A4,AGV/shuttle drive unit,2,15,2,2,526,unstratified_random,33,106,142.7935583123275,Q5_longest_80_100pct,0.0,0.4,0.0,4,0.0,4,40.0,5
485,A5,Packing-station roller motor,3,35,3,2,526,unstratified_random,53,26,32.51632437126566,Q1_shortest_0_20pct,0.7398694050298746,0.5333333333333333,39.459701601593316,1,73.98694050298747,1,60.0,4
486,A1,Inbound conveyor motor,4,40,3,3,527,unstratified_random,40,28,26.358548153514647,Q1_shortest_0_20pct,0.7891316147718828,0.6666666666666667,52.608774318125526,2,78.91316147718828,1,80.0,2
486,A2,Sortation conveyor drive,5,80,5,4,527,unstratified_random,88,115,132.4717899153425,Q4_60_80pct,0.0,0.9333333333333333,0.0,4,0.0,4,100.0,1
486,A3,Vertical lift motor,4,55,4,4,527,unstratified_random,91,38,26.859272201960557,Q1_shortest_0_20pct,0.7851258223843156,0.8,62.810065790745256,1,78.51258223843156,2,80.0,2
486,A4,AGV/shuttle drive unit,2,15,2,2,527,unstratified_random,47,135,121.81629897102604,Q4_60_80pct,0.025469608231791674,0.4,1.018784329271667,3,2.5469608231791674,3,40.0,5
486,A5,Packing-station roller motor,3,35,3,2,527,unstratified_random,50,79,131.9611497166465,Q4_60_80pct,0.0,0.5333333333333333,0.0,4,0.0,4,60.0,4
487,A1,Inbound conveyor motor,4,40,3,3,528,unstratified_random,86,89,88.09422089781806,Q3_40_60pct,0.29524623281745555,0.6666666666666667,19.683082187830372,2,29.524623281745555,2,80.0,2
487,A2,Sortation conveyor drive,5,80,5,4,528,unstratified_random,27,66,114.97611996076007,Q4_60_80pct,0.08019104031391944,0.9333333333333333,7.484497095965814,4,8.019104031391944,4,100.0,1
487,A3,Vertical lift motor,4,55,4,4,528,unstratified_random,2,98,142.91341211911944,Q5_longest_80_100pct,0.0,0.8,0.0,5,0.0,5,80.0,2
487,A4,AGV/shuttle drive unit,2,15,2,2,528,unstratified_random,30,115,88.96761601985438,Q3_40_60pct,0.28825907184116495,0.4,11.530362873646599,3,28.825907184116495,3,40.0,5
487,A5,Packing-station roller motor,3,35,3,2,528,unstratified_random,34,7,11.177676889867849,Q1_shortest_0_20pct,0.9105785848810573,0.5333333333333333,48.564191193656384,1,91.05785848810572,1,60.0,4
488,A1,Inbound conveyor motor,4,40,3,3,529,unstratified_random,50,79,131.9611497166465,Q4_60_80pct,0.0,0.6666666666666667,0.0,4,0.0,4,80.0,2
488,A2,Sortation conveyor drive,5,80,5,4,529,unstratified_random,12,124,90.15767382323185,Q3_40_60pct,0.2787386094141452,0.9333333333333333,26.015603545320218,2,27.87386094141452,2,100.0,1
488,A3,Vertical lift motor,4,55,4,4,529,unstratified_random,37,21,54.159061654098565,Q2_20_40pct,0.5667275067672115,0.8,45.33820054137692,1,56.67275067672115,1,80.0,2
488,A4,AGV/shuttle drive unit,2,15,2,2,529,unstratified_random,19,87,106.94874018187056,Q4_60_80pct,0.14441007854503551,0.4,5.776403141801421,3,14.441007854503551,3,40.0,5
488,A5,Packing-station roller motor,3,35,3,2,529,unstratified_random,14,107,146.91015946253862,Q5_longest_80_100pct,0.0,0.5333333333333333,0.0,4,0.0,4,60.0,4
489,A1,Inbound conveyor motor,4,40,3,3,530,unstratified_random,72,50,70.20451782538055,Q3_40_60pct,0.4383638573969556,0.6666666666666667,29.22425715979704,3,43.83638573969556,3,80.0,2
489,A2,Sortation conveyor drive,5,80,5,4,530,unstratified_random,14,107,146.91015946253862,Q5_longest_80_100pct,0.0,0.9333333333333333,0.0,5,0.0,5,100.0,1
489,A3,Vertical lift motor,4,55,4,4,530,unstratified_random,61,21,41.30030317056766,Q2_20_40pct,0.6695975746354588,0.8,53.56780597083671,1,66.95975746354588,2,80.0,2
489,A4,AGV/shuttle drive unit,2,15,2,2,530,unstratified_random,29,90,101.07862421817065,Q4_60_80pct,0.19137100625463488,0.4,7.654840250185396,4,19.13710062546349,4,40.0,5
489,A5,Packing-station roller motor,3,35,3,2,530,unstratified_random,92,20,25.16213385236525,Q1_shortest_0_20pct,0.798702929181078,0.5333333333333333,42.597489556324156,2,79.8702929181078,1,60.0,4
490,A1,Inbound conveyor motor,4,40,3,3,531,unstratified_random,93,85,42.17809886645809,Q2_20_40pct,0.6625752090683352,0.6666666666666667,44.17168060455568,3,66.25752090683352,4,80.0,2
490,A2,Sortation conveyor drive,5,80,5,4,531,unstratified_random,82,9,13.00528536289486,Q1_shortest_0_20pct,0.8959577170968411,0.9333333333333333,83.62272026237184,1,89.59577170968412,1,100.0,1
490,A3,Vertical lift motor,4,55,4,4,531,unstratified_random,100,20,23.88622641030998,Q1_shortest_0_20pct,0.8089101887175202,0.8,64.71281509740162,2,80.89101887175202,2,80.0,2
490,A4,AGV/shuttle drive unit,2,15,2,2,531,unstratified_random,51,114,102.38736822787688,Q4_60_80pct,0.180901054176985,0.4,7.2360421670794,5,18.0901054176985,5,40.0,5
490,A5,Packing-station roller motor,3,35,3,2,531,unstratified_random,24,20,32.316305129135706,Q1_shortest_0_20pct,0.7414695589669144,0.5333333333333333,39.5450431449021,4,74.14695589669144,3,60.0,4
491,A1,Inbound conveyor motor,4,40,3,3,532,unstratified_random,43,59,63.79604805149177,Q2_20_40pct,0.4896316155880658,0.6666666666666667,32.642107705871055,3,48.963161558806576,3,80.0,2
491,A2,Sortation conveyor drive,5,80,5,4,532,unstratified_random,17,50,51.778940468972905,Q2_20_40pct,0.5857684762482167,0.9333333333333333,54.671724449833555,1,58.57684762482167,2,100.0,1
491,A3,Vertical lift motor,4,55,4,4,532,unstratified_random,9,111,137.60480848618022,Q5_longest_80_100pct,0.0,0.8,0.0,4,0.0,4,80.0,2
491,A4,AGV/shuttle drive unit,2,15,2,2,532,unstratified_random,71,118,142.21779435736028,Q5_longest_80_100pct,0.0,0.4,0.0,4,0.0,4,40.0,5
491,A5,Packing-station roller motor,3,35,3,2,532,unstratified_random,77,34,40.64323409645428,Q2_20_40pct,0.6748541272283658,0.5333333333333333,35.99222011884618,2,67.48541272283659,1,60.0,4
492,A1,Inbound conveyor motor,4,40,3,3,533,unstratified_random,81,8,12.767256508974471,Q1_shortest_0_20pct,0.8978619479282042,0.6666666666666667,59.857463195213626,1,89.78619479282042,1,80.0,2
492,A2,Sortation conveyor drive,5,80,5,4,533,unstratified_random,55,137,118.91039914419324,Q4_60_80pct,0.048716806846454075,0.9333333333333333,4.546901972335713,5,4.8716806846454075,5,100.0,1
492,A3,Vertical lift motor,4,55,4,4,533,unstratified_random,63,72,60.45894799885493,Q2_20_40pct,0.5163284160091606,0.8,41.30627328073285,2,51.63284160091606,4,80.0,2
492,A4,AGV/shuttle drive unit,2,15,2,2,533,unstratified_random,58,37,44.85465760060767,Q2_20_40pct,0.6411627391951387,0.4,25.646509567805552,4,64.11627391951387,3,40.0,5
492,A5,Packing-station roller motor,3,35,3,2,533,unstratified_random,24,20,32.316305129135706,Q1_shortest_0_20pct,0.7414695589669144,0.5333333333333333,39.5450431449021,3,74.14695589669144,2,60.0,4
493,A1,Inbound conveyor motor,4,40,3,3,534,unstratified_random,85,118,162.2981284023822,Q5_longest_80_100pct,0.0,0.6666666666666667,0.0,3,0.0,3,80.0,2
493,A2,Sortation conveyor drive,5,80,5,4,534,unstratified_random,90,28,30.303009041002955,Q1_shortest_0_20pct,0.7575759276719763,0.9333333333333333,70.70708658271779,1,75.75759276719764,1,100.0,1
493,A3,Vertical lift motor,4,55,4,4,534,unstratified_random,3,69,51.59437184534412,Q2_20_40pct,0.587245025237247,0.8,46.97960201897976,2,58.724502523724695,2,80.0,2
493,A4,AGV/shuttle drive unit,2,15,2,2,534,unstratified_random,48,92,128.30022813454278,Q4_60_80pct,0.0,0.4,0.0,3,0.0,3,40.0,5
493,A5,Packing-station roller motor,3,35,3,2,534,unstratified_random,69,121,148.86538698158105,Q5_longest_80_100pct,0.0,0.5333333333333333,0.0,3,0.0,3,60.0,4
494,A1,Inbound conveyor motor,4,40,3,3,535,unstratified_random,26,119,123.02499684692152,Q4_60_80pct,0.015800025224627756,0.6666666666666667,1.053335014975184,4,1.5800025224627756,4,80.0,2
494,A2,Sortation conveyor drive,5,80,5,4,535,unstratified_random,24,20,32.316305129135706,Q1_shortest_0_20pct,0.7414695589669144,0.9333333333333333,69.20382550357867,1,74.14695589669144,2,100.0,1
494,A3,Vertical lift motor,4,55,4,4,535,unstratified_random,20,16,23.928748965669588,Q1_shortest_0_20pct,0.8085700082746433,0.8,64.68560066197146,2,80.85700082746433,1,80.0,2
494,A4,AGV/shuttle drive unit,2,15,2,2,535,unstratified_random,16,84,112.36753252847032,Q4_60_80pct,0.10105973977223748,0.4,4.042389590889499,3,10.105973977223748,3,40.0,5
494,A5,Packing-station roller motor,3,35,3,2,535,unstratified_random,96,137,137.09402180530702,Q5_longest_80_100pct,0.0,0.5333333333333333,0.0,5,0.0,5,60.0,4
495,A1,Inbound conveyor motor,4,40,3,3,536,unstratified_random,20,16,23.928748965669588,Q1_shortest_0_20pct,0.8085700082746433,0.6666666666666667,53.90466721830956,1,80.85700082746433,2,80.0,2
495,A2,Sortation conveyor drive,5,80,5,4,536,unstratified_random,10,96,99.04426828245136,Q3_40_60pct,0.20764585374038913,0.9333333333333333,19.380279682436317,4,20.764585374038912,4,100.0,1
495,A3,Vertical lift motor,4,55,4,4,536,unstratified_random,48,92,128.30022813454278,Q4_60_80pct,0.0,0.8,0.0,5,0.0,5,80.0,2
495,A4,AGV/shuttle drive unit,2,15,2,2,536,unstratified_random,100,20,23.88622641030998,Q1_shortest_0_20pct,0.8089101887175202,0.4,32.35640754870081,2,80.89101887175202,1,40.0,5
495,A5,Packing-station roller motor,3,35,3,2,536,unstratified_random,84,58,54.07820667708313,Q2_20_40pct,0.567374346583335,0.5333333333333333,30.2599651511112,3,56.7374346583335,3,60.0,4
496,A1,Inbound conveyor motor,4,40,3,3,537,unstratified_random,83,137,136.40747067846124,Q5_longest_80_100pct,0.0,0.6666666666666667,0.0,5,0.0,5,80.0,2
496,A2,Sortation conveyor drive,5,80,5,4,537,unstratified_random,26,119,123.02499684692152,Q4_60_80pct,0.015800025224627756,0.9333333333333333,1.4746690209652573,4,1.5800025224627756,4,100.0,1
496,A3,Vertical lift motor,4,55,4,4,537,unstratified_random,32,48,58.21837314904572,Q2_20_40pct,0.5342530148076343,0.8,42.740241184610746,2,53.42530148076343,2,80.0,2
496,A4,AGV/shuttle drive unit,2,15,2,2,537,unstratified_random,86,89,88.09422089781806,Q3_40_60pct,0.29524623281745555,0.4,11.809849312698223,3,29.524623281745555,3,40.0,5
496,A5,Packing-station roller motor,3,35,3,2,537,unstratified_random,35,11,10.318035788709574,Q1_shortest_0_20pct,0.9174557136903234,0.5333333333333333,48.93097139681725,1,91.74557136903235,1,60.0,4
497,A1,Inbound conveyor motor,4,40,3,3,538,unstratified_random,17,50,51.778940468972905,Q2_20_40pct,0.5857684762482167,0.6666666666666667,39.05123174988112,1,58.57684762482167,1,80.0,2
497,A2,Sortation conveyor drive,5,80,5,4,538,unstratified_random,95,128,130.5679549560598,Q4_60_80pct,0.0,0.9333333333333333,0.0,5,0.0,5,100.0,1
497,A3,Vertical lift motor,4,55,4,4,538,unstratified_random,13,95,93.13834255441226,Q3_40_60pct,0.2548932595647019,0.8,20.391460765176152,3,25.48932595647019,3,80.0,2
497,A4,AGV/shuttle drive unit,2,15,2,2,538,unstratified_random,51,114,102.38736822787688,Q4_60_80pct,0.180901054176985,0.4,7.2360421670794,4,18.0901054176985,4,40.0,5
497,A5,Packing-station roller motor,3,35,3,2,538,unstratified_random,43,59,63.79604805149177,Q2_20_40pct,0.4896316155880658,0.5333333333333333,26.11368616469684,2,48.963161558806576,2,60.0,4
498,A1,Inbound conveyor motor,4,40,3,3,539,unstratified_random,2,98,142.91341211911944,Q5_longest_80_100pct,0.0,0.6666666666666667,0.0,3,0.0,3,80.0,2
498,A2,Sortation conveyor drive,5,80,5,4,539,unstratified_random,68,8,14.299954503479244,Q1_shortest_0_20pct,0.885600363972166,0.9333333333333333,82.6560339707355,1,88.5600363972166,1,100.0,1
498,A3,Vertical lift motor,4,55,4,4,539,unstratified_random,72,50,70.20451782538055,Q3_40_60pct,0.4383638573969556,0.8,35.06910859175645,2,43.83638573969556,2,80.0,2
498,A4,AGV/shuttle drive unit,2,15,2,2,539,unstratified_random,25,145,153.1932818222736,Q5_longest_80_100pct,0.0,0.4,0.0,3,0.0,3,40.0,5
498,A5,Packing-station roller motor,3,35,3,2,539,unstratified_random,44,109,141.8287484510994,Q5_longest_80_100pct,0.0,0.5333333333333333,0.0,3,0.0,3,60.0,4
499,A1,Inbound conveyor motor,4,40,3,3,540,unstratified_random,31,8,23.83573742078014,Q1_shortest_0_20pct,0.8093141006337589,0.6666666666666667,53.95427337558394,1,80.93141006337589,1,80.0,2
499,A2,Sortation conveyor drive,5,80,5,4,540,unstratified_random,26,119,123.02499684692152,Q4_60_80pct,0.015800025224627756,0.9333333333333333,1.4746690209652573,3,1.5800025224627756,3,100.0,1
499,A3,Vertical lift motor,4,55,4,4,540,unstratified_random,22,111,163.77680736738688,Q5_longest_80_100pct,0.0,0.8,0.0,4,0.0,4,80.0,2
499,A4,AGV/shuttle drive unit,2,15,2,2,540,unstratified_random,25,145,153.1932818222736,Q5_longest_80_100pct,0.0,0.4,0.0,4,0.0,4,40.0,5
499,A5,Packing-station roller motor,3,35,3,2,540,unstratified_random,32,48,58.21837314904572,Q2_20_40pct,0.5342530148076343,0.5333333333333333,28.49349412307383,2,53.42530148076343,2,60.0,4
500,A1,Inbound conveyor motor,4,40,3,3,541,unstratified_random,33,106,142.7935583123275,Q5_longest_80_100pct,0.0,0.6666666666666667,0.0,4,0.0,4,80.0,2
500,A2,Sortation conveyor drive,5,80,5,4,541,unstratified_random,39,142,172.98448712201755,Q5_longest_80_100pct,0.0,0.9333333333333333,0.0,4,0.0,4,100.0,1
500,A3,Vertical lift motor,4,55,4,4,541,unstratified_random,6,93,105.6201183358804,Q4_60_80pct,0.15503905331295675,0.8,12.40312426503654,2,15.503905331295675,3,80.0,2
500,A4,AGV/shuttle drive unit,2,15,2,2,541,unstratified_random,7,91,94.3787722014587,Q3_40_60pct,0.24496982238833043,0.4,9.798792895533218,3,24.49698223883304,2,40.0,5
500,A5,Packing-station roller motor,3,35,3,2,541,unstratified_random,72,50,70.20451782538055,Q3_40_60pct,0.4383638573969556,0.5333333333333333,23.379405727837632,1,43.83638573969556,1,60.0,4
501,A1,Inbound conveyor motor,4,40,3,3,542,unstratified_random,75,113,125.9355598567823,Q4_60_80pct,0.0,0.6666666666666667,0.0,4,0.0,4,80.0,2
501,A2,Sortation conveyor drive,5,80,5,4,542,unstratified_random,89,136,96.67220915776228,Q3_40_60pct,0.22662232673790172,0.9333333333333333,21.15141716220416,3,22.66223267379017,3,100.0,1
501,A3,Vertical lift motor,4,55,4,4,542,unstratified_random,41,18,59.85486006548725,Q2_20_40pct,0.521161119476102,0.8,41.69288955808816,1,52.1161119476102,2,80.0,2
501,A4,AGV/shuttle drive unit,2,15,2,2,542,unstratified_random,96,137,137.09402180530702,Q5_longest_80_100pct,0.0,0.4,0.0,4,0.0,4,40.0,5
501,A5,Packing-station roller motor,3,35,3,2,542,unstratified_random,93,85,42.17809886645809,Q2_20_40pct,0.6625752090683352,0.5333333333333333,35.33734448364454,2,66.25752090683352,1,60.0,4
502,A1,Inbound conveyor motor,4,40,3,3,543,unstratified_random,66,14,11.46932688270492,Q1_shortest_0_20pct,0.9082453849383606,0.6666666666666667,60.549692329224044,2,90.82453849383606,1,80.0,2
502,A2,Sortation conveyor drive,5,80,5,4,543,unstratified_random,77,34,40.64323409645428,Q2_20_40pct,0.6748541272283658,0.9333333333333333,62.98638520798082,1,67.48541272283659,2,100.0,1
502,A3,Vertical lift motor,4,55,4,4,543,unstratified_random,46,47,45.79841882029448,Q2_20_40pct,0.6336126494376442,0.8,50.68901195501154,3,63.36126494376442,3,80.0,2
502,A4,AGV/shuttle drive unit,2,15,2,2,543,unstratified_random,71,118,142.21779435736028,Q5_longest_80_100pct,0.0,0.4,0.0,5,0.0,5,40.0,5
502,A5,Packing-station roller motor,3,35,3,2,543,unstratified_random,18,28,60.32803578156674,Q2_20_40pct,0.5173757137474662,0.5333333333333333,27.59337139986486,4,51.737571374746615,4,60.0,4
503,A1,Inbound conveyor motor,4,40,3,3,544,unstratified_random,88,115,132.4717899153425,Q4_60_80pct,0.0,0.6666666666666667,0.0,4,0.0,4,80.0,2
503,A2,Sortation conveyor drive,5,80,5,4,544,unstratified_random,20,16,23.928748965669588,Q1_shortest_0_20pct,0.8085700082746433,0.9333333333333333,75.46653410563337,1,80.85700082746433,1,100.0,1
503,A3,Vertical lift motor,4,55,4,4,544,unstratified_random,13,95,93.13834255441226,Q3_40_60pct,0.2548932595647019,0.8,20.391460765176152,3,25.48932595647019,3,80.0,2
503,A4,AGV/shuttle drive unit,2,15,2,2,544,unstratified_random,69,121,148.86538698158105,Q5_longest_80_100pct,0.0,0.4,0.0,4,0.0,4,40.0,5
503,A5,Packing-station roller motor,3,35,3,2,544,unstratified_random,32,48,58.21837314904572,Q2_20_40pct,0.5342530148076343,0.5333333333333333,28.49349412307383,2,53.42530148076343,2,60.0,4
504,A1,Inbound conveyor motor,4,40,3,3,545,unstratified_random,34,7,11.177676889867849,Q1_shortest_0_20pct,0.9105785848810573,0.6666666666666667,60.70523899207049,2,91.05785848810572,1,80.0,2
504,A2,Sortation conveyor drive,5,80,5,4,545,unstratified_random,20,16,23.928748965669588,Q1_shortest_0_20pct,0.8085700082746433,0.9333333333333333,75.46653410563337,1,80.85700082746433,3,100.0,1
504,A3,Vertical lift motor,4,55,4,4,545,unstratified_random,45,114,76.03056963373365,Q3_40_60pct,0.39175544293013076,0.8,31.340435434410463,4,39.175544293013076,4,80.0,2
504,A4,AGV/shuttle drive unit,2,15,2,2,545,unstratified_random,75,113,125.9355598567823,Q4_60_80pct,0.0,0.4,0.0,5,0.0,5,40.0,5
504,A5,Packing-station roller motor,3,35,3,2,545,unstratified_random,81,8,12.767256508974471,Q1_shortest_0_20pct,0.8978619479282042,0.5333333333333333,47.88597055617089,3,89.78619479282042,2,60.0,4
505,A1,Inbound conveyor motor,4,40,3,3,546,unstratified_random,29,90,101.07862421817065,Q4_60_80pct,0.19137100625463488,0.6666666666666667,12.758067083642327,3,19.13710062546349,2,80.0,2
505,A2,Sortation conveyor drive,5,80,5,4,546,unstratified_random,89,136,96.67220915776228,Q3_40_60pct,0.22662232673790172,0.9333333333333333,21.15141716220416,1,22.66223267379017,1,100.0,1
505,A3,Vertical lift motor,4,55,4,4,546,unstratified_random,51,114,102.38736822787688,Q4_60_80pct,0.180901054176985,0.8,14.4720843341588,2,18.0901054176985,3,80.0,2
505,A4,AGV/shuttle drive unit,2,15,2,2,546,unstratified_random,26,119,123.02499684692152,Q4_60_80pct,0.015800025224627756,0.4,0.6320010089851102,4,1.5800025224627756,4,40.0,5
505,A5,Packing-station roller motor,3,35,3,2,546,unstratified_random,75,113,125.9355598567823,Q4_60_80pct,0.0,0.5333333333333333,0.0,5,0.0,5,60.0,4
506,A1,Inbound conveyor motor,4,40,3,3,547,unstratified_random,30,115,88.96761601985438,Q3_40_60pct,0.28825907184116495,0.6666666666666667,19.217271456077665,4,28.825907184116495,4,80.0,2
506,A2,Sortation conveyor drive,5,80,5,4,547,unstratified_random,82,9,13.00528536289486,Q1_shortest_0_20pct,0.8959577170968411,0.9333333333333333,83.62272026237184,1,89.59577170968412,1,100.0,1
506,A3,Vertical lift motor,4,55,4,4,547,unstratified_random,4,82,87.20565932033077,Q3_40_60pct,0.30235472543735387,0.8,24.18837803498831,3,30.235472543735387,3,80.0,2
506,A4,AGV/shuttle drive unit,2,15,2,2,547,unstratified_random,61,21,41.30030317056766,Q2_20_40pct,0.6695975746354588,0.4,26.783902985418354,2,66.95975746354588,2,40.0,5
506,A5,Packing-station roller motor,3,35,3,2,547,unstratified_random,69,121,148.86538698158105,Q5_longest_80_100pct,0.0,0.5333333333333333,0.0,5,0.0,5,60.0,4
507,A1,Inbound conveyor motor,4,40,3,3,548,unstratified_random,2,98,142.91341211911944,Q5_longest_80_100pct,0.0,0.6666666666666667,0.0,3,0.0,3,80.0,2
507,A2,Sortation conveyor drive,5,80,5,4,548,unstratified_random,33,106,142.7935583123275,Q5_longest_80_100pct,0.0,0.9333333333333333,0.0,3,0.0,3,100.0,1
507,A3,Vertical lift motor,4,55,4,4,548,unstratified_random,19,87,106.94874018187056,Q4_60_80pct,0.14441007854503551,0.8,11.552806283602841,2,14.441007854503551,2,80.0,2
507,A4,AGV/shuttle drive unit,2,15,2,2,548,unstratified_random,20,16,23.928748965669588,Q1_shortest_0_20pct,0.8085700082746433,0.4,32.34280033098573,1,80.85700082746433,1,40.0,5
507,A5,Packing-station roller motor,3,35,3,2,548,unstratified_random,59,114,150.6488483670163,Q5_longest_80_100pct,0.0,0.5333333333333333,0.0,3,0.0,3,60.0,4
508,A1,Inbound conveyor motor,4,40,3,3,549,unstratified_random,35,11,10.318035788709574,Q1_shortest_0_20pct,0.9174557136903234,0.6666666666666667,61.16371424602157,1,91.74557136903235,1,80.0,2
508,A2,Sortation conveyor drive,5,80,5,4,549,unstratified_random,8,95,75.96907893735971,Q3_40_60pct,0.3922473685011223,0.9333333333333333,36.60975439343808,2,39.22473685011223,4,100.0,1
508,A3,Vertical lift motor,4,55,4,4,549,unstratified_random,55,137,118.91039914419324,Q4_60_80pct,0.048716806846454075,0.8,3.897344547716326,5,4.8716806846454075,5,80.0,2
508,A4,AGV/shuttle drive unit,2,15,2,2,549,unstratified_random,58,37,44.85465760060767,Q2_20_40pct,0.6411627391951387,0.4,25.646509567805552,4,64.11627391951387,2,40.0,5
508,A5,Packing-station roller motor,3,35,3,2,549,unstratified_random,38,50,47.55990877981797,Q2_20_40pct,0.6195207297614562,0.5333333333333333,33.04110558727766,3,61.95207297614562,3,60.0,4
509,A1,Inbound conveyor motor,4,40,3,3,550,unstratified_random,32,48,58.21837314904572,Q2_20_40pct,0.5342530148076343,0.6666666666666667,35.61686765384229,2,53.42530148076343,3,80.0,2
509,A2,Sortation conveyor drive,5,80,5,4,550,unstratified_random,94,55,48.61299679912422,Q2_20_40pct,0.6110960256070063,0.9333333333333333,57.035629056653924,1,61.10960256070063,2,100.0,1
509,A3,Vertical lift motor,4,55,4,4,550,unstratified_random,78,107,158.8500624677376,Q5_longest_80_100pct,0.0,0.8,0.0,4,0.0,4,80.0,2
509,A4,AGV/shuttle drive unit,2,15,2,2,550,unstratified_random,90,28,30.303009041002955,Q1_shortest_0_20pct,0.7575759276719763,0.4,30.303037106879056,3,75.75759276719764,1,40.0,5
509,A5,Packing-station roller motor,3,35,3,2,550,unstratified_random,48,92,128.30022813454278,Q4_60_80pct,0.0,0.5333333333333333,0.0,4,0.0,4,60.0,4
510,A1,Inbound conveyor motor,4,40,3,3,551,unstratified_random,65,128,151.46723766284128,Q5_longest_80_100pct,0.0,0.6666666666666667,0.0,4,0.0,4,80.0,2
510,A2,Sortation conveyor drive,5,80,5,4,551,unstratified_random,94,55,48.61299679912422,Q2_20_40pct,0.6110960256070063,0.9333333333333333,57.035629056653924,1,61.10960256070063,1,100.0,1
510,A3,Vertical lift motor,4,55,4,4,551,unstratified_random,18,28,60.32803578156674,Q2_20_40pct,0.5173757137474662,0.8,41.390057099797296,2,51.737571374746615,2,80.0,2
510,A4,AGV/shuttle drive unit,2,15,2,2,551,unstratified_random,21,57,67.90605820026097,Q2_20_40pct,0.4567515343979123,0.4,18.270061375916494,3,45.67515343979123,3,40.0,5
510,A5,Packing-station roller motor,3,35,3,2,551,unstratified_random,22,111,163.77680736738688,Q5_longest_80_100pct,0.0,0.5333333333333333,0.0,4,0.0,4,60.0,4
511,A1,Inbound conveyor motor,4,40,3,3,552,unstratified_random,12,124,90.15767382323185,Q3_40_60pct,0.2787386094141452,0.6666666666666667,18.582573960943016,2,27.87386094141452,2,80.0,2
511,A2,Sortation conveyor drive,5,80,5,4,552,unstratified_random,25,145,153.1932818222736,Q5_longest_80_100pct,0.0,0.9333333333333333,0.0,5,0.0,5,100.0,1
511,A3,Vertical lift motor,4,55,4,4,552,unstratified_random,13,95,93.13834255441226,Q3_40_60pct,0.2548932595647019,0.8,20.391460765176152,1,25.48932595647019,3,80.0,2
511,A4,AGV/shuttle drive unit,2,15,2,2,552,unstratified_random,6,93,105.6201183358804,Q4_60_80pct,0.15503905331295675,0.4,6.20156213251827,4,15.503905331295675,4,40.0,5
511,A5,Packing-station roller motor,3,35,3,2,552,unstratified_random,98,59,85.21286900885234,Q3_40_60pct,0.31829704792918134,0.5333333333333333,16.975842556223007,3,31.829704792918136,1,60.0,4
512,A1,Inbound conveyor motor,4,40,3,3,553,unstratified_random,25,145,153.1932818222736,Q5_longest_80_100pct,0.0,0.6666666666666667,0.0,4,0.0,4,80.0,2
512,A2,Sortation conveyor drive,5,80,5,4,553,unstratified_random,62,54,60.376193576182295,Q2_20_40pct,0.5169904513905417,0.9333333333333333,48.25244212978389,2,51.699045139054164,2,100.0,1
512,A3,Vertical lift motor,4,55,4,4,553,unstratified_random,53,26,32.51632437126566,Q1_shortest_0_20pct,0.7398694050298746,0.8,59.18955240238998,1,73.98694050298747,1,80.0,2
512,A4,AGV/shuttle drive unit,2,15,2,2,553,unstratified_random,63,72,60.45894799885493,Q2_20_40pct,0.5163284160091606,0.4,20.653136640366426,3,51.63284160091606,3,40.0,5
512,A5,Packing-station roller motor,3,35,3,2,553,unstratified_random,69,121,148.86538698158105,Q5_longest_80_100pct,0.0,0.5333333333333333,0.0,4,0.0,4,60.0,4
513,A1,Inbound conveyor motor,4,40,3,3,554,unstratified_random,97,82,79.22371888224494,Q3_40_60pct,0.36621024894204046,0.6666666666666667,24.414016596136033,3,36.62102489420405,4,80.0,2
513,A2,Sortation conveyor drive,5,80,5,4,554,unstratified_random,19,87,106.94874018187056,Q4_60_80pct,0.14441007854503551,0.9333333333333333,13.478273997536649,5,14.441007854503551,5,100.0,1
513,A3,Vertical lift motor,4,55,4,4,554,unstratified_random,94,55,48.61299679912422,Q2_20_40pct,0.6110960256070063,0.8,48.88768204856051,1,61.10960256070063,1,80.0,2
513,A4,AGV/shuttle drive unit,2,15,2,2,554,unstratified_random,43,59,63.79604805149177,Q2_20_40pct,0.4896316155880658,0.4,19.585264623522633,4,48.963161558806576,3,40.0,5
513,A5,Packing-station roller motor,3,35,3,2,554,unstratified_random,63,72,60.45894799885493,Q2_20_40pct,0.5163284160091606,0.5333333333333333,27.537515520488565,2,51.63284160091606,2,60.0,4
514,A1,Inbound conveyor motor,4,40,3,3,555,unstratified_random,21,57,67.90605820026097,Q2_20_40pct,0.4567515343979123,0.6666666666666667,30.450102293194156,2,45.67515343979123,3,80.0,2
514,A2,Sortation conveyor drive,5,80,5,4,555,unstratified_random,2,98,142.91341211911944,Q5_longest_80_100pct,0.0,0.9333333333333333,0.0,4,0.0,4,100.0,1
514,A3,Vertical lift motor,4,55,4,4,555,unstratified_random,93,85,42.17809886645809,Q2_20_40pct,0.6625752090683352,0.8,53.00601672546682,1,66.25752090683352,1,80.0,2
514,A4,AGV/shuttle drive unit,2,15,2,2,555,unstratified_random,84,58,54.07820667708313,Q2_20_40pct,0.567374346583335,0.4,22.694973863333402,3,56.7374346583335,2,40.0,5
514,A5,Packing-station roller motor,3,35,3,2,555,unstratified_random,39,142,172.98448712201755,Q5_longest_80_100pct,0.0,0.5333333333333333,0.0,4,0.0,4,60.0,4
515,A1,Inbound conveyor motor,4,40,3,3,556,unstratified_random,24,20,32.316305129135706,Q1_shortest_0_20pct,0.7414695589669144,0.6666666666666667,49.43130393112763,2,74.14695589669144,2,80.0,2
515,A2,Sortation conveyor drive,5,80,5,4,556,unstratified_random,72,50,70.20451782538055,Q3_40_60pct,0.4383638573969556,0.9333333333333333,40.91396002371585,3,43.83638573969556,3,100.0,1
515,A3,Vertical lift motor,4,55,4,4,556,unstratified_random,92,20,25.16213385236525,Q1_shortest_0_20pct,0.798702929181078,0.8,63.89623433448624,1,79.8702929181078,1,80.0,2
515,A4,AGV/shuttle drive unit,2,15,2,2,556,unstratified_random,13,95,93.13834255441226,Q3_40_60pct,0.2548932595647019,0.4,10.195730382588076,4,25.48932595647019,4,40.0,5
515,A5,Packing-station roller motor,3,35,3,2,556,unstratified_random,47,135,121.81629897102604,Q4_60_80pct,0.025469608231791674,0.5333333333333333,1.3583791056955559,5,2.5469608231791674,5,60.0,4
516,A1,Inbound conveyor motor,4,40,3,3,557,unstratified_random,80,90,79.47558250502735,Q3_40_60pct,0.36419533995978126,0.6666666666666667,24.279689330652086,2,36.41953399597813,2,80.0,2
516,A2,Sortation conveyor drive,5,80,5,4,557,unstratified_random,39,142,172.98448712201755,Q5_longest_80_100pct,0.0,0.9333333333333333,0.0,4,0.0,4,100.0,1
516,A3,Vertical lift motor,4,55,4,4,557,unstratified_random,95,128,130.5679549560598,Q4_60_80pct,0.0,0.8,0.0,4,0.0,4,80.0,2
516,A4,AGV/shuttle drive unit,2,15,2,2,557,unstratified_random,49,21,13.44996942007384,Q1_shortest_0_20pct,0.8924002446394093,0.4,35.69600978557637,1,89.24002446394093,1,40.0,5
516,A5,Packing-station roller motor,3,35,3,2,557,unstratified_random,55,137,118.91039914419324,Q4_60_80pct,0.048716806846454075,0.5333333333333333,2.598229698477551,3,4.8716806846454075,3,60.0,4
517,A1,Inbound conveyor motor,4,40,3,3,558,unstratified_random,17,50,51.778940468972905,Q2_20_40pct,0.5857684762482167,0.6666666666666667,39.05123174988112,1,58.57684762482167,2,80.0,2
517,A2,Sortation conveyor drive,5,80,5,4,558,unstratified_random,30,115,88.96761601985438,Q3_40_60pct,0.28825907184116495,0.9333333333333333,26.90418003850873,2,28.825907184116495,3,100.0,1
517,A3,Vertical lift motor,4,55,4,4,558,unstratified_random,44,109,141.8287484510994,Q5_longest_80_100pct,0.0,0.8,0.0,5,0.0,5,80.0,2
517,A4,AGV/shuttle drive unit,2,15,2,2,558,unstratified_random,64,28,47.55027096178691,Q2_20_40pct,0.6195978323057048,0.4,24.783913292228192,3,61.95978323057047,1,40.0,5
517,A5,Packing-station roller motor,3,35,3,2,558,unstratified_random,55,137,118.91039914419324,Q4_60_80pct,0.048716806846454075,0.5333333333333333,2.598229698477551,4,4.8716806846454075,4,60.0,4
518,A1,Inbound conveyor motor,4,40,3,3,559,unstratified_random,44,109,141.8287484510994,Q5_longest_80_100pct,0.0,0.6666666666666667,0.0,4,0.0,4,80.0,2
518,A2,Sortation conveyor drive,5,80,5,4,559,unstratified_random,13,95,93.13834255441226,Q3_40_60pct,0.2548932595647019,0.9333333333333333,23.790037559372177,3,25.48932595647019,3,100.0,1
518,A3,Vertical lift motor,4,55,4,4,559,unstratified_random,81,8,12.767256508974471,Q1_shortest_0_20pct,0.8978619479282042,0.8,71.82895583425635,1,89.78619479282042,1,80.0,2
518,A4,AGV/shuttle drive unit,2,15,2,2,559,unstratified_random,75,113,125.9355598567823,Q4_60_80pct,0.0,0.4,0.0,4,0.0,4,40.0,5
518,A5,Packing-station roller motor,3,35,3,2,559,unstratified_random,94,55,48.61299679912422,Q2_20_40pct,0.6110960256070063,0.5333333333333333,32.59178803237367,2,61.10960256070063,2,60.0,4
519,A1,Inbound conveyor motor,4,40,3,3,560,unstratified_random,1,112,181.7937722618632,Q5_longest_80_100pct,0.0,0.6666666666666667,0.0,5,0.0,5,80.0,2
519,A2,Sortation conveyor drive,5,80,5,4,560,unstratified_random,38,50,47.55990877981797,Q2_20_40pct,0.6195207297614562,0.9333333333333333,57.82193477773591,1,61.95207297614562,1,100.0,1
519,A3,Vertical lift motor,4,55,4,4,560,unstratified_random,79,63,95.26087986485147,Q3_40_60pct,0.2379129610811882,0.8,19.033036886495058,2,23.79129610811882,3,80.0,2
519,A4,AGV/shuttle drive unit,2,15,2,2,560,unstratified_random,47,135,121.81629897102604,Q4_60_80pct,0.025469608231791674,0.4,1.018784329271667,4,2.5469608231791674,4,40.0,5
519,A5,Packing-station roller motor,3,35,3,2,560,unstratified_random,57,103,83.29315372594353,Q3_40_60pct,0.3336547701924518,0.5333333333333333,17.794921076930763,3,33.36547701924518,2,60.0,4
520,A1,Inbound conveyor motor,4,40,3,3,561,unstratified_random,79,63,95.26087986485147,Q3_40_60pct,0.2379129610811882,0.6666666666666667,15.860864072079217,3,23.79129610811882,3,80.0,2
520,A2,Sortation conveyor drive,5,80,5,4,561,unstratified_random,71,118,142.21779435736028,Q5_longest_80_100pct,0.0,0.9333333333333333,0.0,4,0.0,4,100.0,1
520,A3,Vertical lift motor,4,55,4,4,561,unstratified_random,68,8,14.299954503479244,Q1_shortest_0_20pct,0.885600363972166,0.8,70.8480291177733,1,88.5600363972166,1,80.0,2
520,A4,AGV/shuttle drive unit,2,15,2,2,561,unstratified_random,14,107,146.91015946253862,Q5_longest_80_100pct,0.0,0.4,0.0,4,0.0,4,40.0,5
520,A5,Packing-station roller motor,3,35,3,2,561,unstratified_random,21,57,67.90605820026097,Q2_20_40pct,0.4567515343979123,0.5333333333333333,24.360081834555324,2,45.67515343979123,2,60.0,4
521,A1,Inbound conveyor motor,4,40,3,3,562,unstratified_random,63,72,60.45894799885493,Q2_20_40pct,0.5163284160091606,0.6666666666666667,34.42189440061071,1,51.63284160091606,1,80.0,2
521,A2,Sortation conveyor drive,5,80,5,4,562,unstratified_random,5,91,97.4316568366386,Q3_40_60pct,0.22054674530689122,0.9333333333333333,20.584362895309848,3,22.054674530689123,5,100.0,1
521,A3,Vertical lift motor,4,55,4,4,562,unstratified_random,12,124,90.15767382323185,Q3_40_60pct,0.2787386094141452,0.8,22.299088753131617,2,27.87386094141452,2,80.0,2
521,A4,AGV/shuttle drive unit,2,15,2,2,562,unstratified_random,28,97,94.6987062048556,Q3_40_60pct,0.2424103503611552,0.4,9.696414014446209,5,24.24103503611552,4,40.0,5
521,A5,Packing-station roller motor,3,35,3,2,562,unstratified_random,7,91,94.3787722014587,Q3_40_60pct,0.24496982238833043,0.5333333333333333,13.065057194044288,4,24.49698223883304,3,60.0,4
522,A1,Inbound conveyor motor,4,40,3,3,563,unstratified_random,23,113,135.36716530023588,Q4_60_80pct,0.0,0.6666666666666667,0.0,5,0.0,5,80.0,2
522,A2,Sortation conveyor drive,5,80,5,4,563,unstratified_random,18,28,60.32803578156674,Q2_20_40pct,0.5173757137474662,0.9333333333333333,48.28839994976351,2,51.737571374746615,3,100.0,1
522,A3,Vertical lift motor,4,55,4,4,563,unstratified_random,90,28,30.303009041002955,Q1_shortest_0_20pct,0.7575759276719763,0.8,60.60607421375811,1,75.75759276719764,1,80.0,2
522,A4,AGV/shuttle drive unit,2,15,2,2,563,unstratified_random,3,69,51.59437184534412,Q2_20_40pct,0.587245025237247,0.4,23.48980100948988,3,58.724502523724695,2,40.0,5
522,A5,Packing-station roller motor,3,35,3,2,563,unstratified_random,55,137,118.91039914419324,Q4_60_80pct,0.048716806846454075,0.5333333333333333,2.598229698477551,4,4.8716806846454075,4,60.0,4
523,A1,Inbound conveyor motor,4,40,3,3,564,unstratified_random,4,82,87.20565932033077,Q3_40_60pct,0.30235472543735387,0.6666666666666667,20.156981695823593,3,30.235472543735387,3,80.0,2
523,A2,Sortation conveyor drive,5,80,5,4,564,unstratified_random,92,20,25.16213385236525,Q1_shortest_0_20pct,0.798702929181078,0.9333333333333333,74.54560672356727,1,79.8702929181078,1,100.0,1
523,A3,Vertical lift motor,4,55,4,4,564,unstratified_random,52,29,40.87621681240515,Q2_20_40pct,0.6729902655007588,0.8,53.83922124006071,2,67.29902655007588,2,80.0,2
523,A4,AGV/shuttle drive unit,2,15,2,2,564,unstratified_random,75,113,125.9355598567823,Q4_60_80pct,0.0,0.4,0.0,4,0.0,4,40.0,5
523,A5,Packing-station roller motor,3,35,3,2,564,unstratified_random,65,128,151.46723766284128,Q5_longest_80_100pct,0.0,0.5333333333333333,0.0,4,0.0,4,60.0,4
524,A1,Inbound conveyor motor,4,40,3,3,565,unstratified_random,55,137,118.91039914419324,Q4_60_80pct,0.048716806846454075,0.6666666666666667,3.2477871230969386,4,4.8716806846454075,4,80.0,2
524,A2,Sortation conveyor drive,5,80,5,4,565,unstratified_random,65,128,151.46723766284128,Q5_longest_80_100pct,0.0,0.9333333333333333,0.0,5,0.0,5,100.0,1
524,A3,Vertical lift motor,4,55,4,4,565,unstratified_random,41,18,59.85486006548725,Q2_20_40pct,0.521161119476102,0.8,41.69288955808816,2,52.1161119476102,3,80.0,2
524,A4,AGV/shuttle drive unit,2,15,2,2,565,unstratified_random,46,47,45.79841882029448,Q2_20_40pct,0.6336126494376442,0.4,25.34450597750577,3,63.36126494376442,2,40.0,5
524,A5,Packing-station roller motor,3,35,3,2,565,unstratified_random,76,10,10.049433434661326,Q1_shortest_0_20pct,0.9196045325227094,0.5333333333333333,49.045575067877834,1,91.96045325227094,1,60.0,4
525,A1,Inbound conveyor motor,4,40,3,3,566,unstratified_random,81,8,12.767256508974471,Q1_shortest_0_20pct,0.8978619479282042,0.6666666666666667,59.857463195213626,1,89.78619479282042,1,80.0,2
525,A2,Sortation conveyor drive,5,80,5,4,566,unstratified_random,70,94,86.32146123836584,Q3_40_60pct,0.30942831009307326,0.9333333333333333,28.879975608686838,2,30.942831009307326,2,100.0,1
525,A3,Vertical lift motor,4,55,4,4,566,unstratified_random,33,106,142.7935583123275,Q5_longest_80_100pct,0.0,0.8,0.0,3,0.0,3,80.0,2
525,A4,AGV/shuttle drive unit,2,15,2,2,566,unstratified_random,95,128,130.5679549560598,Q4_60_80pct,0.0,0.4,0.0,3,0.0,3,40.0,5
525,A5,Packing-station roller motor,3,35,3,2,566,unstratified_random,59,114,150.6488483670163,Q5_longest_80_100pct,0.0,0.5333333333333333,0.0,3,0.0,3,60.0,4
526,A1,Inbound conveyor motor,4,40,3,3,567,unstratified_random,31,8,23.83573742078014,Q1_shortest_0_20pct,0.8093141006337589,0.6666666666666667,53.95427337558394,1,80.93141006337589,1,80.0,2
526,A2,Sortation conveyor drive,5,80,5,4,567,unstratified_random,95,128,130.5679549560598,Q4_60_80pct,0.0,0.9333333333333333,0.0,5,0.0,5,100.0,1
526,A3,Vertical lift motor,4,55,4,4,567,unstratified_random,21,57,67.90605820026097,Q2_20_40pct,0.4567515343979123,0.8,36.54012275183299,2,45.67515343979123,4,80.0,2
526,A4,AGV/shuttle drive unit,2,15,2,2,567,unstratified_random,77,34,40.64323409645428,Q2_20_40pct,0.6748541272283658,0.4,26.994165089134636,4,67.48541272283659,2,40.0,5
526,A5,Packing-station roller motor,3,35,3,2,567,unstratified_random,64,28,47.55027096178691,Q2_20_40pct,0.6195978323057048,0.5333333333333333,33.04521772297092,3,61.95978323057047,3,60.0,4
527,A1,Inbound conveyor motor,4,40,3,3,568,unstratified_random,22,111,163.77680736738688,Q5_longest_80_100pct,0.0,0.6666666666666667,0.0,4,0.0,4,80.0,2
527,A2,Sortation conveyor drive,5,80,5,4,568,unstratified_random,94,55,48.61299679912422,Q2_20_40pct,0.6110960256070063,0.9333333333333333,57.035629056653924,1,61.10960256070063,1,100.0,1
527,A3,Vertical lift motor,4,55,4,4,568,unstratified_random,79,63,95.26087986485147,Q3_40_60pct,0.2379129610811882,0.8,19.033036886495058,2,23.79129610811882,3,80.0,2
527,A4,AGV/shuttle drive unit,2,15,2,2,568,unstratified_random,72,50,70.20451782538055,Q3_40_60pct,0.4383638573969556,0.4,17.534554295878223,3,43.83638573969556,2,40.0,5
527,A5,Packing-station roller motor,3,35,3,2,568,unstratified_random,73,131,128.00577343113736,Q4_60_80pct,0.0,0.5333333333333333,0.0,4,0.0,4,60.0,4
528,A1,Inbound conveyor motor,4,40,3,3,569,unstratified_random,78,107,158.8500624677376,Q5_longest_80_100pct,0.0,0.6666666666666667,0.0,5,0.0,5,80.0,2
528,A2,Sortation conveyor drive,5,80,5,4,569,unstratified_random,32,48,58.21837314904572,Q2_20_40pct,0.5342530148076343,0.9333333333333333,49.8636147153792,1,53.42530148076343,1,100.0,1
528,A3,Vertical lift motor,4,55,4,4,569,unstratified_random,97,82,79.22371888224494,Q3_40_60pct,0.36621024894204046,0.8,29.29681991536324,2,36.62102489420405,3,80.0,2
528,A4,AGV/shuttle drive unit,2,15,2,2,569,unstratified_random,70,94,86.32146123836584,Q3_40_60pct,0.30942831009307326,0.4,12.377132403722932,4,30.942831009307326,4,40.0,5
528,A5,Packing-station roller motor,3,35,3,2,569,unstratified_random,18,28,60.32803578156674,Q2_20_40pct,0.5173757137474662,0.5333333333333333,27.59337139986486,3,51.737571374746615,2,60.0,4
529,A1,Inbound conveyor motor,4,40,3,3,570,unstratified_random,2,98,142.91341211911944,Q5_longest_80_100pct,0.0,0.6666666666666667,0.0,4,0.0,4,80.0,2
529,A2,Sortation conveyor drive,5,80,5,4,570,unstratified_random,16,84,112.36753252847032,Q4_60_80pct,0.10105973977223748,0.9333333333333333,9.432242378742165,3,10.105973977223748,3,100.0,1
529,A3,Vertical lift motor,4,55,4,4,570,unstratified_random,20,16,23.928748965669588,Q1_shortest_0_20pct,0.8085700082746433,0.8,64.68560066197146,1,80.85700082746433,1,80.0,2
529,A4,AGV/shuttle drive unit,2,15,2,2,570,unstratified_random,44,109,141.8287484510994,Q5_longest_80_100pct,0.0,0.4,0.0,4,0.0,4,40.0,5
529,A5,Packing-station roller motor,3,35,3,2,570,unstratified_random,70,94,86.32146123836584,Q3_40_60pct,0.30942831009307326,0.5333333333333333,16.502843204963906,2,30.942831009307326,2,60.0,4
530,A1,Inbound conveyor motor,4,40,3,3,571,unstratified_random,99,117,132.87361758142774,Q4_60_80pct,0.0,0.6666666666666667,0.0,4,0.0,4,80.0,2
530,A2,Sortation conveyor drive,5,80,5,4,571,unstratified_random,100,20,23.88622641030998,Q1_shortest_0_20pct,0.8089101887175202,0.9333333333333333,75.49828428030189,1,80.89101887175202,2,100.0,1
530,A3,Vertical lift motor,4,55,4,4,571,unstratified_random,68,8,14.299954503479244,Q1_shortest_0_20pct,0.885600363972166,0.8,70.8480291177733,2,88.5600363972166,1,80.0,2
530,A4,AGV/shuttle drive unit,2,15,2,2,571,unstratified_random,93,85,42.17809886645809,Q2_20_40pct,0.6625752090683352,0.4,26.50300836273341,3,66.25752090683352,3,40.0,5
530,A5,Packing-station roller motor,3,35,3,2,571,unstratified_random,48,92,128.30022813454278,Q4_60_80pct,0.0,0.5333333333333333,0.0,4,0.0,4,60.0,4
531,A1,Inbound conveyor motor,4,40,3,3,572,unstratified_random,58,37,44.85465760060767,Q2_20_40pct,0.6411627391951387,0.6666666666666667,42.74418261300925,2,64.11627391951387,4,80.0,2
531,A2,Sortation conveyor drive,5,80,5,4,572,unstratified_random,59,114,150.6488483670163,Q5_longest_80_100pct,0.0,0.9333333333333333,0.0,5,0.0,5,100.0,1
531,A3,Vertical lift motor,4,55,4,4,572,unstratified_random,91,38,26.859272201960557,Q1_shortest_0_20pct,0.7851258223843156,0.8,62.810065790745256,1,78.51258223843156,1,80.0,2
531,A4,AGV/shuttle drive unit,2,15,2,2,572,unstratified_random,24,20,32.316305129135706,Q1_shortest_0_20pct,0.7414695589669144,0.4,29.658782358676575,4,74.14695589669144,2,40.0,5
531,A5,Packing-station roller motor,3,35,3,2,572,unstratified_random,61,21,41.30030317056766,Q2_20_40pct,0.6695975746354588,0.5333333333333333,35.71187064722447,3,66.95975746354588,3,60.0,4
532,A1,Inbound conveyor motor,4,40,3,3,573,unstratified_random,16,84,112.36753252847032,Q4_60_80pct,0.10105973977223748,0.6666666666666667,6.737315984815833,3,10.105973977223748,3,80.0,2
532,A2,Sortation conveyor drive,5,80,5,4,573,unstratified_random,74,126,94.81409660307276,Q3_40_60pct,0.24148722717541793,0.9333333333333333,22.538807869705675,1,24.148722717541794,2,100.0,1
532,A3,Vertical lift motor,4,55,4,4,573,unstratified_random,95,128,130.5679549560598,Q4_60_80pct,0.0,0.8,0.0,5,0.0,5,80.0,2
532,A4,AGV/shuttle drive unit,2,15,2,2,573,unstratified_random,72,50,70.20451782538055,Q3_40_60pct,0.4383638573969556,0.4,17.534554295878223,2,43.83638573969556,1,40.0,5
532,A5,Packing-station roller motor,3,35,3,2,573,unstratified_random,47,135,121.81629897102604,Q4_60_80pct,0.025469608231791674,0.5333333333333333,1.3583791056955559,4,2.5469608231791674,4,60.0,4
533,A1,Inbound conveyor motor,4,40,3,3,574,unstratified_random,84,58,54.07820667708313,Q2_20_40pct,0.567374346583335,0.6666666666666667,37.824956438889004,3,56.7374346583335,3,80.0,2
533,A2,Sortation conveyor drive,5,80,5,4,574,unstratified_random,82,9,13.00528536289486,Q1_shortest_0_20pct,0.8959577170968411,0.9333333333333333,83.62272026237184,1,89.59577170968412,1,100.0,1
533,A3,Vertical lift motor,4,55,4,4,574,unstratified_random,50,79,131.9611497166465,Q4_60_80pct,0.0,0.8,0.0,5,0.0,5,80.0,2
533,A4,AGV/shuttle drive unit,2,15,2,2,574,unstratified_random,6,93,105.6201183358804,Q4_60_80pct,0.15503905331295675,0.4,6.20156213251827,4,15.503905331295675,4,40.0,5
533,A5,Packing-station roller motor,3,35,3,2,574,unstratified_random,20,16,23.928748965669588,Q1_shortest_0_20pct,0.8085700082746433,0.5333333333333333,43.12373377464765,2,80.85700082746433,2,60.0,4
534,A1,Inbound conveyor motor,4,40,3,3,575,unstratified_random,92,20,25.16213385236525,Q1_shortest_0_20pct,0.798702929181078,0.6666666666666667,53.2468619454052,2,79.8702929181078,1,80.0,2
534,A2,Sortation conveyor drive,5,80,5,4,575,unstratified_random,77,34,40.64323409645428,Q2_20_40pct,0.6748541272283658,0.9333333333333333,62.98638520798082,1,67.48541272283659,2,100.0,1
534,A3,Vertical lift motor,4,55,4,4,575,unstratified_random,9,111,137.60480848618022,Q5_longest_80_100pct,0.0,0.8,0.0,5,0.0,5,80.0,2
534,A4,AGV/shuttle drive unit,2,15,2,2,575,unstratified_random,60,100,104.41961816061556,Q4_60_80pct,0.16464305471507557,0.4,6.5857221886030235,4,16.464305471507558,4,40.0,5
534,A5,Packing-station roller motor,3,35,3,2,575,unstratified_random,41,18,59.85486006548725,Q2_20_40pct,0.521161119476102,0.5333333333333333,27.795259705392105,3,52.1161119476102,3,60.0,4
535,A1,Inbound conveyor motor,4,40,3,3,576,unstratified_random,92,20,25.16213385236525,Q1_shortest_0_20pct,0.798702929181078,0.6666666666666667,53.2468619454052,1,79.8702929181078,1,80.0,2
535,A2,Sortation conveyor drive,5,80,5,4,576,unstratified_random,79,63,95.26087986485147,Q3_40_60pct,0.2379129610811882,0.9333333333333333,22.2052097009109,3,23.79129610811882,4,100.0,1
535,A3,Vertical lift motor,4,55,4,4,576,unstratified_random,5,91,97.4316568366386,Q3_40_60pct,0.22054674530689122,0.8,17.643739624551298,4,22.054674530689123,5,80.0,2
535,A4,AGV/shuttle drive unit,2,15,2,2,576,unstratified_random,86,89,88.09422089781806,Q3_40_60pct,0.29524623281745555,0.4,11.809849312698223,5,29.524623281745555,3,40.0,5
535,A5,Packing-station roller motor,3,35,3,2,576,unstratified_random,91,38,26.859272201960557,Q1_shortest_0_20pct,0.7851258223843156,0.5333333333333333,41.873377193830166,2,78.51258223843156,2,60.0,4
536,A1,Inbound conveyor motor,4,40,3,3,577,unstratified_random,64,28,47.55027096178691,Q2_20_40pct,0.6195978323057048,0.6666666666666667,41.30652215371365,2,61.95978323057047,3,80.0,2
536,A2,Sortation conveyor drive,5,80,5,4,577,unstratified_random,77,34,40.64323409645428,Q2_20_40pct,0.6748541272283658,0.9333333333333333,62.98638520798082,1,67.48541272283659,2,100.0,1
536,A3,Vertical lift motor,4,55,4,4,577,unstratified_random,86,89,88.09422089781806,Q3_40_60pct,0.29524623281745555,0.8,23.619698625396445,5,29.524623281745555,5,80.0,2
536,A4,AGV/shuttle drive unit,2,15,2,2,577,unstratified_random,42,10,15.95535794283765,Q1_shortest_0_20pct,0.8723571364572988,0.4,34.894285458291954,3,87.23571364572989,1,40.0,5
536,A5,Packing-station roller motor,3,35,3,2,577,unstratified_random,3,69,51.59437184534412,Q2_20_40pct,0.587245025237247,0.5333333333333333,31.319734679319836,4,58.724502523724695,4,60.0,4
537,A1,Inbound conveyor motor,4,40,3,3,578,unstratified_random,21,57,67.90605820026097,Q2_20_40pct,0.4567515343979123,0.6666666666666667,30.450102293194156,2,45.67515343979123,2,80.0,2
537,A2,Sortation conveyor drive,5,80,5,4,578,unstratified_random,86,89,88.09422089781806,Q3_40_60pct,0.29524623281745555,0.9333333333333333,27.55631506296252,3,29.524623281745555,5,100.0,1
537,A3,Vertical lift motor,4,55,4,4,578,unstratified_random,98,59,85.21286900885234,Q3_40_60pct,0.31829704792918134,0.8,25.46376383433451,4,31.829704792918136,4,80.0,2
537,A4,AGV/shuttle drive unit,2,15,2,2,578,unstratified_random,80,90,79.47558250502735,Q3_40_60pct,0.36419533995978126,0.4,14.567813598391252,5,36.41953399597813,3,40.0,5
537,A5,Packing-station roller motor,3,35,3,2,578,unstratified_random,36,19,22.29101002400674,Q1_shortest_0_20pct,0.8216719198079461,0.5333333333333333,43.822502389757126,1,82.16719198079461,1,60.0,4
538,A1,Inbound conveyor motor,4,40,3,3,579,unstratified_random,13,95,93.13834255441226,Q3_40_60pct,0.2548932595647019,0.6666666666666667,16.992883970980127,3,25.48932595647019,4,80.0,2
538,A2,Sortation conveyor drive,5,80,5,4,579,unstratified_random,94,55,48.61299679912422,Q2_20_40pct,0.6110960256070063,0.9333333333333333,57.035629056653924,1,61.10960256070063,2,100.0,1
538,A3,Vertical lift motor,4,55,4,4,579,unstratified_random,25,145,153.1932818222736,Q5_longest_80_100pct,0.0,0.8,0.0,5,0.0,5,80.0,2
538,A4,AGV/shuttle drive unit,2,15,2,2,579,unstratified_random,8,95,75.96907893735971,Q3_40_60pct,0.3922473685011223,0.4,15.689894740044892,4,39.22473685011223,3,40.0,5
538,A5,Packing-station roller motor,3,35,3,2,579,unstratified_random,92,20,25.16213385236525,Q1_shortest_0_20pct,0.798702929181078,0.5333333333333333,42.597489556324156,2,79.8702929181078,1,60.0,4
539,A1,Inbound conveyor motor,4,40,3,3,580,unstratified_random,5,91,97.4316568366386,Q3_40_60pct,0.22054674530689122,0.6666666666666667,14.703116353792751,3,22.054674530689123,3,80.0,2
539,A2,Sortation conveyor drive,5,80,5,4,580,unstratified_random,84,58,54.07820667708313,Q2_20_40pct,0.567374346583335,0.9333333333333333,52.9549390144446,1,56.7374346583335,1,100.0,1
539,A3,Vertical lift motor,4,55,4,4,580,unstratified_random,54,97,127.42576425394527,Q4_60_80pct,0.0,0.8,0.0,5,0.0,5,80.0,2
539,A4,AGV/shuttle drive unit,2,15,2,2,580,unstratified_random,10,96,99.04426828245136,Q3_40_60pct,0.20764585374038913,0.4,8.305834149615565,4,20.764585374038912,4,40.0,5
539,A5,Packing-station roller motor,3,35,3,2,580,unstratified_random,21,57,67.90605820026097,Q2_20_40pct,0.4567515343979123,0.5333333333333333,24.360081834555324,2,45.67515343979123,2,60.0,4
540,A1,Inbound conveyor motor,4,40,3,3,581,unstratified_random,4,82,87.20565932033077,Q3_40_60pct,0.30235472543735387,0.6666666666666667,20.156981695823593,3,30.235472543735387,3,80.0,2
540,A2,Sortation conveyor drive,5,80,5,4,581,unstratified_random,8,95,75.96907893735971,Q3_40_60pct,0.3922473685011223,0.9333333333333333,36.60975439343808,2,39.22473685011223,2,100.0,1
540,A3,Vertical lift motor,4,55,4,4,581,unstratified_random,68,8,14.299954503479244,Q1_shortest_0_20pct,0.885600363972166,0.8,70.8480291177733,1,88.5600363972166,1,80.0,2
540,A4,AGV/shuttle drive unit,2,15,2,2,581,unstratified_random,55,137,118.91039914419324,Q4_60_80pct,0.048716806846454075,0.4,1.948672273858163,5,4.8716806846454075,5,40.0,5
540,A5,Packing-station roller motor,3,35,3,2,581,unstratified_random,16,84,112.36753252847032,Q4_60_80pct,0.10105973977223748,0.5333333333333333,5.389852787852665,4,10.105973977223748,4,60.0,4
541,A1,Inbound conveyor motor,4,40,3,3,582,unstratified_random,83,137,136.40747067846124,Q5_longest_80_100pct,0.0,0.6666666666666667,0.0,4,0.0,4,80.0,2
541,A2,Sortation conveyor drive,5,80,5,4,582,unstratified_random,16,84,112.36753252847032,Q4_60_80pct,0.10105973977223748,0.9333333333333333,9.432242378742165,3,10.105973977223748,3,100.0,1
541,A3,Vertical lift motor,4,55,4,4,582,unstratified_random,68,8,14.299954503479244,Q1_shortest_0_20pct,0.885600363972166,0.8,70.8480291177733,1,88.5600363972166,1,80.0,2
541,A4,AGV/shuttle drive unit,2,15,2,2,582,unstratified_random,77,34,40.64323409645428,Q2_20_40pct,0.6748541272283658,0.4,26.994165089134636,2,67.48541272283659,2,40.0,5
541,A5,Packing-station roller motor,3,35,3,2,582,unstratified_random,23,113,135.36716530023588,Q4_60_80pct,0.0,0.5333333333333333,0.0,4,0.0,4,60.0,4
542,A1,Inbound conveyor motor,4,40,3,3,583,unstratified_random,82,9,13.00528536289486,Q1_shortest_0_20pct,0.8959577170968411,0.6666666666666667,59.73051447312275,1,89.59577170968412,2,80.0,2
542,A2,Sortation conveyor drive,5,80,5,4,583,unstratified_random,25,145,153.1932818222736,Q5_longest_80_100pct,0.0,0.9333333333333333,0.0,4,0.0,4,100.0,1
542,A3,Vertical lift motor,4,55,4,4,583,unstratified_random,88,115,132.4717899153425,Q4_60_80pct,0.0,0.8,0.0,4,0.0,4,80.0,2
542,A4,AGV/shuttle drive unit,2,15,2,2,583,unstratified_random,34,7,11.177676889867849,Q1_shortest_0_20pct,0.9105785848810573,0.4,36.42314339524229,2,91.05785848810572,1,40.0,5
542,A5,Packing-station roller motor,3,35,3,2,583,unstratified_random,8,95,75.96907893735971,Q3_40_60pct,0.3922473685011223,0.5333333333333333,20.91985965339319,3,39.22473685011223,3,60.0,4
543,A1,Inbound conveyor motor,4,40,3,3,584,unstratified_random,32,48,58.21837314904572,Q2_20_40pct,0.5342530148076343,0.6666666666666667,35.61686765384229,3,53.42530148076343,3,80.0,2
543,A2,Sortation conveyor drive,5,80,5,4,584,unstratified_random,61,21,41.30030317056766,Q2_20_40pct,0.6695975746354588,0.9333333333333333,62.49577363264282,2,66.95975746354588,2,100.0,1
543,A3,Vertical lift motor,4,55,4,4,584,unstratified_random,92,20,25.16213385236525,Q1_shortest_0_20pct,0.798702929181078,0.8,63.89623433448624,1,79.8702929181078,1,80.0,2
543,A4,AGV/shuttle drive unit,2,15,2,2,584,unstratified_random,71,118,142.21779435736028,Q5_longest_80_100pct,0.0,0.4,0.0,5,0.0,5,40.0,5
543,A5,Packing-station roller motor,3,35,3,2,584,unstratified_random,55,137,118.91039914419324,Q4_60_80pct,0.048716806846454075,0.5333333333333333,2.598229698477551,4,4.8716806846454075,4,60.0,4
544,A1,Inbound conveyor motor,4,40,3,3,585,unstratified_random,12,124,90.15767382323185,Q3_40_60pct,0.2787386094141452,0.6666666666666667,18.582573960943016,4,27.87386094141452,3,80.0,2
544,A2,Sortation conveyor drive,5,80,5,4,585,unstratified_random,28,97,94.6987062048556,Q3_40_60pct,0.2424103503611552,0.9333333333333333,22.624966033707818,3,24.24103503611552,4,100.0,1
544,A3,Vertical lift motor,4,55,4,4,585,unstratified_random,98,59,85.21286900885234,Q3_40_60pct,0.31829704792918134,0.8,25.46376383433451,2,31.829704792918136,2,80.0,2
544,A4,AGV/shuttle drive unit,2,15,2,2,585,unstratified_random,42,10,15.95535794283765,Q1_shortest_0_20pct,0.8723571364572988,0.4,34.894285458291954,1,87.23571364572989,1,40.0,5
544,A5,Packing-station roller motor,3,35,3,2,585,unstratified_random,23,113,135.36716530023588,Q4_60_80pct,0.0,0.5333333333333333,0.0,5,0.0,5,60.0,4
545,A1,Inbound conveyor motor,4,40,3,3,586,unstratified_random,15,83,158.0175356684317,Q5_longest_80_100pct,0.0,0.6666666666666667,0.0,5,0.0,5,80.0,2
545,A2,Sortation conveyor drive,5,80,5,4,586,unstratified_random,90,28,30.303009041002955,Q1_shortest_0_20pct,0.7575759276719763,0.9333333333333333,70.70708658271779,1,75.75759276719764,1,100.0,1
545,A3,Vertical lift motor,4,55,4,4,586,unstratified_random,53,26,32.51632437126566,Q1_shortest_0_20pct,0.7398694050298746,0.8,59.18955240238998,2,73.98694050298747,3,80.0,2
545,A4,AGV/shuttle drive unit,2,15,2,2,586,unstratified_random,24,20,32.316305129135706,Q1_shortest_0_20pct,0.7414695589669144,0.4,29.658782358676575,3,74.14695589669144,2,40.0,5
545,A5,Packing-station roller motor,3,35,3,2,586,unstratified_random,80,90,79.47558250502735,Q3_40_60pct,0.36419533995978126,0.5333333333333333,19.42375146452167,4,36.41953399597813,4,60.0,4
546,A1,Inbound conveyor motor,4,40,3,3,587,unstratified_random,91,38,26.859272201960557,Q1_shortest_0_20pct,0.7851258223843156,0.6666666666666667,52.34172149228771,1,78.51258223843156,1,80.0,2
546,A2,Sortation conveyor drive,5,80,5,4,587,unstratified_random,1,112,181.7937722618632,Q5_longest_80_100pct,0.0,0.9333333333333333,0.0,4,0.0,4,100.0,1
546,A3,Vertical lift motor,4,55,4,4,587,unstratified_random,2,98,142.91341211911944,Q5_longest_80_100pct,0.0,0.8,0.0,4,0.0,4,80.0,2
546,A4,AGV/shuttle drive unit,2,15,2,2,587,unstratified_random,30,115,88.96761601985438,Q3_40_60pct,0.28825907184116495,0.4,11.530362873646599,3,28.825907184116495,3,40.0,5
546,A5,Packing-station roller motor,3,35,3,2,587,unstratified_random,72,50,70.20451782538055,Q3_40_60pct,0.4383638573969556,0.5333333333333333,23.379405727837632,2,43.83638573969556,2,60.0,4
547,A1,Inbound conveyor motor,4,40,3,3,588,unstratified_random,60,100,104.41961816061556,Q4_60_80pct,0.16464305471507557,0.6666666666666667,10.976203647671706,4,16.464305471507558,4,80.0,2
547,A2,Sortation conveyor drive,5,80,5,4,588,unstratified_random,97,82,79.22371888224494,Q3_40_60pct,0.36621024894204046,0.9333333333333333,34.179623234590444,1,36.62102489420405,1,100.0,1
547,A3,Vertical lift motor,4,55,4,4,588,unstratified_random,12,124,90.15767382323185,Q3_40_60pct,0.2787386094141452,0.8,22.299088753131617,2,27.87386094141452,3,80.0,2
547,A4,AGV/shuttle drive unit,2,15,2,2,588,unstratified_random,98,59,85.21286900885234,Q3_40_60pct,0.31829704792918134,0.4,12.731881917167255,3,31.829704792918136,2,40.0,5
547,A5,Packing-station roller motor,3,35,3,2,588,unstratified_random,99,117,132.87361758142774,Q4_60_80pct,0.0,0.5333333333333333,0.0,5,0.0,5,60.0,4
548,A1,Inbound conveyor motor,4,40,3,3,589,unstratified_random,47,135,121.81629897102604,Q4_60_80pct,0.025469608231791674,0.6666666666666667,1.6979738821194452,5,2.5469608231791674,5,80.0,2
548,A2,Sortation conveyor drive,5,80,5,4,589,unstratified_random,58,37,44.85465760060767,Q2_20_40pct,0.6411627391951387,0.9333333333333333,59.84185565821295,2,64.11627391951387,2,100.0,1
548,A3,Vertical lift motor,4,55,4,4,589,unstratified_random,66,14,11.46932688270492,Q1_shortest_0_20pct,0.9082453849383606,0.8,72.65963079506885,1,90.82453849383606,1,80.0,2
548,A4,AGV/shuttle drive unit,2,15,2,2,589,unstratified_random,63,72,60.45894799885493,Q2_20_40pct,0.5163284160091606,0.4,20.653136640366426,3,51.63284160091606,3,40.0,5
548,A5,Packing-station roller motor,3,35,3,2,589,unstratified_random,27,66,114.97611996076007,Q4_60_80pct,0.08019104031391944,0.5333333333333333,4.276855483409037,4,8.019104031391944,4,60.0,4
549,A1,Inbound conveyor motor,4,40,3,3,590,unstratified_random,69,121,148.86538698158105,Q5_longest_80_100pct,0.0,0.6666666666666667,0.0,5,0.0,5,80.0,2
549,A2,Sortation conveyor drive,5,80,5,4,590,unstratified_random,53,26,32.51632437126566,Q1_shortest_0_20pct,0.7398694050298746,0.9333333333333333,69.0544778027883,1,73.98694050298747,1,100.0,1
549,A3,Vertical lift motor,4,55,4,4,590,unstratified_random,3,69,51.59437184534412,Q2_20_40pct,0.587245025237247,0.8,46.97960201897976,2,58.724502523724695,2,80.0,2
549,A4,AGV/shuttle drive unit,2,15,2,2,590,unstratified_random,72,50,70.20451782538055,Q3_40_60pct,0.4383638573969556,0.4,17.534554295878223,3,43.83638573969556,3,40.0,5
549,A5,Packing-station roller motor,3,35,3,2,590,unstratified_random,26,119,123.02499684692152,Q4_60_80pct,0.015800025224627756,0.5333333333333333,0.842668011980147,4,1.5800025224627756,4,60.0,4
550,A1,Inbound conveyor motor,4,40,3,3,591,unstratified_random,56,15,16.158144448588526,Q1_shortest_0_20pct,0.8707348444112918,0.6666666666666667,58.04898962741946,1,87.07348444112918,2,80.0,2
550,A2,Sortation conveyor drive,5,80,5,4,591,unstratified_random,30,115,88.96761601985438,Q3_40_60pct,0.28825907184116495,0.9333333333333333,26.90418003850873,3,28.825907184116495,3,100.0,1
550,A3,Vertical lift motor,4,55,4,4,591,unstratified_random,71,118,142.21779435736028,Q5_longest_80_100pct,0.0,0.8,0.0,4,0.0,4,80.0,2
550,A4,AGV/shuttle drive unit,2,15,2,2,591,unstratified_random,35,11,10.318035788709574,Q1_shortest_0_20pct,0.9174557136903234,0.4,36.69822854761294,2,91.74557136903235,1,40.0,5
550,A5,Packing-station roller motor,3,35,3,2,591,unstratified_random,2,98,142.91341211911944,Q5_longest_80_100pct,0.0,0.5333333333333333,0.0,4,0.0,4,60.0,4
551,A1,Inbound conveyor motor,4,40,3,3,592,unstratified_random,35,11,10.318035788709574,Q1_shortest_0_20pct,0.9174557136903234,0.6666666666666667,61.16371424602157,2,91.74557136903235,1,80.0,2
551,A2,Sortation conveyor drive,5,80,5,4,592,unstratified_random,52,29,40.87621681240515,Q2_20_40pct,0.6729902655007588,0.9333333333333333,62.81242478007082,1,67.29902655007588,3,100.0,1
551,A3,Vertical lift motor,4,55,4,4,592,unstratified_random,53,26,32.51632437126566,Q1_shortest_0_20pct,0.7398694050298746,0.8,59.18955240238998,3,73.98694050298747,2,80.0,2
551,A4,AGV/shuttle drive unit,2,15,2,2,592,unstratified_random,6,93,105.6201183358804,Q4_60_80pct,0.15503905331295675,0.4,6.20156213251827,5,15.503905331295675,5,40.0,5
551,A5,Packing-station roller motor,3,35,3,2,592,unstratified_random,8,95,75.96907893735971,Q3_40_60pct,0.3922473685011223,0.5333333333333333,20.91985965339319,4,39.22473685011223,4,60.0,4
552,A1,Inbound conveyor motor,4,40,3,3,593,unstratified_random,25,145,153.1932818222736,Q5_longest_80_100pct,0.0,0.6666666666666667,0.0,4,0.0,4,80.0,2
552,A2,Sortation conveyor drive,5,80,5,4,593,unstratified_random,86,89,88.09422089781806,Q3_40_60pct,0.29524623281745555,0.9333333333333333,27.55631506296252,2,29.524623281745555,2,100.0,1
552,A3,Vertical lift motor,4,55,4,4,593,unstratified_random,96,137,137.09402180530702,Q5_longest_80_100pct,0.0,0.8,0.0,4,0.0,4,80.0,2
552,A4,AGV/shuttle drive unit,2,15,2,2,593,unstratified_random,66,14,11.46932688270492,Q1_shortest_0_20pct,0.9082453849383606,0.4,36.329815397534425,1,90.82453849383606,1,40.0,5
552,A5,Packing-station roller motor,3,35,3,2,593,unstratified_random,51,114,102.38736822787688,Q4_60_80pct,0.180901054176985,0.5333333333333333,9.648056222772533,3,18.0901054176985,3,60.0,4
553,A1,Inbound conveyor motor,4,40,3,3,594,unstratified_random,27,66,114.97611996076007,Q4_60_80pct,0.08019104031391944,0.6666666666666667,5.346069354261297,4,8.019104031391944,4,80.0,2
553,A2,Sortation conveyor drive,5,80,5,4,594,unstratified_random,55,137,118.91039914419324,Q4_60_80pct,0.048716806846454075,0.9333333333333333,4.546901972335713,5,4.8716806846454075,5,100.0,1
553,A3,Vertical lift motor,4,55,4,4,594,unstratified_random,72,50,70.20451782538055,Q3_40_60pct,0.4383638573969556,0.8,35.06910859175645,2,43.83638573969556,2,80.0,2
553,A4,AGV/shuttle drive unit,2,15,2,2,594,unstratified_random,45,114,76.03056963373365,Q3_40_60pct,0.39175544293013076,0.4,15.670217717205231,3,39.175544293013076,3,40.0,5
553,A5,Packing-station roller motor,3,35,3,2,594,unstratified_random,49,21,13.44996942007384,Q1_shortest_0_20pct,0.8924002446394093,0.5333333333333333,47.59467971410183,1,89.24002446394093,1,60.0,4
554,A1,Inbound conveyor motor,4,40,3,3,595,unstratified_random,58,37,44.85465760060767,Q2_20_40pct,0.6411627391951387,0.6666666666666667,42.74418261300925,3,64.11627391951387,4,80.0,2
554,A2,Sortation conveyor drive,5,80,5,4,595,unstratified_random,96,137,137.09402180530702,Q5_longest_80_100pct,0.0,0.9333333333333333,0.0,5,0.0,5,100.0,1
554,A3,Vertical lift motor,4,55,4,4,595,unstratified_random,61,21,41.30030317056766,Q2_20_40pct,0.6695975746354588,0.8,53.56780597083671,1,66.95975746354588,3,80.0,2
554,A4,AGV/shuttle drive unit,2,15,2,2,595,unstratified_random,82,9,13.00528536289486,Q1_shortest_0_20pct,0.8959577170968411,0.4,35.83830868387365,4,89.59577170968412,2,40.0,5
554,A5,Packing-station roller motor,3,35,3,2,595,unstratified_random,34,7,11.177676889867849,Q1_shortest_0_20pct,0.9105785848810573,0.5333333333333333,48.564191193656384,2,91.05785848810572,1,60.0,4
555,A1,Inbound conveyor motor,4,40,3,3,596,unstratified_random,64,28,47.55027096178691,Q2_20_40pct,0.6195978323057048,0.6666666666666667,41.30652215371365,1,61.95978323057047,1,80.0,2
555,A2,Sortation conveyor drive,5,80,5,4,596,unstratified_random,72,50,70.20451782538055,Q3_40_60pct,0.4383638573969556,0.9333333333333333,40.91396002371585,2,43.83638573969556,3,100.0,1
555,A3,Vertical lift motor,4,55,4,4,596,unstratified_random,85,118,162.2981284023822,Q5_longest_80_100pct,0.0,0.8,0.0,4,0.0,4,80.0,2
555,A4,AGV/shuttle drive unit,2,15,2,2,596,unstratified_random,63,72,60.45894799885493,Q2_20_40pct,0.5163284160091606,0.4,20.653136640366426,3,51.63284160091606,2,40.0,5
555,A5,Packing-station roller motor,3,35,3,2,596,unstratified_random,33,106,142.7935583123275,Q5_longest_80_100pct,0.0,0.5333333333333333,0.0,4,0.0,4,60.0,4
556,A1,Inbound conveyor motor,4,40,3,3,597,unstratified_random,67,77,138.84222319134904,Q5_longest_80_100pct,0.0,0.6666666666666667,0.0,4,0.0,4,80.0,2
556,A2,Sortation conveyor drive,5,80,5,4,597,unstratified_random,58,37,44.85465760060767,Q2_20_40pct,0.6411627391951387,0.9333333333333333,59.84185565821295,1,64.11627391951387,1,100.0,1
556,A3,Vertical lift motor,4,55,4,4,597,unstratified_random,74,126,94.81409660307276,Q3_40_60pct,0.24148722717541793,0.8,19.318978174033436,2,24.148722717541794,2,80.0,2
556,A4,AGV/shuttle drive unit,2,15,2,2,597,unstratified_random,50,79,131.9611497166465,Q4_60_80pct,0.0,0.4,0.0,4,0.0,4,40.0,5
556,A5,Packing-station roller motor,3,35,3,2,597,unstratified_random,79,63,95.26087986485147,Q3_40_60pct,0.2379129610811882,0.5333333333333333,12.688691257663372,3,23.79129610811882,3,60.0,4
557,A1,Inbound conveyor motor,4,40,3,3,598,unstratified_random,63,72,60.45894799885493,Q2_20_40pct,0.5163284160091606,0.6666666666666667,34.42189440061071,2,51.63284160091606,2,80.0,2
557,A2,Sortation conveyor drive,5,80,5,4,598,unstratified_random,32,48,58.21837314904572,Q2_20_40pct,0.5342530148076343,0.9333333333333333,49.8636147153792,1,53.42530148076343,1,100.0,1
557,A3,Vertical lift motor,4,55,4,4,598,unstratified_random,97,82,79.22371888224494,Q3_40_60pct,0.36621024894204046,0.8,29.29681991536324,3,36.62102489420405,4,80.0,2
557,A4,AGV/shuttle drive unit,2,15,2,2,598,unstratified_random,8,95,75.96907893735971,Q3_40_60pct,0.3922473685011223,0.4,15.689894740044892,4,39.22473685011223,3,40.0,5
557,A5,Packing-station roller motor,3,35,3,2,598,unstratified_random,96,137,137.09402180530702,Q5_longest_80_100pct,0.0,0.5333333333333333,0.0,5,0.0,5,60.0,4
558,A1,Inbound conveyor motor,4,40,3,3,599,unstratified_random,69,121,148.86538698158105,Q5_longest_80_100pct,0.0,0.6666666666666667,0.0,3,0.0,3,80.0,2
558,A2,Sortation conveyor drive,5,80,5,4,599,unstratified_random,47,135,121.81629897102604,Q4_60_80pct,0.025469608231791674,0.9333333333333333,2.377163434967223,2,2.5469608231791674,2,100.0,1
558,A3,Vertical lift motor,4,55,4,4,599,unstratified_random,97,82,79.22371888224494,Q3_40_60pct,0.36621024894204046,0.8,29.29681991536324,1,36.62102489420405,1,80.0,2
558,A4,AGV/shuttle drive unit,2,15,2,2,599,unstratified_random,87,116,144.3579823471946,Q5_longest_80_100pct,0.0,0.4,0.0,3,0.0,3,40.0,5
558,A5,Packing-station roller motor,3,35,3,2,599,unstratified_random,71,118,142.21779435736028,Q5_longest_80_100pct,0.0,0.5333333333333333,0.0,3,0.0,3,60.0,4
559,A1,Inbound conveyor motor,4,40,3,3,600,unstratified_random,21,57,67.90605820026097,Q2_20_40pct,0.4567515343979123,0.6666666666666667,30.450102293194156,1,45.67515343979123,1,80.0,2
559,A2,Sortation conveyor drive,5,80,5,4,600,unstratified_random,29,90,101.07862421817065,Q4_60_80pct,0.19137100625463488,0.9333333333333333,17.861293917099257,2,19.13710062546349,2,100.0,1
559,A3,Vertical lift motor,4,55,4,4,600,unstratified_random,54,97,127.42576425394527,Q4_60_80pct,0.0,0.8,0.0,3,0.0,3,80.0,2
559,A4,AGV/shuttle drive unit,2,15,2,2,600,unstratified_random,1,112,181.7937722618632,Q5_longest_80_100pct,0.0,0.4,0.0,3,0.0,3,40.0,5
559,A5,Packing-station roller motor,3,35,3,2,600,unstratified_random,83,137,136.40747067846124,Q5_longest_80_100pct,0.0,0.5333333333333333,0.0,3,0.0,3,60.0,4
560,A1,Inbound conveyor motor,4,40,3,3,601,unstratified_random,69,121,148.86538698158105,Q5_longest_80_100pct,0.0,0.6666666666666667,0.0,4,0.0,4,80.0,2
560,A2,Sortation conveyor drive,5,80,5,4,601,unstratified_random,29,90,101.07862421817065,Q4_60_80pct,0.19137100625463488,0.9333333333333333,17.861293917099257,3,19.13710062546349,3,100.0,1
560,A3,Vertical lift motor,4,55,4,4,601,unstratified_random,79,63,95.26087986485147,Q3_40_60pct,0.2379129610811882,0.8,19.033036886495058,2,23.79129610811882,2,80.0,2
560,A4,AGV/shuttle drive unit,2,15,2,2,601,unstratified_random,81,8,12.767256508974471,Q1_shortest_0_20pct,0.8978619479282042,0.4,35.914477917128174,1,89.78619479282042,1,40.0,5
560,A5,Packing-station roller motor,3,35,3,2,601,unstratified_random,1,112,181.7937722618632,Q5_longest_80_100pct,0.0,0.5333333333333333,0.0,4,0.0,4,60.0,4
561,A1,Inbound conveyor motor,4,40,3,3,602,unstratified_random,19,87,106.94874018187056,Q4_60_80pct,0.14441007854503551,0.6666666666666667,9.627338569669035,3,14.441007854503551,3,80.0,2
561,A2,Sortation conveyor drive,5,80,5,4,602,unstratified_random,88,115,132.4717899153425,Q4_60_80pct,0.0,0.9333333333333333,0.0,5,0.0,5,100.0,1
561,A3,Vertical lift motor,4,55,4,4,602,unstratified_random,27,66,114.97611996076007,Q4_60_80pct,0.08019104031391944,0.8,6.415283225113555,4,8.019104031391944,4,80.0,2
561,A4,AGV/shuttle drive unit,2,15,2,2,602,unstratified_random,94,55,48.61299679912422,Q2_20_40pct,0.6110960256070063,0.4,24.443841024280253,2,61.10960256070063,2,40.0,5
561,A5,Packing-station roller motor,3,35,3,2,602,unstratified_random,92,20,25.16213385236525,Q1_shortest_0_20pct,0.798702929181078,0.5333333333333333,42.597489556324156,1,79.8702929181078,1,60.0,4
562,A1,Inbound conveyor motor,4,40,3,3,603,unstratified_random,47,135,121.81629897102604,Q4_60_80pct,0.025469608231791674,0.6666666666666667,1.6979738821194452,5,2.5469608231791674,5,80.0,2
562,A2,Sortation conveyor drive,5,80,5,4,603,unstratified_random,43,59,63.79604805149177,Q2_20_40pct,0.4896316155880658,0.9333333333333333,45.69895078821947,2,48.963161558806576,3,100.0,1
562,A3,Vertical lift motor,4,55,4,4,603,unstratified_random,20,16,23.928748965669588,Q1_shortest_0_20pct,0.8085700082746433,0.8,64.68560066197146,1,80.85700082746433,1,80.0,2
562,A4,AGV/shuttle drive unit,2,15,2,2,603,unstratified_random,38,50,47.55990877981797,Q2_20_40pct,0.6195207297614562,0.4,24.78082919045825,3,61.95207297614562,2,40.0,5
562,A5,Packing-station roller motor,3,35,3,2,603,unstratified_random,5,91,97.4316568366386,Q3_40_60pct,0.22054674530689122,0.5333333333333333,11.7624930830342,4,22.054674530689123,4,60.0,4
563,A1,Inbound conveyor motor,4,40,3,3,604,unstratified_random,1,112,181.7937722618632,Q5_longest_80_100pct,0.0,0.6666666666666667,0.0,2,0.0,2,80.0,2
563,A2,Sortation conveyor drive,5,80,5,4,604,unstratified_random,23,113,135.36716530023588,Q4_60_80pct,0.0,0.9333333333333333,0.0,2,0.0,2,100.0,1
563,A3,Vertical lift motor,4,55,4,4,604,unstratified_random,99,117,132.87361758142774,Q4_60_80pct,0.0,0.8,0.0,2,0.0,2,80.0,2
563,A4,AGV/shuttle drive unit,2,15,2,2,604,unstratified_random,39,142,172.98448712201755,Q5_longest_80_100pct,0.0,0.4,0.0,2,0.0,2,40.0,5
563,A5,Packing-station roller motor,3,35,3,2,604,unstratified_random,19,87,106.94874018187056,Q4_60_80pct,0.14441007854503551,0.5333333333333333,7.701870855735227,1,14.441007854503551,1,60.0,4
564,A1,Inbound conveyor motor,4,40,3,3,605,unstratified_random,22,111,163.77680736738688,Q5_longest_80_100pct,0.0,0.6666666666666667,0.0,3,0.0,3,80.0,2
564,A2,Sortation conveyor drive,5,80,5,4,605,unstratified_random,69,121,148.86538698158105,Q5_longest_80_100pct,0.0,0.9333333333333333,0.0,3,0.0,3,100.0,1
564,A3,Vertical lift motor,4,55,4,4,605,unstratified_random,11,97,99.08741603137932,Q4_60_80pct,0.2073006717489655,0.8,16.58405373991724,2,20.73006717489655,2,80.0,2
564,A4,AGV/shuttle drive unit,2,15,2,2,605,unstratified_random,95,128,130.5679549560598,Q4_60_80pct,0.0,0.4,0.0,3,0.0,3,40.0,5
564,A5,Packing-station roller motor,3,35,3,2,605,unstratified_random,82,9,13.00528536289486,Q1_shortest_0_20pct,0.8959577170968411,0.5333333333333333,47.784411578498194,1,89.59577170968412,1,60.0,4
565,A1,Inbound conveyor motor,4,40,3,3,606,unstratified_random,73,131,128.00577343113736,Q4_60_80pct,0.0,0.6666666666666667,0.0,4,0.0,4,80.0,2
565,A2,Sortation conveyor drive,5,80,5,4,606,unstratified_random,45,114,76.03056963373365,Q3_40_60pct,0.39175544293013076,0.9333333333333333,36.56384134014554,2,39.175544293013076,2,100.0,1
565,A3,Vertical lift motor,4,55,4,4,606,unstratified_random,76,10,10.049433434661326,Q1_shortest_0_20pct,0.9196045325227094,0.8,73.56836260181676,1,91.96045325227094,1,80.0,2
565,A4,AGV/shuttle drive unit,2,15,2,2,606,unstratified_random,70,94,86.32146123836584,Q3_40_60pct,0.30942831009307326,0.4,12.377132403722932,3,30.942831009307326,3,40.0,5
565,A5,Packing-station roller motor,3,35,3,2,606,unstratified_random,67,77,138.84222319134904,Q5_longest_80_100pct,0.0,0.5333333333333333,0.0,4,0.0,4,60.0,4
566,A1,Inbound conveyor motor,4,40,3,3,607,unstratified_random,70,94,86.32146123836584,Q3_40_60pct,0.30942831009307326,0.6666666666666667,20.628554006204887,4,30.942831009307326,4,80.0,2
566,A2,Sortation conveyor drive,5,80,5,4,607,unstratified_random,63,72,60.45894799885493,Q2_20_40pct,0.5163284160091606,0.9333333333333333,48.19065216085499,1,51.63284160091606,3,100.0,1
566,A3,Vertical lift motor,4,55,4,4,607,unstratified_random,95,128,130.5679549560598,Q4_60_80pct,0.0,0.8,0.0,5,0.0,5,80.0,2
566,A4,AGV/shuttle drive unit,2,15,2,2,607,unstratified_random,64,28,47.55027096178691,Q2_20_40pct,0.6195978323057048,0.4,24.783913292228192,3,61.95978323057047,2,40.0,5
566,A5,Packing-station roller motor,3,35,3,2,607,unstratified_random,46,47,45.79841882029448,Q2_20_40pct,0.6336126494376442,0.5333333333333333,33.792674636674356,2,63.36126494376442,1,60.0,4
567,A1,Inbound conveyor motor,4,40,3,3,608,unstratified_random,36,19,22.29101002400674,Q1_shortest_0_20pct,0.8216719198079461,0.6666666666666667,54.77812798719641,2,82.16719198079461,2,80.0,2
567,A2,Sortation conveyor drive,5,80,5,4,608,unstratified_random,26,119,123.02499684692152,Q4_60_80pct,0.015800025224627756,0.9333333333333333,1.4746690209652573,4,1.5800025224627756,4,100.0,1
567,A3,Vertical lift motor,4,55,4,4,608,unstratified_random,66,14,11.46932688270492,Q1_shortest_0_20pct,0.9082453849383606,0.8,72.65963079506885,1,90.82453849383606,1,80.0,2
567,A4,AGV/shuttle drive unit,2,15,2,2,608,unstratified_random,80,90,79.47558250502735,Q3_40_60pct,0.36419533995978126,0.4,14.567813598391252,3,36.41953399597813,3,40.0,5
567,A5,Packing-station roller motor,3,35,3,2,608,unstratified_random,50,79,131.9611497166465,Q4_60_80pct,0.0,0.5333333333333333,0.0,5,0.0,5,60.0,4
568,A1,Inbound conveyor motor,4,40,3,3,609,unstratified_random,86,89,88.09422089781806,Q3_40_60pct,0.29524623281745555,0.6666666666666667,19.683082187830372,2,29.524623281745555,2,80.0,2
568,A2,Sortation conveyor drive,5,80,5,4,609,unstratified_random,70,94,86.32146123836584,Q3_40_60pct,0.30942831009307326,0.9333333333333333,28.879975608686838,1,30.942831009307326,1,100.0,1
568,A3,Vertical lift motor,4,55,4,4,609,unstratified_random,15,83,158.0175356684317,Q5_longest_80_100pct,0.0,0.8,0.0,3,0.0,3,80.0,2
568,A4,AGV/shuttle drive unit,2,15,2,2,609,unstratified_random,69,121,148.86538698158105,Q5_longest_80_100pct,0.0,0.4,0.0,3,0.0,3,40.0,5
568,A5,Packing-station roller motor,3,35,3,2,609,unstratified_random,73,131,128.00577343113736,Q4_60_80pct,0.0,0.5333333333333333,0.0,3,0.0,3,60.0,4
569,A1,Inbound conveyor motor,4,40,3,3,610,unstratified_random,43,59,63.79604805149177,Q2_20_40pct,0.4896316155880658,0.6666666666666667,32.642107705871055,2,48.963161558806576,3,80.0,2
569,A2,Sortation conveyor drive,5,80,5,4,610,unstratified_random,34,7,11.177676889867849,Q1_shortest_0_20pct,0.9105785848810573,0.9333333333333333,84.98733458889868,1,91.05785848810572,1,100.0,1
569,A3,Vertical lift motor,4,55,4,4,610,unstratified_random,65,128,151.46723766284128,Q5_longest_80_100pct,0.0,0.8,0.0,5,0.0,5,80.0,2
569,A4,AGV/shuttle drive unit,2,15,2,2,610,unstratified_random,93,85,42.17809886645809,Q2_20_40pct,0.6625752090683352,0.4,26.50300836273341,3,66.25752090683352,2,40.0,5
569,A5,Packing-station roller motor,3,35,3,2,610,unstratified_random,45,114,76.03056963373365,Q3_40_60pct,0.39175544293013076,0.5333333333333333,20.893623622940307,4,39.175544293013076,4,60.0,4
570,A1,Inbound conveyor motor,4,40,3,3,611,unstratified_random,46,47,45.79841882029448,Q2_20_40pct,0.6336126494376442,0.6666666666666667,42.24084329584295,2,63.36126494376442,2,80.0,2
570,A2,Sortation conveyor drive,5,80,5,4,611,unstratified_random,100,20,23.88622641030998,Q1_shortest_0_20pct,0.8089101887175202,0.9333333333333333,75.49828428030189,1,80.89101887175202,1,100.0,1
570,A3,Vertical lift motor,4,55,4,4,611,unstratified_random,83,137,136.40747067846124,Q5_longest_80_100pct,0.0,0.8,0.0,5,0.0,5,80.0,2
570,A4,AGV/shuttle drive unit,2,15,2,2,611,unstratified_random,80,90,79.47558250502735,Q3_40_60pct,0.36419533995978126,0.4,14.567813598391252,4,36.41953399597813,3,40.0,5
570,A5,Packing-station roller motor,3,35,3,2,611,unstratified_random,70,94,86.32146123836584,Q3_40_60pct,0.30942831009307326,0.5333333333333333,16.502843204963906,3,30.942831009307326,4,60.0,4
571,A1,Inbound conveyor motor,4,40,3,3,612,unstratified_random,16,84,112.36753252847032,Q4_60_80pct,0.10105973977223748,0.6666666666666667,6.737315984815833,3,10.105973977223748,3,80.0,2
571,A2,Sortation conveyor drive,5,80,5,4,612,unstratified_random,48,92,128.30022813454278,Q4_60_80pct,0.0,0.9333333333333333,0.0,5,0.0,5,100.0,1
571,A3,Vertical lift motor,4,55,4,4,612,unstratified_random,66,14,11.46932688270492,Q1_shortest_0_20pct,0.9082453849383606,0.8,72.65963079506885,1,90.82453849383606,1,80.0,2
571,A4,AGV/shuttle drive unit,2,15,2,2,612,unstratified_random,27,66,114.97611996076007,Q4_60_80pct,0.08019104031391944,0.4,3.2076416125567775,4,8.019104031391944,4,40.0,5
571,A5,Packing-station roller motor,3,35,3,2,612,unstratified_random,31,8,23.83573742078014,Q1_shortest_0_20pct,0.8093141006337589,0.5333333333333333,43.16341870046714,2,80.93141006337589,2,60.0,4
572,A1,Inbound conveyor motor,4,40,3,3,613,unstratified_random,35,11,10.318035788709574,Q1_shortest_0_20pct,0.9174557136903234,0.6666666666666667,61.16371424602157,2,91.74557136903235,1,80.0,2
572,A2,Sortation conveyor drive,5,80,5,4,613,unstratified_random,85,118,162.2981284023822,Q5_longest_80_100pct,0.0,0.9333333333333333,0.0,5,0.0,5,100.0,1
572,A3,Vertical lift motor,4,55,4,4,613,unstratified_random,81,8,12.767256508974471,Q1_shortest_0_20pct,0.8978619479282042,0.8,71.82895583425635,1,89.78619479282042,2,80.0,2
572,A4,AGV/shuttle drive unit,2,15,2,2,613,unstratified_random,100,20,23.88622641030998,Q1_shortest_0_20pct,0.8089101887175202,0.4,32.35640754870081,3,80.89101887175202,3,40.0,5
572,A5,Packing-station roller motor,3,35,3,2,613,unstratified_random,79,63,95.26087986485147,Q3_40_60pct,0.2379129610811882,0.5333333333333333,12.688691257663372,4,23.79129610811882,4,60.0,4
573,A1,Inbound conveyor motor,4,40,3,3,614,unstratified_random,8,95,75.96907893735971,Q3_40_60pct,0.3922473685011223,0.6666666666666667,26.14982456674149,1,39.22473685011223,1,80.0,2
573,A2,Sortation conveyor drive,5,80,5,4,614,unstratified_random,99,117,132.87361758142774,Q4_60_80pct,0.0,0.9333333333333333,0.0,4,0.0,4,100.0,1
573,A3,Vertical lift motor,4,55,4,4,614,unstratified_random,74,126,94.81409660307276,Q3_40_60pct,0.24148722717541793,0.8,19.318978174033436,2,24.148722717541794,2,80.0,2
573,A4,AGV/shuttle drive unit,2,15,2,2,614,unstratified_random,71,118,142.21779435736028,Q5_longest_80_100pct,0.0,0.4,0.0,4,0.0,4,40.0,5
573,A5,Packing-station roller motor,3,35,3,2,614,unstratified_random,11,97,99.08741603137932,Q4_60_80pct,0.2073006717489655,0.5333333333333333,11.056035826611494,3,20.73006717489655,3,60.0,4
574,A1,Inbound conveyor motor,4,40,3,3,615,unstratified_random,32,48,58.21837314904572,Q2_20_40pct,0.5342530148076343,0.6666666666666667,35.61686765384229,3,53.42530148076343,4,80.0,2
574,A2,Sortation conveyor drive,5,80,5,4,615,unstratified_random,97,82,79.22371888224494,Q3_40_60pct,0.36621024894204046,0.9333333333333333,34.179623234590444,4,36.62102489420405,5,100.0,1
574,A3,Vertical lift motor,4,55,4,4,615,unstratified_random,82,9,13.00528536289486,Q1_shortest_0_20pct,0.8959577170968411,0.8,71.6766173677473,1,89.59577170968412,2,80.0,2
574,A4,AGV/shuttle drive unit,2,15,2,2,615,unstratified_random,40,28,26.358548153514647,Q1_shortest_0_20pct,0.7891316147718828,0.4,31.565264590875316,5,78.91316147718828,3,40.0,5
574,A5,Packing-station roller motor,3,35,3,2,615,unstratified_random,35,11,10.318035788709574,Q1_shortest_0_20pct,0.9174557136903234,0.5333333333333333,48.93097139681725,2,91.74557136903235,1,60.0,4
575,A1,Inbound conveyor motor,4,40,3,3,616,unstratified_random,86,89,88.09422089781806,Q3_40_60pct,0.29524623281745555,0.6666666666666667,19.683082187830372,4,29.524623281745555,4,80.0,2
575,A2,Sortation conveyor drive,5,80,5,4,616,unstratified_random,49,21,13.44996942007384,Q1_shortest_0_20pct,0.8924002446394093,0.9333333333333333,83.2906894996782,1,89.24002446394093,1,100.0,1
575,A3,Vertical lift motor,4,55,4,4,616,unstratified_random,38,50,47.55990877981797,Q2_20_40pct,0.6195207297614562,0.8,49.5616583809165,2,61.95207297614562,3,80.0,2
575,A4,AGV/shuttle drive unit,2,15,2,2,616,unstratified_random,39,142,172.98448712201755,Q5_longest_80_100pct,0.0,0.4,0.0,5,0.0,5,40.0,5
575,A5,Packing-station roller motor,3,35,3,2,616,unstratified_random,92,20,25.16213385236525,Q1_shortest_0_20pct,0.798702929181078,0.5333333333333333,42.597489556324156,3,79.8702929181078,2,60.0,4
576,A1,Inbound conveyor motor,4,40,3,3,617,unstratified_random,4,82,87.20565932033077,Q3_40_60pct,0.30235472543735387,0.6666666666666667,20.156981695823593,3,30.235472543735387,3,80.0,2
576,A2,Sortation conveyor drive,5,80,5,4,617,unstratified_random,63,72,60.45894799885493,Q2_20_40pct,0.5163284160091606,0.9333333333333333,48.19065216085499,1,51.63284160091606,2,100.0,1
576,A3,Vertical lift motor,4,55,4,4,617,unstratified_random,10,96,99.04426828245136,Q3_40_60pct,0.20764585374038913,0.8,16.61166829923113,4,20.764585374038912,4,80.0,2
576,A4,AGV/shuttle drive unit,2,15,2,2,617,unstratified_random,24,20,32.316305129135706,Q1_shortest_0_20pct,0.7414695589669144,0.4,29.658782358676575,2,74.14695589669144,1,40.0,5
576,A5,Packing-station roller motor,3,35,3,2,617,unstratified_random,2,98,142.91341211911944,Q5_longest_80_100pct,0.0,0.5333333333333333,0.0,5,0.0,5,60.0,4
577,A1,Inbound conveyor motor,4,40,3,3,618,unstratified_random,17,50,51.778940468972905,Q2_20_40pct,0.5857684762482167,0.6666666666666667,39.05123174988112,2,58.57684762482167,3,80.0,2
577,A2,Sortation conveyor drive,5,80,5,4,618,unstratified_random,77,34,40.64323409645428,Q2_20_40pct,0.6748541272283658,0.9333333333333333,62.98638520798082,1,67.48541272283659,1,100.0,1
577,A3,Vertical lift motor,4,55,4,4,618,unstratified_random,9,111,137.60480848618022,Q5_longest_80_100pct,0.0,0.8,0.0,5,0.0,5,80.0,2
577,A4,AGV/shuttle drive unit,2,15,2,2,618,unstratified_random,62,54,60.376193576182295,Q2_20_40pct,0.5169904513905417,0.4,20.679618055621667,4,51.699045139054164,4,40.0,5
577,A5,Packing-station roller motor,3,35,3,2,618,unstratified_random,52,29,40.87621681240515,Q2_20_40pct,0.6729902655007588,0.5333333333333333,35.892814160040466,3,67.29902655007588,2,60.0,4
578,A1,Inbound conveyor motor,4,40,3,3,619,unstratified_random,34,7,11.177676889867849,Q1_shortest_0_20pct,0.9105785848810573,0.6666666666666667,60.70523899207049,2,91.05785848810572,1,80.0,2
578,A2,Sortation conveyor drive,5,80,5,4,619,unstratified_random,49,21,13.44996942007384,Q1_shortest_0_20pct,0.8924002446394093,0.9333333333333333,83.2906894996782,1,89.24002446394093,2,100.0,1
578,A3,Vertical lift motor,4,55,4,4,619,unstratified_random,14,107,146.91015946253862,Q5_longest_80_100pct,0.0,0.8,0.0,5,0.0,5,80.0,2
578,A4,AGV/shuttle drive unit,2,15,2,2,619,unstratified_random,56,15,16.158144448588526,Q1_shortest_0_20pct,0.8707348444112918,0.4,34.829393776451674,3,87.07348444112918,3,40.0,5
578,A5,Packing-station roller motor,3,35,3,2,619,unstratified_random,70,94,86.32146123836584,Q3_40_60pct,0.30942831009307326,0.5333333333333333,16.502843204963906,4,30.942831009307326,4,60.0,4
579,A1,Inbound conveyor motor,4,40,3,3,620,unstratified_random,90,28,30.303009041002955,Q1_shortest_0_20pct,0.7575759276719763,0.6666666666666667,50.505061844798426,2,75.75759276719764,1,80.0,2
579,A2,Sortation conveyor drive,5,80,5,4,620,unstratified_random,46,47,45.79841882029448,Q2_20_40pct,0.6336126494376442,0.9333333333333333,59.137180614180124,1,63.36126494376442,2,100.0,1
579,A3,Vertical lift motor,4,55,4,4,620,unstratified_random,83,137,136.40747067846124,Q5_longest_80_100pct,0.0,0.8,0.0,5,0.0,5,80.0,2
579,A4,AGV/shuttle drive unit,2,15,2,2,620,unstratified_random,55,137,118.91039914419324,Q4_60_80pct,0.048716806846454075,0.4,1.948672273858163,4,4.8716806846454075,4,40.0,5
579,A5,Packing-station roller motor,3,35,3,2,620,unstratified_random,98,59,85.21286900885234,Q3_40_60pct,0.31829704792918134,0.5333333333333333,16.975842556223007,3,31.829704792918136,3,60.0,4
580,A1,Inbound conveyor motor,4,40,3,3,621,unstratified_random,64,28,47.55027096178691,Q2_20_40pct,0.6195978323057048,0.6666666666666667,41.30652215371365,1,61.95978323057047,2,80.0,2
580,A2,Sortation conveyor drive,5,80,5,4,621,unstratified_random,28,97,94.6987062048556,Q3_40_60pct,0.2424103503611552,0.9333333333333333,22.624966033707818,3,24.24103503611552,3,100.0,1
580,A3,Vertical lift motor,4,55,4,4,621,unstratified_random,50,79,131.9611497166465,Q4_60_80pct,0.0,0.8,0.0,5,0.0,5,80.0,2
580,A4,AGV/shuttle drive unit,2,15,2,2,621,unstratified_random,51,114,102.38736822787688,Q4_60_80pct,0.180901054176985,0.4,7.2360421670794,4,18.0901054176985,4,40.0,5
580,A5,Packing-station roller motor,3,35,3,2,621,unstratified_random,93,85,42.17809886645809,Q2_20_40pct,0.6625752090683352,0.5333333333333333,35.33734448364454,2,66.25752090683352,1,60.0,4
581,A1,Inbound conveyor motor,4,40,3,3,622,unstratified_random,2,98,142.91341211911944,Q5_longest_80_100pct,0.0,0.6666666666666667,0.0,5,0.0,5,80.0,2
581,A2,Sortation conveyor drive,5,80,5,4,622,unstratified_random,36,19,22.29101002400674,Q1_shortest_0_20pct,0.8216719198079461,0.9333333333333333,76.68937918207497,1,82.16719198079461,1,100.0,1
581,A3,Vertical lift motor,4,55,4,4,622,unstratified_random,29,90,101.07862421817065,Q4_60_80pct,0.19137100625463488,0.8,15.309680500370792,3,19.13710062546349,3,80.0,2
581,A4,AGV/shuttle drive unit,2,15,2,2,622,unstratified_random,6,93,105.6201183358804,Q4_60_80pct,0.15503905331295675,0.4,6.20156213251827,4,15.503905331295675,4,40.0,5
581,A5,Packing-station roller motor,3,35,3,2,622,unstratified_random,18,28,60.32803578156674,Q2_20_40pct,0.5173757137474662,0.5333333333333333,27.59337139986486,2,51.737571374746615,2,60.0,4
582,A1,Inbound conveyor motor,4,40,3,3,623,unstratified_random,74,126,94.81409660307276,Q3_40_60pct,0.24148722717541793,0.6666666666666667,16.099148478361197,3,24.148722717541794,3,80.0,2
582,A2,Sortation conveyor drive,5,80,5,4,623,unstratified_random,87,116,144.3579823471946,Q5_longest_80_100pct,0.0,0.9333333333333333,0.0,5,0.0,5,100.0,1
582,A3,Vertical lift motor,4,55,4,4,623,unstratified_random,72,50,70.20451782538055,Q3_40_60pct,0.4383638573969556,0.8,35.06910859175645,2,43.83638573969556,2,80.0,2
582,A4,AGV/shuttle drive unit,2,15,2,2,623,unstratified_random,5,91,97.4316568366386,Q3_40_60pct,0.22054674530689122,0.4,8.821869812275649,4,22.054674530689123,4,40.0,5
582,A5,Packing-station roller motor,3,35,3,2,623,unstratified_random,68,8,14.299954503479244,Q1_shortest_0_20pct,0.885600363972166,0.5333333333333333,47.23201941184885,1,88.5600363972166,1,60.0,4
583,A1,Inbound conveyor motor,4,40,3,3,624,unstratified_random,9,111,137.60480848618022,Q5_longest_80_100pct,0.0,0.6666666666666667,0.0,5,0.0,5,80.0,2
583,A2,Sortation conveyor drive,5,80,5,4,624,unstratified_random,58,37,44.85465760060767,Q2_20_40pct,0.6411627391951387,0.9333333333333333,59.84185565821295,2,64.11627391951387,2,100.0,1
583,A3,Vertical lift motor,4,55,4,4,624,unstratified_random,76,10,10.049433434661326,Q1_shortest_0_20pct,0.9196045325227094,0.8,73.56836260181676,1,91.96045325227094,1,80.0,2
583,A4,AGV/shuttle drive unit,2,15,2,2,624,unstratified_random,3,69,51.59437184534412,Q2_20_40pct,0.587245025237247,0.4,23.48980100948988,3,58.724502523724695,3,40.0,5
583,A5,Packing-station roller motor,3,35,3,2,624,unstratified_random,26,119,123.02499684692152,Q4_60_80pct,0.015800025224627756,0.5333333333333333,0.842668011980147,4,1.5800025224627756,4,60.0,4
584,A1,Inbound conveyor motor,4,40,3,3,625,unstratified_random,40,28,26.358548153514647,Q1_shortest_0_20pct,0.7891316147718828,0.6666666666666667,52.608774318125526,2,78.91316147718828,2,80.0,2
584,A2,Sortation conveyor drive,5,80,5,4,625,unstratified_random,56,15,16.158144448588526,Q1_shortest_0_20pct,0.8707348444112918,0.9333333333333333,81.26858547838724,1,87.07348444112918,1,100.0,1
584,A3,Vertical lift motor,4,55,4,4,625,unstratified_random,47,135,121.81629897102604,Q4_60_80pct,0.025469608231791674,0.8,2.037568658543334,4,2.5469608231791674,4,80.0,2
584,A4,AGV/shuttle drive unit,2,15,2,2,625,unstratified_random,83,137,136.40747067846124,Q5_longest_80_100pct,0.0,0.4,0.0,5,0.0,5,40.0,5
584,A5,Packing-station roller motor,3,35,3,2,625,unstratified_random,37,21,54.159061654098565,Q2_20_40pct,0.5667275067672115,0.5333333333333333,30.225467027584614,3,56.67275067672115,3,60.0,4
585,A1,Inbound conveyor motor,4,40,3,3,626,unstratified_random,45,114,76.03056963373365,Q3_40_60pct,0.39175544293013076,0.6666666666666667,26.117029528675385,2,39.175544293013076,2,80.0,2
585,A2,Sortation conveyor drive,5,80,5,4,626,unstratified_random,61,21,41.30030317056766,Q2_20_40pct,0.6695975746354588,0.9333333333333333,62.49577363264282,1,66.95975746354588,1,100.0,1
585,A3,Vertical lift motor,4,55,4,4,626,unstratified_random,87,116,144.3579823471946,Q5_longest_80_100pct,0.0,0.8,0.0,3,0.0,3,80.0,2
585,A4,AGV/shuttle drive unit,2,15,2,2,626,unstratified_random,22,111,163.77680736738688,Q5_longest_80_100pct,0.0,0.4,0.0,3,0.0,3,40.0,5
585,A5,Packing-station roller motor,3,35,3,2,626,unstratified_random,78,107,158.8500624677376,Q5_longest_80_100pct,0.0,0.5333333333333333,0.0,3,0.0,3,60.0,4
586,A1,Inbound conveyor motor,4,40,3,3,627,unstratified_random,85,118,162.2981284023822,Q5_longest_80_100pct,0.0,0.6666666666666667,0.0,4,0.0,4,80.0,2
586,A2,Sortation conveyor drive,5,80,5,4,627,unstratified_random,19,87,106.94874018187056,Q4_60_80pct,0.14441007854503551,0.9333333333333333,13.478273997536649,2,14.441007854503551,3,100.0,1
586,A3,Vertical lift motor,4,55,4,4,627,unstratified_random,15,83,158.0175356684317,Q5_longest_80_100pct,0.0,0.8,0.0,4,0.0,4,80.0,2
586,A4,AGV/shuttle drive unit,2,15,2,2,627,unstratified_random,51,114,102.38736822787688,Q4_60_80pct,0.180901054176985,0.4,7.2360421670794,3,18.0901054176985,2,40.0,5
586,A5,Packing-station roller motor,3,35,3,2,627,unstratified_random,4,82,87.20565932033077,Q3_40_60pct,0.30235472543735387,0.5333333333333333,16.125585356658874,1,30.235472543735387,1,60.0,4
587,A1,Inbound conveyor motor,4,40,3,3,628,unstratified_random,92,20,25.16213385236525,Q1_shortest_0_20pct,0.798702929181078,0.6666666666666667,53.2468619454052,1,79.8702929181078,2,80.0,2
587,A2,Sortation conveyor drive,5,80,5,4,628,unstratified_random,79,63,95.26087986485147,Q3_40_60pct,0.2379129610811882,0.9333333333333333,22.2052097009109,3,23.79129610811882,4,100.0,1
587,A3,Vertical lift motor,4,55,4,4,628,unstratified_random,95,128,130.5679549560598,Q4_60_80pct,0.0,0.8,0.0,5,0.0,5,80.0,2
587,A4,AGV/shuttle drive unit,2,15,2,2,628,unstratified_random,56,15,16.158144448588526,Q1_shortest_0_20pct,0.8707348444112918,0.4,34.829393776451674,2,87.07348444112918,1,40.0,5
587,A5,Packing-station roller motor,3,35,3,2,628,unstratified_random,7,91,94.3787722014587,Q3_40_60pct,0.24496982238833043,0.5333333333333333,13.065057194044288,4,24.49698223883304,3,60.0,4
588,A1,Inbound conveyor motor,4,40,3,3,629,unstratified_random,86,89,88.09422089781806,Q3_40_60pct,0.29524623281745555,0.6666666666666667,19.683082187830372,2,29.524623281745555,2,80.0,2
588,A2,Sortation conveyor drive,5,80,5,4,629,unstratified_random,82,9,13.00528536289486,Q1_shortest_0_20pct,0.8959577170968411,0.9333333333333333,83.62272026237184,1,89.59577170968412,1,100.0,1
588,A3,Vertical lift motor,4,55,4,4,629,unstratified_random,78,107,158.8500624677376,Q5_longest_80_100pct,0.0,0.8,0.0,4,0.0,4,80.0,2
588,A4,AGV/shuttle drive unit,2,15,2,2,629,unstratified_random,69,121,148.86538698158105,Q5_longest_80_100pct,0.0,0.4,0.0,4,0.0,4,40.0,5
588,A5,Packing-station roller motor,3,35,3,2,629,unstratified_random,10,96,99.04426828245136,Q3_40_60pct,0.20764585374038913,0.5333333333333333,11.074445532820754,3,20.764585374038912,3,60.0,4
589,A1,Inbound conveyor motor,4,40,3,3,630,unstratified_random,55,137,118.91039914419324,Q4_60_80pct,0.048716806846454075,0.6666666666666667,3.2477871230969386,3,4.8716806846454075,3,80.0,2
589,A2,Sortation conveyor drive,5,80,5,4,630,unstratified_random,1,112,181.7937722618632,Q5_longest_80_100pct,0.0,0.9333333333333333,0.0,4,0.0,4,100.0,1
589,A3,Vertical lift motor,4,55,4,4,630,unstratified_random,33,106,142.7935583123275,Q5_longest_80_100pct,0.0,0.8,0.0,4,0.0,4,80.0,2
589,A4,AGV/shuttle drive unit,2,15,2,2,630,unstratified_random,36,19,22.29101002400674,Q1_shortest_0_20pct,0.8216719198079461,0.4,32.866876792317846,2,82.16719198079461,2,40.0,5
589,A5,Packing-station roller motor,3,35,3,2,630,unstratified_random,34,7,11.177676889867849,Q1_shortest_0_20pct,0.9105785848810573,0.5333333333333333,48.564191193656384,1,91.05785848810572,1,60.0,4
590,A1,Inbound conveyor motor,4,40,3,3,631,unstratified_random,12,124,90.15767382323185,Q3_40_60pct,0.2787386094141452,0.6666666666666667,18.582573960943016,4,27.87386094141452,5,80.0,2
590,A2,Sortation conveyor drive,5,80,5,4,631,unstratified_random,63,72,60.45894799885493,Q2_20_40pct,0.5163284160091606,0.9333333333333333,48.19065216085499,2,51.63284160091606,3,100.0,1
590,A3,Vertical lift motor,4,55,4,4,631,unstratified_random,53,26,32.51632437126566,Q1_shortest_0_20pct,0.7398694050298746,0.8,59.18955240238998,1,73.98694050298747,1,80.0,2
590,A4,AGV/shuttle drive unit,2,15,2,2,631,unstratified_random,17,50,51.778940468972905,Q2_20_40pct,0.5857684762482167,0.4,23.43073904992867,3,58.57684762482167,2,40.0,5
590,A5,Packing-station roller motor,3,35,3,2,631,unstratified_random,86,89,88.09422089781806,Q3_40_60pct,0.29524623281745555,0.5333333333333333,15.746465750264296,5,29.524623281745555,4,60.0,4
591,A1,Inbound conveyor motor,4,40,3,3,632,unstratified_random,55,137,118.91039914419324,Q4_60_80pct,0.048716806846454075,0.6666666666666667,3.2477871230969386,4,4.8716806846454075,4,80.0,2
591,A2,Sortation conveyor drive,5,80,5,4,632,unstratified_random,65,128,151.46723766284128,Q5_longest_80_100pct,0.0,0.9333333333333333,0.0,5,0.0,5,100.0,1
591,A3,Vertical lift motor,4,55,4,4,632,unstratified_random,8,95,75.96907893735971,Q3_40_60pct,0.3922473685011223,0.8,31.379789480089784,2,39.22473685011223,2,80.0,2
591,A4,AGV/shuttle drive unit,2,15,2,2,632,unstratified_random,35,11,10.318035788709574,Q1_shortest_0_20pct,0.9174557136903234,0.4,36.69822854761294,1,91.74557136903235,1,40.0,5
591,A5,Packing-station roller motor,3,35,3,2,632,unstratified_random,45,114,76.03056963373365,Q3_40_60pct,0.39175544293013076,0.5333333333333333,20.893623622940307,3,39.175544293013076,3,60.0,4
592,A1,Inbound conveyor motor,4,40,3,3,633,unstratified_random,39,142,172.98448712201755,Q5_longest_80_100pct,0.0,0.6666666666666667,0.0,4,0.0,4,80.0,2
592,A2,Sortation conveyor drive,5,80,5,4,633,unstratified_random,34,7,11.177676889867849,Q1_shortest_0_20pct,0.9105785848810573,0.9333333333333333,84.98733458889868,1,91.05785848810572,1,100.0,1
592,A3,Vertical lift motor,4,55,4,4,633,unstratified_random,9,111,137.60480848618022,Q5_longest_80_100pct,0.0,0.8,0.0,4,0.0,4,80.0,2
592,A4,AGV/shuttle drive unit,2,15,2,2,633,unstratified_random,77,34,40.64323409645428,Q2_20_40pct,0.6748541272283658,0.4,26.994165089134636,3,67.48541272283659,2,40.0,5
592,A5,Packing-station roller motor,3,35,3,2,633,unstratified_random,61,21,41.30030317056766,Q2_20_40pct,0.6695975746354588,0.5333333333333333,35.71187064722447,2,66.95975746354588,3,60.0,4
593,A1,Inbound conveyor motor,4,40,3,3,634,unstratified_random,91,38,26.859272201960557,Q1_shortest_0_20pct,0.7851258223843156,0.6666666666666667,52.34172149228771,1,78.51258223843156,2,80.0,2
593,A2,Sortation conveyor drive,5,80,5,4,634,unstratified_random,75,113,125.9355598567823,Q4_60_80pct,0.0,0.9333333333333333,0.0,5,0.0,5,100.0,1
593,A3,Vertical lift motor,4,55,4,4,634,unstratified_random,57,103,83.29315372594353,Q3_40_60pct,0.3336547701924518,0.8,26.692381615396148,3,33.36547701924518,3,80.0,2
593,A4,AGV/shuttle drive unit,2,15,2,2,634,unstratified_random,98,59,85.21286900885234,Q3_40_60pct,0.31829704792918134,0.4,12.731881917167255,4,31.829704792918136,4,40.0,5
593,A5,Packing-station roller motor,3,35,3,2,634,unstratified_random,34,7,11.177676889867849,Q1_shortest_0_20pct,0.9105785848810573,0.5333333333333333,48.564191193656384,2,91.05785848810572,1,60.0,4
594,A1,Inbound conveyor motor,4,40,3,3,635,unstratified_random,67,77,138.84222319134904,Q5_longest_80_100pct,0.0,0.6666666666666667,0.0,5,0.0,5,80.0,2
594,A2,Sortation conveyor drive,5,80,5,4,635,unstratified_random,31,8,23.83573742078014,Q1_shortest_0_20pct,0.8093141006337589,0.9333333333333333,75.5359827258175,1,80.93141006337589,2,100.0,1
594,A3,Vertical lift motor,4,55,4,4,635,unstratified_random,86,89,88.09422089781806,Q3_40_60pct,0.29524623281745555,0.8,23.619698625396445,4,29.524623281745555,4,80.0,2
594,A4,AGV/shuttle drive unit,2,15,2,2,635,unstratified_random,82,9,13.00528536289486,Q1_shortest_0_20pct,0.8959577170968411,0.4,35.83830868387365,3,89.59577170968412,1,40.0,5
594,A5,Packing-station roller motor,3,35,3,2,635,unstratified_random,40,28,26.358548153514647,Q1_shortest_0_20pct,0.7891316147718828,0.5333333333333333,42.087019454500414,2,78.91316147718828,3,60.0,4
595,A1,Inbound conveyor motor,4,40,3,3,636,unstratified_random,1,112,181.7937722618632,Q5_longest_80_100pct,0.0,0.6666666666666667,0.0,5,0.0,5,80.0,2
595,A2,Sortation conveyor drive,5,80,5,4,636,unstratified_random,61,21,41.30030317056766,Q2_20_40pct,0.6695975746354588,0.9333333333333333,62.49577363264282,1,66.95975746354588,2,100.0,1
595,A3,Vertical lift motor,4,55,4,4,636,unstratified_random,10,96,99.04426828245136,Q3_40_60pct,0.20764585374038913,0.8,16.61166829923113,4,20.764585374038912,4,80.0,2
595,A4,AGV/shuttle drive unit,2,15,2,2,636,unstratified_random,37,21,54.159061654098565,Q2_20_40pct,0.5667275067672115,0.4,22.66910027068846,3,56.67275067672115,3,40.0,5
595,A5,Packing-station roller motor,3,35,3,2,636,unstratified_random,20,16,23.928748965669588,Q1_shortest_0_20pct,0.8085700082746433,0.5333333333333333,43.12373377464765,2,80.85700082746433,1,60.0,4
596,A1,Inbound conveyor motor,4,40,3,3,637,unstratified_random,38,50,47.55990877981797,Q2_20_40pct,0.6195207297614562,0.6666666666666667,41.301381984097084,1,61.95207297614562,2,80.0,2
596,A2,Sortation conveyor drive,5,80,5,4,637,unstratified_random,19,87,106.94874018187056,Q4_60_80pct,0.14441007854503551,0.9333333333333333,13.478273997536649,4,14.441007854503551,4,100.0,1
596,A3,Vertical lift motor,4,55,4,4,637,unstratified_random,15,83,158.0175356684317,Q5_longest_80_100pct,0.0,0.8,0.0,5,0.0,5,80.0,2
596,A4,AGV/shuttle drive unit,2,15,2,2,637,unstratified_random,20,16,23.928748965669588,Q1_shortest_0_20pct,0.8085700082746433,0.4,32.34280033098573,2,80.85700082746433,1,40.0,5
596,A5,Packing-station roller motor,3,35,3,2,637,unstratified_random,63,72,60.45894799885493,Q2_20_40pct,0.5163284160091606,0.5333333333333333,27.537515520488565,3,51.63284160091606,3,60.0,4
597,A1,Inbound conveyor motor,4,40,3,3,638,unstratified_random,83,137,136.40747067846124,Q5_longest_80_100pct,0.0,0.6666666666666667,0.0,3,0.0,3,80.0,2
597,A2,Sortation conveyor drive,5,80,5,4,638,unstratified_random,42,10,15.95535794283765,Q1_shortest_0_20pct,0.8723571364572988,0.9333333333333333,81.41999940268123,1,87.23571364572989,1,100.0,1
597,A3,Vertical lift motor,4,55,4,4,638,unstratified_random,71,118,142.21779435736028,Q5_longest_80_100pct,0.0,0.8,0.0,3,0.0,3,80.0,2
597,A4,AGV/shuttle drive unit,2,15,2,2,638,unstratified_random,30,115,88.96761601985438,Q3_40_60pct,0.28825907184116495,0.4,11.530362873646599,2,28.825907184116495,2,40.0,5
597,A5,Packing-station roller motor,3,35,3,2,638,unstratified_random,67,77,138.84222319134904,Q5_longest_80_100pct,0.0,0.5333333333333333,0.0,3,0.0,3,60.0,4
598,A1,Inbound conveyor motor,4,40,3,3,639,unstratified_random,85,118,162.2981284023822,Q5_longest_80_100pct,0.0,0.6666666666666667,0.0,5,0.0,5,80.0,2
598,A2,Sortation conveyor drive,5,80,5,4,639,unstratified_random,91,38,26.859272201960557,Q1_shortest_0_20pct,0.7851258223843156,0.9333333333333333,73.2784100892028,1,78.51258223843156,1,100.0,1
598,A3,Vertical lift motor,4,55,4,4,639,unstratified_random,84,58,54.07820667708313,Q2_20_40pct,0.567374346583335,0.8,45.389947726666804,2,56.7374346583335,3,80.0,2
598,A4,AGV/shuttle drive unit,2,15,2,2,639,unstratified_random,38,50,47.55990877981797,Q2_20_40pct,0.6195207297614562,0.4,24.78082919045825,3,61.95207297614562,2,40.0,5
598,A5,Packing-station roller motor,3,35,3,2,639,unstratified_random,89,136,96.67220915776228,Q3_40_60pct,0.22662232673790172,0.5333333333333333,12.08652409268809,4,22.66223267379017,4,60.0,4
599,A1,Inbound conveyor motor,4,40,3,3,640,unstratified_random,34,7,11.177676889867849,Q1_shortest_0_20pct,0.9105785848810573,0.6666666666666667,60.70523899207049,2,91.05785848810572,1,80.0,2
599,A2,Sortation conveyor drive,5,80,5,4,640,unstratified_random,56,15,16.158144448588526,Q1_shortest_0_20pct,0.8707348444112918,0.9333333333333333,81.26858547838724,1,87.07348444112918,2,100.0,1
599,A3,Vertical lift motor,4,55,4,4,640,unstratified_random,94,55,48.61299679912422,Q2_20_40pct,0.6110960256070063,0.8,48.88768204856051,3,61.10960256070063,4,80.0,2
599,A4,AGV/shuttle drive unit,2,15,2,2,640,unstratified_random,55,137,118.91039914419324,Q4_60_80pct,0.048716806846454075,0.4,1.948672273858163,5,4.8716806846454075,5,40.0,5
599,A5,Packing-station roller motor,3,35,3,2,640,unstratified_random,77,34,40.64323409645428,Q2_20_40pct,0.6748541272283658,0.5333333333333333,35.99222011884618,4,67.48541272283659,3,60.0,4
600,A1,Inbound conveyor motor,4,40,3,3,641,unstratified_random,74,126,94.81409660307276,Q3_40_60pct,0.24148722717541793,0.6666666666666667,16.099148478361197,3,24.148722717541794,3,80.0,2
600,A2,Sortation conveyor drive,5,80,5,4,641,unstratified_random,7,91,94.3787722014587,Q3_40_60pct,0.24496982238833043,0.9333333333333333,22.863850089577507,2,24.49698223883304,2,100.0,1
600,A3,Vertical lift motor,4,55,4,4,641,unstratified_random,49,21,13.44996942007384,Q1_shortest_0_20pct,0.8924002446394093,0.8,71.39201957115274,1,89.24002446394093,1,80.0,2
600,A4,AGV/shuttle drive unit,2,15,2,2,641,unstratified_random,96,137,137.09402180530702,Q5_longest_80_100pct,0.0,0.4,0.0,5,0.0,5,40.0,5
600,A5,Packing-station roller motor,3,35,3,2,641,unstratified_random,89,136,96.67220915776228,Q3_40_60pct,0.22662232673790172,0.5333333333333333,12.08652409268809,4,22.66223267379017,4,60.0,4
601,A1,Inbound conveyor motor,4,40,3,3,642,unstratified_random,53,26,32.51632437126566,Q1_shortest_0_20pct,0.7398694050298746,0.6666666666666667,49.32462700199165,1,73.98694050298747,1,80.0,2
601,A2,Sortation conveyor drive,5,80,5,4,642,unstratified_random,72,50,70.20451782538055,Q3_40_60pct,0.4383638573969556,0.9333333333333333,40.91396002371585,2,43.83638573969556,2,100.0,1
601,A3,Vertical lift motor,4,55,4,4,642,unstratified_random,28,97,94.6987062048556,Q3_40_60pct,0.2424103503611552,0.8,19.392828028892417,3,24.24103503611552,3,80.0,2
601,A4,AGV/shuttle drive unit,2,15,2,2,642,unstratified_random,54,97,127.42576425394527,Q4_60_80pct,0.0,0.4,0.0,4,0.0,4,40.0,5
601,A5,Packing-station roller motor,3,35,3,2,642,unstratified_random,23,113,135.36716530023588,Q4_60_80pct,0.0,0.5333333333333333,0.0,4,0.0,4,60.0,4
602,A1,Inbound conveyor motor,4,40,3,3,643,unstratified_random,3,69,51.59437184534412,Q2_20_40pct,0.587245025237247,0.6666666666666667,39.1496683491498,1,58.724502523724695,1,80.0,2
602,A2,Sortation conveyor drive,5,80,5,4,643,unstratified_random,73,131,128.00577343113736,Q4_60_80pct,0.0,0.9333333333333333,0.0,4,0.0,4,100.0,1
602,A3,Vertical lift motor,4,55,4,4,643,unstratified_random,83,137,136.40747067846124,Q5_longest_80_100pct,0.0,0.8,0.0,4,0.0,4,80.0,2
602,A4,AGV/shuttle drive unit,2,15,2,2,643,unstratified_random,51,114,102.38736822787688,Q4_60_80pct,0.180901054176985,0.4,7.2360421670794,3,18.0901054176985,3,40.0,5
602,A5,Packing-station roller motor,3,35,3,2,643,unstratified_random,8,95,75.96907893735971,Q3_40_60pct,0.3922473685011223,0.5333333333333333,20.91985965339319,2,39.22473685011223,2,60.0,4
603,A1,Inbound conveyor motor,4,40,3,3,644,unstratified_random,50,79,131.9611497166465,Q4_60_80pct,0.0,0.6666666666666667,0.0,4,0.0,4,80.0,2
603,A2,Sortation conveyor drive,5,80,5,4,644,unstratified_random,68,8,14.299954503479244,Q1_shortest_0_20pct,0.885600363972166,0.9333333333333333,82.6560339707355,1,88.5600363972166,1,100.0,1
603,A3,Vertical lift motor,4,55,4,4,644,unstratified_random,73,131,128.00577343113736,Q4_60_80pct,0.0,0.8,0.0,4,0.0,4,80.0,2
603,A4,AGV/shuttle drive unit,2,15,2,2,644,unstratified_random,64,28,47.55027096178691,Q2_20_40pct,0.6195978323057048,0.4,24.783913292228192,2,61.95978323057047,2,40.0,5
603,A5,Packing-station roller motor,3,35,3,2,644,unstratified_random,29,90,101.07862421817065,Q4_60_80pct,0.19137100625463488,0.5333333333333333,10.20645366691386,3,19.13710062546349,3,60.0,4
604,A1,Inbound conveyor motor,4,40,3,3,645,unstratified_random,60,100,104.41961816061556,Q4_60_80pct,0.16464305471507557,0.6666666666666667,10.976203647671706,2,16.464305471507558,3,80.0,2
604,A2,Sortation conveyor drive,5,80,5,4,645,unstratified_random,23,113,135.36716530023588,Q4_60_80pct,0.0,0.9333333333333333,0.0,5,0.0,5,100.0,1
604,A3,Vertical lift motor,4,55,4,4,645,unstratified_random,43,59,63.79604805149177,Q2_20_40pct,0.4896316155880658,0.8,39.170529247045266,1,48.963161558806576,1,80.0,2
604,A4,AGV/shuttle drive unit,2,15,2,2,645,unstratified_random,13,95,93.13834255441226,Q3_40_60pct,0.2548932595647019,0.4,10.195730382588076,3,25.48932595647019,2,40.0,5
604,A5,Packing-station roller motor,3,35,3,2,645,unstratified_random,19,87,106.94874018187056,Q4_60_80pct,0.14441007854503551,0.5333333333333333,7.701870855735227,4,14.441007854503551,4,60.0,4
605,A1,Inbound conveyor motor,4,40,3,3,646,unstratified_random,42,10,15.95535794283765,Q1_shortest_0_20pct,0.8723571364572988,0.6666666666666667,58.1571424304866,2,87.23571364572989,2,80.0,2
605,A2,Sortation conveyor drive,5,80,5,4,646,unstratified_random,35,11,10.318035788709574,Q1_shortest_0_20pct,0.9174557136903234,0.9333333333333333,85.6291999444302,1,91.74557136903235,1,100.0,1
605,A3,Vertical lift motor,4,55,4,4,646,unstratified_random,16,84,112.36753252847032,Q4_60_80pct,0.10105973977223748,0.8,8.084779181778998,4,10.105973977223748,4,80.0,2
605,A4,AGV/shuttle drive unit,2,15,2,2,646,unstratified_random,95,128,130.5679549560598,Q4_60_80pct,0.0,0.4,0.0,5,0.0,5,40.0,5
605,A5,Packing-station roller motor,3,35,3,2,646,unstratified_random,58,37,44.85465760060767,Q2_20_40pct,0.6411627391951387,0.5333333333333333,34.1953460904074,3,64.11627391951387,3,60.0,4
606,A1,Inbound conveyor motor,4,40,3,3,647,unstratified_random,55,137,118.91039914419324,Q4_60_80pct,0.048716806846454075,0.6666666666666667,3.2477871230969386,4,4.8716806846454075,4,80.0,2
606,A2,Sortation conveyor drive,5,80,5,4,647,unstratified_random,87,116,144.3579823471946,Q5_longest_80_100pct,0.0,0.9333333333333333,0.0,5,0.0,5,100.0,1
606,A3,Vertical lift motor,4,55,4,4,647,unstratified_random,3,69,51.59437184534412,Q2_20_40pct,0.587245025237247,0.8,46.97960201897976,1,58.724502523724695,1,80.0,2
606,A4,AGV/shuttle drive unit,2,15,2,2,647,unstratified_random,16,84,112.36753252847032,Q4_60_80pct,0.10105973977223748,0.4,4.042389590889499,3,10.105973977223748,3,40.0,5
606,A5,Packing-station roller motor,3,35,3,2,647,unstratified_random,6,93,105.6201183358804,Q4_60_80pct,0.15503905331295675,0.5333333333333333,8.26874951002436,2,15.503905331295675,2,60.0,4
607,A1,Inbound conveyor motor,4,40,3,3,648,unstratified_random,65,128,151.46723766284128,Q5_longest_80_100pct,0.0,0.6666666666666667,0.0,4,0.0,4,80.0,2
607,A2,Sortation conveyor drive,5,80,5,4,648,unstratified_random,8,95,75.96907893735971,Q3_40_60pct,0.3922473685011223,0.9333333333333333,36.60975439343808,2,39.22473685011223,2,100.0,1
607,A3,Vertical lift motor,4,55,4,4,648,unstratified_random,36,19,22.29101002400674,Q1_shortest_0_20pct,0.8216719198079461,0.8,65.73375358463569,1,82.16719198079461,1,80.0,2
607,A4,AGV/shuttle drive unit,2,15,2,2,648,unstratified_random,11,97,99.08741603137932,Q4_60_80pct,0.2073006717489655,0.4,8.29202686995862,3,20.73006717489655,3,40.0,5
607,A5,Packing-station roller motor,3,35,3,2,648,unstratified_random,33,106,142.7935583123275,Q5_longest_80_100pct,0.0,0.5333333333333333,0.0,4,0.0,4,60.0,4
608,A1,Inbound conveyor motor,4,40,3,3,649,unstratified_random,79,63,95.26087986485147,Q3_40_60pct,0.2379129610811882,0.6666666666666667,15.860864072079217,4,23.79129610811882,4,80.0,2
608,A2,Sortation conveyor drive,5,80,5,4,649,unstratified_random,62,54,60.376193576182295,Q2_20_40pct,0.5169904513905417,0.9333333333333333,48.25244212978389,2,51.699045139054164,3,100.0,1
608,A3,Vertical lift motor,4,55,4,4,649,unstratified_random,81,8,12.767256508974471,Q1_shortest_0_20pct,0.8978619479282042,0.8,71.82895583425635,1,89.78619479282042,1,80.0,2
608,A4,AGV/shuttle drive unit,2,15,2,2,649,unstratified_random,22,111,163.77680736738688,Q5_longest_80_100pct,0.0,0.4,0.0,5,0.0,5,40.0,5
608,A5,Packing-station roller motor,3,35,3,2,649,unstratified_random,68,8,14.299954503479244,Q1_shortest_0_20pct,0.885600363972166,0.5333333333333333,47.23201941184885,3,88.5600363972166,2,60.0,4
609,A1,Inbound conveyor motor,4,40,3,3,650,unstratified_random,60,100,104.41961816061556,Q4_60_80pct,0.16464305471507557,0.6666666666666667,10.976203647671706,1,16.464305471507558,2,80.0,2
609,A2,Sortation conveyor drive,5,80,5,4,650,unstratified_random,96,137,137.09402180530702,Q5_longest_80_100pct,0.0,0.9333333333333333,0.0,4,0.0,4,100.0,1
609,A3,Vertical lift motor,4,55,4,4,650,unstratified_random,47,135,121.81629897102604,Q4_60_80pct,0.025469608231791674,0.8,2.037568658543334,3,2.5469608231791674,3,80.0,2
609,A4,AGV/shuttle drive unit,2,15,2,2,650,unstratified_random,10,96,99.04426828245136,Q3_40_60pct,0.20764585374038913,0.4,8.305834149615565,2,20.764585374038912,1,40.0,5
609,A5,Packing-station roller motor,3,35,3,2,650,unstratified_random,59,114,150.6488483670163,Q5_longest_80_100pct,0.0,0.5333333333333333,0.0,4,0.0,4,60.0,4
610,A1,Inbound conveyor motor,4,40,3,3,651,unstratified_random,86,89,88.09422089781806,Q3_40_60pct,0.29524623281745555,0.6666666666666667,19.683082187830372,3,29.524623281745555,3,80.0,2
610,A2,Sortation conveyor drive,5,80,5,4,651,unstratified_random,56,15,16.158144448588526,Q1_shortest_0_20pct,0.8707348444112918,0.9333333333333333,81.26858547838724,1,87.07348444112918,1,100.0,1
610,A3,Vertical lift motor,4,55,4,4,651,unstratified_random,11,97,99.08741603137932,Q4_60_80pct,0.2073006717489655,0.8,16.58405373991724,4,20.73006717489655,4,80.0,2
610,A4,AGV/shuttle drive unit,2,15,2,2,651,unstratified_random,99,117,132.87361758142774,Q4_60_80pct,0.0,0.4,0.0,5,0.0,5,40.0,5
610,A5,Packing-station roller motor,3,35,3,2,651,unstratified_random,21,57,67.90605820026097,Q2_20_40pct,0.4567515343979123,0.5333333333333333,24.360081834555324,2,45.67515343979123,2,60.0,4
611,A1,Inbound conveyor motor,4,40,3,3,652,unstratified_random,34,7,11.177676889867849,Q1_shortest_0_20pct,0.9105785848810573,0.6666666666666667,60.70523899207049,1,91.05785848810572,1,80.0,2
611,A2,Sortation conveyor drive,5,80,5,4,652,unstratified_random,5,91,97.4316568366386,Q3_40_60pct,0.22054674530689122,0.9333333333333333,20.584362895309848,3,22.054674530689123,3,100.0,1
611,A3,Vertical lift motor,4,55,4,4,652,unstratified_random,67,77,138.84222319134904,Q5_longest_80_100pct,0.0,0.8,0.0,4,0.0,4,80.0,2
611,A4,AGV/shuttle drive unit,2,15,2,2,652,unstratified_random,52,29,40.87621681240515,Q2_20_40pct,0.6729902655007588,0.4,26.919610620030355,2,67.29902655007588,2,40.0,5
611,A5,Packing-station roller motor,3,35,3,2,652,unstratified_random,23,113,135.36716530023588,Q4_60_80pct,0.0,0.5333333333333333,0.0,4,0.0,4,60.0,4
612,A1,Inbound conveyor motor,4,40,3,3,653,unstratified_random,60,100,104.41961816061556,Q4_60_80pct,0.16464305471507557,0.6666666666666667,10.976203647671706,5,16.464305471507558,5,80.0,2
612,A2,Sortation conveyor drive,5,80,5,4,653,unstratified_random,72,50,70.20451782538055,Q3_40_60pct,0.4383638573969556,0.9333333333333333,40.91396002371585,2,43.83638573969556,4,100.0,1
612,A3,Vertical lift motor,4,55,4,4,653,unstratified_random,62,54,60.376193576182295,Q2_20_40pct,0.5169904513905417,0.8,41.359236111243334,1,51.699045139054164,3,80.0,2
612,A4,AGV/shuttle drive unit,2,15,2,2,653,unstratified_random,38,50,47.55990877981797,Q2_20_40pct,0.6195207297614562,0.4,24.78082919045825,4,61.95207297614562,1,40.0,5
612,A5,Packing-station roller motor,3,35,3,2,653,unstratified_random,18,28,60.32803578156674,Q2_20_40pct,0.5173757137474662,0.5333333333333333,27.59337139986486,3,51.737571374746615,2,60.0,4
613,A1,Inbound conveyor motor,4,40,3,3,654,unstratified_random,95,128,130.5679549560598,Q4_60_80pct,0.0,0.6666666666666667,0.0,4,0.0,4,80.0,2
613,A2,Sortation conveyor drive,5,80,5,4,654,unstratified_random,30,115,88.96761601985438,Q3_40_60pct,0.28825907184116495,0.9333333333333333,26.90418003850873,2,28.825907184116495,3,100.0,1
613,A3,Vertical lift motor,4,55,4,4,654,unstratified_random,21,57,67.90605820026097,Q2_20_40pct,0.4567515343979123,0.8,36.54012275183299,1,45.67515343979123,2,80.0,2
613,A4,AGV/shuttle drive unit,2,15,2,2,654,unstratified_random,32,48,58.21837314904572,Q2_20_40pct,0.5342530148076343,0.4,21.370120592305373,3,53.42530148076343,1,40.0,5
613,A5,Packing-station roller motor,3,35,3,2,654,unstratified_random,99,117,132.87361758142774,Q4_60_80pct,0.0,0.5333333333333333,0.0,4,0.0,4,60.0,4
614,A1,Inbound conveyor motor,4,40,3,3,655,unstratified_random,3,69,51.59437184534412,Q2_20_40pct,0.587245025237247,0.6666666666666667,39.1496683491498,2,58.724502523724695,1,80.0,2
614,A2,Sortation conveyor drive,5,80,5,4,655,unstratified_random,84,58,54.07820667708313,Q2_20_40pct,0.567374346583335,0.9333333333333333,52.9549390144446,1,56.7374346583335,2,100.0,1
614,A3,Vertical lift motor,4,55,4,4,655,unstratified_random,59,114,150.6488483670163,Q5_longest_80_100pct,0.0,0.8,0.0,4,0.0,4,80.0,2
614,A4,AGV/shuttle drive unit,2,15,2,2,655,unstratified_random,21,57,67.90605820026097,Q2_20_40pct,0.4567515343979123,0.4,18.270061375916494,3,45.67515343979123,3,40.0,5
614,A5,Packing-station roller motor,3,35,3,2,655,unstratified_random,44,109,141.8287484510994,Q5_longest_80_100pct,0.0,0.5333333333333333,0.0,4,0.0,4,60.0,4
615,A1,Inbound conveyor motor,4,40,3,3,656,unstratified_random,79,63,95.26087986485147,Q3_40_60pct,0.2379129610811882,0.6666666666666667,15.860864072079217,3,23.79129610811882,3,80.0,2
615,A2,Sortation conveyor drive,5,80,5,4,656,unstratified_random,94,55,48.61299679912422,Q2_20_40pct,0.6110960256070063,0.9333333333333333,57.035629056653924,1,61.10960256070063,1,100.0,1
615,A3,Vertical lift motor,4,55,4,4,656,unstratified_random,4,82,87.20565932033077,Q3_40_60pct,0.30235472543735387,0.8,24.18837803498831,2,30.235472543735387,2,80.0,2
615,A4,AGV/shuttle drive unit,2,15,2,2,656,unstratified_random,14,107,146.91015946253862,Q5_longest_80_100pct,0.0,0.4,0.0,4,0.0,4,40.0,5
615,A5,Packing-station roller motor,3,35,3,2,656,unstratified_random,65,128,151.46723766284128,Q5_longest_80_100pct,0.0,0.5333333333333333,0.0,4,0.0,4,60.0,4
616,A1,Inbound conveyor motor,4,40,3,3,657,unstratified_random,83,137,136.40747067846124,Q5_longest_80_100pct,0.0,0.6666666666666667,0.0,3,0.0,3,80.0,2
616,A2,Sortation conveyor drive,5,80,5,4,657,unstratified_random,74,126,94.81409660307276,Q3_40_60pct,0.24148722717541793,0.9333333333333333,22.538807869705675,2,24.148722717541794,2,100.0,1
616,A3,Vertical lift motor,4,55,4,4,657,unstratified_random,75,113,125.9355598567823,Q4_60_80pct,0.0,0.8,0.0,3,0.0,3,80.0,2
616,A4,AGV/shuttle drive unit,2,15,2,2,657,unstratified_random,25,145,153.1932818222736,Q5_longest_80_100pct,0.0,0.4,0.0,3,0.0,3,40.0,5
616,A5,Packing-station roller motor,3,35,3,2,657,unstratified_random,68,8,14.299954503479244,Q1_shortest_0_20pct,0.885600363972166,0.5333333333333333,47.23201941184885,1,88.5600363972166,1,60.0,4
617,A1,Inbound conveyor motor,4,40,3,3,658,unstratified_random,45,114,76.03056963373365,Q3_40_60pct,0.39175544293013076,0.6666666666666667,26.117029528675385,2,39.175544293013076,2,80.0,2
617,A2,Sortation conveyor drive,5,80,5,4,658,unstratified_random,1,112,181.7937722618632,Q5_longest_80_100pct,0.0,0.9333333333333333,0.0,3,0.0,3,100.0,1
617,A3,Vertical lift motor,4,55,4,4,658,unstratified_random,14,107,146.91015946253862,Q5_longest_80_100pct,0.0,0.8,0.0,3,0.0,3,80.0,2
617,A4,AGV/shuttle drive unit,2,15,2,2,658,unstratified_random,66,14,11.46932688270492,Q1_shortest_0_20pct,0.9082453849383606,0.4,36.329815397534425,1,90.82453849383606,1,40.0,5
617,A5,Packing-station roller motor,3,35,3,2,658,unstratified_random,2,98,142.91341211911944,Q5_longest_80_100pct,0.0,0.5333333333333333,0.0,3,0.0,3,60.0,4
618,A1,Inbound conveyor motor,4,40,3,3,659,unstratified_random,2,98,142.91341211911944,Q5_longest_80_100pct,0.0,0.6666666666666667,0.0,3,0.0,3,80.0,2
618,A2,Sortation conveyor drive,5,80,5,4,659,unstratified_random,95,128,130.5679549560598,Q4_60_80pct,0.0,0.9333333333333333,0.0,3,0.0,3,100.0,1
618,A3,Vertical lift motor,4,55,4,4,659,unstratified_random,47,135,121.81629897102604,Q4_60_80pct,0.025469608231791674,0.8,2.037568658543334,2,2.5469608231791674,2,80.0,2
618,A4,AGV/shuttle drive unit,2,15,2,2,659,unstratified_random,97,82,79.22371888224494,Q3_40_60pct,0.36621024894204046,0.4,14.64840995768162,1,36.62102489420405,1,40.0,5
618,A5,Packing-station roller motor,3,35,3,2,659,unstratified_random,99,117,132.87361758142774,Q4_60_80pct,0.0,0.5333333333333333,0.0,3,0.0,3,60.0,4
619,A1,Inbound conveyor motor,4,40,3,3,660,unstratified_random,87,116,144.3579823471946,Q5_longest_80_100pct,0.0,0.6666666666666667,0.0,5,0.0,5,80.0,2
619,A2,Sortation conveyor drive,5,80,5,4,660,unstratified_random,80,90,79.47558250502735,Q3_40_60pct,0.36419533995978126,0.9333333333333333,33.99156506291292,2,36.41953399597813,4,100.0,1
619,A3,Vertical lift motor,4,55,4,4,660,unstratified_random,41,18,59.85486006548725,Q2_20_40pct,0.521161119476102,0.8,41.69288955808816,1,52.1161119476102,2,80.0,2
619,A4,AGV/shuttle drive unit,2,15,2,2,660,unstratified_random,40,28,26.358548153514647,Q1_shortest_0_20pct,0.7891316147718828,0.4,31.565264590875316,3,78.91316147718828,1,40.0,5
619,A5,Packing-station roller motor,3,35,3,2,660,unstratified_random,43,59,63.79604805149177,Q2_20_40pct,0.4896316155880658,0.5333333333333333,26.11368616469684,4,48.963161558806576,3,60.0,4
620,A1,Inbound conveyor motor,4,40,3,3,661,unstratified_random,2,98,142.91341211911944,Q5_longest_80_100pct,0.0,0.6666666666666667,0.0,3,0.0,3,80.0,2
620,A2,Sortation conveyor drive,5,80,5,4,661,unstratified_random,22,111,163.77680736738688,Q5_longest_80_100pct,0.0,0.9333333333333333,0.0,3,0.0,3,100.0,1
620,A3,Vertical lift motor,4,55,4,4,661,unstratified_random,52,29,40.87621681240515,Q2_20_40pct,0.6729902655007588,0.8,53.83922124006071,1,67.29902655007588,1,80.0,2
620,A4,AGV/shuttle drive unit,2,15,2,2,661,unstratified_random,44,109,141.8287484510994,Q5_longest_80_100pct,0.0,0.4,0.0,3,0.0,3,40.0,5
620,A5,Packing-station roller motor,3,35,3,2,661,unstratified_random,55,137,118.91039914419324,Q4_60_80pct,0.048716806846454075,0.5333333333333333,2.598229698477551,2,4.8716806846454075,2,60.0,4
621,A1,Inbound conveyor motor,4,40,3,3,662,unstratified_random,37,21,54.159061654098565,Q2_20_40pct,0.5667275067672115,0.6666666666666667,37.781833784480774,3,56.67275067672115,1,80.0,2
621,A2,Sortation conveyor drive,5,80,5,4,662,unstratified_random,41,18,59.85486006548725,Q2_20_40pct,0.521161119476102,0.9333333333333333,48.64170448443619,1,52.1161119476102,2,100.0,1
621,A3,Vertical lift motor,4,55,4,4,662,unstratified_random,43,59,63.79604805149177,Q2_20_40pct,0.4896316155880658,0.8,39.170529247045266,2,48.963161558806576,3,80.0,2
621,A4,AGV/shuttle drive unit,2,15,2,2,662,unstratified_random,9,111,137.60480848618022,Q5_longest_80_100pct,0.0,0.4,0.0,5,0.0,5,40.0,5
621,A5,Packing-station roller motor,3,35,3,2,662,unstratified_random,5,91,97.4316568366386,Q3_40_60pct,0.22054674530689122,0.5333333333333333,11.7624930830342,4,22.054674530689123,4,60.0,4
622,A1,Inbound conveyor motor,4,40,3,3,663,unstratified_random,90,28,30.303009041002955,Q1_shortest_0_20pct,0.7575759276719763,0.6666666666666667,50.505061844798426,2,75.75759276719764,2,80.0,2
622,A2,Sortation conveyor drive,5,80,5,4,663,unstratified_random,5,91,97.4316568366386,Q3_40_60pct,0.22054674530689122,0.9333333333333333,20.584362895309848,3,22.054674530689123,4,100.0,1
622,A3,Vertical lift motor,4,55,4,4,663,unstratified_random,49,21,13.44996942007384,Q1_shortest_0_20pct,0.8924002446394093,0.8,71.39201957115274,1,89.24002446394093,1,80.0,2
622,A4,AGV/shuttle drive unit,2,15,2,2,663,unstratified_random,2,98,142.91341211911944,Q5_longest_80_100pct,0.0,0.4,0.0,5,0.0,5,40.0,5
622,A5,Packing-station roller motor,3,35,3,2,663,unstratified_random,12,124,90.15767382323185,Q3_40_60pct,0.2787386094141452,0.5333333333333333,14.866059168754411,4,27.87386094141452,3,60.0,4
623,A1,Inbound conveyor motor,4,40,3,3,664,unstratified_random,38,50,47.55990877981797,Q2_20_40pct,0.6195207297614562,0.6666666666666667,41.301381984097084,2,61.95207297614562,1,80.0,2
623,A2,Sortation conveyor drive,5,80,5,4,664,unstratified_random,72,50,70.20451782538055,Q3_40_60pct,0.4383638573969556,0.9333333333333333,40.91396002371585,3,43.83638573969556,3,100.0,1
623,A3,Vertical lift motor,4,55,4,4,664,unstratified_random,62,54,60.376193576182295,Q2_20_40pct,0.5169904513905417,0.8,41.359236111243334,1,51.699045139054164,2,80.0,2
623,A4,AGV/shuttle drive unit,2,15,2,2,664,unstratified_random,39,142,172.98448712201755,Q5_longest_80_100pct,0.0,0.4,0.0,5,0.0,5,40.0,5
623,A5,Packing-station roller motor,3,35,3,2,664,unstratified_random,74,126,94.81409660307276,Q3_40_60pct,0.24148722717541793,0.5333333333333333,12.879318782688957,4,24.148722717541794,4,60.0,4
624,A1,Inbound conveyor motor,4,40,3,3,665,unstratified_random,26,119,123.02499684692152,Q4_60_80pct,0.015800025224627756,0.6666666666666667,1.053335014975184,4,1.5800025224627756,4,80.0,2
624,A2,Sortation conveyor drive,5,80,5,4,665,unstratified_random,13,95,93.13834255441226,Q3_40_60pct,0.2548932595647019,0.9333333333333333,23.790037559372177,1,25.48932595647019,2,100.0,1
624,A3,Vertical lift motor,4,55,4,4,665,unstratified_random,85,118,162.2981284023822,Q5_longest_80_100pct,0.0,0.8,0.0,5,0.0,5,80.0,2
624,A4,AGV/shuttle drive unit,2,15,2,2,665,unstratified_random,28,97,94.6987062048556,Q3_40_60pct,0.2424103503611552,0.4,9.696414014446209,3,24.24103503611552,3,40.0,5
624,A5,Packing-station roller motor,3,35,3,2,665,unstratified_random,4,82,87.20565932033077,Q3_40_60pct,0.30235472543735387,0.5333333333333333,16.125585356658874,2,30.235472543735387,1,60.0,4
625,A1,Inbound conveyor motor,4,40,3,3,666,unstratified_random,7,91,94.3787722014587,Q3_40_60pct,0.24496982238833043,0.6666666666666667,16.331321492555364,2,24.49698223883304,2,80.0,2
625,A2,Sortation conveyor drive,5,80,5,4,666,unstratified_random,86,89,88.09422089781806,Q3_40_60pct,0.29524623281745555,0.9333333333333333,27.55631506296252,1,29.524623281745555,1,100.0,1
625,A3,Vertical lift motor,4,55,4,4,666,unstratified_random,55,137,118.91039914419324,Q4_60_80pct,0.048716806846454075,0.8,3.897344547716326,3,4.8716806846454075,3,80.0,2
625,A4,AGV/shuttle drive unit,2,15,2,2,666,unstratified_random,75,113,125.9355598567823,Q4_60_80pct,0.0,0.4,0.0,4,0.0,4,40.0,5
625,A5,Packing-station roller motor,3,35,3,2,666,unstratified_random,25,145,153.1932818222736,Q5_longest_80_100pct,0.0,0.5333333333333333,0.0,4,0.0,4,60.0,4
626,A1,Inbound conveyor motor,4,40,3,3,667,unstratified_random,53,26,32.51632437126566,Q1_shortest_0_20pct,0.7398694050298746,0.6666666666666667,49.32462700199165,2,73.98694050298747,2,80.0,2
626,A2,Sortation conveyor drive,5,80,5,4,667,unstratified_random,2,98,142.91341211911944,Q5_longest_80_100pct,0.0,0.9333333333333333,0.0,3,0.0,3,100.0,1
626,A3,Vertical lift motor,4,55,4,4,667,unstratified_random,100,20,23.88622641030998,Q1_shortest_0_20pct,0.8089101887175202,0.8,64.71281509740162,1,80.89101887175202,1,80.0,2
626,A4,AGV/shuttle drive unit,2,15,2,2,667,unstratified_random,85,118,162.2981284023822,Q5_longest_80_100pct,0.0,0.4,0.0,3,0.0,3,40.0,5
626,A5,Packing-station roller motor,3,35,3,2,667,unstratified_random,67,77,138.84222319134904,Q5_longest_80_100pct,0.0,0.5333333333333333,0.0,3,0.0,3,60.0,4
627,A1,Inbound conveyor motor,4,40,3,3,668,unstratified_random,89,136,96.67220915776228,Q3_40_60pct,0.22662232673790172,0.6666666666666667,15.108155115860116,3,22.66223267379017,3,80.0,2
627,A2,Sortation conveyor drive,5,80,5,4,668,unstratified_random,75,113,125.9355598567823,Q4_60_80pct,0.0,0.9333333333333333,0.0,4,0.0,4,100.0,1
627,A3,Vertical lift motor,4,55,4,4,668,unstratified_random,59,114,150.6488483670163,Q5_longest_80_100pct,0.0,0.8,0.0,4,0.0,4,80.0,2
627,A4,AGV/shuttle drive unit,2,15,2,2,668,unstratified_random,45,114,76.03056963373365,Q3_40_60pct,0.39175544293013076,0.4,15.670217717205231,2,39.175544293013076,2,40.0,5
627,A5,Packing-station roller motor,3,35,3,2,668,unstratified_random,64,28,47.55027096178691,Q2_20_40pct,0.6195978323057048,0.5333333333333333,33.04521772297092,1,61.95978323057047,1,60.0,4
628,A1,Inbound conveyor motor,4,40,3,3,669,unstratified_random,11,97,99.08741603137932,Q4_60_80pct,0.2073006717489655,0.6666666666666667,13.820044783264368,2,20.73006717489655,3,80.0,2
628,A2,Sortation conveyor drive,5,80,5,4,669,unstratified_random,10,96,99.04426828245136,Q3_40_60pct,0.20764585374038913,0.9333333333333333,19.380279682436317,1,20.764585374038912,2,100.0,1
628,A3,Vertical lift motor,4,55,4,4,669,unstratified_random,85,118,162.2981284023822,Q5_longest_80_100pct,0.0,0.8,0.0,4,0.0,4,80.0,2
628,A4,AGV/shuttle drive unit,2,15,2,2,669,unstratified_random,7,91,94.3787722014587,Q3_40_60pct,0.24496982238833043,0.4,9.798792895533218,3,24.49698223883304,1,40.0,5
628,A5,Packing-station roller motor,3,35,3,2,669,unstratified_random,14,107,146.91015946253862,Q5_longest_80_100pct,0.0,0.5333333333333333,0.0,4,0.0,4,60.0,4
629,A1,Inbound conveyor motor,4,40,3,3,670,unstratified_random,32,48,58.21837314904572,Q2_20_40pct,0.5342530148076343,0.6666666666666667,35.61686765384229,1,53.42530148076343,1,80.0,2
629,A2,Sortation conveyor drive,5,80,5,4,670,unstratified_random,74,126,94.81409660307276,Q3_40_60pct,0.24148722717541793,0.9333333333333333,22.538807869705675,4,24.148722717541794,4,100.0,1
629,A3,Vertical lift motor,4,55,4,4,670,unstratified_random,86,89,88.09422089781806,Q3_40_60pct,0.29524623281745555,0.8,23.619698625396445,3,29.524623281745555,3,80.0,2
629,A4,AGV/shuttle drive unit,2,15,2,2,670,unstratified_random,44,109,141.8287484510994,Q5_longest_80_100pct,0.0,0.4,0.0,5,0.0,5,40.0,5
629,A5,Packing-station roller motor,3,35,3,2,670,unstratified_random,21,57,67.90605820026097,Q2_20_40pct,0.4567515343979123,0.5333333333333333,24.360081834555324,2,45.67515343979123,2,60.0,4
630,A1,Inbound conveyor motor,4,40,3,3,671,unstratified_random,43,59,63.79604805149177,Q2_20_40pct,0.4896316155880658,0.6666666666666667,32.642107705871055,1,48.963161558806576,1,80.0,2
630,A2,Sortation conveyor drive,5,80,5,4,671,unstratified_random,27,66,114.97611996076007,Q4_60_80pct,0.08019104031391944,0.9333333333333333,7.484497095965814,3,8.019104031391944,4,100.0,1
630,A3,Vertical lift motor,4,55,4,4,671,unstratified_random,97,82,79.22371888224494,Q3_40_60pct,0.36621024894204046,0.8,29.29681991536324,2,36.62102489420405,2,80.0,2
630,A4,AGV/shuttle drive unit,2,15,2,2,671,unstratified_random,60,100,104.41961816061556,Q4_60_80pct,0.16464305471507557,0.4,6.5857221886030235,4,16.464305471507558,3,40.0,5
630,A5,Packing-station roller motor,3,35,3,2,671,unstratified_random,75,113,125.9355598567823,Q4_60_80pct,0.0,0.5333333333333333,0.0,5,0.0,5,60.0,4
631,A1,Inbound conveyor motor,4,40,3,3,672,unstratified_random,86,89,88.09422089781806,Q3_40_60pct,0.29524623281745555,0.6666666666666667,19.683082187830372,3,29.524623281745555,3,80.0,2
631,A2,Sortation conveyor drive,5,80,5,4,672,unstratified_random,60,100,104.41961816061556,Q4_60_80pct,0.16464305471507557,0.9333333333333333,15.366685106740388,4,16.464305471507558,5,100.0,1
631,A3,Vertical lift motor,4,55,4,4,672,unstratified_random,63,72,60.45894799885493,Q2_20_40pct,0.5163284160091606,0.8,41.30627328073285,1,51.63284160091606,2,80.0,2
631,A4,AGV/shuttle drive unit,2,15,2,2,672,unstratified_random,74,126,94.81409660307276,Q3_40_60pct,0.24148722717541793,0.4,9.659489087016718,5,24.148722717541794,4,40.0,5
631,A5,Packing-station roller motor,3,35,3,2,672,unstratified_random,84,58,54.07820667708313,Q2_20_40pct,0.567374346583335,0.5333333333333333,30.2599651511112,2,56.7374346583335,1,60.0,4
632,A1,Inbound conveyor motor,4,40,3,3,673,unstratified_random,91,38,26.859272201960557,Q1_shortest_0_20pct,0.7851258223843156,0.6666666666666667,52.34172149228771,1,78.51258223843156,1,80.0,2
632,A2,Sortation conveyor drive,5,80,5,4,673,unstratified_random,54,97,127.42576425394527,Q4_60_80pct,0.0,0.9333333333333333,0.0,3,0.0,3,100.0,1
632,A3,Vertical lift motor,4,55,4,4,673,unstratified_random,85,118,162.2981284023822,Q5_longest_80_100pct,0.0,0.8,0.0,3,0.0,3,80.0,2
632,A4,AGV/shuttle drive unit,2,15,2,2,673,unstratified_random,97,82,79.22371888224494,Q3_40_60pct,0.36621024894204046,0.4,14.64840995768162,2,36.62102489420405,2,40.0,5
632,A5,Packing-station roller motor,3,35,3,2,673,unstratified_random,67,77,138.84222319134904,Q5_longest_80_100pct,0.0,0.5333333333333333,0.0,3,0.0,3,60.0,4
633,A1,Inbound conveyor motor,4,40,3,3,674,unstratified_random,34,7,11.177676889867849,Q1_shortest_0_20pct,0.9105785848810573,0.6666666666666667,60.70523899207049,1,91.05785848810572,1,80.0,2
633,A2,Sortation conveyor drive,5,80,5,4,674,unstratified_random,71,118,142.21779435736028,Q5_longest_80_100pct,0.0,0.9333333333333333,0.0,4,0.0,4,100.0,1
633,A3,Vertical lift motor,4,55,4,4,674,unstratified_random,60,100,104.41961816061556,Q4_60_80pct,0.16464305471507557,0.8,13.171444377206047,2,16.464305471507558,3,80.0,2
633,A4,AGV/shuttle drive unit,2,15,2,2,674,unstratified_random,65,128,151.46723766284128,Q5_longest_80_100pct,0.0,0.4,0.0,4,0.0,4,40.0,5
633,A5,Packing-station roller motor,3,35,3,2,674,unstratified_random,74,126,94.81409660307276,Q3_40_60pct,0.24148722717541793,0.5333333333333333,12.879318782688957,3,24.148722717541794,2,60.0,4
634,A1,Inbound conveyor motor,4,40,3,3,675,unstratified_random,97,82,79.22371888224494,Q3_40_60pct,0.36621024894204046,0.6666666666666667,24.414016596136033,4,36.62102489420405,4,80.0,2
634,A2,Sortation conveyor drive,5,80,5,4,675,unstratified_random,61,21,41.30030317056766,Q2_20_40pct,0.6695975746354588,0.9333333333333333,62.49577363264282,1,66.95975746354588,1,100.0,1
634,A3,Vertical lift motor,4,55,4,4,675,unstratified_random,18,28,60.32803578156674,Q2_20_40pct,0.5173757137474662,0.8,41.390057099797296,2,51.737571374746615,3,80.0,2
634,A4,AGV/shuttle drive unit,2,15,2,2,675,unstratified_random,64,28,47.55027096178691,Q2_20_40pct,0.6195978323057048,0.4,24.783913292228192,3,61.95978323057047,2,40.0,5
634,A5,Packing-station roller motor,3,35,3,2,675,unstratified_random,60,100,104.41961816061556,Q4_60_80pct,0.16464305471507557,0.5333333333333333,8.780962918137364,5,16.464305471507558,5,60.0,4
635,A1,Inbound conveyor motor,4,40,3,3,676,unstratified_random,55,137,118.91039914419324,Q4_60_80pct,0.048716806846454075,0.6666666666666667,3.2477871230969386,4,4.8716806846454075,5,80.0,2
635,A2,Sortation conveyor drive,5,80,5,4,676,unstratified_random,4,82,87.20565932033077,Q3_40_60pct,0.30235472543735387,0.9333333333333333,28.21977437415303,3,30.235472543735387,3,100.0,1
635,A3,Vertical lift motor,4,55,4,4,676,unstratified_random,49,21,13.44996942007384,Q1_shortest_0_20pct,0.8924002446394093,0.8,71.39201957115274,1,89.24002446394093,1,80.0,2
635,A4,AGV/shuttle drive unit,2,15,2,2,676,unstratified_random,27,66,114.97611996076007,Q4_60_80pct,0.08019104031391944,0.4,3.2076416125567775,5,8.019104031391944,4,40.0,5
635,A5,Packing-station roller motor,3,35,3,2,676,unstratified_random,3,69,51.59437184534412,Q2_20_40pct,0.587245025237247,0.5333333333333333,31.319734679319836,2,58.724502523724695,2,60.0,4
636,A1,Inbound conveyor motor,4,40,3,3,677,unstratified_random,30,115,88.96761601985438,Q3_40_60pct,0.28825907184116495,0.6666666666666667,19.217271456077665,4,28.825907184116495,4,80.0,2
636,A2,Sortation conveyor drive,5,80,5,4,677,unstratified_random,51,114,102.38736822787688,Q4_60_80pct,0.180901054176985,0.9333333333333333,16.884098389851932,5,18.0901054176985,5,100.0,1
636,A3,Vertical lift motor,4,55,4,4,677,unstratified_random,81,8,12.767256508974471,Q1_shortest_0_20pct,0.8978619479282042,0.8,71.82895583425635,1,89.78619479282042,1,80.0,2
636,A4,AGV/shuttle drive unit,2,15,2,2,677,unstratified_random,3,69,51.59437184534412,Q2_20_40pct,0.587245025237247,0.4,23.48980100948988,3,58.724502523724695,3,40.0,5
636,A5,Packing-station roller motor,3,35,3,2,677,unstratified_random,68,8,14.299954503479244,Q1_shortest_0_20pct,0.885600363972166,0.5333333333333333,47.23201941184885,2,88.5600363972166,2,60.0,4
637,A1,Inbound conveyor motor,4,40,3,3,678,unstratified_random,2,98,142.91341211911944,Q5_longest_80_100pct,0.0,0.6666666666666667,0.0,2,0.0,2,80.0,2
637,A2,Sortation conveyor drive,5,80,5,4,678,unstratified_random,96,137,137.09402180530702,Q5_longest_80_100pct,0.0,0.9333333333333333,0.0,2,0.0,2,100.0,1
637,A3,Vertical lift motor,4,55,4,4,678,unstratified_random,48,92,128.30022813454278,Q4_60_80pct,0.0,0.8,0.0,2,0.0,2,80.0,2
637,A4,AGV/shuttle drive unit,2,15,2,2,678,unstratified_random,65,128,151.46723766284128,Q5_longest_80_100pct,0.0,0.4,0.0,2,0.0,2,40.0,5
637,A5,Packing-station roller motor,3,35,3,2,678,unstratified_random,62,54,60.376193576182295,Q2_20_40pct,0.5169904513905417,0.5333333333333333,27.57282407416222,1,51.699045139054164,1,60.0,4
638,A1,Inbound conveyor motor,4,40,3,3,679,unstratified_random,35,11,10.318035788709574,Q1_shortest_0_20pct,0.9174557136903234,0.6666666666666667,61.16371424602157,2,91.74557136903235,1,80.0,2
638,A2,Sortation conveyor drive,5,80,5,4,679,unstratified_random,34,7,11.177676889867849,Q1_shortest_0_20pct,0.9105785848810573,0.9333333333333333,84.98733458889868,1,91.05785848810572,2,100.0,1
638,A3,Vertical lift motor,4,55,4,4,679,unstratified_random,15,83,158.0175356684317,Q5_longest_80_100pct,0.0,0.8,0.0,4,0.0,4,80.0,2
638,A4,AGV/shuttle drive unit,2,15,2,2,679,unstratified_random,14,107,146.91015946253862,Q5_longest_80_100pct,0.0,0.4,0.0,4,0.0,4,40.0,5
638,A5,Packing-station roller motor,3,35,3,2,679,unstratified_random,63,72,60.45894799885493,Q2_20_40pct,0.5163284160091606,0.5333333333333333,27.537515520488565,3,51.63284160091606,3,60.0,4
639,A1,Inbound conveyor motor,4,40,3,3,680,unstratified_random,92,20,25.16213385236525,Q1_shortest_0_20pct,0.798702929181078,0.6666666666666667,53.2468619454052,1,79.8702929181078,1,80.0,2
639,A2,Sortation conveyor drive,5,80,5,4,680,unstratified_random,65,128,151.46723766284128,Q5_longest_80_100pct,0.0,0.9333333333333333,0.0,4,0.0,4,100.0,1
639,A3,Vertical lift motor,4,55,4,4,680,unstratified_random,4,82,87.20565932033077,Q3_40_60pct,0.30235472543735387,0.8,24.18837803498831,2,30.235472543735387,2,80.0,2
639,A4,AGV/shuttle drive unit,2,15,2,2,680,unstratified_random,13,95,93.13834255441226,Q3_40_60pct,0.2548932595647019,0.4,10.195730382588076,3,25.48932595647019,3,40.0,5
639,A5,Packing-station roller motor,3,35,3,2,680,unstratified_random,25,145,153.1932818222736,Q5_longest_80_100pct,0.0,0.5333333333333333,0.0,4,0.0,4,60.0,4
640,A1,Inbound conveyor motor,4,40,3,3,681,unstratified_random,48,92,128.30022813454278,Q4_60_80pct,0.0,0.6666666666666667,0.0,3,0.0,3,80.0,2
640,A2,Sortation conveyor drive,5,80,5,4,681,unstratified_random,65,128,151.46723766284128,Q5_longest_80_100pct,0.0,0.9333333333333333,0.0,3,0.0,3,100.0,1
640,A3,Vertical lift motor,4,55,4,4,681,unstratified_random,22,111,163.77680736738688,Q5_longest_80_100pct,0.0,0.8,0.0,3,0.0,3,80.0,2
640,A4,AGV/shuttle drive unit,2,15,2,2,681,unstratified_random,28,97,94.6987062048556,Q3_40_60pct,0.2424103503611552,0.4,9.696414014446209,2,24.24103503611552,2,40.0,5
640,A5,Packing-station roller motor,3,35,3,2,681,unstratified_random,31,8,23.83573742078014,Q1_shortest_0_20pct,0.8093141006337589,0.5333333333333333,43.16341870046714,1,80.93141006337589,1,60.0,4
641,A1,Inbound conveyor motor,4,40,3,3,682,unstratified_random,21,57,67.90605820026097,Q2_20_40pct,0.4567515343979123,0.6666666666666667,30.450102293194156,3,45.67515343979123,3,80.0,2
641,A2,Sortation conveyor drive,5,80,5,4,682,unstratified_random,65,128,151.46723766284128,Q5_longest_80_100pct,0.0,0.9333333333333333,0.0,5,0.0,5,100.0,1
641,A3,Vertical lift motor,4,55,4,4,682,unstratified_random,97,82,79.22371888224494,Q3_40_60pct,0.36621024894204046,0.8,29.29681991536324,4,36.62102489420405,4,80.0,2
641,A4,AGV/shuttle drive unit,2,15,2,2,682,unstratified_random,42,10,15.95535794283765,Q1_shortest_0_20pct,0.8723571364572988,0.4,34.894285458291954,2,87.23571364572989,2,40.0,5
641,A5,Packing-station roller motor,3,35,3,2,682,unstratified_random,76,10,10.049433434661326,Q1_shortest_0_20pct,0.9196045325227094,0.5333333333333333,49.045575067877834,1,91.96045325227094,1,60.0,4
642,A1,Inbound conveyor motor,4,40,3,3,683,unstratified_random,95,128,130.5679549560598,Q4_60_80pct,0.0,0.6666666666666667,0.0,4,0.0,4,80.0,2
642,A2,Sortation conveyor drive,5,80,5,4,683,unstratified_random,29,90,101.07862421817065,Q4_60_80pct,0.19137100625463488,0.9333333333333333,17.861293917099257,2,19.13710062546349,2,100.0,1
642,A3,Vertical lift motor,4,55,4,4,683,unstratified_random,84,58,54.07820667708313,Q2_20_40pct,0.567374346583335,0.8,45.389947726666804,1,56.7374346583335,1,80.0,2
642,A4,AGV/shuttle drive unit,2,15,2,2,683,unstratified_random,47,135,121.81629897102604,Q4_60_80pct,0.025469608231791674,0.4,1.018784329271667,3,2.5469608231791674,3,40.0,5
642,A5,Packing-station roller motor,3,35,3,2,683,unstratified_random,96,137,137.09402180530702,Q5_longest_80_100pct,0.0,0.5333333333333333,0.0,4,0.0,4,60.0,4
643,A1,Inbound conveyor motor,4,40,3,3,684,unstratified_random,55,137,118.91039914419324,Q4_60_80pct,0.048716806846454075,0.6666666666666667,3.2477871230969386,3,4.8716806846454075,3,80.0,2
643,A2,Sortation conveyor drive,5,80,5,4,684,unstratified_random,61,21,41.30030317056766,Q2_20_40pct,0.6695975746354588,0.9333333333333333,62.49577363264282,1,66.95975746354588,1,100.0,1
643,A3,Vertical lift motor,4,55,4,4,684,unstratified_random,22,111,163.77680736738688,Q5_longest_80_100pct,0.0,0.8,0.0,4,0.0,4,80.0,2
643,A4,AGV/shuttle drive unit,2,15,2,2,684,unstratified_random,15,83,158.0175356684317,Q5_longest_80_100pct,0.0,0.4,0.0,4,0.0,4,40.0,5
643,A5,Packing-station roller motor,3,35,3,2,684,unstratified_random,13,95,93.13834255441226,Q3_40_60pct,0.2548932595647019,0.5333333333333333,13.5943071767841,2,25.48932595647019,2,60.0,4
644,A1,Inbound conveyor motor,4,40,3,3,685,unstratified_random,57,103,83.29315372594353,Q3_40_60pct,0.3336547701924518,0.6666666666666667,22.243651346163457,3,33.36547701924518,3,80.0,2
644,A2,Sortation conveyor drive,5,80,5,4,685,unstratified_random,56,15,16.158144448588526,Q1_shortest_0_20pct,0.8707348444112918,0.9333333333333333,81.26858547838724,1,87.07348444112918,2,100.0,1
644,A3,Vertical lift motor,4,55,4,4,685,unstratified_random,16,84,112.36753252847032,Q4_60_80pct,0.10105973977223748,0.8,8.084779181778998,4,10.105973977223748,4,80.0,2
644,A4,AGV/shuttle drive unit,2,15,2,2,685,unstratified_random,87,116,144.3579823471946,Q5_longest_80_100pct,0.0,0.4,0.0,5,0.0,5,40.0,5
644,A5,Packing-station roller motor,3,35,3,2,685,unstratified_random,66,14,11.46932688270492,Q1_shortest_0_20pct,0.9082453849383606,0.5333333333333333,48.43975386337923,2,90.82453849383606,1,60.0,4
645,A1,Inbound conveyor motor,4,40,3,3,686,unstratified_random,49,21,13.44996942007384,Q1_shortest_0_20pct,0.8924002446394093,0.6666666666666667,59.493349642627294,2,89.24002446394093,1,80.0,2
645,A2,Sortation conveyor drive,5,80,5,4,686,unstratified_random,24,20,32.316305129135706,Q1_shortest_0_20pct,0.7414695589669144,0.9333333333333333,69.20382550357867,1,74.14695589669144,4,100.0,1
645,A3,Vertical lift motor,4,55,4,4,686,unstratified_random,52,29,40.87621681240515,Q2_20_40pct,0.6729902655007588,0.8,53.83922124006071,3,67.29902655007588,5,80.0,2
645,A4,AGV/shuttle drive unit,2,15,2,2,686,unstratified_random,91,38,26.859272201960557,Q1_shortest_0_20pct,0.7851258223843156,0.4,31.405032895372628,5,78.51258223843156,3,40.0,5
645,A5,Packing-station roller motor,3,35,3,2,686,unstratified_random,92,20,25.16213385236525,Q1_shortest_0_20pct,0.798702929181078,0.5333333333333333,42.597489556324156,4,79.8702929181078,2,60.0,4
646,A1,Inbound conveyor motor,4,40,3,3,687,unstratified_random,54,97,127.42576425394527,Q4_60_80pct,0.0,0.6666666666666667,0.0,4,0.0,4,80.0,2
646,A2,Sortation conveyor drive,5,80,5,4,687,unstratified_random,78,107,158.8500624677376,Q5_longest_80_100pct,0.0,0.9333333333333333,0.0,4,0.0,4,100.0,1
646,A3,Vertical lift motor,4,55,4,4,687,unstratified_random,100,20,23.88622641030998,Q1_shortest_0_20pct,0.8089101887175202,0.8,64.71281509740162,1,80.89101887175202,1,80.0,2
646,A4,AGV/shuttle drive unit,2,15,2,2,687,unstratified_random,84,58,54.07820667708313,Q2_20_40pct,0.567374346583335,0.4,22.694973863333402,2,56.7374346583335,2,40.0,5
646,A5,Packing-station roller motor,3,35,3,2,687,unstratified_random,13,95,93.13834255441226,Q3_40_60pct,0.2548932595647019,0.5333333333333333,13.5943071767841,3,25.48932595647019,3,60.0,4
647,A1,Inbound conveyor motor,4,40,3,3,688,unstratified_random,4,82,87.20565932033077,Q3_40_60pct,0.30235472543735387,0.6666666666666667,20.156981695823593,1,30.235472543735387,1,80.0,2
647,A2,Sortation conveyor drive,5,80,5,4,688,unstratified_random,19,87,106.94874018187056,Q4_60_80pct,0.14441007854503551,0.9333333333333333,13.478273997536649,2,14.441007854503551,3,100.0,1
647,A3,Vertical lift motor,4,55,4,4,688,unstratified_random,1,112,181.7937722618632,Q5_longest_80_100pct,0.0,0.8,0.0,4,0.0,4,80.0,2
647,A4,AGV/shuttle drive unit,2,15,2,2,688,unstratified_random,48,92,128.30022813454278,Q4_60_80pct,0.0,0.4,0.0,4,0.0,4,40.0,5
647,A5,Packing-station roller motor,3,35,3,2,688,unstratified_random,7,91,94.3787722014587,Q3_40_60pct,0.24496982238833043,0.5333333333333333,13.065057194044288,3,24.49698223883304,2,60.0,4
648,A1,Inbound conveyor motor,4,40,3,3,689,unstratified_random,51,114,102.38736822787688,Q4_60_80pct,0.180901054176985,0.6666666666666667,12.060070278465668,2,18.0901054176985,2,80.0,2
648,A2,Sortation conveyor drive,5,80,5,4,689,unstratified_random,14,107,146.91015946253862,Q5_longest_80_100pct,0.0,0.9333333333333333,0.0,4,0.0,4,100.0,1
648,A3,Vertical lift motor,4,55,4,4,689,unstratified_random,29,90,101.07862421817065,Q4_60_80pct,0.19137100625463488,0.8,15.309680500370792,1,19.13710062546349,1,80.0,2
648,A4,AGV/shuttle drive unit,2,15,2,2,689,unstratified_random,78,107,158.8500624677376,Q5_longest_80_100pct,0.0,0.4,0.0,4,0.0,4,40.0,5
648,A5,Packing-station roller motor,3,35,3,2,689,unstratified_random,16,84,112.36753252847032,Q4_60_80pct,0.10105973977223748,0.5333333333333333,5.389852787852665,3,10.105973977223748,3,60.0,4
649,A1,Inbound conveyor motor,4,40,3,3,690,unstratified_random,10,96,99.04426828245136,Q3_40_60pct,0.20764585374038913,0.6666666666666667,13.843056916025944,2,20.764585374038912,2,80.0,2
649,A2,Sortation conveyor drive,5,80,5,4,690,unstratified_random,95,128,130.5679549560598,Q4_60_80pct,0.0,0.9333333333333333,0.0,4,0.0,4,100.0,1
649,A3,Vertical lift motor,4,55,4,4,690,unstratified_random,67,77,138.84222319134904,Q5_longest_80_100pct,0.0,0.8,0.0,4,0.0,4,80.0,2
649,A4,AGV/shuttle drive unit,2,15,2,2,690,unstratified_random,16,84,112.36753252847032,Q4_60_80pct,0.10105973977223748,0.4,4.042389590889499,3,10.105973977223748,3,40.0,5
649,A5,Packing-station roller motor,3,35,3,2,690,unstratified_random,92,20,25.16213385236525,Q1_shortest_0_20pct,0.798702929181078,0.5333333333333333,42.597489556324156,1,79.8702929181078,1,60.0,4
650,A1,Inbound conveyor motor,4,40,3,3,691,unstratified_random,80,90,79.47558250502735,Q3_40_60pct,0.36419533995978126,0.6666666666666667,24.279689330652086,1,36.41953399597813,2,80.0,2
650,A2,Sortation conveyor drive,5,80,5,4,691,unstratified_random,59,114,150.6488483670163,Q5_longest_80_100pct,0.0,0.9333333333333333,0.0,4,0.0,4,100.0,1
650,A3,Vertical lift motor,4,55,4,4,691,unstratified_random,99,117,132.87361758142774,Q4_60_80pct,0.0,0.8,0.0,4,0.0,4,80.0,2
650,A4,AGV/shuttle drive unit,2,15,2,2,691,unstratified_random,45,114,76.03056963373365,Q3_40_60pct,0.39175544293013076,0.4,15.670217717205231,2,39.175544293013076,1,40.0,5
650,A5,Packing-station roller motor,3,35,3,2,691,unstratified_random,28,97,94.6987062048556,Q3_40_60pct,0.2424103503611552,0.5333333333333333,12.92855201926161,3,24.24103503611552,3,60.0,4
651,A1,Inbound conveyor motor,4,40,3,3,692,unstratified_random,15,83,158.0175356684317,Q5_longest_80_100pct,0.0,0.6666666666666667,0.0,5,0.0,5,80.0,2
651,A2,Sortation conveyor drive,5,80,5,4,692,unstratified_random,24,20,32.316305129135706,Q1_shortest_0_20pct,0.7414695589669144,0.9333333333333333,69.20382550357867,1,74.14695589669144,1,100.0,1
651,A3,Vertical lift motor,4,55,4,4,692,unstratified_random,4,82,87.20565932033077,Q3_40_60pct,0.30235472543735387,0.8,24.18837803498831,4,30.235472543735387,4,80.0,2
651,A4,AGV/shuttle drive unit,2,15,2,2,692,unstratified_random,77,34,40.64323409645428,Q2_20_40pct,0.6748541272283658,0.4,26.994165089134636,3,67.48541272283659,2,40.0,5
651,A5,Packing-station roller motor,3,35,3,2,692,unstratified_random,61,21,41.30030317056766,Q2_20_40pct,0.6695975746354588,0.5333333333333333,35.71187064722447,2,66.95975746354588,3,60.0,4
652,A1,Inbound conveyor motor,4,40,3,3,693,unstratified_random,76,10,10.049433434661326,Q1_shortest_0_20pct,0.9196045325227094,0.6666666666666667,61.3069688348473,1,91.96045325227094,1,80.0,2
652,A2,Sortation conveyor drive,5,80,5,4,693,unstratified_random,33,106,142.7935583123275,Q5_longest_80_100pct,0.0,0.9333333333333333,0.0,4,0.0,4,100.0,1
652,A3,Vertical lift motor,4,55,4,4,693,unstratified_random,89,136,96.67220915776228,Q3_40_60pct,0.22662232673790172,0.8,18.129786139032138,3,22.66223267379017,3,80.0,2
652,A4,AGV/shuttle drive unit,2,15,2,2,693,unstratified_random,81,8,12.767256508974471,Q1_shortest_0_20pct,0.8978619479282042,0.4,35.914477917128174,2,89.78619479282042,2,40.0,5
652,A5,Packing-station roller motor,3,35,3,2,693,unstratified_random,15,83,158.0175356684317,Q5_longest_80_100pct,0.0,0.5333333333333333,0.0,4,0.0,4,60.0,4
653,A1,Inbound conveyor motor,4,40,3,3,694,unstratified_random,64,28,47.55027096178691,Q2_20_40pct,0.6195978323057048,0.6666666666666667,41.30652215371365,2,61.95978323057047,2,80.0,2
653,A2,Sortation conveyor drive,5,80,5,4,694,unstratified_random,21,57,67.90605820026097,Q2_20_40pct,0.4567515343979123,0.9333333333333333,42.630143210471815,1,45.67515343979123,3,100.0,1
653,A3,Vertical lift motor,4,55,4,4,694,unstratified_random,30,115,88.96761601985438,Q3_40_60pct,0.28825907184116495,0.8,23.060725747293198,4,28.825907184116495,4,80.0,2
653,A4,AGV/shuttle drive unit,2,15,2,2,694,unstratified_random,88,115,132.4717899153425,Q4_60_80pct,0.0,0.4,0.0,5,0.0,5,40.0,5
653,A5,Packing-station roller motor,3,35,3,2,694,unstratified_random,52,29,40.87621681240515,Q2_20_40pct,0.6729902655007588,0.5333333333333333,35.892814160040466,3,67.29902655007588,1,60.0,4
654,A1,Inbound conveyor motor,4,40,3,3,695,unstratified_random,12,124,90.15767382323185,Q3_40_60pct,0.2787386094141452,0.6666666666666667,18.582573960943016,3,27.87386094141452,4,80.0,2
654,A2,Sortation conveyor drive,5,80,5,4,695,unstratified_random,32,48,58.21837314904572,Q2_20_40pct,0.5342530148076343,0.9333333333333333,49.8636147153792,1,53.42530148076343,2,100.0,1
654,A3,Vertical lift motor,4,55,4,4,695,unstratified_random,14,107,146.91015946253862,Q5_longest_80_100pct,0.0,0.8,0.0,5,0.0,5,80.0,2
654,A4,AGV/shuttle drive unit,2,15,2,2,695,unstratified_random,8,95,75.96907893735971,Q3_40_60pct,0.3922473685011223,0.4,15.689894740044892,4,39.22473685011223,3,40.0,5
654,A5,Packing-station roller motor,3,35,3,2,695,unstratified_random,76,10,10.049433434661326,Q1_shortest_0_20pct,0.9196045325227094,0.5333333333333333,49.045575067877834,2,91.96045325227094,1,60.0,4
655,A1,Inbound conveyor motor,4,40,3,3,696,unstratified_random,22,111,163.77680736738688,Q5_longest_80_100pct,0.0,0.6666666666666667,0.0,3,0.0,3,80.0,2
655,A2,Sortation conveyor drive,5,80,5,4,696,unstratified_random,92,20,25.16213385236525,Q1_shortest_0_20pct,0.798702929181078,0.9333333333333333,74.54560672356727,1,79.8702929181078,1,100.0,1
655,A3,Vertical lift motor,4,55,4,4,696,unstratified_random,99,117,132.87361758142774,Q4_60_80pct,0.0,0.8,0.0,3,0.0,3,80.0,2
655,A4,AGV/shuttle drive unit,2,15,2,2,696,unstratified_random,37,21,54.159061654098565,Q2_20_40pct,0.5667275067672115,0.4,22.66910027068846,2,56.67275067672115,2,40.0,5
655,A5,Packing-station roller motor,3,35,3,2,696,unstratified_random,54,97,127.42576425394527,Q4_60_80pct,0.0,0.5333333333333333,0.0,3,0.0,3,60.0,4
656,A1,Inbound conveyor motor,4,40,3,3,697,unstratified_random,73,131,128.00577343113736,Q4_60_80pct,0.0,0.6666666666666667,0.0,3,0.0,3,80.0,2
656,A2,Sortation conveyor drive,5,80,5,4,697,unstratified_random,9,111,137.60480848618022,Q5_longest_80_100pct,0.0,0.9333333333333333,0.0,3,0.0,3,100.0,1
656,A3,Vertical lift motor,4,55,4,4,697,unstratified_random,96,137,137.09402180530702,Q5_longest_80_100pct,0.0,0.8,0.0,3,0.0,3,80.0,2
656,A4,AGV/shuttle drive unit,2,15,2,2,697,unstratified_random,37,21,54.159061654098565,Q2_20_40pct,0.5667275067672115,0.4,22.66910027068846,1,56.67275067672115,1,40.0,5
656,A5,Packing-station roller motor,3,35,3,2,697,unstratified_random,86,89,88.09422089781806,Q3_40_60pct,0.29524623281745555,0.5333333333333333,15.746465750264296,2,29.524623281745555,2,60.0,4
657,A1,Inbound conveyor motor,4,40,3,3,698,unstratified_random,90,28,30.303009041002955,Q1_shortest_0_20pct,0.7575759276719763,0.6666666666666667,50.505061844798426,1,75.75759276719764,1,80.0,2
657,A2,Sortation conveyor drive,5,80,5,4,698,unstratified_random,80,90,79.47558250502735,Q3_40_60pct,0.36419533995978126,0.9333333333333333,33.99156506291292,2,36.41953399597813,4,100.0,1
657,A3,Vertical lift motor,4,55,4,4,698,unstratified_random,45,114,76.03056963373365,Q3_40_60pct,0.39175544293013076,0.8,31.340435434410463,4,39.175544293013076,3,80.0,2
657,A4,AGV/shuttle drive unit,2,15,2,2,698,unstratified_random,9,111,137.60480848618022,Q5_longest_80_100pct,0.0,0.4,0.0,5,0.0,5,40.0,5
657,A5,Packing-station roller motor,3,35,3,2,698,unstratified_random,64,28,47.55027096178691,Q2_20_40pct,0.6195978323057048,0.5333333333333333,33.04521772297092,3,61.95978323057047,2,60.0,4
658,A1,Inbound conveyor motor,4,40,3,3,699,unstratified_random,92,20,25.16213385236525,Q1_shortest_0_20pct,0.798702929181078,0.6666666666666667,53.2468619454052,2,79.8702929181078,1,80.0,2
658,A2,Sortation conveyor drive,5,80,5,4,699,unstratified_random,71,118,142.21779435736028,Q5_longest_80_100pct,0.0,0.9333333333333333,0.0,5,0.0,5,100.0,1
658,A3,Vertical lift motor,4,55,4,4,699,unstratified_random,91,38,26.859272201960557,Q1_shortest_0_20pct,0.7851258223843156,0.8,62.810065790745256,1,78.51258223843156,2,80.0,2
658,A4,AGV/shuttle drive unit,2,15,2,2,699,unstratified_random,30,115,88.96761601985438,Q3_40_60pct,0.28825907184116495,0.4,11.530362873646599,4,28.825907184116495,3,40.0,5
658,A5,Packing-station roller motor,3,35,3,2,699,unstratified_random,5,91,97.4316568366386,Q3_40_60pct,0.22054674530689122,0.5333333333333333,11.7624930830342,3,22.054674530689123,4,60.0,4
659,A1,Inbound conveyor motor,4,40,3,3,700,unstratified_random,23,113,135.36716530023588,Q4_60_80pct,0.0,0.6666666666666667,0.0,3,0.0,3,80.0,2
659,A2,Sortation conveyor drive,5,80,5,4,700,unstratified_random,67,77,138.84222319134904,Q5_longest_80_100pct,0.0,0.9333333333333333,0.0,3,0.0,3,100.0,1
659,A3,Vertical lift motor,4,55,4,4,700,unstratified_random,26,119,123.02499684692152,Q4_60_80pct,0.015800025224627756,0.8,1.2640020179702205,2,1.5800025224627756,2,80.0,2
659,A4,AGV/shuttle drive unit,2,15,2,2,700,unstratified_random,25,145,153.1932818222736,Q5_longest_80_100pct,0.0,0.4,0.0,3,0.0,3,40.0,5
659,A5,Packing-station roller motor,3,35,3,2,700,unstratified_random,41,18,59.85486006548725,Q2_20_40pct,0.521161119476102,0.5333333333333333,27.795259705392105,1,52.1161119476102,1,60.0,4
660,A1,Inbound conveyor motor,4,40,3,3,701,unstratified_random,30,115,88.96761601985438,Q3_40_60pct,0.28825907184116495,0.6666666666666667,19.217271456077665,3,28.825907184116495,4,80.0,2
660,A2,Sortation conveyor drive,5,80,5,4,701,unstratified_random,90,28,30.303009041002955,Q1_shortest_0_20pct,0.7575759276719763,0.9333333333333333,70.70708658271779,1,75.75759276719764,1,100.0,1
660,A3,Vertical lift motor,4,55,4,4,701,unstratified_random,70,94,86.32146123836584,Q3_40_60pct,0.30942831009307326,0.8,24.754264807445864,2,30.942831009307326,3,80.0,2
660,A4,AGV/shuttle drive unit,2,15,2,2,701,unstratified_random,8,95,75.96907893735971,Q3_40_60pct,0.3922473685011223,0.4,15.689894740044892,4,39.22473685011223,2,40.0,5
660,A5,Packing-station roller motor,3,35,3,2,701,unstratified_random,95,128,130.5679549560598,Q4_60_80pct,0.0,0.5333333333333333,0.0,5,0.0,5,60.0,4
661,A1,Inbound conveyor motor,4,40,3,3,702,unstratified_random,12,124,90.15767382323185,Q3_40_60pct,0.2787386094141452,0.6666666666666667,18.582573960943016,3,27.87386094141452,4,80.0,2
661,A2,Sortation conveyor drive,5,80,5,4,702,unstratified_random,19,87,106.94874018187056,Q4_60_80pct,0.14441007854503551,0.9333333333333333,13.478273997536649,5,14.441007854503551,5,100.0,1
661,A3,Vertical lift motor,4,55,4,4,702,unstratified_random,8,95,75.96907893735971,Q3_40_60pct,0.3922473685011223,0.8,31.379789480089784,1,39.22473685011223,1,80.0,2
661,A4,AGV/shuttle drive unit,2,15,2,2,702,unstratified_random,97,82,79.22371888224494,Q3_40_60pct,0.36621024894204046,0.4,14.64840995768162,4,36.62102489420405,2,40.0,5
661,A5,Packing-station roller motor,3,35,3,2,702,unstratified_random,80,90,79.47558250502735,Q3_40_60pct,0.36419533995978126,0.5333333333333333,19.42375146452167,2,36.41953399597813,3,60.0,4
662,A1,Inbound conveyor motor,4,40,3,3,703,unstratified_random,2,98,142.91341211911944,Q5_longest_80_100pct,0.0,0.6666666666666667,0.0,4,0.0,4,80.0,2
662,A2,Sortation conveyor drive,5,80,5,4,703,unstratified_random,94,55,48.61299679912422,Q2_20_40pct,0.6110960256070063,0.9333333333333333,57.035629056653924,1,61.10960256070063,2,100.0,1
662,A3,Vertical lift motor,4,55,4,4,703,unstratified_random,45,114,76.03056963373365,Q3_40_60pct,0.39175544293013076,0.8,31.340435434410463,2,39.175544293013076,3,80.0,2
662,A4,AGV/shuttle drive unit,2,15,2,2,703,unstratified_random,77,34,40.64323409645428,Q2_20_40pct,0.6748541272283658,0.4,26.994165089134636,3,67.48541272283659,1,40.0,5
662,A5,Packing-station roller motor,3,35,3,2,703,unstratified_random,87,116,144.3579823471946,Q5_longest_80_100pct,0.0,0.5333333333333333,0.0,4,0.0,4,60.0,4
663,A1,Inbound conveyor motor,4,40,3,3,704,unstratified_random,27,66,114.97611996076007,Q4_60_80pct,0.08019104031391944,0.6666666666666667,5.346069354261297,5,8.019104031391944,5,80.0,2
663,A2,Sortation conveyor drive,5,80,5,4,704,unstratified_random,38,50,47.55990877981797,Q2_20_40pct,0.6195207297614562,0.9333333333333333,57.82193477773591,2,61.95207297614562,3,100.0,1
663,A3,Vertical lift motor,4,55,4,4,704,unstratified_random,36,19,22.29101002400674,Q1_shortest_0_20pct,0.8216719198079461,0.8,65.73375358463569,1,82.16719198079461,1,80.0,2
663,A4,AGV/shuttle drive unit,2,15,2,2,704,unstratified_random,64,28,47.55027096178691,Q2_20_40pct,0.6195978323057048,0.4,24.783913292228192,3,61.95978323057047,2,40.0,5
663,A5,Packing-station roller motor,3,35,3,2,704,unstratified_random,86,89,88.09422089781806,Q3_40_60pct,0.29524623281745555,0.5333333333333333,15.746465750264296,4,29.524623281745555,4,60.0,4
664,A1,Inbound conveyor motor,4,40,3,3,705,unstratified_random,46,47,45.79841882029448,Q2_20_40pct,0.6336126494376442,0.6666666666666667,42.24084329584295,2,63.36126494376442,1,80.0,2
664,A2,Sortation conveyor drive,5,80,5,4,705,unstratified_random,3,69,51.59437184534412,Q2_20_40pct,0.587245025237247,0.9333333333333333,54.80953568880972,1,58.724502523724695,2,100.0,1
664,A3,Vertical lift motor,4,55,4,4,705,unstratified_random,22,111,163.77680736738688,Q5_longest_80_100pct,0.0,0.8,0.0,3,0.0,3,80.0,2
664,A4,AGV/shuttle drive unit,2,15,2,2,705,unstratified_random,85,118,162.2981284023822,Q5_longest_80_100pct,0.0,0.4,0.0,3,0.0,3,40.0,5
664,A5,Packing-station roller motor,3,35,3,2,705,unstratified_random,9,111,137.60480848618022,Q5_longest_80_100pct,0.0,0.5333333333333333,0.0,3,0.0,3,60.0,4
665,A1,Inbound conveyor motor,4,40,3,3,706,unstratified_random,43,59,63.79604805149177,Q2_20_40pct,0.4896316155880658,0.6666666666666667,32.642107705871055,2,48.963161558806576,2,80.0,2
665,A2,Sortation conveyor drive,5,80,5,4,706,unstratified_random,91,38,26.859272201960557,Q1_shortest_0_20pct,0.7851258223843156,0.9333333333333333,73.2784100892028,1,78.51258223843156,1,100.0,1
665,A3,Vertical lift motor,4,55,4,4,706,unstratified_random,2,98,142.91341211911944,Q5_longest_80_100pct,0.0,0.8,0.0,4,0.0,4,80.0,2
665,A4,AGV/shuttle drive unit,2,15,2,2,706,unstratified_random,80,90,79.47558250502735,Q3_40_60pct,0.36419533995978126,0.4,14.567813598391252,3,36.41953399597813,3,40.0,5
665,A5,Packing-station roller motor,3,35,3,2,706,unstratified_random,22,111,163.77680736738688,Q5_longest_80_100pct,0.0,0.5333333333333333,0.0,4,0.0,4,60.0,4
666,A1,Inbound conveyor motor,4,40,3,3,707,unstratified_random,74,126,94.81409660307276,Q3_40_60pct,0.24148722717541793,0.6666666666666667,16.099148478361197,4,24.148722717541794,4,80.0,2
666,A2,Sortation conveyor drive,5,80,5,4,707,unstratified_random,62,54,60.376193576182295,Q2_20_40pct,0.5169904513905417,0.9333333333333333,48.25244212978389,2,51.699045139054164,3,100.0,1
666,A3,Vertical lift motor,4,55,4,4,707,unstratified_random,59,114,150.6488483670163,Q5_longest_80_100pct,0.0,0.8,0.0,5,0.0,5,80.0,2
666,A4,AGV/shuttle drive unit,2,15,2,2,707,unstratified_random,31,8,23.83573742078014,Q1_shortest_0_20pct,0.8093141006337589,0.4,32.37256402535036,3,80.93141006337589,2,40.0,5
666,A5,Packing-station roller motor,3,35,3,2,707,unstratified_random,76,10,10.049433434661326,Q1_shortest_0_20pct,0.9196045325227094,0.5333333333333333,49.045575067877834,1,91.96045325227094,1,60.0,4
667,A1,Inbound conveyor motor,4,40,3,3,708,unstratified_random,98,59,85.21286900885234,Q3_40_60pct,0.31829704792918134,0.6666666666666667,21.21980319527876,4,31.829704792918136,4,80.0,2
667,A2,Sortation conveyor drive,5,80,5,4,708,unstratified_random,45,114,76.03056963373365,Q3_40_60pct,0.39175544293013076,0.9333333333333333,36.56384134014554,3,39.175544293013076,3,100.0,1
667,A3,Vertical lift motor,4,55,4,4,708,unstratified_random,40,28,26.358548153514647,Q1_shortest_0_20pct,0.7891316147718828,0.8,63.13052918175063,1,78.91316147718828,2,80.0,2
667,A4,AGV/shuttle drive unit,2,15,2,2,708,unstratified_random,99,117,132.87361758142774,Q4_60_80pct,0.0,0.4,0.0,5,0.0,5,40.0,5
667,A5,Packing-station roller motor,3,35,3,2,708,unstratified_random,66,14,11.46932688270492,Q1_shortest_0_20pct,0.9082453849383606,0.5333333333333333,48.43975386337923,2,90.82453849383606,1,60.0,4
668,A1,Inbound conveyor motor,4,40,3,3,709,unstratified_random,60,100,104.41961816061556,Q4_60_80pct,0.16464305471507557,0.6666666666666667,10.976203647671706,4,16.464305471507558,4,80.0,2
668,A2,Sortation conveyor drive,5,80,5,4,709,unstratified_random,74,126,94.81409660307276,Q3_40_60pct,0.24148722717541793,0.9333333333333333,22.538807869705675,2,24.148722717541794,2,100.0,1
668,A3,Vertical lift motor,4,55,4,4,709,unstratified_random,79,63,95.26087986485147,Q3_40_60pct,0.2379129610811882,0.8,19.033036886495058,3,23.79129610811882,3,80.0,2
668,A4,AGV/shuttle drive unit,2,15,2,2,709,unstratified_random,66,14,11.46932688270492,Q1_shortest_0_20pct,0.9082453849383606,0.4,36.329815397534425,1,90.82453849383606,1,40.0,5
668,A5,Packing-station roller motor,3,35,3,2,709,unstratified_random,85,118,162.2981284023822,Q5_longest_80_100pct,0.0,0.5333333333333333,0.0,5,0.0,5,60.0,4
669,A1,Inbound conveyor motor,4,40,3,3,710,unstratified_random,52,29,40.87621681240515,Q2_20_40pct,0.6729902655007588,0.6666666666666667,44.86601770005059,3,67.29902655007588,2,80.0,2
669,A2,Sortation conveyor drive,5,80,5,4,710,unstratified_random,64,28,47.55027096178691,Q2_20_40pct,0.6195978323057048,0.9333333333333333,57.82913101519911,2,61.95978323057047,3,100.0,1
669,A3,Vertical lift motor,4,55,4,4,710,unstratified_random,40,28,26.358548153514647,Q1_shortest_0_20pct,0.7891316147718828,0.8,63.13052918175063,1,78.91316147718828,1,80.0,2
669,A4,AGV/shuttle drive unit,2,15,2,2,710,unstratified_random,23,113,135.36716530023588,Q4_60_80pct,0.0,0.4,0.0,4,0.0,4,40.0,5
669,A5,Packing-station roller motor,3,35,3,2,710,unstratified_random,9,111,137.60480848618022,Q5_longest_80_100pct,0.0,0.5333333333333333,0.0,4,0.0,4,60.0,4
670,A1,Inbound conveyor motor,4,40,3,3,711,unstratified_random,51,114,102.38736822787688,Q4_60_80pct,0.180901054176985,0.6666666666666667,12.060070278465668,4,18.0901054176985,4,80.0,2
670,A2,Sortation conveyor drive,5,80,5,4,711,unstratified_random,34,7,11.177676889867849,Q1_shortest_0_20pct,0.9105785848810573,0.9333333333333333,84.98733458889868,1,91.05785848810572,1,100.0,1
670,A3,Vertical lift motor,4,55,4,4,711,unstratified_random,88,115,132.4717899153425,Q4_60_80pct,0.0,0.8,0.0,5,0.0,5,80.0,2
670,A4,AGV/shuttle drive unit,2,15,2,2,711,unstratified_random,31,8,23.83573742078014,Q1_shortest_0_20pct,0.8093141006337589,0.4,32.37256402535036,2,80.93141006337589,2,40.0,5
670,A5,Packing-station roller motor,3,35,3,2,711,unstratified_random,97,82,79.22371888224494,Q3_40_60pct,0.36621024894204046,0.5333333333333333,19.531213276908826,3,36.62102489420405,3,60.0,4
671,A1,Inbound conveyor motor,4,40,3,3,712,unstratified_random,14,107,146.91015946253862,Q5_longest_80_100pct,0.0,0.6666666666666667,0.0,5,0.0,5,80.0,2
671,A2,Sortation conveyor drive,5,80,5,4,712,unstratified_random,12,124,90.15767382323185,Q3_40_60pct,0.2787386094141452,0.9333333333333333,26.015603545320218,3,27.87386094141452,3,100.0,1
671,A3,Vertical lift motor,4,55,4,4,712,unstratified_random,18,28,60.32803578156674,Q2_20_40pct,0.5173757137474662,0.8,41.390057099797296,1,51.737571374746615,2,80.0,2
671,A4,AGV/shuttle drive unit,2,15,2,2,712,unstratified_random,60,100,104.41961816061556,Q4_60_80pct,0.16464305471507557,0.4,6.5857221886030235,4,16.464305471507558,4,40.0,5
671,A5,Packing-station roller motor,3,35,3,2,712,unstratified_random,37,21,54.159061654098565,Q2_20_40pct,0.5667275067672115,0.5333333333333333,30.225467027584614,2,56.67275067672115,1,60.0,4
672,A1,Inbound conveyor motor,4,40,3,3,713,unstratified_random,62,54,60.376193576182295,Q2_20_40pct,0.5169904513905417,0.6666666666666667,34.46603009270278,3,51.699045139054164,4,80.0,2
672,A2,Sortation conveyor drive,5,80,5,4,713,unstratified_random,49,21,13.44996942007384,Q1_shortest_0_20pct,0.8924002446394093,0.9333333333333333,83.2906894996782,1,89.24002446394093,2,100.0,1
672,A3,Vertical lift motor,4,55,4,4,713,unstratified_random,47,135,121.81629897102604,Q4_60_80pct,0.025469608231791674,0.8,2.037568658543334,5,2.5469608231791674,5,80.0,2
672,A4,AGV/shuttle drive unit,2,15,2,2,713,unstratified_random,36,19,22.29101002400674,Q1_shortest_0_20pct,0.8216719198079461,0.4,32.866876792317846,4,82.16719198079461,3,40.0,5
672,A5,Packing-station roller motor,3,35,3,2,713,unstratified_random,35,11,10.318035788709574,Q1_shortest_0_20pct,0.9174557136903234,0.5333333333333333,48.93097139681725,2,91.74557136903235,1,60.0,4
673,A1,Inbound conveyor motor,4,40,3,3,714,unstratified_random,9,111,137.60480848618022,Q5_longest_80_100pct,0.0,0.6666666666666667,0.0,4,0.0,4,80.0,2
673,A2,Sortation conveyor drive,5,80,5,4,714,unstratified_random,91,38,26.859272201960557,Q1_shortest_0_20pct,0.7851258223843156,0.9333333333333333,73.2784100892028,1,78.51258223843156,1,100.0,1
673,A3,Vertical lift motor,4,55,4,4,714,unstratified_random,45,114,76.03056963373365,Q3_40_60pct,0.39175544293013076,0.8,31.340435434410463,2,39.175544293013076,2,80.0,2
673,A4,AGV/shuttle drive unit,2,15,2,2,714,unstratified_random,13,95,93.13834255441226,Q3_40_60pct,0.2548932595647019,0.4,10.195730382588076,3,25.48932595647019,3,40.0,5
673,A5,Packing-station roller motor,3,35,3,2,714,unstratified_random,54,97,127.42576425394527,Q4_60_80pct,0.0,0.5333333333333333,0.0,4,0.0,4,60.0,4
674,A1,Inbound conveyor motor,4,40,3,3,715,unstratified_random,94,55,48.61299679912422,Q2_20_40pct,0.6110960256070063,0.6666666666666667,40.73973504046709,1,61.10960256070063,3,80.0,2
674,A2,Sortation conveyor drive,5,80,5,4,715,unstratified_random,26,119,123.02499684692152,Q4_60_80pct,0.015800025224627756,0.9333333333333333,1.4746690209652573,4,1.5800025224627756,4,100.0,1
674,A3,Vertical lift motor,4,55,4,4,715,unstratified_random,15,83,158.0175356684317,Q5_longest_80_100pct,0.0,0.8,0.0,5,0.0,5,80.0,2
674,A4,AGV/shuttle drive unit,2,15,2,2,715,unstratified_random,36,19,22.29101002400674,Q1_shortest_0_20pct,0.8216719198079461,0.4,32.866876792317846,3,82.16719198079461,1,40.0,5
674,A5,Packing-station roller motor,3,35,3,2,715,unstratified_random,46,47,45.79841882029448,Q2_20_40pct,0.6336126494376442,0.5333333333333333,33.792674636674356,2,63.36126494376442,2,60.0,4
675,A1,Inbound conveyor motor,4,40,3,3,716,unstratified_random,38,50,47.55990877981797,Q2_20_40pct,0.6195207297614562,0.6666666666666667,41.301381984097084,2,61.95207297614562,4,80.0,2
675,A2,Sortation conveyor drive,5,80,5,4,716,unstratified_random,57,103,83.29315372594353,Q3_40_60pct,0.3336547701924518,0.9333333333333333,31.141111884628838,5,33.36547701924518,5,100.0,1
675,A3,Vertical lift motor,4,55,4,4,716,unstratified_random,82,9,13.00528536289486,Q1_shortest_0_20pct,0.8959577170968411,0.8,71.6766173677473,1,89.59577170968412,1,80.0,2
675,A4,AGV/shuttle drive unit,2,15,2,2,716,unstratified_random,36,19,22.29101002400674,Q1_shortest_0_20pct,0.8216719198079461,0.4,32.866876792317846,4,82.16719198079461,2,40.0,5
675,A5,Packing-station roller motor,3,35,3,2,716,unstratified_random,90,28,30.303009041002955,Q1_shortest_0_20pct,0.7575759276719763,0.5333333333333333,40.40404947583874,3,75.75759276719764,3,60.0,4
676,A1,Inbound conveyor motor,4,40,3,3,717,unstratified_random,45,114,76.03056963373365,Q3_40_60pct,0.39175544293013076,0.6666666666666667,26.117029528675385,2,39.175544293013076,2,80.0,2
676,A2,Sortation conveyor drive,5,80,5,4,717,unstratified_random,55,137,118.91039914419324,Q4_60_80pct,0.048716806846454075,0.9333333333333333,4.546901972335713,4,4.8716806846454075,4,100.0,1
676,A3,Vertical lift motor,4,55,4,4,717,unstratified_random,35,11,10.318035788709574,Q1_shortest_0_20pct,0.9174557136903234,0.8,73.39645709522588,1,91.74557136903235,1,80.0,2
676,A4,AGV/shuttle drive unit,2,15,2,2,717,unstratified_random,54,97,127.42576425394527,Q4_60_80pct,0.0,0.4,0.0,5,0.0,5,40.0,5
676,A5,Packing-station roller motor,3,35,3,2,717,unstratified_random,4,82,87.20565932033077,Q3_40_60pct,0.30235472543735387,0.5333333333333333,16.125585356658874,3,30.235472543735387,3,60.0,4
677,A1,Inbound conveyor motor,4,40,3,3,718,unstratified_random,72,50,70.20451782538055,Q3_40_60pct,0.4383638573969556,0.6666666666666667,29.22425715979704,3,43.83638573969556,3,80.0,2
677,A2,Sortation conveyor drive,5,80,5,4,718,unstratified_random,42,10,15.95535794283765,Q1_shortest_0_20pct,0.8723571364572988,0.9333333333333333,81.41999940268123,1,87.23571364572989,2,100.0,1
677,A3,Vertical lift motor,4,55,4,4,718,unstratified_random,89,136,96.67220915776228,Q3_40_60pct,0.22662232673790172,0.8,18.129786139032138,4,22.66223267379017,4,80.0,2
677,A4,AGV/shuttle drive unit,2,15,2,2,718,unstratified_random,81,8,12.767256508974471,Q1_shortest_0_20pct,0.8978619479282042,0.4,35.914477917128174,2,89.78619479282042,1,40.0,5
677,A5,Packing-station roller motor,3,35,3,2,718,unstratified_random,55,137,118.91039914419324,Q4_60_80pct,0.048716806846454075,0.5333333333333333,2.598229698477551,5,4.8716806846454075,5,60.0,4
678,A1,Inbound conveyor motor,4,40,3,3,719,unstratified_random,50,79,131.9611497166465,Q4_60_80pct,0.0,0.6666666666666667,0.0,3,0.0,3,80.0,2
678,A2,Sortation conveyor drive,5,80,5,4,719,unstratified_random,14,107,146.91015946253862,Q5_longest_80_100pct,0.0,0.9333333333333333,0.0,3,0.0,3,100.0,1
678,A3,Vertical lift motor,4,55,4,4,719,unstratified_random,84,58,54.07820667708313,Q2_20_40pct,0.567374346583335,0.8,45.389947726666804,1,56.7374346583335,1,80.0,2
678,A4,AGV/shuttle drive unit,2,15,2,2,719,unstratified_random,73,131,128.00577343113736,Q4_60_80pct,0.0,0.4,0.0,3,0.0,3,40.0,5
678,A5,Packing-station roller motor,3,35,3,2,719,unstratified_random,43,59,63.79604805149177,Q2_20_40pct,0.4896316155880658,0.5333333333333333,26.11368616469684,2,48.963161558806576,2,60.0,4
679,A1,Inbound conveyor motor,4,40,3,3,720,unstratified_random,10,96,99.04426828245136,Q3_40_60pct,0.20764585374038913,0.6666666666666667,13.843056916025944,3,20.764585374038912,3,80.0,2
679,A2,Sortation conveyor drive,5,80,5,4,720,unstratified_random,58,37,44.85465760060767,Q2_20_40pct,0.6411627391951387,0.9333333333333333,59.84185565821295,1,64.11627391951387,1,100.0,1
679,A3,Vertical lift motor,4,55,4,4,720,unstratified_random,95,128,130.5679549560598,Q4_60_80pct,0.0,0.8,0.0,4,0.0,4,80.0,2
679,A4,AGV/shuttle drive unit,2,15,2,2,720,unstratified_random,80,90,79.47558250502735,Q3_40_60pct,0.36419533995978126,0.4,14.567813598391252,2,36.41953399597813,2,40.0,5
679,A5,Packing-station roller motor,3,35,3,2,720,unstratified_random,22,111,163.77680736738688,Q5_longest_80_100pct,0.0,0.5333333333333333,0.0,4,0.0,4,60.0,4
680,A1,Inbound conveyor motor,4,40,3,3,721,unstratified_random,37,21,54.159061654098565,Q2_20_40pct,0.5667275067672115,0.6666666666666667,37.781833784480774,4,56.67275067672115,4,80.0,2
680,A2,Sortation conveyor drive,5,80,5,4,721,unstratified_random,58,37,44.85465760060767,Q2_20_40pct,0.6411627391951387,0.9333333333333333,59.84185565821295,1,64.11627391951387,3,100.0,1
680,A3,Vertical lift motor,4,55,4,4,721,unstratified_random,24,20,32.316305129135706,Q1_shortest_0_20pct,0.7414695589669144,0.8,59.31756471735315,2,74.14695589669144,2,80.0,2
680,A4,AGV/shuttle drive unit,2,15,2,2,721,unstratified_random,63,72,60.45894799885493,Q2_20_40pct,0.5163284160091606,0.4,20.653136640366426,5,51.63284160091606,5,40.0,5
680,A5,Packing-station roller motor,3,35,3,2,721,unstratified_random,42,10,15.95535794283765,Q1_shortest_0_20pct,0.8723571364572988,0.5333333333333333,46.525713944389274,3,87.23571364572989,1,60.0,4
681,A1,Inbound conveyor motor,4,40,3,3,722,unstratified_random,89,136,96.67220915776228,Q3_40_60pct,0.22662232673790172,0.6666666666666667,15.108155115860116,4,22.66223267379017,4,80.0,2
681,A2,Sortation conveyor drive,5,80,5,4,722,unstratified_random,30,115,88.96761601985438,Q3_40_60pct,0.28825907184116495,0.9333333333333333,26.90418003850873,3,28.825907184116495,3,100.0,1
681,A3,Vertical lift motor,4,55,4,4,722,unstratified_random,46,47,45.79841882029448,Q2_20_40pct,0.6336126494376442,0.8,50.68901195501154,1,63.36126494376442,1,80.0,2
681,A4,AGV/shuttle drive unit,2,15,2,2,722,unstratified_random,39,142,172.98448712201755,Q5_longest_80_100pct,0.0,0.4,0.0,5,0.0,5,40.0,5
681,A5,Packing-station roller motor,3,35,3,2,722,unstratified_random,18,28,60.32803578156674,Q2_20_40pct,0.5173757137474662,0.5333333333333333,27.59337139986486,2,51.737571374746615,2,60.0,4
682,A1,Inbound conveyor motor,4,40,3,3,723,unstratified_random,26,119,123.02499684692152,Q4_60_80pct,0.015800025224627756,0.6666666666666667,1.053335014975184,3,1.5800025224627756,3,80.0,2
682,A2,Sortation conveyor drive,5,80,5,4,723,unstratified_random,46,47,45.79841882029448,Q2_20_40pct,0.6336126494376442,0.9333333333333333,59.137180614180124,1,63.36126494376442,1,100.0,1
682,A3,Vertical lift motor,4,55,4,4,723,unstratified_random,96,137,137.09402180530702,Q5_longest_80_100pct,0.0,0.8,0.0,4,0.0,4,80.0,2
682,A4,AGV/shuttle drive unit,2,15,2,2,723,unstratified_random,84,58,54.07820667708313,Q2_20_40pct,0.567374346583335,0.4,22.694973863333402,2,56.7374346583335,2,40.0,5
682,A5,Packing-station roller motor,3,35,3,2,723,unstratified_random,71,118,142.21779435736028,Q5_longest_80_100pct,0.0,0.5333333333333333,0.0,4,0.0,4,60.0,4
683,A1,Inbound conveyor motor,4,40,3,3,724,unstratified_random,29,90,101.07862421817065,Q4_60_80pct,0.19137100625463488,0.6666666666666667,12.758067083642327,2,19.13710062546349,2,80.0,2
683,A2,Sortation conveyor drive,5,80,5,4,724,unstratified_random,87,116,144.3579823471946,Q5_longest_80_100pct,0.0,0.9333333333333333,0.0,3,0.0,3,100.0,1
683,A3,Vertical lift motor,4,55,4,4,724,unstratified_random,9,111,137.60480848618022,Q5_longest_80_100pct,0.0,0.8,0.0,3,0.0,3,80.0,2
683,A4,AGV/shuttle drive unit,2,15,2,2,724,unstratified_random,61,21,41.30030317056766,Q2_20_40pct,0.6695975746354588,0.4,26.783902985418354,1,66.95975746354588,1,40.0,5
683,A5,Packing-station roller motor,3,35,3,2,724,unstratified_random,99,117,132.87361758142774,Q4_60_80pct,0.0,0.5333333333333333,0.0,3,0.0,3,60.0,4
684,A1,Inbound conveyor motor,4,40,3,3,725,unstratified_random,56,15,16.158144448588526,Q1_shortest_0_20pct,0.8707348444112918,0.6666666666666667,58.04898962741946,1,87.07348444112918,1,80.0,2
684,A2,Sortation conveyor drive,5,80,5,4,725,unstratified_random,64,28,47.55027096178691,Q2_20_40pct,0.6195978323057048,0.9333333333333333,57.82913101519911,2,61.95978323057047,2,100.0,1
684,A3,Vertical lift motor,4,55,4,4,725,unstratified_random,87,116,144.3579823471946,Q5_longest_80_100pct,0.0,0.8,0.0,4,0.0,4,80.0,2
684,A4,AGV/shuttle drive unit,2,15,2,2,725,unstratified_random,11,97,99.08741603137932,Q4_60_80pct,0.2073006717489655,0.4,8.29202686995862,3,20.73006717489655,3,40.0,5
684,A5,Packing-station roller motor,3,35,3,2,725,unstratified_random,2,98,142.91341211911944,Q5_longest_80_100pct,0.0,0.5333333333333333,0.0,4,0.0,4,60.0,4
685,A1,Inbound conveyor motor,4,40,3,3,726,unstratified_random,33,106,142.7935583123275,Q5_longest_80_100pct,0.0,0.6666666666666667,0.0,2,0.0,2,80.0,2
685,A2,Sortation conveyor drive,5,80,5,4,726,unstratified_random,99,117,132.87361758142774,Q4_60_80pct,0.0,0.9333333333333333,0.0,2,0.0,2,100.0,1
685,A3,Vertical lift motor,4,55,4,4,726,unstratified_random,48,92,128.30022813454278,Q4_60_80pct,0.0,0.8,0.0,2,0.0,2,80.0,2
685,A4,AGV/shuttle drive unit,2,15,2,2,726,unstratified_random,14,107,146.91015946253862,Q5_longest_80_100pct,0.0,0.4,0.0,2,0.0,2,40.0,5
685,A5,Packing-station roller motor,3,35,3,2,726,unstratified_random,4,82,87.20565932033077,Q3_40_60pct,0.30235472543735387,0.5333333333333333,16.125585356658874,1,30.235472543735387,1,60.0,4
686,A1,Inbound conveyor motor,4,40,3,3,727,unstratified_random,83,137,136.40747067846124,Q5_longest_80_100pct,0.0,0.6666666666666667,0.0,5,0.0,5,80.0,2
686,A2,Sortation conveyor drive,5,80,5,4,727,unstratified_random,29,90,101.07862421817065,Q4_60_80pct,0.19137100625463488,0.9333333333333333,17.861293917099257,3,19.13710062546349,4,100.0,1
686,A3,Vertical lift motor,4,55,4,4,727,unstratified_random,37,21,54.159061654098565,Q2_20_40pct,0.5667275067672115,0.8,45.33820054137692,1,56.67275067672115,1,80.0,2
686,A4,AGV/shuttle drive unit,2,15,2,2,727,unstratified_random,10,96,99.04426828245136,Q3_40_60pct,0.20764585374038913,0.4,8.305834149615565,4,20.764585374038912,3,40.0,5
686,A5,Packing-station roller motor,3,35,3,2,727,unstratified_random,8,95,75.96907893735971,Q3_40_60pct,0.3922473685011223,0.5333333333333333,20.91985965339319,2,39.22473685011223,2,60.0,4
687,A1,Inbound conveyor motor,4,40,3,3,728,unstratified_random,48,92,128.30022813454278,Q4_60_80pct,0.0,0.6666666666666667,0.0,3,0.0,3,80.0,2
687,A2,Sortation conveyor drive,5,80,5,4,728,unstratified_random,70,94,86.32146123836584,Q3_40_60pct,0.30942831009307326,0.9333333333333333,28.879975608686838,1,30.942831009307326,2,100.0,1
687,A3,Vertical lift motor,4,55,4,4,728,unstratified_random,88,115,132.4717899153425,Q4_60_80pct,0.0,0.8,0.0,3,0.0,3,80.0,2
687,A4,AGV/shuttle drive unit,2,15,2,2,728,unstratified_random,96,137,137.09402180530702,Q5_longest_80_100pct,0.0,0.4,0.0,3,0.0,3,40.0,5
687,A5,Packing-station roller motor,3,35,3,2,728,unstratified_random,8,95,75.96907893735971,Q3_40_60pct,0.3922473685011223,0.5333333333333333,20.91985965339319,2,39.22473685011223,1,60.0,4
688,A1,Inbound conveyor motor,4,40,3,3,729,unstratified_random,99,117,132.87361758142774,Q4_60_80pct,0.0,0.6666666666666667,0.0,3,0.0,3,80.0,2
688,A2,Sortation conveyor drive,5,80,5,4,729,unstratified_random,64,28,47.55027096178691,Q2_20_40pct,0.6195978323057048,0.9333333333333333,57.82913101519911,1,61.95978323057047,2,100.0,1
688,A3,Vertical lift motor,4,55,4,4,729,unstratified_random,14,107,146.91015946253862,Q5_longest_80_100pct,0.0,0.8,0.0,3,0.0,3,80.0,2
688,A4,AGV/shuttle drive unit,2,15,2,2,729,unstratified_random,90,28,30.303009041002955,Q1_shortest_0_20pct,0.7575759276719763,0.4,30.303037106879056,2,75.75759276719764,1,40.0,5
688,A5,Packing-station roller motor,3,35,3,2,729,unstratified_random,2,98,142.91341211911944,Q5_longest_80_100pct,0.0,0.5333333333333333,0.0,3,0.0,3,60.0,4
689,A1,Inbound conveyor motor,4,40,3,3,730,unstratified_random,67,77,138.84222319134904,Q5_longest_80_100pct,0.0,0.6666666666666667,0.0,3,0.0,3,80.0,2
689,A2,Sortation conveyor drive,5,80,5,4,730,unstratified_random,96,137,137.09402180530702,Q5_longest_80_100pct,0.0,0.9333333333333333,0.0,3,0.0,3,100.0,1
689,A3,Vertical lift motor,4,55,4,4,730,unstratified_random,23,113,135.36716530023588,Q4_60_80pct,0.0,0.8,0.0,3,0.0,3,80.0,2
689,A4,AGV/shuttle drive unit,2,15,2,2,730,unstratified_random,45,114,76.03056963373365,Q3_40_60pct,0.39175544293013076,0.4,15.670217717205231,2,39.175544293013076,2,40.0,5
689,A5,Packing-station roller motor,3,35,3,2,730,unstratified_random,49,21,13.44996942007384,Q1_shortest_0_20pct,0.8924002446394093,0.5333333333333333,47.59467971410183,1,89.24002446394093,1,60.0,4
690,A1,Inbound conveyor motor,4,40,3,3,731,unstratified_random,33,106,142.7935583123275,Q5_longest_80_100pct,0.0,0.6666666666666667,0.0,4,0.0,4,80.0,2
690,A2,Sortation conveyor drive,5,80,5,4,731,unstratified_random,60,100,104.41961816061556,Q4_60_80pct,0.16464305471507557,0.9333333333333333,15.366685106740388,3,16.464305471507558,3,100.0,1
690,A3,Vertical lift motor,4,55,4,4,731,unstratified_random,99,117,132.87361758142774,Q4_60_80pct,0.0,0.8,0.0,4,0.0,4,80.0,2
690,A4,AGV/shuttle drive unit,2,15,2,2,731,unstratified_random,37,21,54.159061654098565,Q2_20_40pct,0.5667275067672115,0.4,22.66910027068846,1,56.67275067672115,1,40.0,5
690,A5,Packing-station roller motor,3,35,3,2,731,unstratified_random,45,114,76.03056963373365,Q3_40_60pct,0.39175544293013076,0.5333333333333333,20.893623622940307,2,39.175544293013076,2,60.0,4
691,A1,Inbound conveyor motor,4,40,3,3,732,unstratified_random,65,128,151.46723766284128,Q5_longest_80_100pct,0.0,0.6666666666666667,0.0,3,0.0,3,80.0,2
691,A2,Sortation conveyor drive,5,80,5,4,732,unstratified_random,5,91,97.4316568366386,Q3_40_60pct,0.22054674530689122,0.9333333333333333,20.584362895309848,2,22.054674530689123,2,100.0,1
691,A3,Vertical lift motor,4,55,4,4,732,unstratified_random,12,124,90.15767382323185,Q3_40_60pct,0.2787386094141452,0.8,22.299088753131617,1,27.87386094141452,1,80.0,2
691,A4,AGV/shuttle drive unit,2,15,2,2,732,unstratified_random,99,117,132.87361758142774,Q4_60_80pct,0.0,0.4,0.0,3,0.0,3,40.0,5
691,A5,Packing-station roller motor,3,35,3,2,732,unstratified_random,96,137,137.09402180530702,Q5_longest_80_100pct,0.0,0.5333333333333333,0.0,3,0.0,3,60.0,4
692,A1,Inbound conveyor motor,4,40,3,3,733,unstratified_random,68,8,14.299954503479244,Q1_shortest_0_20pct,0.885600363972166,0.6666666666666667,59.04002426481108,1,88.5600363972166,1,80.0,2
692,A2,Sortation conveyor drive,5,80,5,4,733,unstratified_random,79,63,95.26087986485147,Q3_40_60pct,0.2379129610811882,0.9333333333333333,22.2052097009109,3,23.79129610811882,4,100.0,1
692,A3,Vertical lift motor,4,55,4,4,733,unstratified_random,5,91,97.4316568366386,Q3_40_60pct,0.22054674530689122,0.8,17.643739624551298,4,22.054674530689123,5,80.0,2
692,A4,AGV/shuttle drive unit,2,15,2,2,733,unstratified_random,80,90,79.47558250502735,Q3_40_60pct,0.36419533995978126,0.4,14.567813598391252,5,36.41953399597813,3,40.0,5
692,A5,Packing-station roller motor,3,35,3,2,733,unstratified_random,42,10,15.95535794283765,Q1_shortest_0_20pct,0.8723571364572988,0.5333333333333333,46.525713944389274,2,87.23571364572989,2,60.0,4
693,A1,Inbound conveyor motor,4,40,3,3,734,unstratified_random,88,115,132.4717899153425,Q4_60_80pct,0.0,0.6666666666666667,0.0,5,0.0,5,80.0,2
693,A2,Sortation conveyor drive,5,80,5,4,734,unstratified_random,93,85,42.17809886645809,Q2_20_40pct,0.6625752090683352,0.9333333333333333,61.840352846377954,1,66.25752090683352,2,100.0,1
693,A3,Vertical lift motor,4,55,4,4,734,unstratified_random,70,94,86.32146123836584,Q3_40_60pct,0.30942831009307326,0.8,24.754264807445864,3,30.942831009307326,3,80.0,2
693,A4,AGV/shuttle drive unit,2,15,2,2,734,unstratified_random,31,8,23.83573742078014,Q1_shortest_0_20pct,0.8093141006337589,0.4,32.37256402535036,2,80.93141006337589,1,40.0,5
693,A5,Packing-station roller motor,3,35,3,2,734,unstratified_random,30,115,88.96761601985438,Q3_40_60pct,0.28825907184116495,0.5333333333333333,15.37381716486213,4,28.825907184116495,4,60.0,4
694,A1,Inbound conveyor motor,4,40,3,3,735,unstratified_random,91,38,26.859272201960557,Q1_shortest_0_20pct,0.7851258223843156,0.6666666666666667,52.34172149228771,1,78.51258223843156,1,80.0,2
694,A2,Sortation conveyor drive,5,80,5,4,735,unstratified_random,86,89,88.09422089781806,Q3_40_60pct,0.29524623281745555,0.9333333333333333,27.55631506296252,4,29.524623281745555,4,100.0,1
694,A3,Vertical lift motor,4,55,4,4,735,unstratified_random,37,21,54.159061654098565,Q2_20_40pct,0.5667275067672115,0.8,45.33820054137692,2,56.67275067672115,3,80.0,2
694,A4,AGV/shuttle drive unit,2,15,2,2,735,unstratified_random,24,20,32.316305129135706,Q1_shortest_0_20pct,0.7414695589669144,0.4,29.658782358676575,3,74.14695589669144,2,40.0,5
694,A5,Packing-station roller motor,3,35,3,2,735,unstratified_random,25,145,153.1932818222736,Q5_longest_80_100pct,0.0,0.5333333333333333,0.0,5,0.0,5,60.0,4
695,A1,Inbound conveyor motor,4,40,3,3,736,unstratified_random,1,112,181.7937722618632,Q5_longest_80_100pct,0.0,0.6666666666666667,0.0,4,0.0,4,80.0,2
695,A2,Sortation conveyor drive,5,80,5,4,736,unstratified_random,30,115,88.96761601985438,Q3_40_60pct,0.28825907184116495,0.9333333333333333,26.90418003850873,3,28.825907184116495,3,100.0,1
695,A3,Vertical lift motor,4,55,4,4,736,unstratified_random,46,47,45.79841882029448,Q2_20_40pct,0.6336126494376442,0.8,50.68901195501154,1,63.36126494376442,2,80.0,2
695,A4,AGV/shuttle drive unit,2,15,2,2,736,unstratified_random,66,14,11.46932688270492,Q1_shortest_0_20pct,0.9082453849383606,0.4,36.329815397534425,2,90.82453849383606,1,40.0,5
695,A5,Packing-station roller motor,3,35,3,2,736,unstratified_random,33,106,142.7935583123275,Q5_longest_80_100pct,0.0,0.5333333333333333,0.0,4,0.0,4,60.0,4
696,A1,Inbound conveyor motor,4,40,3,3,737,unstratified_random,36,19,22.29101002400674,Q1_shortest_0_20pct,0.8216719198079461,0.6666666666666667,54.77812798719641,1,82.16719198079461,1,80.0,2
696,A2,Sortation conveyor drive,5,80,5,4,737,unstratified_random,16,84,112.36753252847032,Q4_60_80pct,0.10105973977223748,0.9333333333333333,9.432242378742165,5,10.105973977223748,5,100.0,1
696,A3,Vertical lift motor,4,55,4,4,737,unstratified_random,89,136,96.67220915776228,Q3_40_60pct,0.22662232673790172,0.8,18.129786139032138,4,22.66223267379017,4,80.0,2
696,A4,AGV/shuttle drive unit,2,15,2,2,737,unstratified_random,31,8,23.83573742078014,Q1_shortest_0_20pct,0.8093141006337589,0.4,32.37256402535036,3,80.93141006337589,2,40.0,5
696,A5,Packing-station roller motor,3,35,3,2,737,unstratified_random,40,28,26.358548153514647,Q1_shortest_0_20pct,0.7891316147718828,0.5333333333333333,42.087019454500414,2,78.91316147718828,3,60.0,4
697,A1,Inbound conveyor motor,4,40,3,3,738,unstratified_random,60,100,104.41961816061556,Q4_60_80pct,0.16464305471507557,0.6666666666666667,10.976203647671706,3,16.464305471507558,3,80.0,2
697,A2,Sortation conveyor drive,5,80,5,4,738,unstratified_random,64,28,47.55027096178691,Q2_20_40pct,0.6195978323057048,0.9333333333333333,57.82913101519911,1,61.95978323057047,1,100.0,1
697,A3,Vertical lift motor,4,55,4,4,738,unstratified_random,59,114,150.6488483670163,Q5_longest_80_100pct,0.0,0.8,0.0,4,0.0,4,80.0,2
697,A4,AGV/shuttle drive unit,2,15,2,2,738,unstratified_random,54,97,127.42576425394527,Q4_60_80pct,0.0,0.4,0.0,4,0.0,4,40.0,5
697,A5,Packing-station roller motor,3,35,3,2,738,unstratified_random,80,90,79.47558250502735,Q3_40_60pct,0.36419533995978126,0.5333333333333333,19.42375146452167,2,36.41953399597813,2,60.0,4
698,A1,Inbound conveyor motor,4,40,3,3,739,unstratified_random,91,38,26.859272201960557,Q1_shortest_0_20pct,0.7851258223843156,0.6666666666666667,52.34172149228771,2,78.51258223843156,2,80.0,2
698,A2,Sortation conveyor drive,5,80,5,4,739,unstratified_random,100,20,23.88622641030998,Q1_shortest_0_20pct,0.8089101887175202,0.9333333333333333,75.49828428030189,1,80.89101887175202,1,100.0,1
698,A3,Vertical lift motor,4,55,4,4,739,unstratified_random,89,136,96.67220915776228,Q3_40_60pct,0.22662232673790172,0.8,18.129786139032138,3,22.66223267379017,3,80.0,2
698,A4,AGV/shuttle drive unit,2,15,2,2,739,unstratified_random,99,117,132.87361758142774,Q4_60_80pct,0.0,0.4,0.0,4,0.0,4,40.0,5
698,A5,Packing-station roller motor,3,35,3,2,739,unstratified_random,73,131,128.00577343113736,Q4_60_80pct,0.0,0.5333333333333333,0.0,4,0.0,4,60.0,4
699,A1,Inbound conveyor motor,4,40,3,3,740,unstratified_random,27,66,114.97611996076007,Q4_60_80pct,0.08019104031391944,0.6666666666666667,5.346069354261297,5,8.019104031391944,5,80.0,2
699,A2,Sortation conveyor drive,5,80,5,4,740,unstratified_random,28,97,94.6987062048556,Q3_40_60pct,0.2424103503611552,0.9333333333333333,22.624966033707818,3,24.24103503611552,3,100.0,1
699,A3,Vertical lift motor,4,55,4,4,740,unstratified_random,74,126,94.81409660307276,Q3_40_60pct,0.24148722717541793,0.8,19.318978174033436,4,24.148722717541794,4,80.0,2
699,A4,AGV/shuttle drive unit,2,15,2,2,740,unstratified_random,34,7,11.177676889867849,Q1_shortest_0_20pct,0.9105785848810573,0.4,36.42314339524229,1,91.05785848810572,1,40.0,5
699,A5,Packing-station roller motor,3,35,3,2,740,unstratified_random,18,28,60.32803578156674,Q2_20_40pct,0.5173757137474662,0.5333333333333333,27.59337139986486,2,51.737571374746615,2,60.0,4
700,A1,Inbound conveyor motor,4,40,3,3,741,unstratified_random,21,57,67.90605820026097,Q2_20_40pct,0.4567515343979123,0.6666666666666667,30.450102293194156,3,45.67515343979123,2,80.0,2
700,A2,Sortation conveyor drive,5,80,5,4,741,unstratified_random,45,114,76.03056963373365,Q3_40_60pct,0.39175544293013076,0.9333333333333333,36.56384134014554,2,39.175544293013076,3,100.0,1
700,A3,Vertical lift motor,4,55,4,4,741,unstratified_random,49,21,13.44996942007384,Q1_shortest_0_20pct,0.8924002446394093,0.8,71.39201957115274,1,89.24002446394093,1,80.0,2
700,A4,AGV/shuttle drive unit,2,15,2,2,741,unstratified_random,47,135,121.81629897102604,Q4_60_80pct,0.025469608231791674,0.4,1.018784329271667,4,2.5469608231791674,4,40.0,5
700,A5,Packing-station roller motor,3,35,3,2,741,unstratified_random,73,131,128.00577343113736,Q4_60_80pct,0.0,0.5333333333333333,0.0,5,0.0,5,60.0,4
701,A1,Inbound conveyor motor,4,40,3,3,742,unstratified_random,44,109,141.8287484510994,Q5_longest_80_100pct,0.0,0.6666666666666667,0.0,3,0.0,3,80.0,2
701,A2,Sortation conveyor drive,5,80,5,4,742,unstratified_random,42,10,15.95535794283765,Q1_shortest_0_20pct,0.8723571364572988,0.9333333333333333,81.41999940268123,1,87.23571364572989,1,100.0,1
701,A3,Vertical lift motor,4,55,4,4,742,unstratified_random,90,28,30.303009041002955,Q1_shortest_0_20pct,0.7575759276719763,0.8,60.60607421375811,2,75.75759276719764,2,80.0,2
701,A4,AGV/shuttle drive unit,2,15,2,2,742,unstratified_random,71,118,142.21779435736028,Q5_longest_80_100pct,0.0,0.4,0.0,3,0.0,3,40.0,5
701,A5,Packing-station roller motor,3,35,3,2,742,unstratified_random,87,116,144.3579823471946,Q5_longest_80_100pct,0.0,0.5333333333333333,0.0,3,0.0,3,60.0,4
702,A1,Inbound conveyor motor,4,40,3,3,743,unstratified_random,3,69,51.59437184534412,Q2_20_40pct,0.587245025237247,0.6666666666666667,39.1496683491498,3,58.724502523724695,3,80.0,2
702,A2,Sortation conveyor drive,5,80,5,4,743,unstratified_random,15,83,158.0175356684317,Q5_longest_80_100pct,0.0,0.9333333333333333,0.0,5,0.0,5,100.0,1
702,A3,Vertical lift motor,4,55,4,4,743,unstratified_random,38,50,47.55990877981797,Q2_20_40pct,0.6195207297614562,0.8,49.5616583809165,1,61.95207297614562,2,80.0,2
702,A4,AGV/shuttle drive unit,2,15,2,2,743,unstratified_random,98,59,85.21286900885234,Q3_40_60pct,0.31829704792918134,0.4,12.731881917167255,4,31.829704792918136,4,40.0,5
702,A5,Packing-station roller motor,3,35,3,2,743,unstratified_random,53,26,32.51632437126566,Q1_shortest_0_20pct,0.7398694050298746,0.5333333333333333,39.459701601593316,2,73.98694050298747,1,60.0,4
703,A1,Inbound conveyor motor,4,40,3,3,744,unstratified_random,90,28,30.303009041002955,Q1_shortest_0_20pct,0.7575759276719763,0.6666666666666667,50.505061844798426,2,75.75759276719764,3,80.0,2
703,A2,Sortation conveyor drive,5,80,5,4,744,unstratified_random,92,20,25.16213385236525,Q1_shortest_0_20pct,0.798702929181078,0.9333333333333333,74.54560672356727,1,79.8702929181078,2,100.0,1
703,A3,Vertical lift motor,4,55,4,4,744,unstratified_random,54,97,127.42576425394527,Q4_60_80pct,0.0,0.8,0.0,5,0.0,5,80.0,2
703,A4,AGV/shuttle drive unit,2,15,2,2,744,unstratified_random,94,55,48.61299679912422,Q2_20_40pct,0.6110960256070063,0.4,24.443841024280253,4,61.10960256070063,4,40.0,5
703,A5,Packing-station roller motor,3,35,3,2,744,unstratified_random,100,20,23.88622641030998,Q1_shortest_0_20pct,0.8089101887175202,0.5333333333333333,43.14187673160108,3,80.89101887175202,1,60.0,4
704,A1,Inbound conveyor motor,4,40,3,3,745,unstratified_random,31,8,23.83573742078014,Q1_shortest_0_20pct,0.8093141006337589,0.6666666666666667,53.95427337558394,1,80.93141006337589,1,80.0,2
704,A2,Sortation conveyor drive,5,80,5,4,745,unstratified_random,71,118,142.21779435736028,Q5_longest_80_100pct,0.0,0.9333333333333333,0.0,5,0.0,5,100.0,1
704,A3,Vertical lift motor,4,55,4,4,745,unstratified_random,37,21,54.159061654098565,Q2_20_40pct,0.5667275067672115,0.8,45.33820054137692,2,56.67275067672115,3,80.0,2
704,A4,AGV/shuttle drive unit,2,15,2,2,745,unstratified_random,80,90,79.47558250502735,Q3_40_60pct,0.36419533995978126,0.4,14.567813598391252,4,36.41953399597813,4,40.0,5
704,A5,Packing-station roller motor,3,35,3,2,745,unstratified_random,46,47,45.79841882029448,Q2_20_40pct,0.6336126494376442,0.5333333333333333,33.792674636674356,3,63.36126494376442,2,60.0,4
705,A1,Inbound conveyor motor,4,40,3,3,746,unstratified_random,79,63,95.26087986485147,Q3_40_60pct,0.2379129610811882,0.6666666666666667,15.860864072079217,3,23.79129610811882,3,80.0,2
705,A2,Sortation conveyor drive,5,80,5,4,746,unstratified_random,52,29,40.87621681240515,Q2_20_40pct,0.6729902655007588,0.9333333333333333,62.81242478007082,1,67.29902655007588,2,100.0,1
705,A3,Vertical lift motor,4,55,4,4,746,unstratified_random,59,114,150.6488483670163,Q5_longest_80_100pct,0.0,0.8,0.0,4,0.0,4,80.0,2
705,A4,AGV/shuttle drive unit,2,15,2,2,746,unstratified_random,56,15,16.158144448588526,Q1_shortest_0_20pct,0.8707348444112918,0.4,34.829393776451674,2,87.07348444112918,1,40.0,5
705,A5,Packing-station roller motor,3,35,3,2,746,unstratified_random,95,128,130.5679549560598,Q4_60_80pct,0.0,0.5333333333333333,0.0,4,0.0,4,60.0,4
706,A1,Inbound conveyor motor,4,40,3,3,747,unstratified_random,63,72,60.45894799885493,Q2_20_40pct,0.5163284160091606,0.6666666666666667,34.42189440061071,1,51.63284160091606,1,80.0,2
706,A2,Sortation conveyor drive,5,80,5,4,747,unstratified_random,33,106,142.7935583123275,Q5_longest_80_100pct,0.0,0.9333333333333333,0.0,4,0.0,4,100.0,1
706,A3,Vertical lift motor,4,55,4,4,747,unstratified_random,57,103,83.29315372594353,Q3_40_60pct,0.3336547701924518,0.8,26.692381615396148,2,33.36547701924518,2,80.0,2
706,A4,AGV/shuttle drive unit,2,15,2,2,747,unstratified_random,5,91,97.4316568366386,Q3_40_60pct,0.22054674530689122,0.4,8.821869812275649,3,22.054674530689123,3,40.0,5
706,A5,Packing-station roller motor,3,35,3,2,747,unstratified_random,9,111,137.60480848618022,Q5_longest_80_100pct,0.0,0.5333333333333333,0.0,4,0.0,4,60.0,4
707,A1,Inbound conveyor motor,4,40,3,3,748,unstratified_random,60,100,104.41961816061556,Q4_60_80pct,0.16464305471507557,0.6666666666666667,10.976203647671706,4,16.464305471507558,4,80.0,2
707,A2,Sortation conveyor drive,5,80,5,4,748,unstratified_random,51,114,102.38736822787688,Q4_60_80pct,0.180901054176985,0.9333333333333333,16.884098389851932,3,18.0901054176985,3,100.0,1
707,A3,Vertical lift motor,4,55,4,4,748,unstratified_random,90,28,30.303009041002955,Q1_shortest_0_20pct,0.7575759276719763,0.8,60.60607421375811,1,75.75759276719764,2,80.0,2
707,A4,AGV/shuttle drive unit,2,15,2,2,748,unstratified_random,56,15,16.158144448588526,Q1_shortest_0_20pct,0.8707348444112918,0.4,34.829393776451674,2,87.07348444112918,1,40.0,5
707,A5,Packing-station roller motor,3,35,3,2,748,unstratified_random,47,135,121.81629897102604,Q4_60_80pct,0.025469608231791674,0.5333333333333333,1.3583791056955559,5,2.5469608231791674,5,60.0,4
708,A1,Inbound conveyor motor,4,40,3,3,749,unstratified_random,46,47,45.79841882029448,Q2_20_40pct,0.6336126494376442,0.6666666666666667,42.24084329584295,3,63.36126494376442,3,80.0,2
708,A2,Sortation conveyor drive,5,80,5,4,749,unstratified_random,63,72,60.45894799885493,Q2_20_40pct,0.5163284160091606,0.9333333333333333,48.19065216085499,2,51.63284160091606,5,100.0,1
708,A3,Vertical lift motor,4,55,4,4,749,unstratified_random,24,20,32.316305129135706,Q1_shortest_0_20pct,0.7414695589669144,0.8,59.31756471735315,1,74.14695589669144,1,80.0,2
708,A4,AGV/shuttle drive unit,2,15,2,2,749,unstratified_random,93,85,42.17809886645809,Q2_20_40pct,0.6625752090683352,0.4,26.50300836273341,5,66.25752090683352,2,40.0,5
708,A5,Packing-station roller motor,3,35,3,2,749,unstratified_random,17,50,51.778940468972905,Q2_20_40pct,0.5857684762482167,0.5333333333333333,31.24098539990489,4,58.57684762482167,4,60.0,4
709,A1,Inbound conveyor motor,4,40,3,3,750,unstratified_random,49,21,13.44996942007384,Q1_shortest_0_20pct,0.8924002446394093,0.6666666666666667,59.493349642627294,1,89.24002446394093,1,80.0,2
709,A2,Sortation conveyor drive,5,80,5,4,750,unstratified_random,80,90,79.47558250502735,Q3_40_60pct,0.36419533995978126,0.9333333333333333,33.99156506291292,2,36.41953399597813,2,100.0,1
709,A3,Vertical lift motor,4,55,4,4,750,unstratified_random,33,106,142.7935583123275,Q5_longest_80_100pct,0.0,0.8,0.0,4,0.0,4,80.0,2
709,A4,AGV/shuttle drive unit,2,15,2,2,750,unstratified_random,69,121,148.86538698158105,Q5_longest_80_100pct,0.0,0.4,0.0,4,0.0,4,40.0,5
709,A5,Packing-station roller motor,3,35,3,2,750,unstratified_random,16,84,112.36753252847032,Q4_60_80pct,0.10105973977223748,0.5333333333333333,5.389852787852665,3,10.105973977223748,3,60.0,4
710,A1,Inbound conveyor motor,4,40,3,3,751,unstratified_random,54,97,127.42576425394527,Q4_60_80pct,0.0,0.6666666666666667,0.0,4,0.0,4,80.0,2
710,A2,Sortation conveyor drive,5,80,5,4,751,unstratified_random,91,38,26.859272201960557,Q1_shortest_0_20pct,0.7851258223843156,0.9333333333333333,73.2784100892028,1,78.51258223843156,2,100.0,1
710,A3,Vertical lift motor,4,55,4,4,751,unstratified_random,40,28,26.358548153514647,Q1_shortest_0_20pct,0.7891316147718828,0.8,63.13052918175063,2,78.91316147718828,1,80.0,2
710,A4,AGV/shuttle drive unit,2,15,2,2,751,unstratified_random,32,48,58.21837314904572,Q2_20_40pct,0.5342530148076343,0.4,21.370120592305373,3,53.42530148076343,3,40.0,5
710,A5,Packing-station roller motor,3,35,3,2,751,unstratified_random,14,107,146.91015946253862,Q5_longest_80_100pct,0.0,0.5333333333333333,0.0,4,0.0,4,60.0,4
711,A1,Inbound conveyor motor,4,40,3,3,752,unstratified_random,76,10,10.049433434661326,Q1_shortest_0_20pct,0.9196045325227094,0.6666666666666667,61.3069688348473,1,91.96045325227094,1,80.0,2
711,A2,Sortation conveyor drive,5,80,5,4,752,unstratified_random,70,94,86.32146123836584,Q3_40_60pct,0.30942831009307326,0.9333333333333333,28.879975608686838,4,30.942831009307326,4,100.0,1
711,A3,Vertical lift motor,4,55,4,4,752,unstratified_random,33,106,142.7935583123275,Q5_longest_80_100pct,0.0,0.8,0.0,5,0.0,5,80.0,2
711,A4,AGV/shuttle drive unit,2,15,2,2,752,unstratified_random,53,26,32.51632437126566,Q1_shortest_0_20pct,0.7398694050298746,0.4,29.59477620119499,3,73.98694050298747,2,40.0,5
711,A5,Packing-station roller motor,3,35,3,2,752,unstratified_random,61,21,41.30030317056766,Q2_20_40pct,0.6695975746354588,0.5333333333333333,35.71187064722447,2,66.95975746354588,3,60.0,4
712,A1,Inbound conveyor motor,4,40,3,3,753,unstratified_random,11,97,99.08741603137932,Q4_60_80pct,0.2073006717489655,0.6666666666666667,13.820044783264368,3,20.73006717489655,3,80.0,2
712,A2,Sortation conveyor drive,5,80,5,4,753,unstratified_random,17,50,51.778940468972905,Q2_20_40pct,0.5857684762482167,0.9333333333333333,54.671724449833555,1,58.57684762482167,1,100.0,1
712,A3,Vertical lift motor,4,55,4,4,753,unstratified_random,23,113,135.36716530023588,Q4_60_80pct,0.0,0.8,0.0,5,0.0,5,80.0,2
712,A4,AGV/shuttle drive unit,2,15,2,2,753,unstratified_random,72,50,70.20451782538055,Q3_40_60pct,0.4383638573969556,0.4,17.534554295878223,2,43.83638573969556,2,40.0,5
712,A5,Packing-station roller motor,3,35,3,2,753,unstratified_random,27,66,114.97611996076007,Q4_60_80pct,0.08019104031391944,0.5333333333333333,4.276855483409037,4,8.019104031391944,4,60.0,4
713,A1,Inbound conveyor motor,4,40,3,3,754,unstratified_random,65,128,151.46723766284128,Q5_longest_80_100pct,0.0,0.6666666666666667,0.0,4,0.0,4,80.0,2
713,A2,Sortation conveyor drive,5,80,5,4,754,unstratified_random,26,119,123.02499684692152,Q4_60_80pct,0.015800025224627756,0.9333333333333333,1.4746690209652573,3,1.5800025224627756,3,100.0,1
713,A3,Vertical lift motor,4,55,4,4,754,unstratified_random,42,10,15.95535794283765,Q1_shortest_0_20pct,0.8723571364572988,0.8,69.78857091658391,1,87.23571364572989,2,80.0,2
713,A4,AGV/shuttle drive unit,2,15,2,2,754,unstratified_random,44,109,141.8287484510994,Q5_longest_80_100pct,0.0,0.4,0.0,4,0.0,4,40.0,5
713,A5,Packing-station roller motor,3,35,3,2,754,unstratified_random,49,21,13.44996942007384,Q1_shortest_0_20pct,0.8924002446394093,0.5333333333333333,47.59467971410183,2,89.24002446394093,1,60.0,4
714,A1,Inbound conveyor motor,4,40,3,3,755,unstratified_random,37,21,54.159061654098565,Q2_20_40pct,0.5667275067672115,0.6666666666666667,37.781833784480774,2,56.67275067672115,2,80.0,2
714,A2,Sortation conveyor drive,5,80,5,4,755,unstratified_random,48,92,128.30022813454278,Q4_60_80pct,0.0,0.9333333333333333,0.0,4,0.0,4,100.0,1
714,A3,Vertical lift motor,4,55,4,4,755,unstratified_random,93,85,42.17809886645809,Q2_20_40pct,0.6625752090683352,0.8,53.00601672546682,1,66.25752090683352,1,80.0,2
714,A4,AGV/shuttle drive unit,2,15,2,2,755,unstratified_random,73,131,128.00577343113736,Q4_60_80pct,0.0,0.4,0.0,4,0.0,4,40.0,5
714,A5,Packing-station roller motor,3,35,3,2,755,unstratified_random,98,59,85.21286900885234,Q3_40_60pct,0.31829704792918134,0.5333333333333333,16.975842556223007,3,31.829704792918136,3,60.0,4
715,A1,Inbound conveyor motor,4,40,3,3,756,unstratified_random,54,97,127.42576425394527,Q4_60_80pct,0.0,0.6666666666666667,0.0,5,0.0,5,80.0,2
715,A2,Sortation conveyor drive,5,80,5,4,756,unstratified_random,100,20,23.88622641030998,Q1_shortest_0_20pct,0.8089101887175202,0.9333333333333333,75.49828428030189,1,80.89101887175202,1,100.0,1
715,A3,Vertical lift motor,4,55,4,4,756,unstratified_random,28,97,94.6987062048556,Q3_40_60pct,0.2424103503611552,0.8,19.392828028892417,3,24.24103503611552,3,80.0,2
715,A4,AGV/shuttle drive unit,2,15,2,2,756,unstratified_random,26,119,123.02499684692152,Q4_60_80pct,0.015800025224627756,0.4,0.6320010089851102,4,1.5800025224627756,4,40.0,5
715,A5,Packing-station roller motor,3,35,3,2,756,unstratified_random,92,20,25.16213385236525,Q1_shortest_0_20pct,0.798702929181078,0.5333333333333333,42.597489556324156,2,79.8702929181078,2,60.0,4
716,A1,Inbound conveyor motor,4,40,3,3,757,unstratified_random,41,18,59.85486006548725,Q2_20_40pct,0.521161119476102,0.6666666666666667,34.74407463174014,3,52.1161119476102,4,80.0,2
716,A2,Sortation conveyor drive,5,80,5,4,757,unstratified_random,32,48,58.21837314904572,Q2_20_40pct,0.5342530148076343,0.9333333333333333,49.8636147153792,2,53.42530148076343,3,100.0,1
716,A3,Vertical lift motor,4,55,4,4,757,unstratified_random,68,8,14.299954503479244,Q1_shortest_0_20pct,0.885600363972166,0.8,70.8480291177733,1,88.5600363972166,1,80.0,2
716,A4,AGV/shuttle drive unit,2,15,2,2,757,unstratified_random,58,37,44.85465760060767,Q2_20_40pct,0.6411627391951387,0.4,25.646509567805552,4,64.11627391951387,2,40.0,5
716,A5,Packing-station roller motor,3,35,3,2,757,unstratified_random,96,137,137.09402180530702,Q5_longest_80_100pct,0.0,0.5333333333333333,0.0,5,0.0,5,60.0,4
717,A1,Inbound conveyor motor,4,40,3,3,758,unstratified_random,69,121,148.86538698158105,Q5_longest_80_100pct,0.0,0.6666666666666667,0.0,4,0.0,4,80.0,2
717,A2,Sortation conveyor drive,5,80,5,4,758,unstratified_random,13,95,93.13834255441226,Q3_40_60pct,0.2548932595647019,0.9333333333333333,23.790037559372177,1,25.48932595647019,2,100.0,1
717,A3,Vertical lift motor,4,55,4,4,758,unstratified_random,89,136,96.67220915776228,Q3_40_60pct,0.22662232673790172,0.8,18.129786139032138,2,22.66223267379017,3,80.0,2
717,A4,AGV/shuttle drive unit,2,15,2,2,758,unstratified_random,97,82,79.22371888224494,Q3_40_60pct,0.36621024894204046,0.4,14.64840995768162,3,36.62102489420405,1,40.0,5
717,A5,Packing-station roller motor,3,35,3,2,758,unstratified_random,39,142,172.98448712201755,Q5_longest_80_100pct,0.0,0.5333333333333333,0.0,4,0.0,4,60.0,4
718,A1,Inbound conveyor motor,4,40,3,3,759,unstratified_random,72,50,70.20451782538055,Q3_40_60pct,0.4383638573969556,0.6666666666666667,29.22425715979704,3,43.83638573969556,3,80.0,2
718,A2,Sortation conveyor drive,5,80,5,4,759,unstratified_random,58,37,44.85465760060767,Q2_20_40pct,0.6411627391951387,0.9333333333333333,59.84185565821295,1,64.11627391951387,2,100.0,1
718,A3,Vertical lift motor,4,55,4,4,759,unstratified_random,51,114,102.38736822787688,Q4_60_80pct,0.180901054176985,0.8,14.4720843341588,4,18.0901054176985,4,80.0,2
718,A4,AGV/shuttle drive unit,2,15,2,2,759,unstratified_random,14,107,146.91015946253862,Q5_longest_80_100pct,0.0,0.4,0.0,5,0.0,5,40.0,5
718,A5,Packing-station roller motor,3,35,3,2,759,unstratified_random,36,19,22.29101002400674,Q1_shortest_0_20pct,0.8216719198079461,0.5333333333333333,43.822502389757126,2,82.16719198079461,1,60.0,4
719,A1,Inbound conveyor motor,4,40,3,3,760,unstratified_random,86,89,88.09422089781806,Q3_40_60pct,0.29524623281745555,0.6666666666666667,19.683082187830372,3,29.524623281745555,3,80.0,2
719,A2,Sortation conveyor drive,5,80,5,4,760,unstratified_random,23,113,135.36716530023588,Q4_60_80pct,0.0,0.9333333333333333,0.0,4,0.0,4,100.0,1
719,A3,Vertical lift motor,4,55,4,4,760,unstratified_random,42,10,15.95535794283765,Q1_shortest_0_20pct,0.8723571364572988,0.8,69.78857091658391,1,87.23571364572989,1,80.0,2
719,A4,AGV/shuttle drive unit,2,15,2,2,760,unstratified_random,87,116,144.3579823471946,Q5_longest_80_100pct,0.0,0.4,0.0,4,0.0,4,40.0,5
719,A5,Packing-station roller motor,3,35,3,2,760,unstratified_random,92,20,25.16213385236525,Q1_shortest_0_20pct,0.798702929181078,0.5333333333333333,42.597489556324156,2,79.8702929181078,2,60.0,4
720,A1,Inbound conveyor motor,4,40,3,3,761,unstratified_random,71,118,142.21779435736028,Q5_longest_80_100pct,0.0,0.6666666666666667,0.0,2,0.0,2,80.0,2
720,A2,Sortation conveyor drive,5,80,5,4,761,unstratified_random,39,142,172.98448712201755,Q5_longest_80_100pct,0.0,0.9333333333333333,0.0,2,0.0,2,100.0,1
720,A3,Vertical lift motor,4,55,4,4,761,unstratified_random,33,106,142.7935583123275,Q5_longest_80_100pct,0.0,0.8,0.0,2,0.0,2,80.0,2
720,A4,AGV/shuttle drive unit,2,15,2,2,761,unstratified_random,57,103,83.29315372594353,Q3_40_60pct,0.3336547701924518,0.4,13.346190807698074,1,33.36547701924518,1,40.0,5
720,A5,Packing-station roller motor,3,35,3,2,761,unstratified_random,59,114,150.6488483670163,Q5_longest_80_100pct,0.0,0.5333333333333333,0.0,2,0.0,2,60.0,4
721,A1,Inbound conveyor motor,4,40,3,3,762,unstratified_random,41,18,59.85486006548725,Q2_20_40pct,0.521161119476102,0.6666666666666667,34.74407463174014,3,52.1161119476102,4,80.0,2
721,A2,Sortation conveyor drive,5,80,5,4,762,unstratified_random,64,28,47.55027096178691,Q2_20_40pct,0.6195978323057048,0.9333333333333333,57.82913101519911,2,61.95978323057047,3,100.0,1
721,A3,Vertical lift motor,4,55,4,4,762,unstratified_random,81,8,12.767256508974471,Q1_shortest_0_20pct,0.8978619479282042,0.8,71.82895583425635,1,89.78619479282042,1,80.0,2
721,A4,AGV/shuttle drive unit,2,15,2,2,762,unstratified_random,40,28,26.358548153514647,Q1_shortest_0_20pct,0.7891316147718828,0.4,31.565264590875316,4,78.91316147718828,2,40.0,5
721,A5,Packing-station roller motor,3,35,3,2,762,unstratified_random,22,111,163.77680736738688,Q5_longest_80_100pct,0.0,0.5333333333333333,0.0,5,0.0,5,60.0,4
722,A1,Inbound conveyor motor,4,40,3,3,763,unstratified_random,27,66,114.97611996076007,Q4_60_80pct,0.08019104031391944,0.6666666666666667,5.346069354261297,5,8.019104031391944,5,80.0,2
722,A2,Sortation conveyor drive,5,80,5,4,763,unstratified_random,43,59,63.79604805149177,Q2_20_40pct,0.4896316155880658,0.9333333333333333,45.69895078821947,1,48.963161558806576,3,100.0,1
722,A3,Vertical lift motor,4,55,4,4,763,unstratified_random,63,72,60.45894799885493,Q2_20_40pct,0.5163284160091606,0.8,41.30627328073285,2,51.63284160091606,2,80.0,2
722,A4,AGV/shuttle drive unit,2,15,2,2,763,unstratified_random,86,89,88.09422089781806,Q3_40_60pct,0.29524623281745555,0.4,11.809849312698223,4,29.524623281745555,4,40.0,5
722,A5,Packing-station roller motor,3,35,3,2,763,unstratified_random,93,85,42.17809886645809,Q2_20_40pct,0.6625752090683352,0.5333333333333333,35.33734448364454,3,66.25752090683352,1,60.0,4
723,A1,Inbound conveyor motor,4,40,3,3,764,unstratified_random,77,34,40.64323409645428,Q2_20_40pct,0.6748541272283658,0.6666666666666667,44.99027514855773,2,67.48541272283659,1,80.0,2
723,A2,Sortation conveyor drive,5,80,5,4,764,unstratified_random,46,47,45.79841882029448,Q2_20_40pct,0.6336126494376442,0.9333333333333333,59.137180614180124,1,63.36126494376442,2,100.0,1
723,A3,Vertical lift motor,4,55,4,4,764,unstratified_random,65,128,151.46723766284128,Q5_longest_80_100pct,0.0,0.8,0.0,3,0.0,3,80.0,2
723,A4,AGV/shuttle drive unit,2,15,2,2,764,unstratified_random,96,137,137.09402180530702,Q5_longest_80_100pct,0.0,0.4,0.0,3,0.0,3,40.0,5
723,A5,Packing-station roller motor,3,35,3,2,764,unstratified_random,48,92,128.30022813454278,Q4_60_80pct,0.0,0.5333333333333333,0.0,3,0.0,3,60.0,4
724,A1,Inbound conveyor motor,4,40,3,3,765,unstratified_random,70,94,86.32146123836584,Q3_40_60pct,0.30942831009307326,0.6666666666666667,20.628554006204887,3,30.942831009307326,3,80.0,2
724,A2,Sortation conveyor drive,5,80,5,4,765,unstratified_random,92,20,25.16213385236525,Q1_shortest_0_20pct,0.798702929181078,0.9333333333333333,74.54560672356727,1,79.8702929181078,2,100.0,1
724,A3,Vertical lift motor,4,55,4,4,765,unstratified_random,81,8,12.767256508974471,Q1_shortest_0_20pct,0.8978619479282042,0.8,71.82895583425635,2,89.78619479282042,1,80.0,2
724,A4,AGV/shuttle drive unit,2,15,2,2,765,unstratified_random,60,100,104.41961816061556,Q4_60_80pct,0.16464305471507557,0.4,6.5857221886030235,4,16.464305471507558,4,40.0,5
724,A5,Packing-station roller motor,3,35,3,2,765,unstratified_random,23,113,135.36716530023588,Q4_60_80pct,0.0,0.5333333333333333,0.0,5,0.0,5,60.0,4
725,A1,Inbound conveyor motor,4,40,3,3,766,unstratified_random,84,58,54.07820667708313,Q2_20_40pct,0.567374346583335,0.6666666666666667,37.824956438889004,1,56.7374346583335,1,80.0,2
725,A2,Sortation conveyor drive,5,80,5,4,766,unstratified_random,25,145,153.1932818222736,Q5_longest_80_100pct,0.0,0.9333333333333333,0.0,4,0.0,4,100.0,1
725,A3,Vertical lift motor,4,55,4,4,766,unstratified_random,16,84,112.36753252847032,Q4_60_80pct,0.10105973977223748,0.8,8.084779181778998,3,10.105973977223748,3,80.0,2
725,A4,AGV/shuttle drive unit,2,15,2,2,766,unstratified_random,67,77,138.84222319134904,Q5_longest_80_100pct,0.0,0.4,0.0,4,0.0,4,40.0,5
725,A5,Packing-station roller motor,3,35,3,2,766,unstratified_random,74,126,94.81409660307276,Q3_40_60pct,0.24148722717541793,0.5333333333333333,12.879318782688957,2,24.148722717541794,2,60.0,4
726,A1,Inbound conveyor motor,4,40,3,3,767,unstratified_random,71,118,142.21779435736028,Q5_longest_80_100pct,0.0,0.6666666666666667,0.0,5,0.0,5,80.0,2
726,A2,Sortation conveyor drive,5,80,5,4,767,unstratified_random,38,50,47.55990877981797,Q2_20_40pct,0.6195207297614562,0.9333333333333333,57.82193477773591,1,61.95207297614562,2,100.0,1
726,A3,Vertical lift motor,4,55,4,4,767,unstratified_random,80,90,79.47558250502735,Q3_40_60pct,0.36419533995978126,0.8,29.135627196782504,3,36.41953399597813,4,80.0,2
726,A4,AGV/shuttle drive unit,2,15,2,2,767,unstratified_random,63,72,60.45894799885493,Q2_20_40pct,0.5163284160091606,0.4,20.653136640366426,4,51.63284160091606,3,40.0,5
726,A5,Packing-station roller motor,3,35,3,2,767,unstratified_random,56,15,16.158144448588526,Q1_shortest_0_20pct,0.8707348444112918,0.5333333333333333,46.43919170193556,2,87.07348444112918,1,60.0,4
727,A1,Inbound conveyor motor,4,40,3,3,768,unstratified_random,99,117,132.87361758142774,Q4_60_80pct,0.0,0.6666666666666667,0.0,3,0.0,3,80.0,2
727,A2,Sortation conveyor drive,5,80,5,4,768,unstratified_random,91,38,26.859272201960557,Q1_shortest_0_20pct,0.7851258223843156,0.9333333333333333,73.2784100892028,1,78.51258223843156,2,100.0,1
727,A3,Vertical lift motor,4,55,4,4,768,unstratified_random,71,118,142.21779435736028,Q5_longest_80_100pct,0.0,0.8,0.0,3,0.0,3,80.0,2
727,A4,AGV/shuttle drive unit,2,15,2,2,768,unstratified_random,68,8,14.299954503479244,Q1_shortest_0_20pct,0.885600363972166,0.4,35.42401455888665,2,88.5600363972166,1,40.0,5
727,A5,Packing-station roller motor,3,35,3,2,768,unstratified_random,1,112,181.7937722618632,Q5_longest_80_100pct,0.0,0.5333333333333333,0.0,3,0.0,3,60.0,4
728,A1,Inbound conveyor motor,4,40,3,3,769,unstratified_random,67,77,138.84222319134904,Q5_longest_80_100pct,0.0,0.6666666666666667,0.0,4,0.0,4,80.0,2
728,A2,Sortation conveyor drive,5,80,5,4,769,unstratified_random,5,91,97.4316568366386,Q3_40_60pct,0.22054674530689122,0.9333333333333333,20.584362895309848,3,22.054674530689123,3,100.0,1
728,A3,Vertical lift motor,4,55,4,4,769,unstratified_random,57,103,83.29315372594353,Q3_40_60pct,0.3336547701924518,0.8,26.692381615396148,2,33.36547701924518,2,80.0,2
728,A4,AGV/shuttle drive unit,2,15,2,2,769,unstratified_random,92,20,25.16213385236525,Q1_shortest_0_20pct,0.798702929181078,0.4,31.94811716724312,1,79.8702929181078,1,40.0,5
728,A5,Packing-station roller motor,3,35,3,2,769,unstratified_random,2,98,142.91341211911944,Q5_longest_80_100pct,0.0,0.5333333333333333,0.0,4,0.0,4,60.0,4
729,A1,Inbound conveyor motor,4,40,3,3,770,unstratified_random,81,8,12.767256508974471,Q1_shortest_0_20pct,0.8978619479282042,0.6666666666666667,59.857463195213626,1,89.78619479282042,1,80.0,2
729,A2,Sortation conveyor drive,5,80,5,4,770,unstratified_random,95,128,130.5679549560598,Q4_60_80pct,0.0,0.9333333333333333,0.0,3,0.0,3,100.0,1
729,A3,Vertical lift motor,4,55,4,4,770,unstratified_random,58,37,44.85465760060767,Q2_20_40pct,0.6411627391951387,0.8,51.293019135611104,2,64.11627391951387,2,80.0,2
729,A4,AGV/shuttle drive unit,2,15,2,2,770,unstratified_random,23,113,135.36716530023588,Q4_60_80pct,0.0,0.4,0.0,3,0.0,3,40.0,5
729,A5,Packing-station roller motor,3,35,3,2,770,unstratified_random,2,98,142.91341211911944,Q5_longest_80_100pct,0.0,0.5333333333333333,0.0,3,0.0,3,60.0,4
730,A1,Inbound conveyor motor,4,40,3,3,771,unstratified_random,44,109,141.8287484510994,Q5_longest_80_100pct,0.0,0.6666666666666667,0.0,4,0.0,4,80.0,2
730,A2,Sortation conveyor drive,5,80,5,4,771,unstratified_random,73,131,128.00577343113736,Q4_60_80pct,0.0,0.9333333333333333,0.0,4,0.0,4,100.0,1
730,A3,Vertical lift motor,4,55,4,4,771,unstratified_random,52,29,40.87621681240515,Q2_20_40pct,0.6729902655007588,0.8,53.83922124006071,1,67.29902655007588,2,80.0,2
730,A4,AGV/shuttle drive unit,2,15,2,2,771,unstratified_random,42,10,15.95535794283765,Q1_shortest_0_20pct,0.8723571364572988,0.4,34.894285458291954,2,87.23571364572989,1,40.0,5
730,A5,Packing-station roller motor,3,35,3,2,771,unstratified_random,46,47,45.79841882029448,Q2_20_40pct,0.6336126494376442,0.5333333333333333,33.792674636674356,3,63.36126494376442,3,60.0,4
731,A1,Inbound conveyor motor,4,40,3,3,772,unstratified_random,90,28,30.303009041002955,Q1_shortest_0_20pct,0.7575759276719763,0.6666666666666667,50.505061844798426,1,75.75759276719764,1,80.0,2
731,A2,Sortation conveyor drive,5,80,5,4,772,unstratified_random,72,50,70.20451782538055,Q3_40_60pct,0.4383638573969556,0.9333333333333333,40.91396002371585,2,43.83638573969556,3,100.0,1
731,A3,Vertical lift motor,4,55,4,4,772,unstratified_random,9,111,137.60480848618022,Q5_longest_80_100pct,0.0,0.8,0.0,5,0.0,5,80.0,2
731,A4,AGV/shuttle drive unit,2,15,2,2,772,unstratified_random,13,95,93.13834255441226,Q3_40_60pct,0.2548932595647019,0.4,10.195730382588076,4,25.48932595647019,4,40.0,5
731,A5,Packing-station roller motor,3,35,3,2,772,unstratified_random,17,50,51.778940468972905,Q2_20_40pct,0.5857684762482167,0.5333333333333333,31.24098539990489,3,58.57684762482167,2,60.0,4
732,A1,Inbound conveyor motor,4,40,3,3,773,unstratified_random,19,87,106.94874018187056,Q4_60_80pct,0.14441007854503551,0.6666666666666667,9.627338569669035,4,14.441007854503551,4,80.0,2
732,A2,Sortation conveyor drive,5,80,5,4,773,unstratified_random,87,116,144.3579823471946,Q5_longest_80_100pct,0.0,0.9333333333333333,0.0,5,0.0,5,100.0,1
732,A3,Vertical lift motor,4,55,4,4,773,unstratified_random,6,93,105.6201183358804,Q4_60_80pct,0.15503905331295675,0.8,12.40312426503654,3,15.503905331295675,3,80.0,2
732,A4,AGV/shuttle drive unit,2,15,2,2,773,unstratified_random,82,9,13.00528536289486,Q1_shortest_0_20pct,0.8959577170968411,0.4,35.83830868387365,1,89.59577170968412,1,40.0,5
732,A5,Packing-station roller motor,3,35,3,2,773,unstratified_random,98,59,85.21286900885234,Q3_40_60pct,0.31829704792918134,0.5333333333333333,16.975842556223007,2,31.829704792918136,2,60.0,4
733,A1,Inbound conveyor motor,4,40,3,3,774,unstratified_random,64,28,47.55027096178691,Q2_20_40pct,0.6195978323057048,0.6666666666666667,41.30652215371365,3,61.95978323057047,4,80.0,2
733,A2,Sortation conveyor drive,5,80,5,4,774,unstratified_random,24,20,32.316305129135706,Q1_shortest_0_20pct,0.7414695589669144,0.9333333333333333,69.20382550357867,2,74.14695589669144,2,100.0,1
733,A3,Vertical lift motor,4,55,4,4,774,unstratified_random,66,14,11.46932688270492,Q1_shortest_0_20pct,0.9082453849383606,0.8,72.65963079506885,1,90.82453849383606,1,80.0,2
733,A4,AGV/shuttle drive unit,2,15,2,2,774,unstratified_random,25,145,153.1932818222736,Q5_longest_80_100pct,0.0,0.4,0.0,5,0.0,5,40.0,5
733,A5,Packing-station roller motor,3,35,3,2,774,unstratified_random,61,21,41.30030317056766,Q2_20_40pct,0.6695975746354588,0.5333333333333333,35.71187064722447,4,66.95975746354588,3,60.0,4
734,A1,Inbound conveyor motor,4,40,3,3,775,unstratified_random,93,85,42.17809886645809,Q2_20_40pct,0.6625752090683352,0.6666666666666667,44.17168060455568,1,66.25752090683352,1,80.0,2
734,A2,Sortation conveyor drive,5,80,5,4,775,unstratified_random,50,79,131.9611497166465,Q4_60_80pct,0.0,0.9333333333333333,0.0,3,0.0,3,100.0,1
734,A3,Vertical lift motor,4,55,4,4,775,unstratified_random,54,97,127.42576425394527,Q4_60_80pct,0.0,0.8,0.0,3,0.0,3,80.0,2
734,A4,AGV/shuttle drive unit,2,15,2,2,775,unstratified_random,99,117,132.87361758142774,Q4_60_80pct,0.0,0.4,0.0,3,0.0,3,40.0,5
734,A5,Packing-station roller motor,3,35,3,2,775,unstratified_random,26,119,123.02499684692152,Q4_60_80pct,0.015800025224627756,0.5333333333333333,0.842668011980147,2,1.5800025224627756,2,60.0,4
735,A1,Inbound conveyor motor,4,40,3,3,776,unstratified_random,98,59,85.21286900885234,Q3_40_60pct,0.31829704792918134,0.6666666666666667,21.21980319527876,1,31.829704792918136,1,80.0,2
735,A2,Sortation conveyor drive,5,80,5,4,776,unstratified_random,65,128,151.46723766284128,Q5_longest_80_100pct,0.0,0.9333333333333333,0.0,3,0.0,3,100.0,1
735,A3,Vertical lift motor,4,55,4,4,776,unstratified_random,59,114,150.6488483670163,Q5_longest_80_100pct,0.0,0.8,0.0,3,0.0,3,80.0,2
735,A4,AGV/shuttle drive unit,2,15,2,2,776,unstratified_random,9,111,137.60480848618022,Q5_longest_80_100pct,0.0,0.4,0.0,3,0.0,3,40.0,5
735,A5,Packing-station roller motor,3,35,3,2,776,unstratified_random,16,84,112.36753252847032,Q4_60_80pct,0.10105973977223748,0.5333333333333333,5.389852787852665,2,10.105973977223748,2,60.0,4
736,A1,Inbound conveyor motor,4,40,3,3,777,unstratified_random,10,96,99.04426828245136,Q3_40_60pct,0.20764585374038913,0.6666666666666667,13.843056916025944,3,20.764585374038912,3,80.0,2
736,A2,Sortation conveyor drive,5,80,5,4,777,unstratified_random,88,115,132.4717899153425,Q4_60_80pct,0.0,0.9333333333333333,0.0,5,0.0,5,100.0,1
736,A3,Vertical lift motor,4,55,4,4,777,unstratified_random,35,11,10.318035788709574,Q1_shortest_0_20pct,0.9174557136903234,0.8,73.39645709522588,1,91.74557136903235,1,80.0,2
736,A4,AGV/shuttle drive unit,2,15,2,2,777,unstratified_random,60,100,104.41961816061556,Q4_60_80pct,0.16464305471507557,0.4,6.5857221886030235,4,16.464305471507558,4,40.0,5
736,A5,Packing-station roller motor,3,35,3,2,777,unstratified_random,38,50,47.55990877981797,Q2_20_40pct,0.6195207297614562,0.5333333333333333,33.04110558727766,2,61.95207297614562,2,60.0,4
737,A1,Inbound conveyor motor,4,40,3,3,778,unstratified_random,1,112,181.7937722618632,Q5_longest_80_100pct,0.0,0.6666666666666667,0.0,5,0.0,5,80.0,2
737,A2,Sortation conveyor drive,5,80,5,4,778,unstratified_random,42,10,15.95535794283765,Q1_shortest_0_20pct,0.8723571364572988,0.9333333333333333,81.41999940268123,1,87.23571364572989,1,100.0,1
737,A3,Vertical lift motor,4,55,4,4,778,unstratified_random,86,89,88.09422089781806,Q3_40_60pct,0.29524623281745555,0.8,23.619698625396445,2,29.524623281745555,3,80.0,2
737,A4,AGV/shuttle drive unit,2,15,2,2,778,unstratified_random,57,103,83.29315372594353,Q3_40_60pct,0.3336547701924518,0.4,13.346190807698074,3,33.36547701924518,2,40.0,5
737,A5,Packing-station roller motor,3,35,3,2,778,unstratified_random,26,119,123.02499684692152,Q4_60_80pct,0.015800025224627756,0.5333333333333333,0.842668011980147,4,1.5800025224627756,4,60.0,4
738,A1,Inbound conveyor motor,4,40,3,3,779,unstratified_random,70,94,86.32146123836584,Q3_40_60pct,0.30942831009307326,0.6666666666666667,20.628554006204887,2,30.942831009307326,2,80.0,2
738,A2,Sortation conveyor drive,5,80,5,4,779,unstratified_random,39,142,172.98448712201755,Q5_longest_80_100pct,0.0,0.9333333333333333,0.0,4,0.0,4,100.0,1
738,A3,Vertical lift motor,4,55,4,4,779,unstratified_random,76,10,10.049433434661326,Q1_shortest_0_20pct,0.9196045325227094,0.8,73.56836260181676,1,91.96045325227094,1,80.0,2
738,A4,AGV/shuttle drive unit,2,15,2,2,779,unstratified_random,1,112,181.7937722618632,Q5_longest_80_100pct,0.0,0.4,0.0,4,0.0,4,40.0,5
738,A5,Packing-station roller motor,3,35,3,2,779,unstratified_random,19,87,106.94874018187056,Q4_60_80pct,0.14441007854503551,0.5333333333333333,7.701870855735227,3,14.441007854503551,3,60.0,4
739,A1,Inbound conveyor motor,4,40,3,3,780,unstratified_random,96,137,137.09402180530702,Q5_longest_80_100pct,0.0,0.6666666666666667,0.0,3,0.0,3,80.0,2
739,A2,Sortation conveyor drive,5,80,5,4,780,unstratified_random,58,37,44.85465760060767,Q2_20_40pct,0.6411627391951387,0.9333333333333333,59.84185565821295,1,64.11627391951387,2,100.0,1
739,A3,Vertical lift motor,4,55,4,4,780,unstratified_random,65,128,151.46723766284128,Q5_longest_80_100pct,0.0,0.8,0.0,3,0.0,3,80.0,2
739,A4,AGV/shuttle drive unit,2,15,2,2,780,unstratified_random,83,137,136.40747067846124,Q5_longest_80_100pct,0.0,0.4,0.0,3,0.0,3,40.0,5
739,A5,Packing-station roller motor,3,35,3,2,780,unstratified_random,35,11,10.318035788709574,Q1_shortest_0_20pct,0.9174557136903234,0.5333333333333333,48.93097139681725,2,91.74557136903235,1,60.0,4
740,A1,Inbound conveyor motor,4,40,3,3,781,unstratified_random,45,114,76.03056963373365,Q3_40_60pct,0.39175544293013076,0.6666666666666667,26.117029528675385,2,39.175544293013076,2,80.0,2
740,A2,Sortation conveyor drive,5,80,5,4,781,unstratified_random,23,113,135.36716530023588,Q4_60_80pct,0.0,0.9333333333333333,0.0,4,0.0,4,100.0,1
740,A3,Vertical lift motor,4,55,4,4,781,unstratified_random,50,79,131.9611497166465,Q4_60_80pct,0.0,0.8,0.0,4,0.0,4,80.0,2
740,A4,AGV/shuttle drive unit,2,15,2,2,781,unstratified_random,61,21,41.30030317056766,Q2_20_40pct,0.6695975746354588,0.4,26.783902985418354,1,66.95975746354588,1,40.0,5
740,A5,Packing-station roller motor,3,35,3,2,781,unstratified_random,74,126,94.81409660307276,Q3_40_60pct,0.24148722717541793,0.5333333333333333,12.879318782688957,3,24.148722717541794,3,60.0,4
741,A1,Inbound conveyor motor,4,40,3,3,782,unstratified_random,21,57,67.90605820026097,Q2_20_40pct,0.4567515343979123,0.6666666666666667,30.450102293194156,3,45.67515343979123,3,80.0,2
741,A2,Sortation conveyor drive,5,80,5,4,782,unstratified_random,5,91,97.4316568366386,Q3_40_60pct,0.22054674530689122,0.9333333333333333,20.584362895309848,4,22.054674530689123,5,100.0,1
741,A3,Vertical lift motor,4,55,4,4,782,unstratified_random,66,14,11.46932688270492,Q1_shortest_0_20pct,0.9082453849383606,0.8,72.65963079506885,1,90.82453849383606,1,80.0,2
741,A4,AGV/shuttle drive unit,2,15,2,2,782,unstratified_random,13,95,93.13834255441226,Q3_40_60pct,0.2548932595647019,0.4,10.195730382588076,5,25.48932595647019,4,40.0,5
741,A5,Packing-station roller motor,3,35,3,2,782,unstratified_random,100,20,23.88622641030998,Q1_shortest_0_20pct,0.8089101887175202,0.5333333333333333,43.14187673160108,2,80.89101887175202,2,60.0,4
742,A1,Inbound conveyor motor,4,40,3,3,783,unstratified_random,56,15,16.158144448588526,Q1_shortest_0_20pct,0.8707348444112918,0.6666666666666667,58.04898962741946,2,87.07348444112918,1,80.0,2
742,A2,Sortation conveyor drive,5,80,5,4,783,unstratified_random,2,98,142.91341211911944,Q5_longest_80_100pct,0.0,0.9333333333333333,0.0,4,0.0,4,100.0,1
742,A3,Vertical lift motor,4,55,4,4,783,unstratified_random,24,20,32.316305129135706,Q1_shortest_0_20pct,0.7414695589669144,0.8,59.31756471735315,1,74.14695589669144,2,80.0,2
742,A4,AGV/shuttle drive unit,2,15,2,2,783,unstratified_random,25,145,153.1932818222736,Q5_longest_80_100pct,0.0,0.4,0.0,4,0.0,4,40.0,5
742,A5,Packing-station roller motor,3,35,3,2,783,unstratified_random,89,136,96.67220915776228,Q3_40_60pct,0.22662232673790172,0.5333333333333333,12.08652409268809,3,22.66223267379017,3,60.0,4
743,A1,Inbound conveyor motor,4,40,3,3,784,unstratified_random,40,28,26.358548153514647,Q1_shortest_0_20pct,0.7891316147718828,0.6666666666666667,52.608774318125526,2,78.91316147718828,2,80.0,2
743,A2,Sortation conveyor drive,5,80,5,4,784,unstratified_random,36,19,22.29101002400674,Q1_shortest_0_20pct,0.8216719198079461,0.9333333333333333,76.68937918207497,1,82.16719198079461,1,100.0,1
743,A3,Vertical lift motor,4,55,4,4,784,unstratified_random,96,137,137.09402180530702,Q5_longest_80_100pct,0.0,0.8,0.0,5,0.0,5,80.0,2
743,A4,AGV/shuttle drive unit,2,15,2,2,784,unstratified_random,21,57,67.90605820026097,Q2_20_40pct,0.4567515343979123,0.4,18.270061375916494,4,45.67515343979123,3,40.0,5
743,A5,Packing-station roller motor,3,35,3,2,784,unstratified_random,45,114,76.03056963373365,Q3_40_60pct,0.39175544293013076,0.5333333333333333,20.893623622940307,3,39.175544293013076,4,60.0,4
744,A1,Inbound conveyor motor,4,40,3,3,785,unstratified_random,88,115,132.4717899153425,Q4_60_80pct,0.0,0.6666666666666667,0.0,3,0.0,3,80.0,2
744,A2,Sortation conveyor drive,5,80,5,4,785,unstratified_random,87,116,144.3579823471946,Q5_longest_80_100pct,0.0,0.9333333333333333,0.0,3,0.0,3,100.0,1
744,A3,Vertical lift motor,4,55,4,4,785,unstratified_random,44,109,141.8287484510994,Q5_longest_80_100pct,0.0,0.8,0.0,3,0.0,3,80.0,2
744,A4,AGV/shuttle drive unit,2,15,2,2,785,unstratified_random,72,50,70.20451782538055,Q3_40_60pct,0.4383638573969556,0.4,17.534554295878223,1,43.83638573969556,1,40.0,5
744,A5,Packing-station roller motor,3,35,3,2,785,unstratified_random,98,59,85.21286900885234,Q3_40_60pct,0.31829704792918134,0.5333333333333333,16.975842556223007,2,31.829704792918136,2,60.0,4
745,A1,Inbound conveyor motor,4,40,3,3,786,unstratified_random,97,82,79.22371888224494,Q3_40_60pct,0.36621024894204046,0.6666666666666667,24.414016596136033,4,36.62102489420405,4,80.0,2
745,A2,Sortation conveyor drive,5,80,5,4,786,unstratified_random,31,8,23.83573742078014,Q1_shortest_0_20pct,0.8093141006337589,0.9333333333333333,75.5359827258175,1,80.93141006337589,1,100.0,1
745,A3,Vertical lift motor,4,55,4,4,786,unstratified_random,58,37,44.85465760060767,Q2_20_40pct,0.6411627391951387,0.8,51.293019135611104,2,64.11627391951387,3,80.0,2
745,A4,AGV/shuttle drive unit,2,15,2,2,786,unstratified_random,9,111,137.60480848618022,Q5_longest_80_100pct,0.0,0.4,0.0,5,0.0,5,40.0,5
745,A5,Packing-station roller motor,3,35,3,2,786,unstratified_random,93,85,42.17809886645809,Q2_20_40pct,0.6625752090683352,0.5333333333333333,35.33734448364454,3,66.25752090683352,2,60.0,4
746,A1,Inbound conveyor motor,4,40,3,3,787,unstratified_random,9,111,137.60480848618022,Q5_longest_80_100pct,0.0,0.6666666666666667,0.0,3,0.0,3,80.0,2
746,A2,Sortation conveyor drive,5,80,5,4,787,unstratified_random,78,107,158.8500624677376,Q5_longest_80_100pct,0.0,0.9333333333333333,0.0,3,0.0,3,100.0,1
746,A3,Vertical lift motor,4,55,4,4,787,unstratified_random,1,112,181.7937722618632,Q5_longest_80_100pct,0.0,0.8,0.0,3,0.0,3,80.0,2
746,A4,AGV/shuttle drive unit,2,15,2,2,787,unstratified_random,45,114,76.03056963373365,Q3_40_60pct,0.39175544293013076,0.4,15.670217717205231,2,39.175544293013076,2,40.0,5
746,A5,Packing-station roller motor,3,35,3,2,787,unstratified_random,36,19,22.29101002400674,Q1_shortest_0_20pct,0.8216719198079461,0.5333333333333333,43.822502389757126,1,82.16719198079461,1,60.0,4
747,A1,Inbound conveyor motor,4,40,3,3,788,unstratified_random,87,116,144.3579823471946,Q5_longest_80_100pct,0.0,0.6666666666666667,0.0,3,0.0,3,80.0,2
747,A2,Sortation conveyor drive,5,80,5,4,788,unstratified_random,22,111,163.77680736738688,Q5_longest_80_100pct,0.0,0.9333333333333333,0.0,3,0.0,3,100.0,1
747,A3,Vertical lift motor,4,55,4,4,788,unstratified_random,92,20,25.16213385236525,Q1_shortest_0_20pct,0.798702929181078,0.8,63.89623433448624,1,79.8702929181078,1,80.0,2
747,A4,AGV/shuttle drive unit,2,15,2,2,788,unstratified_random,47,135,121.81629897102604,Q4_60_80pct,0.025469608231791674,0.4,1.018784329271667,2,2.5469608231791674,2,40.0,5
747,A5,Packing-station roller motor,3,35,3,2,788,unstratified_random,54,97,127.42576425394527,Q4_60_80pct,0.0,0.5333333333333333,0.0,3,0.0,3,60.0,4
748,A1,Inbound conveyor motor,4,40,3,3,789,unstratified_random,9,111,137.60480848618022,Q5_longest_80_100pct,0.0,0.6666666666666667,0.0,3,0.0,3,80.0,2
748,A2,Sortation conveyor drive,5,80,5,4,789,unstratified_random,85,118,162.2981284023822,Q5_longest_80_100pct,0.0,0.9333333333333333,0.0,3,0.0,3,100.0,1
748,A3,Vertical lift motor,4,55,4,4,789,unstratified_random,52,29,40.87621681240515,Q2_20_40pct,0.6729902655007588,0.8,53.83922124006071,1,67.29902655007588,1,80.0,2
748,A4,AGV/shuttle drive unit,2,15,2,2,789,unstratified_random,11,97,99.08741603137932,Q4_60_80pct,0.2073006717489655,0.4,8.29202686995862,2,20.73006717489655,2,40.0,5
748,A5,Packing-station roller motor,3,35,3,2,789,unstratified_random,22,111,163.77680736738688,Q5_longest_80_100pct,0.0,0.5333333333333333,0.0,3,0.0,3,60.0,4
749,A1,Inbound conveyor motor,4,40,3,3,790,unstratified_random,98,59,85.21286900885234,Q3_40_60pct,0.31829704792918134,0.6666666666666667,21.21980319527876,2,31.829704792918136,2,80.0,2
749,A2,Sortation conveyor drive,5,80,5,4,790,unstratified_random,89,136,96.67220915776228,Q3_40_60pct,0.22662232673790172,0.9333333333333333,21.15141716220416,3,22.66223267379017,3,100.0,1
749,A3,Vertical lift motor,4,55,4,4,790,unstratified_random,3,69,51.59437184534412,Q2_20_40pct,0.587245025237247,0.8,46.97960201897976,1,58.724502523724695,1,80.0,2
749,A4,AGV/shuttle drive unit,2,15,2,2,790,unstratified_random,78,107,158.8500624677376,Q5_longest_80_100pct,0.0,0.4,0.0,4,0.0,4,40.0,5
749,A5,Packing-station roller motor,3,35,3,2,790,unstratified_random,69,121,148.86538698158105,Q5_longest_80_100pct,0.0,0.5333333333333333,0.0,4,0.0,4,60.0,4
750,A1,Inbound conveyor motor,4,40,3,3,791,unstratified_random,30,115,88.96761601985438,Q3_40_60pct,0.28825907184116495,0.6666666666666667,19.217271456077665,4,28.825907184116495,3,80.0,2
750,A2,Sortation conveyor drive,5,80,5,4,791,unstratified_random,31,8,23.83573742078014,Q1_shortest_0_20pct,0.8093141006337589,0.9333333333333333,75.5359827258175,1,80.93141006337589,1,100.0,1
750,A3,Vertical lift motor,4,55,4,4,791,unstratified_random,7,91,94.3787722014587,Q3_40_60pct,0.24496982238833043,0.8,19.597585791066436,2,24.49698223883304,4,80.0,2
750,A4,AGV/shuttle drive unit,2,15,2,2,791,unstratified_random,43,59,63.79604805149177,Q2_20_40pct,0.4896316155880658,0.4,19.585264623522633,3,48.963161558806576,2,40.0,5
750,A5,Packing-station roller motor,3,35,3,2,791,unstratified_random,89,136,96.67220915776228,Q3_40_60pct,0.22662232673790172,0.5333333333333333,12.08652409268809,5,22.66223267379017,5,60.0,4
751,A1,Inbound conveyor motor,4,40,3,3,792,unstratified_random,47,135,121.81629897102604,Q4_60_80pct,0.025469608231791674,0.6666666666666667,1.6979738821194452,3,2.5469608231791674,3,80.0,2
751,A2,Sortation conveyor drive,5,80,5,4,792,unstratified_random,78,107,158.8500624677376,Q5_longest_80_100pct,0.0,0.9333333333333333,0.0,4,0.0,4,100.0,1
751,A3,Vertical lift motor,4,55,4,4,792,unstratified_random,23,113,135.36716530023588,Q4_60_80pct,0.0,0.8,0.0,4,0.0,4,80.0,2
751,A4,AGV/shuttle drive unit,2,15,2,2,792,unstratified_random,57,103,83.29315372594353,Q3_40_60pct,0.3336547701924518,0.4,13.346190807698074,1,33.36547701924518,1,40.0,5
751,A5,Packing-station roller motor,3,35,3,2,792,unstratified_random,89,136,96.67220915776228,Q3_40_60pct,0.22662232673790172,0.5333333333333333,12.08652409268809,2,22.66223267379017,2,60.0,4
752,A1,Inbound conveyor motor,4,40,3,3,793,unstratified_random,81,8,12.767256508974471,Q1_shortest_0_20pct,0.8978619479282042,0.6666666666666667,59.857463195213626,1,89.78619479282042,1,80.0,2
752,A2,Sortation conveyor drive,5,80,5,4,793,unstratified_random,29,90,101.07862421817065,Q4_60_80pct,0.19137100625463488,0.9333333333333333,17.861293917099257,4,19.13710062546349,4,100.0,1
752,A3,Vertical lift motor,4,55,4,4,793,unstratified_random,63,72,60.45894799885493,Q2_20_40pct,0.5163284160091606,0.8,41.30627328073285,3,51.63284160091606,3,80.0,2
752,A4,AGV/shuttle drive unit,2,15,2,2,793,unstratified_random,22,111,163.77680736738688,Q5_longest_80_100pct,0.0,0.4,0.0,5,0.0,5,40.0,5
752,A5,Packing-station roller motor,3,35,3,2,793,unstratified_random,56,15,16.158144448588526,Q1_shortest_0_20pct,0.8707348444112918,0.5333333333333333,46.43919170193556,2,87.07348444112918,2,60.0,4
753,A1,Inbound conveyor motor,4,40,3,3,794,unstratified_random,94,55,48.61299679912422,Q2_20_40pct,0.6110960256070063,0.6666666666666667,40.73973504046709,3,61.10960256070063,2,80.0,2
753,A2,Sortation conveyor drive,5,80,5,4,794,unstratified_random,43,59,63.79604805149177,Q2_20_40pct,0.4896316155880658,0.9333333333333333,45.69895078821947,2,48.963161558806576,3,100.0,1
753,A3,Vertical lift motor,4,55,4,4,794,unstratified_random,82,9,13.00528536289486,Q1_shortest_0_20pct,0.8959577170968411,0.8,71.6766173677473,1,89.59577170968412,1,80.0,2
753,A4,AGV/shuttle drive unit,2,15,2,2,794,unstratified_random,44,109,141.8287484510994,Q5_longest_80_100pct,0.0,0.4,0.0,5,0.0,5,40.0,5
753,A5,Packing-station roller motor,3,35,3,2,794,unstratified_random,30,115,88.96761601985438,Q3_40_60pct,0.28825907184116495,0.5333333333333333,15.37381716486213,4,28.825907184116495,4,60.0,4
754,A1,Inbound conveyor motor,4,40,3,3,795,unstratified_random,89,136,96.67220915776228,Q3_40_60pct,0.22662232673790172,0.6666666666666667,15.108155115860116,5,22.66223267379017,5,80.0,2
754,A2,Sortation conveyor drive,5,80,5,4,795,unstratified_random,3,69,51.59437184534412,Q2_20_40pct,0.587245025237247,0.9333333333333333,54.80953568880972,1,58.724502523724695,2,100.0,1
754,A3,Vertical lift motor,4,55,4,4,795,unstratified_random,18,28,60.32803578156674,Q2_20_40pct,0.5173757137474662,0.8,41.390057099797296,2,51.737571374746615,3,80.0,2
754,A4,AGV/shuttle drive unit,2,15,2,2,795,unstratified_random,76,10,10.049433434661326,Q1_shortest_0_20pct,0.9196045325227094,0.4,36.78418130090838,3,91.96045325227094,1,40.0,5
754,A5,Packing-station roller motor,3,35,3,2,795,unstratified_random,62,54,60.376193576182295,Q2_20_40pct,0.5169904513905417,0.5333333333333333,27.57282407416222,4,51.699045139054164,4,60.0,4
755,A1,Inbound conveyor motor,4,40,3,3,796,unstratified_random,68,8,14.299954503479244,Q1_shortest_0_20pct,0.885600363972166,0.6666666666666667,59.04002426481108,1,88.5600363972166,1,80.0,2
755,A2,Sortation conveyor drive,5,80,5,4,796,unstratified_random,45,114,76.03056963373365,Q3_40_60pct,0.39175544293013076,0.9333333333333333,36.56384134014554,2,39.175544293013076,4,100.0,1
755,A3,Vertical lift motor,4,55,4,4,796,unstratified_random,25,145,153.1932818222736,Q5_longest_80_100pct,0.0,0.8,0.0,5,0.0,5,80.0,2
755,A4,AGV/shuttle drive unit,2,15,2,2,796,unstratified_random,31,8,23.83573742078014,Q1_shortest_0_20pct,0.8093141006337589,0.4,32.37256402535036,3,80.93141006337589,2,40.0,5
755,A5,Packing-station roller motor,3,35,3,2,796,unstratified_random,21,57,67.90605820026097,Q2_20_40pct,0.4567515343979123,0.5333333333333333,24.360081834555324,4,45.67515343979123,3,60.0,4
756,A1,Inbound conveyor motor,4,40,3,3,797,unstratified_random,96,137,137.09402180530702,Q5_longest_80_100pct,0.0,0.6666666666666667,0.0,4,0.0,4,80.0,2
756,A2,Sortation conveyor drive,5,80,5,4,797,unstratified_random,40,28,26.358548153514647,Q1_shortest_0_20pct,0.7891316147718828,0.9333333333333333,73.65228404537574,1,78.91316147718828,2,100.0,1
756,A3,Vertical lift motor,4,55,4,4,797,unstratified_random,35,11,10.318035788709574,Q1_shortest_0_20pct,0.9174557136903234,0.8,73.39645709522588,2,91.74557136903235,1,80.0,2
756,A4,AGV/shuttle drive unit,2,15,2,2,797,unstratified_random,33,106,142.7935583123275,Q5_longest_80_100pct,0.0,0.4,0.0,4,0.0,4,40.0,5
756,A5,Packing-station roller motor,3,35,3,2,797,unstratified_random,3,69,51.59437184534412,Q2_20_40pct,0.587245025237247,0.5333333333333333,31.319734679319836,3,58.724502523724695,3,60.0,4
757,A1,Inbound conveyor motor,4,40,3,3,798,unstratified_random,100,20,23.88622641030998,Q1_shortest_0_20pct,0.8089101887175202,0.6666666666666667,53.92734591450136,1,80.89101887175202,2,80.0,2
757,A2,Sortation conveyor drive,5,80,5,4,798,unstratified_random,22,111,163.77680736738688,Q5_longest_80_100pct,0.0,0.9333333333333333,0.0,5,0.0,5,100.0,1
757,A3,Vertical lift motor,4,55,4,4,798,unstratified_random,46,47,45.79841882029448,Q2_20_40pct,0.6336126494376442,0.8,50.68901195501154,2,63.36126494376442,3,80.0,2
757,A4,AGV/shuttle drive unit,2,15,2,2,798,unstratified_random,60,100,104.41961816061556,Q4_60_80pct,0.16464305471507557,0.4,6.5857221886030235,4,16.464305471507558,4,40.0,5
757,A5,Packing-station roller motor,3,35,3,2,798,unstratified_random,31,8,23.83573742078014,Q1_shortest_0_20pct,0.8093141006337589,0.5333333333333333,43.16341870046714,3,80.93141006337589,1,60.0,4
758,A1,Inbound conveyor motor,4,40,3,3,799,unstratified_random,90,28,30.303009041002955,Q1_shortest_0_20pct,0.7575759276719763,0.6666666666666667,50.505061844798426,1,75.75759276719764,2,80.0,2
758,A2,Sortation conveyor drive,5,80,5,4,799,unstratified_random,44,109,141.8287484510994,Q5_longest_80_100pct,0.0,0.9333333333333333,0.0,4,0.0,4,100.0,1
758,A3,Vertical lift motor,4,55,4,4,799,unstratified_random,45,114,76.03056963373365,Q3_40_60pct,0.39175544293013076,0.8,31.340435434410463,3,39.175544293013076,3,80.0,2
758,A4,AGV/shuttle drive unit,2,15,2,2,799,unstratified_random,67,77,138.84222319134904,Q5_longest_80_100pct,0.0,0.4,0.0,4,0.0,4,40.0,5
758,A5,Packing-station roller motor,3,35,3,2,799,unstratified_random,66,14,11.46932688270492,Q1_shortest_0_20pct,0.9082453849383606,0.5333333333333333,48.43975386337923,2,90.82453849383606,1,60.0,4
759,A1,Inbound conveyor motor,4,40,3,3,800,unstratified_random,2,98,142.91341211911944,Q5_longest_80_100pct,0.0,0.6666666666666667,0.0,4,0.0,4,80.0,2
759,A2,Sortation conveyor drive,5,80,5,4,800,unstratified_random,34,7,11.177676889867849,Q1_shortest_0_20pct,0.9105785848810573,0.9333333333333333,84.98733458889868,1,91.05785848810572,1,100.0,1
759,A3,Vertical lift motor,4,55,4,4,800,unstratified_random,22,111,163.77680736738688,Q5_longest_80_100pct,0.0,0.8,0.0,4,0.0,4,80.0,2
759,A4,AGV/shuttle drive unit,2,15,2,2,800,unstratified_random,8,95,75.96907893735971,Q3_40_60pct,0.3922473685011223,0.4,15.689894740044892,3,39.22473685011223,3,40.0,5
759,A5,Packing-station roller motor,3,35,3,2,800,unstratified_random,56,15,16.158144448588526,Q1_shortest_0_20pct,0.8707348444112918,0.5333333333333333,46.43919170193556,2,87.07348444112918,2,60.0,4
760,A1,Inbound conveyor motor,4,40,3,3,801,unstratified_random,10,96,99.04426828245136,Q3_40_60pct,0.20764585374038913,0.6666666666666667,13.843056916025944,4,20.764585374038912,4,80.0,2
760,A2,Sortation conveyor drive,5,80,5,4,801,unstratified_random,47,135,121.81629897102604,Q4_60_80pct,0.025469608231791674,0.9333333333333333,2.377163434967223,5,2.5469608231791674,5,100.0,1
760,A3,Vertical lift motor,4,55,4,4,801,unstratified_random,30,115,88.96761601985438,Q3_40_60pct,0.28825907184116495,0.8,23.060725747293198,2,28.825907184116495,3,80.0,2
760,A4,AGV/shuttle drive unit,2,15,2,2,801,unstratified_random,36,19,22.29101002400674,Q1_shortest_0_20pct,0.8216719198079461,0.4,32.866876792317846,1,82.16719198079461,1,40.0,5
760,A5,Packing-station roller motor,3,35,3,2,801,unstratified_random,8,95,75.96907893735971,Q3_40_60pct,0.3922473685011223,0.5333333333333333,20.91985965339319,3,39.22473685011223,2,60.0,4
761,A1,Inbound conveyor motor,4,40,3,3,802,unstratified_random,65,128,151.46723766284128,Q5_longest_80_100pct,0.0,0.6666666666666667,0.0,5,0.0,5,80.0,2
761,A2,Sortation conveyor drive,5,80,5,4,802,unstratified_random,41,18,59.85486006548725,Q2_20_40pct,0.521161119476102,0.9333333333333333,48.64170448443619,1,52.1161119476102,2,100.0,1
761,A3,Vertical lift motor,4,55,4,4,802,unstratified_random,47,135,121.81629897102604,Q4_60_80pct,0.025469608231791674,0.8,2.037568658543334,4,2.5469608231791674,4,80.0,2
761,A4,AGV/shuttle drive unit,2,15,2,2,802,unstratified_random,97,82,79.22371888224494,Q3_40_60pct,0.36621024894204046,0.4,14.64840995768162,3,36.62102489420405,3,40.0,5
761,A5,Packing-station roller motor,3,35,3,2,802,unstratified_random,38,50,47.55990877981797,Q2_20_40pct,0.6195207297614562,0.5333333333333333,33.04110558727766,2,61.95207297614562,1,60.0,4
762,A1,Inbound conveyor motor,4,40,3,3,803,unstratified_random,51,114,102.38736822787688,Q4_60_80pct,0.180901054176985,0.6666666666666667,12.060070278465668,4,18.0901054176985,4,80.0,2
762,A2,Sortation conveyor drive,5,80,5,4,803,unstratified_random,83,137,136.40747067846124,Q5_longest_80_100pct,0.0,0.9333333333333333,0.0,5,0.0,5,100.0,1
762,A3,Vertical lift motor,4,55,4,4,803,unstratified_random,98,59,85.21286900885234,Q3_40_60pct,0.31829704792918134,0.8,25.46376383433451,2,31.829704792918136,3,80.0,2
762,A4,AGV/shuttle drive unit,2,15,2,2,803,unstratified_random,18,28,60.32803578156674,Q2_20_40pct,0.5173757137474662,0.4,20.695028549898648,3,51.737571374746615,2,40.0,5
762,A5,Packing-station roller motor,3,35,3,2,803,unstratified_random,53,26,32.51632437126566,Q1_shortest_0_20pct,0.7398694050298746,0.5333333333333333,39.459701601593316,1,73.98694050298747,1,60.0,4
763,A1,Inbound conveyor motor,4,40,3,3,804,unstratified_random,44,109,141.8287484510994,Q5_longest_80_100pct,0.0,0.6666666666666667,0.0,4,0.0,4,80.0,2
763,A2,Sortation conveyor drive,5,80,5,4,804,unstratified_random,82,9,13.00528536289486,Q1_shortest_0_20pct,0.8959577170968411,0.9333333333333333,83.62272026237184,1,89.59577170968412,1,100.0,1
763,A3,Vertical lift motor,4,55,4,4,804,unstratified_random,41,18,59.85486006548725,Q2_20_40pct,0.521161119476102,0.8,41.69288955808816,3,52.1161119476102,3,80.0,2
763,A4,AGV/shuttle drive unit,2,15,2,2,804,unstratified_random,69,121,148.86538698158105,Q5_longest_80_100pct,0.0,0.4,0.0,4,0.0,4,40.0,5
763,A5,Packing-station roller motor,3,35,3,2,804,unstratified_random,56,15,16.158144448588526,Q1_shortest_0_20pct,0.8707348444112918,0.5333333333333333,46.43919170193556,2,87.07348444112918,2,60.0,4
764,A1,Inbound conveyor motor,4,40,3,3,805,unstratified_random,17,50,51.778940468972905,Q2_20_40pct,0.5857684762482167,0.6666666666666667,39.05123174988112,1,58.57684762482167,2,80.0,2
764,A2,Sortation conveyor drive,5,80,5,4,805,unstratified_random,11,97,99.08741603137932,Q4_60_80pct,0.2073006717489655,0.9333333333333333,19.348062696570114,3,20.73006717489655,3,100.0,1
764,A3,Vertical lift motor,4,55,4,4,805,unstratified_random,2,98,142.91341211911944,Q5_longest_80_100pct,0.0,0.8,0.0,5,0.0,5,80.0,2
764,A4,AGV/shuttle drive unit,2,15,2,2,805,unstratified_random,76,10,10.049433434661326,Q1_shortest_0_20pct,0.9196045325227094,0.4,36.78418130090838,2,91.96045325227094,1,40.0,5
764,A5,Packing-station roller motor,3,35,3,2,805,unstratified_random,27,66,114.97611996076007,Q4_60_80pct,0.08019104031391944,0.5333333333333333,4.276855483409037,4,8.019104031391944,4,60.0,4
765,A1,Inbound conveyor motor,4,40,3,3,806,unstratified_random,28,97,94.6987062048556,Q3_40_60pct,0.2424103503611552,0.6666666666666667,16.160690024077017,5,24.24103503611552,5,80.0,2
765,A2,Sortation conveyor drive,5,80,5,4,806,unstratified_random,45,114,76.03056963373365,Q3_40_60pct,0.39175544293013076,0.9333333333333333,36.56384134014554,1,39.175544293013076,3,100.0,1
765,A3,Vertical lift motor,4,55,4,4,806,unstratified_random,97,82,79.22371888224494,Q3_40_60pct,0.36621024894204046,0.8,29.29681991536324,3,36.62102489420405,4,80.0,2
765,A4,AGV/shuttle drive unit,2,15,2,2,806,unstratified_random,18,28,60.32803578156674,Q2_20_40pct,0.5173757137474662,0.4,20.695028549898648,4,51.737571374746615,2,40.0,5
765,A5,Packing-station roller motor,3,35,3,2,806,unstratified_random,77,34,40.64323409645428,Q2_20_40pct,0.6748541272283658,0.5333333333333333,35.99222011884618,2,67.48541272283659,1,60.0,4
766,A1,Inbound conveyor motor,4,40,3,3,807,unstratified_random,68,8,14.299954503479244,Q1_shortest_0_20pct,0.885600363972166,0.6666666666666667,59.04002426481108,1,88.5600363972166,1,80.0,2
766,A2,Sortation conveyor drive,5,80,5,4,807,unstratified_random,55,137,118.91039914419324,Q4_60_80pct,0.048716806846454075,0.9333333333333333,4.546901972335713,3,4.8716806846454075,3,100.0,1
766,A3,Vertical lift motor,4,55,4,4,807,unstratified_random,85,118,162.2981284023822,Q5_longest_80_100pct,0.0,0.8,0.0,4,0.0,4,80.0,2
766,A4,AGV/shuttle drive unit,2,15,2,2,807,unstratified_random,100,20,23.88622641030998,Q1_shortest_0_20pct,0.8089101887175202,0.4,32.35640754870081,2,80.89101887175202,2,40.0,5
766,A5,Packing-station roller motor,3,35,3,2,807,unstratified_random,59,114,150.6488483670163,Q5_longest_80_100pct,0.0,0.5333333333333333,0.0,4,0.0,4,60.0,4
767,A1,Inbound conveyor motor,4,40,3,3,808,unstratified_random,32,48,58.21837314904572,Q2_20_40pct,0.5342530148076343,0.6666666666666667,35.61686765384229,4,53.42530148076343,4,80.0,2
767,A2,Sortation conveyor drive,5,80,5,4,808,unstratified_random,45,114,76.03056963373365,Q3_40_60pct,0.39175544293013076,0.9333333333333333,36.56384134014554,3,39.175544293013076,5,100.0,1
767,A3,Vertical lift motor,4,55,4,4,808,unstratified_random,82,9,13.00528536289486,Q1_shortest_0_20pct,0.8959577170968411,0.8,71.6766173677473,1,89.59577170968412,1,80.0,2
767,A4,AGV/shuttle drive unit,2,15,2,2,808,unstratified_random,42,10,15.95535794283765,Q1_shortest_0_20pct,0.8723571364572988,0.4,34.894285458291954,5,87.23571364572989,2,40.0,5
767,A5,Packing-station roller motor,3,35,3,2,808,unstratified_random,36,19,22.29101002400674,Q1_shortest_0_20pct,0.8216719198079461,0.5333333333333333,43.822502389757126,2,82.16719198079461,3,60.0,4
768,A1,Inbound conveyor motor,4,40,3,3,809,unstratified_random,80,90,79.47558250502735,Q3_40_60pct,0.36419533995978126,0.6666666666666667,24.279689330652086,4,36.41953399597813,4,80.0,2
768,A2,Sortation conveyor drive,5,80,5,4,809,unstratified_random,8,95,75.96907893735971,Q3_40_60pct,0.3922473685011223,0.9333333333333333,36.60975439343808,3,39.22473685011223,3,100.0,1
768,A3,Vertical lift motor,4,55,4,4,809,unstratified_random,36,19,22.29101002400674,Q1_shortest_0_20pct,0.8216719198079461,0.8,65.73375358463569,1,82.16719198079461,2,80.0,2
768,A4,AGV/shuttle drive unit,2,15,2,2,809,unstratified_random,69,121,148.86538698158105,Q5_longest_80_100pct,0.0,0.4,0.0,5,0.0,5,40.0,5
768,A5,Packing-station roller motor,3,35,3,2,809,unstratified_random,35,11,10.318035788709574,Q1_shortest_0_20pct,0.9174557136903234,0.5333333333333333,48.93097139681725,2,91.74557136903235,1,60.0,4
769,A1,Inbound conveyor motor,4,40,3,3,810,unstratified_random,39,142,172.98448712201755,Q5_longest_80_100pct,0.0,0.6666666666666667,0.0,4,0.0,4,80.0,2
769,A2,Sortation conveyor drive,5,80,5,4,810,unstratified_random,31,8,23.83573742078014,Q1_shortest_0_20pct,0.8093141006337589,0.9333333333333333,75.5359827258175,1,80.93141006337589,1,100.0,1
769,A3,Vertical lift motor,4,55,4,4,810,unstratified_random,12,124,90.15767382323185,Q3_40_60pct,0.2787386094141452,0.8,22.299088753131617,3,27.87386094141452,3,80.0,2
769,A4,AGV/shuttle drive unit,2,15,2,2,810,unstratified_random,44,109,141.8287484510994,Q5_longest_80_100pct,0.0,0.4,0.0,4,0.0,4,40.0,5
769,A5,Packing-station roller motor,3,35,3,2,810,unstratified_random,3,69,51.59437184534412,Q2_20_40pct,0.587245025237247,0.5333333333333333,31.319734679319836,2,58.724502523724695,2,60.0,4
770,A1,Inbound conveyor motor,4,40,3,3,811,unstratified_random,61,21,41.30030317056766,Q2_20_40pct,0.6695975746354588,0.6666666666666667,44.639838309030594,3,66.95975746354588,3,80.0,2
770,A2,Sortation conveyor drive,5,80,5,4,811,unstratified_random,77,34,40.64323409645428,Q2_20_40pct,0.6748541272283658,0.9333333333333333,62.98638520798082,2,67.48541272283659,2,100.0,1
770,A3,Vertical lift motor,4,55,4,4,811,unstratified_random,42,10,15.95535794283765,Q1_shortest_0_20pct,0.8723571364572988,0.8,69.78857091658391,1,87.23571364572989,1,80.0,2
770,A4,AGV/shuttle drive unit,2,15,2,2,811,unstratified_random,21,57,67.90605820026097,Q2_20_40pct,0.4567515343979123,0.4,18.270061375916494,4,45.67515343979123,4,40.0,5
770,A5,Packing-station roller motor,3,35,3,2,811,unstratified_random,12,124,90.15767382323185,Q3_40_60pct,0.2787386094141452,0.5333333333333333,14.866059168754411,5,27.87386094141452,5,60.0,4
771,A1,Inbound conveyor motor,4,40,3,3,812,unstratified_random,73,131,128.00577343113736,Q4_60_80pct,0.0,0.6666666666666667,0.0,4,0.0,4,80.0,2
771,A2,Sortation conveyor drive,5,80,5,4,812,unstratified_random,57,103,83.29315372594353,Q3_40_60pct,0.3336547701924518,0.9333333333333333,31.141111884628838,3,33.36547701924518,3,100.0,1
771,A3,Vertical lift motor,4,55,4,4,812,unstratified_random,63,72,60.45894799885493,Q2_20_40pct,0.5163284160091606,0.8,41.30627328073285,2,51.63284160091606,2,80.0,2
771,A4,AGV/shuttle drive unit,2,15,2,2,812,unstratified_random,50,79,131.9611497166465,Q4_60_80pct,0.0,0.4,0.0,4,0.0,4,40.0,5
771,A5,Packing-station roller motor,3,35,3,2,812,unstratified_random,35,11,10.318035788709574,Q1_shortest_0_20pct,0.9174557136903234,0.5333333333333333,48.93097139681725,1,91.74557136903235,1,60.0,4
772,A1,Inbound conveyor motor,4,40,3,3,813,unstratified_random,51,114,102.38736822787688,Q4_60_80pct,0.180901054176985,0.6666666666666667,12.060070278465668,3,18.0901054176985,3,80.0,2
772,A2,Sortation conveyor drive,5,80,5,4,813,unstratified_random,98,59,85.21286900885234,Q3_40_60pct,0.31829704792918134,0.9333333333333333,29.70772447339026,2,31.829704792918136,2,100.0,1
772,A3,Vertical lift motor,4,55,4,4,813,unstratified_random,75,113,125.9355598567823,Q4_60_80pct,0.0,0.8,0.0,5,0.0,5,80.0,2
772,A4,AGV/shuttle drive unit,2,15,2,2,813,unstratified_random,27,66,114.97611996076007,Q4_60_80pct,0.08019104031391944,0.4,3.2076416125567775,4,8.019104031391944,4,40.0,5
772,A5,Packing-station roller motor,3,35,3,2,813,unstratified_random,42,10,15.95535794283765,Q1_shortest_0_20pct,0.8723571364572988,0.5333333333333333,46.525713944389274,1,87.23571364572989,1,60.0,4
773,A1,Inbound conveyor motor,4,40,3,3,814,unstratified_random,11,97,99.08741603137932,Q4_60_80pct,0.2073006717489655,0.6666666666666667,13.820044783264368,3,20.73006717489655,3,80.0,2
773,A2,Sortation conveyor drive,5,80,5,4,814,unstratified_random,50,79,131.9611497166465,Q4_60_80pct,0.0,0.9333333333333333,0.0,4,0.0,4,100.0,1
773,A3,Vertical lift motor,4,55,4,4,814,unstratified_random,24,20,32.316305129135706,Q1_shortest_0_20pct,0.7414695589669144,0.8,59.31756471735315,1,74.14695589669144,1,80.0,2
773,A4,AGV/shuttle drive unit,2,15,2,2,814,unstratified_random,23,113,135.36716530023588,Q4_60_80pct,0.0,0.4,0.0,4,0.0,4,40.0,5
773,A5,Packing-station roller motor,3,35,3,2,814,unstratified_random,46,47,45.79841882029448,Q2_20_40pct,0.6336126494376442,0.5333333333333333,33.792674636674356,2,63.36126494376442,2,60.0,4
774,A1,Inbound conveyor motor,4,40,3,3,815,unstratified_random,63,72,60.45894799885493,Q2_20_40pct,0.5163284160091606,0.6666666666666667,34.42189440061071,3,51.63284160091606,3,80.0,2
774,A2,Sortation conveyor drive,5,80,5,4,815,unstratified_random,92,20,25.16213385236525,Q1_shortest_0_20pct,0.798702929181078,0.9333333333333333,74.54560672356727,1,79.8702929181078,1,100.0,1
774,A3,Vertical lift motor,4,55,4,4,815,unstratified_random,32,48,58.21837314904572,Q2_20_40pct,0.5342530148076343,0.8,42.740241184610746,2,53.42530148076343,2,80.0,2
774,A4,AGV/shuttle drive unit,2,15,2,2,815,unstratified_random,44,109,141.8287484510994,Q5_longest_80_100pct,0.0,0.4,0.0,5,0.0,5,40.0,5
774,A5,Packing-station roller motor,3,35,3,2,815,unstratified_random,98,59,85.21286900885234,Q3_40_60pct,0.31829704792918134,0.5333333333333333,16.975842556223007,4,31.829704792918136,4,60.0,4
775,A1,Inbound conveyor motor,4,40,3,3,816,unstratified_random,16,84,112.36753252847032,Q4_60_80pct,0.10105973977223748,0.6666666666666667,6.737315984815833,4,10.105973977223748,4,80.0,2
775,A2,Sortation conveyor drive,5,80,5,4,816,unstratified_random,51,114,102.38736822787688,Q4_60_80pct,0.180901054176985,0.9333333333333333,16.884098389851932,3,18.0901054176985,3,100.0,1
775,A3,Vertical lift motor,4,55,4,4,816,unstratified_random,69,121,148.86538698158105,Q5_longest_80_100pct,0.0,0.8,0.0,5,0.0,5,80.0,2
775,A4,AGV/shuttle drive unit,2,15,2,2,816,unstratified_random,20,16,23.928748965669588,Q1_shortest_0_20pct,0.8085700082746433,0.4,32.34280033098573,1,80.85700082746433,1,40.0,5
775,A5,Packing-station roller motor,3,35,3,2,816,unstratified_random,98,59,85.21286900885234,Q3_40_60pct,0.31829704792918134,0.5333333333333333,16.975842556223007,2,31.829704792918136,2,60.0,4
776,A1,Inbound conveyor motor,4,40,3,3,817,unstratified_random,89,136,96.67220915776228,Q3_40_60pct,0.22662232673790172,0.6666666666666667,15.108155115860116,3,22.66223267379017,3,80.0,2
776,A2,Sortation conveyor drive,5,80,5,4,817,unstratified_random,6,93,105.6201183358804,Q4_60_80pct,0.15503905331295675,0.9333333333333333,14.47031164254263,4,15.503905331295675,4,100.0,1
776,A3,Vertical lift motor,4,55,4,4,817,unstratified_random,70,94,86.32146123836584,Q3_40_60pct,0.30942831009307326,0.8,24.754264807445864,2,30.942831009307326,2,80.0,2
776,A4,AGV/shuttle drive unit,2,15,2,2,817,unstratified_random,55,137,118.91039914419324,Q4_60_80pct,0.048716806846454075,0.4,1.948672273858163,5,4.8716806846454075,5,40.0,5
776,A5,Packing-station roller motor,3,35,3,2,817,unstratified_random,76,10,10.049433434661326,Q1_shortest_0_20pct,0.9196045325227094,0.5333333333333333,49.045575067877834,1,91.96045325227094,1,60.0,4
777,A1,Inbound conveyor motor,4,40,3,3,818,unstratified_random,2,98,142.91341211911944,Q5_longest_80_100pct,0.0,0.6666666666666667,0.0,5,0.0,5,80.0,2
777,A2,Sortation conveyor drive,5,80,5,4,818,unstratified_random,16,84,112.36753252847032,Q4_60_80pct,0.10105973977223748,0.9333333333333333,9.432242378742165,4,10.105973977223748,4,100.0,1
777,A3,Vertical lift motor,4,55,4,4,818,unstratified_random,24,20,32.316305129135706,Q1_shortest_0_20pct,0.7414695589669144,0.8,59.31756471735315,1,74.14695589669144,1,80.0,2
777,A4,AGV/shuttle drive unit,2,15,2,2,818,unstratified_random,62,54,60.376193576182295,Q2_20_40pct,0.5169904513905417,0.4,20.679618055621667,3,51.699045139054164,3,40.0,5
777,A5,Packing-station roller motor,3,35,3,2,818,unstratified_random,3,69,51.59437184534412,Q2_20_40pct,0.587245025237247,0.5333333333333333,31.319734679319836,2,58.724502523724695,2,60.0,4
778,A1,Inbound conveyor motor,4,40,3,3,819,unstratified_random,65,128,151.46723766284128,Q5_longest_80_100pct,0.0,0.6666666666666667,0.0,5,0.0,5,80.0,2
778,A2,Sortation conveyor drive,5,80,5,4,819,unstratified_random,27,66,114.97611996076007,Q4_60_80pct,0.08019104031391944,0.9333333333333333,7.484497095965814,4,8.019104031391944,4,100.0,1
778,A3,Vertical lift motor,4,55,4,4,819,unstratified_random,89,136,96.67220915776228,Q3_40_60pct,0.22662232673790172,0.8,18.129786139032138,2,22.66223267379017,3,80.0,2
778,A4,AGV/shuttle drive unit,2,15,2,2,819,unstratified_random,72,50,70.20451782538055,Q3_40_60pct,0.4383638573969556,0.4,17.534554295878223,3,43.83638573969556,2,40.0,5
778,A5,Packing-station roller motor,3,35,3,2,819,unstratified_random,91,38,26.859272201960557,Q1_shortest_0_20pct,0.7851258223843156,0.5333333333333333,41.873377193830166,1,78.51258223843156,1,60.0,4
779,A1,Inbound conveyor motor,4,40,3,3,820,unstratified_random,62,54,60.376193576182295,Q2_20_40pct,0.5169904513905417,0.6666666666666667,34.46603009270278,2,51.699045139054164,2,80.0,2
779,A2,Sortation conveyor drive,5,80,5,4,820,unstratified_random,65,128,151.46723766284128,Q5_longest_80_100pct,0.0,0.9333333333333333,0.0,5,0.0,5,100.0,1
779,A3,Vertical lift motor,4,55,4,4,820,unstratified_random,64,28,47.55027096178691,Q2_20_40pct,0.6195978323057048,0.8,49.567826584456384,1,61.95978323057047,1,80.0,2
779,A4,AGV/shuttle drive unit,2,15,2,2,820,unstratified_random,79,63,95.26087986485147,Q3_40_60pct,0.2379129610811882,0.4,9.516518443247529,4,23.79129610811882,4,40.0,5
779,A5,Packing-station roller motor,3,35,3,2,820,unstratified_random,70,94,86.32146123836584,Q3_40_60pct,0.30942831009307326,0.5333333333333333,16.502843204963906,3,30.942831009307326,3,60.0,4
780,A1,Inbound conveyor motor,4,40,3,3,821,unstratified_random,88,115,132.4717899153425,Q4_60_80pct,0.0,0.6666666666666667,0.0,4,0.0,4,80.0,2
780,A2,Sortation conveyor drive,5,80,5,4,821,unstratified_random,49,21,13.44996942007384,Q1_shortest_0_20pct,0.8924002446394093,0.9333333333333333,83.2906894996782,1,89.24002446394093,1,100.0,1
780,A3,Vertical lift motor,4,55,4,4,821,unstratified_random,23,113,135.36716530023588,Q4_60_80pct,0.0,0.8,0.0,4,0.0,4,80.0,2
780,A4,AGV/shuttle drive unit,2,15,2,2,821,unstratified_random,18,28,60.32803578156674,Q2_20_40pct,0.5173757137474662,0.4,20.695028549898648,3,51.737571374746615,2,40.0,5
780,A5,Packing-station roller motor,3,35,3,2,821,unstratified_random,43,59,63.79604805149177,Q2_20_40pct,0.4896316155880658,0.5333333333333333,26.11368616469684,2,48.963161558806576,3,60.0,4
781,A1,Inbound conveyor motor,4,40,3,3,822,unstratified_random,69,121,148.86538698158105,Q5_longest_80_100pct,0.0,0.6666666666666667,0.0,4,0.0,4,80.0,2
781,A2,Sortation conveyor drive,5,80,5,4,822,unstratified_random,29,90,101.07862421817065,Q4_60_80pct,0.19137100625463488,0.9333333333333333,17.861293917099257,3,19.13710062546349,3,100.0,1
781,A3,Vertical lift motor,4,55,4,4,822,unstratified_random,48,92,128.30022813454278,Q4_60_80pct,0.0,0.8,0.0,4,0.0,4,80.0,2
781,A4,AGV/shuttle drive unit,2,15,2,2,822,unstratified_random,58,37,44.85465760060767,Q2_20_40pct,0.6411627391951387,0.4,25.646509567805552,2,64.11627391951387,2,40.0,5
781,A5,Packing-station roller motor,3,35,3,2,822,unstratified_random,61,21,41.30030317056766,Q2_20_40pct,0.6695975746354588,0.5333333333333333,35.71187064722447,1,66.95975746354588,1,60.0,4
782,A1,Inbound conveyor motor,4,40,3,3,823,unstratified_random,29,90,101.07862421817065,Q4_60_80pct,0.19137100625463488,0.6666666666666667,12.758067083642327,4,19.13710062546349,4,80.0,2
782,A2,Sortation conveyor drive,5,80,5,4,823,unstratified_random,89,136,96.67220915776228,Q3_40_60pct,0.22662232673790172,0.9333333333333333,21.15141716220416,2,22.66223267379017,3,100.0,1
782,A3,Vertical lift motor,4,55,4,4,823,unstratified_random,2,98,142.91341211911944,Q5_longest_80_100pct,0.0,0.8,0.0,5,0.0,5,80.0,2
782,A4,AGV/shuttle drive unit,2,15,2,2,823,unstratified_random,52,29,40.87621681240515,Q2_20_40pct,0.6729902655007588,0.4,26.919610620030355,1,67.29902655007588,1,40.0,5
782,A5,Packing-station roller motor,3,35,3,2,823,unstratified_random,97,82,79.22371888224494,Q3_40_60pct,0.36621024894204046,0.5333333333333333,19.531213276908826,3,36.62102489420405,2,60.0,4
783,A1,Inbound conveyor motor,4,40,3,3,824,unstratified_random,6,93,105.6201183358804,Q4_60_80pct,0.15503905331295675,0.6666666666666667,10.335936887530451,3,15.503905331295675,3,80.0,2
783,A2,Sortation conveyor drive,5,80,5,4,824,unstratified_random,34,7,11.177676889867849,Q1_shortest_0_20pct,0.9105785848810573,0.9333333333333333,84.98733458889868,1,91.05785848810572,1,100.0,1
783,A3,Vertical lift motor,4,55,4,4,824,unstratified_random,83,137,136.40747067846124,Q5_longest_80_100pct,0.0,0.8,0.0,4,0.0,4,80.0,2
783,A4,AGV/shuttle drive unit,2,15,2,2,824,unstratified_random,68,8,14.299954503479244,Q1_shortest_0_20pct,0.885600363972166,0.4,35.42401455888665,2,88.5600363972166,2,40.0,5
783,A5,Packing-station roller motor,3,35,3,2,824,unstratified_random,85,118,162.2981284023822,Q5_longest_80_100pct,0.0,0.5333333333333333,0.0,4,0.0,4,60.0,4
784,A1,Inbound conveyor motor,4,40,3,3,825,unstratified_random,37,21,54.159061654098565,Q2_20_40pct,0.5667275067672115,0.6666666666666667,37.781833784480774,1,56.67275067672115,2,80.0,2
784,A2,Sortation conveyor drive,5,80,5,4,825,unstratified_random,95,128,130.5679549560598,Q4_60_80pct,0.0,0.9333333333333333,0.0,5,0.0,5,100.0,1
784,A3,Vertical lift motor,4,55,4,4,825,unstratified_random,10,96,99.04426828245136,Q3_40_60pct,0.20764585374038913,0.8,16.61166829923113,3,20.764585374038912,3,80.0,2
784,A4,AGV/shuttle drive unit,2,15,2,2,825,unstratified_random,19,87,106.94874018187056,Q4_60_80pct,0.14441007854503551,0.4,5.776403141801421,4,14.441007854503551,4,40.0,5
784,A5,Packing-station roller motor,3,35,3,2,825,unstratified_random,17,50,51.778940468972905,Q2_20_40pct,0.5857684762482167,0.5333333333333333,31.24098539990489,2,58.57684762482167,1,60.0,4
785,A1,Inbound conveyor motor,4,40,3,3,826,unstratified_random,74,126,94.81409660307276,Q3_40_60pct,0.24148722717541793,0.6666666666666667,16.099148478361197,2,24.148722717541794,2,80.0,2
785,A2,Sortation conveyor drive,5,80,5,4,826,unstratified_random,30,115,88.96761601985438,Q3_40_60pct,0.28825907184116495,0.9333333333333333,26.90418003850873,1,28.825907184116495,1,100.0,1
785,A3,Vertical lift motor,4,55,4,4,826,unstratified_random,73,131,128.00577343113736,Q4_60_80pct,0.0,0.8,0.0,3,0.0,3,80.0,2
785,A4,AGV/shuttle drive unit,2,15,2,2,826,unstratified_random,39,142,172.98448712201755,Q5_longest_80_100pct,0.0,0.4,0.0,3,0.0,3,40.0,5
785,A5,Packing-station roller motor,3,35,3,2,826,unstratified_random,87,116,144.3579823471946,Q5_longest_80_100pct,0.0,0.5333333333333333,0.0,3,0.0,3,60.0,4
786,A1,Inbound conveyor motor,4,40,3,3,827,unstratified_random,96,137,137.09402180530702,Q5_longest_80_100pct,0.0,0.6666666666666667,0.0,4,0.0,4,80.0,2
786,A2,Sortation conveyor drive,5,80,5,4,827,unstratified_random,80,90,79.47558250502735,Q3_40_60pct,0.36419533995978126,0.9333333333333333,33.99156506291292,2,36.41953399597813,3,100.0,1
786,A3,Vertical lift motor,4,55,4,4,827,unstratified_random,65,128,151.46723766284128,Q5_longest_80_100pct,0.0,0.8,0.0,4,0.0,4,80.0,2
786,A4,AGV/shuttle drive unit,2,15,2,2,827,unstratified_random,8,95,75.96907893735971,Q3_40_60pct,0.3922473685011223,0.4,15.689894740044892,3,39.22473685011223,2,40.0,5
786,A5,Packing-station roller motor,3,35,3,2,827,unstratified_random,61,21,41.30030317056766,Q2_20_40pct,0.6695975746354588,0.5333333333333333,35.71187064722447,1,66.95975746354588,1,60.0,4
787,A1,Inbound conveyor motor,4,40,3,3,828,unstratified_random,3,69,51.59437184534412,Q2_20_40pct,0.587245025237247,0.6666666666666667,39.1496683491498,1,58.724502523724695,2,80.0,2
787,A2,Sortation conveyor drive,5,80,5,4,828,unstratified_random,5,91,97.4316568366386,Q3_40_60pct,0.22054674530689122,0.9333333333333333,20.584362895309848,4,22.054674530689123,4,100.0,1
787,A3,Vertical lift motor,4,55,4,4,828,unstratified_random,19,87,106.94874018187056,Q4_60_80pct,0.14441007854503551,0.8,11.552806283602841,5,14.441007854503551,5,80.0,2
787,A4,AGV/shuttle drive unit,2,15,2,2,828,unstratified_random,35,11,10.318035788709574,Q1_shortest_0_20pct,0.9174557136903234,0.4,36.69822854761294,2,91.74557136903235,1,40.0,5
787,A5,Packing-station roller motor,3,35,3,2,828,unstratified_random,17,50,51.778940468972905,Q2_20_40pct,0.5857684762482167,0.5333333333333333,31.24098539990489,3,58.57684762482167,3,60.0,4
788,A1,Inbound conveyor motor,4,40,3,3,829,unstratified_random,14,107,146.91015946253862,Q5_longest_80_100pct,0.0,0.6666666666666667,0.0,5,0.0,5,80.0,2
788,A2,Sortation conveyor drive,5,80,5,4,829,unstratified_random,49,21,13.44996942007384,Q1_shortest_0_20pct,0.8924002446394093,0.9333333333333333,83.2906894996782,1,89.24002446394093,1,100.0,1
788,A3,Vertical lift motor,4,55,4,4,829,unstratified_random,77,34,40.64323409645428,Q2_20_40pct,0.6748541272283658,0.8,53.98833017826927,2,67.48541272283659,2,80.0,2
788,A4,AGV/shuttle drive unit,2,15,2,2,829,unstratified_random,51,114,102.38736822787688,Q4_60_80pct,0.180901054176985,0.4,7.2360421670794,4,18.0901054176985,4,40.0,5
788,A5,Packing-station roller motor,3,35,3,2,829,unstratified_random,58,37,44.85465760060767,Q2_20_40pct,0.6411627391951387,0.5333333333333333,34.1953460904074,3,64.11627391951387,3,60.0,4
789,A1,Inbound conveyor motor,4,40,3,3,830,unstratified_random,78,107,158.8500624677376,Q5_longest_80_100pct,0.0,0.6666666666666667,0.0,4,0.0,4,80.0,2
789,A2,Sortation conveyor drive,5,80,5,4,830,unstratified_random,33,106,142.7935583123275,Q5_longest_80_100pct,0.0,0.9333333333333333,0.0,4,0.0,4,100.0,1
789,A3,Vertical lift motor,4,55,4,4,830,unstratified_random,19,87,106.94874018187056,Q4_60_80pct,0.14441007854503551,0.8,11.552806283602841,2,14.441007854503551,3,80.0,2
789,A4,AGV/shuttle drive unit,2,15,2,2,830,unstratified_random,64,28,47.55027096178691,Q2_20_40pct,0.6195978323057048,0.4,24.783913292228192,1,61.95978323057047,1,40.0,5
789,A5,Packing-station roller motor,3,35,3,2,830,unstratified_random,10,96,99.04426828245136,Q3_40_60pct,0.20764585374038913,0.5333333333333333,11.074445532820754,3,20.764585374038912,2,60.0,4
790,A1,Inbound conveyor motor,4,40,3,3,831,unstratified_random,61,21,41.30030317056766,Q2_20_40pct,0.6695975746354588,0.6666666666666667,44.639838309030594,1,66.95975746354588,1,80.0,2
790,A2,Sortation conveyor drive,5,80,5,4,831,unstratified_random,16,84,112.36753252847032,Q4_60_80pct,0.10105973977223748,0.9333333333333333,9.432242378742165,4,10.105973977223748,4,100.0,1
790,A3,Vertical lift motor,4,55,4,4,831,unstratified_random,25,145,153.1932818222736,Q5_longest_80_100pct,0.0,0.8,0.0,5,0.0,5,80.0,2
790,A4,AGV/shuttle drive unit,2,15,2,2,831,unstratified_random,32,48,58.21837314904572,Q2_20_40pct,0.5342530148076343,0.4,21.370120592305373,3,53.42530148076343,3,40.0,5
790,A5,Packing-station roller motor,3,35,3,2,831,unstratified_random,17,50,51.778940468972905,Q2_20_40pct,0.5857684762482167,0.5333333333333333,31.24098539990489,2,58.57684762482167,2,60.0,4
791,A1,Inbound conveyor motor,4,40,3,3,832,unstratified_random,97,82,79.22371888224494,Q3_40_60pct,0.36621024894204046,0.6666666666666667,24.414016596136033,2,36.62102489420405,2,80.0,2
791,A2,Sortation conveyor drive,5,80,5,4,832,unstratified_random,67,77,138.84222319134904,Q5_longest_80_100pct,0.0,0.9333333333333333,0.0,5,0.0,5,100.0,1
791,A3,Vertical lift motor,4,55,4,4,832,unstratified_random,4,82,87.20565932033077,Q3_40_60pct,0.30235472543735387,0.8,24.18837803498831,3,30.235472543735387,3,80.0,2
791,A4,AGV/shuttle drive unit,2,15,2,2,832,unstratified_random,16,84,112.36753252847032,Q4_60_80pct,0.10105973977223748,0.4,4.042389590889499,4,10.105973977223748,4,40.0,5
791,A5,Packing-station roller motor,3,35,3,2,832,unstratified_random,90,28,30.303009041002955,Q1_shortest_0_20pct,0.7575759276719763,0.5333333333333333,40.40404947583874,1,75.75759276719764,1,60.0,4
792,A1,Inbound conveyor motor,4,40,3,3,833,unstratified_random,77,34,40.64323409645428,Q2_20_40pct,0.6748541272283658,0.6666666666666667,44.99027514855773,1,67.48541272283659,2,80.0,2
792,A2,Sortation conveyor drive,5,80,5,4,833,unstratified_random,79,63,95.26087986485147,Q3_40_60pct,0.2379129610811882,0.9333333333333333,22.2052097009109,5,23.79129610811882,5,100.0,1
792,A3,Vertical lift motor,4,55,4,4,833,unstratified_random,12,124,90.15767382323185,Q3_40_60pct,0.2787386094141452,0.8,22.299088753131617,4,27.87386094141452,4,80.0,2
792,A4,AGV/shuttle drive unit,2,15,2,2,833,unstratified_random,37,21,54.159061654098565,Q2_20_40pct,0.5667275067672115,0.4,22.66910027068846,3,56.67275067672115,3,40.0,5
792,A5,Packing-station roller motor,3,35,3,2,833,unstratified_random,53,26,32.51632437126566,Q1_shortest_0_20pct,0.7398694050298746,0.5333333333333333,39.459701601593316,2,73.98694050298747,1,60.0,4
793,A1,Inbound conveyor motor,4,40,3,3,834,unstratified_random,74,126,94.81409660307276,Q3_40_60pct,0.24148722717541793,0.6666666666666667,16.099148478361197,4,24.148722717541794,3,80.0,2
793,A2,Sortation conveyor drive,5,80,5,4,834,unstratified_random,11,97,99.08741603137932,Q4_60_80pct,0.2073006717489655,0.9333333333333333,19.348062696570114,3,20.73006717489655,4,100.0,1
793,A3,Vertical lift motor,4,55,4,4,834,unstratified_random,85,118,162.2981284023822,Q5_longest_80_100pct,0.0,0.8,0.0,5,0.0,5,80.0,2
793,A4,AGV/shuttle drive unit,2,15,2,2,834,unstratified_random,94,55,48.61299679912422,Q2_20_40pct,0.6110960256070063,0.4,24.443841024280253,2,61.10960256070063,2,40.0,5
793,A5,Packing-station roller motor,3,35,3,2,834,unstratified_random,40,28,26.358548153514647,Q1_shortest_0_20pct,0.7891316147718828,0.5333333333333333,42.087019454500414,1,78.91316147718828,1,60.0,4
794,A1,Inbound conveyor motor,4,40,3,3,835,unstratified_random,15,83,158.0175356684317,Q5_longest_80_100pct,0.0,0.6666666666666667,0.0,2,0.0,2,80.0,2
794,A2,Sortation conveyor drive,5,80,5,4,835,unstratified_random,95,128,130.5679549560598,Q4_60_80pct,0.0,0.9333333333333333,0.0,2,0.0,2,100.0,1
794,A3,Vertical lift motor,4,55,4,4,835,unstratified_random,70,94,86.32146123836584,Q3_40_60pct,0.30942831009307326,0.8,24.754264807445864,1,30.942831009307326,1,80.0,2
794,A4,AGV/shuttle drive unit,2,15,2,2,835,unstratified_random,67,77,138.84222319134904,Q5_longest_80_100pct,0.0,0.4,0.0,2,0.0,2,40.0,5
794,A5,Packing-station roller motor,3,35,3,2,835,unstratified_random,83,137,136.40747067846124,Q5_longest_80_100pct,0.0,0.5333333333333333,0.0,2,0.0,2,60.0,4
795,A1,Inbound conveyor motor,4,40,3,3,836,unstratified_random,43,59,63.79604805149177,Q2_20_40pct,0.4896316155880658,0.6666666666666667,32.642107705871055,2,48.963161558806576,3,80.0,2
795,A2,Sortation conveyor drive,5,80,5,4,836,unstratified_random,40,28,26.358548153514647,Q1_shortest_0_20pct,0.7891316147718828,0.9333333333333333,73.65228404537574,1,78.91316147718828,1,100.0,1
795,A3,Vertical lift motor,4,55,4,4,836,unstratified_random,45,114,76.03056963373365,Q3_40_60pct,0.39175544293013076,0.8,31.340435434410463,3,39.175544293013076,4,80.0,2
795,A4,AGV/shuttle drive unit,2,15,2,2,836,unstratified_random,53,26,32.51632437126566,Q1_shortest_0_20pct,0.7398694050298746,0.4,29.59477620119499,4,73.98694050298747,2,40.0,5
795,A5,Packing-station roller motor,3,35,3,2,836,unstratified_random,9,111,137.60480848618022,Q5_longest_80_100pct,0.0,0.5333333333333333,0.0,5,0.0,5,60.0,4
796,A1,Inbound conveyor motor,4,40,3,3,837,unstratified_random,1,112,181.7937722618632,Q5_longest_80_100pct,0.0,0.6666666666666667,0.0,5,0.0,5,80.0,2
796,A2,Sortation conveyor drive,5,80,5,4,837,unstratified_random,11,97,99.08741603137932,Q4_60_80pct,0.2073006717489655,0.9333333333333333,19.348062696570114,4,20.73006717489655,4,100.0,1
796,A3,Vertical lift motor,4,55,4,4,837,unstratified_random,90,28,30.303009041002955,Q1_shortest_0_20pct,0.7575759276719763,0.8,60.60607421375811,1,75.75759276719764,1,80.0,2
796,A4,AGV/shuttle drive unit,2,15,2,2,837,unstratified_random,43,59,63.79604805149177,Q2_20_40pct,0.4896316155880658,0.4,19.585264623522633,3,48.963161558806576,3,40.0,5
796,A5,Packing-station roller motor,3,35,3,2,837,unstratified_random,64,28,47.55027096178691,Q2_20_40pct,0.6195978323057048,0.5333333333333333,33.04521772297092,2,61.95978323057047,2,60.0,4
797,A1,Inbound conveyor motor,4,40,3,3,838,unstratified_random,19,87,106.94874018187056,Q4_60_80pct,0.14441007854503551,0.6666666666666667,9.627338569669035,4,14.441007854503551,4,80.0,2
797,A2,Sortation conveyor drive,5,80,5,4,838,unstratified_random,10,96,99.04426828245136,Q3_40_60pct,0.20764585374038913,0.9333333333333333,19.380279682436317,3,20.764585374038912,3,100.0,1
797,A3,Vertical lift motor,4,55,4,4,838,unstratified_random,94,55,48.61299679912422,Q2_20_40pct,0.6110960256070063,0.8,48.88768204856051,1,61.10960256070063,2,80.0,2
797,A4,AGV/shuttle drive unit,2,15,2,2,838,unstratified_random,1,112,181.7937722618632,Q5_longest_80_100pct,0.0,0.4,0.0,5,0.0,5,40.0,5
797,A5,Packing-station roller motor,3,35,3,2,838,unstratified_random,38,50,47.55990877981797,Q2_20_40pct,0.6195207297614562,0.5333333333333333,33.04110558727766,2,61.95207297614562,1,60.0,4
798,A1,Inbound conveyor motor,4,40,3,3,839,unstratified_random,76,10,10.049433434661326,Q1_shortest_0_20pct,0.9196045325227094,0.6666666666666667,61.3069688348473,1,91.96045325227094,1,80.0,2
798,A2,Sortation conveyor drive,5,80,5,4,839,unstratified_random,46,47,45.79841882029448,Q2_20_40pct,0.6336126494376442,0.9333333333333333,59.137180614180124,2,63.36126494376442,2,100.0,1
798,A3,Vertical lift motor,4,55,4,4,839,unstratified_random,3,69,51.59437184534412,Q2_20_40pct,0.587245025237247,0.8,46.97960201897976,3,58.724502523724695,3,80.0,2
798,A4,AGV/shuttle drive unit,2,15,2,2,839,unstratified_random,78,107,158.8500624677376,Q5_longest_80_100pct,0.0,0.4,0.0,5,0.0,5,40.0,5
798,A5,Packing-station roller motor,3,35,3,2,839,unstratified_random,80,90,79.47558250502735,Q3_40_60pct,0.36419533995978126,0.5333333333333333,19.42375146452167,4,36.41953399597813,4,60.0,4
799,A1,Inbound conveyor motor,4,40,3,3,840,unstratified_random,22,111,163.77680736738688,Q5_longest_80_100pct,0.0,0.6666666666666667,0.0,4,0.0,4,80.0,2
799,A2,Sortation conveyor drive,5,80,5,4,840,unstratified_random,33,106,142.7935583123275,Q5_longest_80_100pct,0.0,0.9333333333333333,0.0,4,0.0,4,100.0,1
799,A3,Vertical lift motor,4,55,4,4,840,unstratified_random,56,15,16.158144448588526,Q1_shortest_0_20pct,0.8707348444112918,0.8,69.65878755290335,1,87.07348444112918,1,80.0,2
799,A4,AGV/shuttle drive unit,2,15,2,2,840,unstratified_random,94,55,48.61299679912422,Q2_20_40pct,0.6110960256070063,0.4,24.443841024280253,2,61.10960256070063,2,40.0,5
799,A5,Packing-station roller motor,3,35,3,2,840,unstratified_random,28,97,94.6987062048556,Q3_40_60pct,0.2424103503611552,0.5333333333333333,12.92855201926161,3,24.24103503611552,3,60.0,4
800,A1,Inbound conveyor motor,4,40,3,3,841,unstratified_random,20,16,23.928748965669588,Q1_shortest_0_20pct,0.8085700082746433,0.6666666666666667,53.90466721830956,1,80.85700082746433,2,80.0,2
800,A2,Sortation conveyor drive,5,80,5,4,841,unstratified_random,83,137,136.40747067846124,Q5_longest_80_100pct,0.0,0.9333333333333333,0.0,5,0.0,5,100.0,1
800,A3,Vertical lift motor,4,55,4,4,841,unstratified_random,45,114,76.03056963373365,Q3_40_60pct,0.39175544293013076,0.8,31.340435434410463,3,39.175544293013076,4,80.0,2
800,A4,AGV/shuttle drive unit,2,15,2,2,841,unstratified_random,64,28,47.55027096178691,Q2_20_40pct,0.6195978323057048,0.4,24.783913292228192,4,61.95978323057047,3,40.0,5
800,A5,Packing-station roller motor,3,35,3,2,841,unstratified_random,81,8,12.767256508974471,Q1_shortest_0_20pct,0.8978619479282042,0.5333333333333333,47.88597055617089,2,89.78619479282042,1,60.0,4
801,A1,Inbound conveyor motor,4,40,3,3,842,unstratified_random,99,117,132.87361758142774,Q4_60_80pct,0.0,0.6666666666666667,0.0,2,0.0,2,80.0,2
801,A2,Sortation conveyor drive,5,80,5,4,842,unstratified_random,54,97,127.42576425394527,Q4_60_80pct,0.0,0.9333333333333333,0.0,2,0.0,2,100.0,1
801,A3,Vertical lift motor,4,55,4,4,842,unstratified_random,39,142,172.98448712201755,Q5_longest_80_100pct,0.0,0.8,0.0,2,0.0,2,80.0,2
801,A4,AGV/shuttle drive unit,2,15,2,2,842,unstratified_random,98,59,85.21286900885234,Q3_40_60pct,0.31829704792918134,0.4,12.731881917167255,1,31.829704792918136,1,40.0,5
801,A5,Packing-station roller motor,3,35,3,2,842,unstratified_random,25,145,153.1932818222736,Q5_longest_80_100pct,0.0,0.5333333333333333,0.0,2,0.0,2,60.0,4
802,A1,Inbound conveyor motor,4,40,3,3,843,unstratified_random,94,55,48.61299679912422,Q2_20_40pct,0.6110960256070063,0.6666666666666667,40.73973504046709,2,61.10960256070063,2,80.0,2
802,A2,Sortation conveyor drive,5,80,5,4,843,unstratified_random,16,84,112.36753252847032,Q4_60_80pct,0.10105973977223748,0.9333333333333333,9.432242378742165,4,10.105973977223748,4,100.0,1
802,A3,Vertical lift motor,4,55,4,4,843,unstratified_random,95,128,130.5679549560598,Q4_60_80pct,0.0,0.8,0.0,5,0.0,5,80.0,2
802,A4,AGV/shuttle drive unit,2,15,2,2,843,unstratified_random,72,50,70.20451782538055,Q3_40_60pct,0.4383638573969556,0.4,17.534554295878223,3,43.83638573969556,3,40.0,5
802,A5,Packing-station roller motor,3,35,3,2,843,unstratified_random,91,38,26.859272201960557,Q1_shortest_0_20pct,0.7851258223843156,0.5333333333333333,41.873377193830166,1,78.51258223843156,1,60.0,4
803,A1,Inbound conveyor motor,4,40,3,3,844,unstratified_random,63,72,60.45894799885493,Q2_20_40pct,0.5163284160091606,0.6666666666666667,34.42189440061071,2,51.63284160091606,2,80.0,2
803,A2,Sortation conveyor drive,5,80,5,4,844,unstratified_random,11,97,99.08741603137932,Q4_60_80pct,0.2073006717489655,0.9333333333333333,19.348062696570114,3,20.73006717489655,4,100.0,1
803,A3,Vertical lift motor,4,55,4,4,844,unstratified_random,38,50,47.55990877981797,Q2_20_40pct,0.6195207297614562,0.8,49.5616583809165,1,61.95207297614562,1,80.0,2
803,A4,AGV/shuttle drive unit,2,15,2,2,844,unstratified_random,5,91,97.4316568366386,Q3_40_60pct,0.22054674530689122,0.4,8.821869812275649,4,22.054674530689123,3,40.0,5
803,A5,Packing-station roller motor,3,35,3,2,844,unstratified_random,65,128,151.46723766284128,Q5_longest_80_100pct,0.0,0.5333333333333333,0.0,5,0.0,5,60.0,4
804,A1,Inbound conveyor motor,4,40,3,3,845,unstratified_random,18,28,60.32803578156674,Q2_20_40pct,0.5173757137474662,0.6666666666666667,34.491714249831084,3,51.737571374746615,3,80.0,2
804,A2,Sortation conveyor drive,5,80,5,4,845,unstratified_random,49,21,13.44996942007384,Q1_shortest_0_20pct,0.8924002446394093,0.9333333333333333,83.2906894996782,1,89.24002446394093,1,100.0,1
804,A3,Vertical lift motor,4,55,4,4,845,unstratified_random,32,48,58.21837314904572,Q2_20_40pct,0.5342530148076343,0.8,42.740241184610746,2,53.42530148076343,2,80.0,2
804,A4,AGV/shuttle drive unit,2,15,2,2,845,unstratified_random,51,114,102.38736822787688,Q4_60_80pct,0.180901054176985,0.4,7.2360421670794,5,18.0901054176985,5,40.0,5
804,A5,Packing-station roller motor,3,35,3,2,845,unstratified_random,29,90,101.07862421817065,Q4_60_80pct,0.19137100625463488,0.5333333333333333,10.20645366691386,4,19.13710062546349,4,60.0,4
805,A1,Inbound conveyor motor,4,40,3,3,846,unstratified_random,79,63,95.26087986485147,Q3_40_60pct,0.2379129610811882,0.6666666666666667,15.860864072079217,3,23.79129610811882,3,80.0,2
805,A2,Sortation conveyor drive,5,80,5,4,846,unstratified_random,36,19,22.29101002400674,Q1_shortest_0_20pct,0.8216719198079461,0.9333333333333333,76.68937918207497,1,82.16719198079461,1,100.0,1
805,A3,Vertical lift motor,4,55,4,4,846,unstratified_random,45,114,76.03056963373365,Q3_40_60pct,0.39175544293013076,0.8,31.340435434410463,2,39.175544293013076,2,80.0,2
805,A4,AGV/shuttle drive unit,2,15,2,2,846,unstratified_random,54,97,127.42576425394527,Q4_60_80pct,0.0,0.4,0.0,5,0.0,5,40.0,5
805,A5,Packing-station roller motor,3,35,3,2,846,unstratified_random,55,137,118.91039914419324,Q4_60_80pct,0.048716806846454075,0.5333333333333333,2.598229698477551,4,4.8716806846454075,4,60.0,4
806,A1,Inbound conveyor motor,4,40,3,3,847,unstratified_random,33,106,142.7935583123275,Q5_longest_80_100pct,0.0,0.6666666666666667,0.0,4,0.0,4,80.0,2
806,A2,Sortation conveyor drive,5,80,5,4,847,unstratified_random,80,90,79.47558250502735,Q3_40_60pct,0.36419533995978126,0.9333333333333333,33.99156506291292,3,36.41953399597813,3,100.0,1
806,A3,Vertical lift motor,4,55,4,4,847,unstratified_random,77,34,40.64323409645428,Q2_20_40pct,0.6748541272283658,0.8,53.98833017826927,1,67.48541272283659,2,80.0,2
806,A4,AGV/shuttle drive unit,2,15,2,2,847,unstratified_random,34,7,11.177676889867849,Q1_shortest_0_20pct,0.9105785848810573,0.4,36.42314339524229,2,91.05785848810572,1,40.0,5
806,A5,Packing-station roller motor,3,35,3,2,847,unstratified_random,22,111,163.77680736738688,Q5_longest_80_100pct,0.0,0.5333333333333333,0.0,4,0.0,4,60.0,4
807,A1,Inbound conveyor motor,4,40,3,3,848,unstratified_random,54,97,127.42576425394527,Q4_60_80pct,0.0,0.6666666666666667,0.0,3,0.0,3,80.0,2
807,A2,Sortation conveyor drive,5,80,5,4,848,unstratified_random,75,113,125.9355598567823,Q4_60_80pct,0.0,0.9333333333333333,0.0,3,0.0,3,100.0,1
807,A3,Vertical lift motor,4,55,4,4,848,unstratified_random,34,7,11.177676889867849,Q1_shortest_0_20pct,0.9105785848810573,0.8,72.84628679048458,1,91.05785848810572,1,80.0,2
807,A4,AGV/shuttle drive unit,2,15,2,2,848,unstratified_random,14,107,146.91015946253862,Q5_longest_80_100pct,0.0,0.4,0.0,3,0.0,3,40.0,5
807,A5,Packing-station roller motor,3,35,3,2,848,unstratified_random,6,93,105.6201183358804,Q4_60_80pct,0.15503905331295675,0.5333333333333333,8.26874951002436,2,15.503905331295675,2,60.0,4
808,A1,Inbound conveyor motor,4,40,3,3,849,unstratified_random,78,107,158.8500624677376,Q5_longest_80_100pct,0.0,0.6666666666666667,0.0,4,0.0,4,80.0,2
808,A2,Sortation conveyor drive,5,80,5,4,849,unstratified_random,10,96,99.04426828245136,Q3_40_60pct,0.20764585374038913,0.9333333333333333,19.380279682436317,3,20.764585374038912,3,100.0,1
808,A3,Vertical lift motor,4,55,4,4,849,unstratified_random,39,142,172.98448712201755,Q5_longest_80_100pct,0.0,0.8,0.0,4,0.0,4,80.0,2
808,A4,AGV/shuttle drive unit,2,15,2,2,849,unstratified_random,90,28,30.303009041002955,Q1_shortest_0_20pct,0.7575759276719763,0.4,30.303037106879056,2,75.75759276719764,1,40.0,5
808,A5,Packing-station roller motor,3,35,3,2,849,unstratified_random,61,21,41.30030317056766,Q2_20_40pct,0.6695975746354588,0.5333333333333333,35.71187064722447,1,66.95975746354588,2,60.0,4
809,A1,Inbound conveyor motor,4,40,3,3,850,unstratified_random,37,21,54.159061654098565,Q2_20_40pct,0.5667275067672115,0.6666666666666667,37.781833784480774,2,56.67275067672115,1,80.0,2
809,A2,Sortation conveyor drive,5,80,5,4,850,unstratified_random,41,18,59.85486006548725,Q2_20_40pct,0.521161119476102,0.9333333333333333,48.64170448443619,1,52.1161119476102,2,100.0,1
809,A3,Vertical lift motor,4,55,4,4,850,unstratified_random,71,118,142.21779435736028,Q5_longest_80_100pct,0.0,0.8,0.0,5,0.0,5,80.0,2
809,A4,AGV/shuttle drive unit,2,15,2,2,850,unstratified_random,60,100,104.41961816061556,Q4_60_80pct,0.16464305471507557,0.4,6.5857221886030235,4,16.464305471507558,4,40.0,5
809,A5,Packing-station roller motor,3,35,3,2,850,unstratified_random,11,97,99.08741603137932,Q4_60_80pct,0.2073006717489655,0.5333333333333333,11.056035826611494,3,20.73006717489655,3,60.0,4
810,A1,Inbound conveyor motor,4,40,3,3,851,unstratified_random,82,9,13.00528536289486,Q1_shortest_0_20pct,0.8959577170968411,0.6666666666666667,59.73051447312275,1,89.59577170968412,1,80.0,2
810,A2,Sortation conveyor drive,5,80,5,4,851,unstratified_random,28,97,94.6987062048556,Q3_40_60pct,0.2424103503611552,0.9333333333333333,22.624966033707818,3,24.24103503611552,5,100.0,1
810,A3,Vertical lift motor,4,55,4,4,851,unstratified_random,53,26,32.51632437126566,Q1_shortest_0_20pct,0.7398694050298746,0.8,59.18955240238998,2,73.98694050298747,2,80.0,2
810,A4,AGV/shuttle drive unit,2,15,2,2,851,unstratified_random,70,94,86.32146123836584,Q3_40_60pct,0.30942831009307326,0.4,12.377132403722932,5,30.942831009307326,4,40.0,5
810,A5,Packing-station roller motor,3,35,3,2,851,unstratified_random,80,90,79.47558250502735,Q3_40_60pct,0.36419533995978126,0.5333333333333333,19.42375146452167,4,36.41953399597813,3,60.0,4
811,A1,Inbound conveyor motor,4,40,3,3,852,unstratified_random,21,57,67.90605820026097,Q2_20_40pct,0.4567515343979123,0.6666666666666667,30.450102293194156,4,45.67515343979123,4,80.0,2
811,A2,Sortation conveyor drive,5,80,5,4,852,unstratified_random,63,72,60.45894799885493,Q2_20_40pct,0.5163284160091606,0.9333333333333333,48.19065216085499,1,51.63284160091606,3,100.0,1
811,A3,Vertical lift motor,4,55,4,4,852,unstratified_random,99,117,132.87361758142774,Q4_60_80pct,0.0,0.8,0.0,5,0.0,5,80.0,2
811,A4,AGV/shuttle drive unit,2,15,2,2,852,unstratified_random,34,7,11.177676889867849,Q1_shortest_0_20pct,0.9105785848810573,0.4,36.42314339524229,3,91.05785848810572,1,40.0,5
811,A5,Packing-station roller motor,3,35,3,2,852,unstratified_random,56,15,16.158144448588526,Q1_shortest_0_20pct,0.8707348444112918,0.5333333333333333,46.43919170193556,2,87.07348444112918,2,60.0,4
812,A1,Inbound conveyor motor,4,40,3,3,853,unstratified_random,92,20,25.16213385236525,Q1_shortest_0_20pct,0.798702929181078,0.6666666666666667,53.2468619454052,1,79.8702929181078,1,80.0,2
812,A2,Sortation conveyor drive,5,80,5,4,853,unstratified_random,89,136,96.67220915776228,Q3_40_60pct,0.22662232673790172,0.9333333333333333,21.15141716220416,2,22.66223267379017,3,100.0,1
812,A3,Vertical lift motor,4,55,4,4,853,unstratified_random,15,83,158.0175356684317,Q5_longest_80_100pct,0.0,0.8,0.0,5,0.0,5,80.0,2
812,A4,AGV/shuttle drive unit,2,15,2,2,853,unstratified_random,57,103,83.29315372594353,Q3_40_60pct,0.3336547701924518,0.4,13.346190807698074,3,33.36547701924518,2,40.0,5
812,A5,Packing-station roller motor,3,35,3,2,853,unstratified_random,26,119,123.02499684692152,Q4_60_80pct,0.015800025224627756,0.5333333333333333,0.842668011980147,4,1.5800025224627756,4,60.0,4
813,A1,Inbound conveyor motor,4,40,3,3,854,unstratified_random,81,8,12.767256508974471,Q1_shortest_0_20pct,0.8978619479282042,0.6666666666666667,59.857463195213626,1,89.78619479282042,2,80.0,2
813,A2,Sortation conveyor drive,5,80,5,4,854,unstratified_random,79,63,95.26087986485147,Q3_40_60pct,0.2379129610811882,0.9333333333333333,22.2052097009109,4,23.79129610811882,4,100.0,1
813,A3,Vertical lift motor,4,55,4,4,854,unstratified_random,4,82,87.20565932033077,Q3_40_60pct,0.30235472543735387,0.8,24.18837803498831,3,30.235472543735387,3,80.0,2
813,A4,AGV/shuttle drive unit,2,15,2,2,854,unstratified_random,76,10,10.049433434661326,Q1_shortest_0_20pct,0.9196045325227094,0.4,36.78418130090838,2,91.96045325227094,1,40.0,5
813,A5,Packing-station roller motor,3,35,3,2,854,unstratified_random,6,93,105.6201183358804,Q4_60_80pct,0.15503905331295675,0.5333333333333333,8.26874951002436,5,15.503905331295675,5,60.0,4
814,A1,Inbound conveyor motor,4,40,3,3,855,unstratified_random,37,21,54.159061654098565,Q2_20_40pct,0.5667275067672115,0.6666666666666667,37.781833784480774,2,56.67275067672115,2,80.0,2
814,A2,Sortation conveyor drive,5,80,5,4,855,unstratified_random,47,135,121.81629897102604,Q4_60_80pct,0.025469608231791674,0.9333333333333333,2.377163434967223,4,2.5469608231791674,4,100.0,1
814,A3,Vertical lift motor,4,55,4,4,855,unstratified_random,96,137,137.09402180530702,Q5_longest_80_100pct,0.0,0.8,0.0,5,0.0,5,80.0,2
814,A4,AGV/shuttle drive unit,2,15,2,2,855,unstratified_random,89,136,96.67220915776228,Q3_40_60pct,0.22662232673790172,0.4,9.064893069516069,3,22.66223267379017,3,40.0,5
814,A5,Packing-station roller motor,3,35,3,2,855,unstratified_random,100,20,23.88622641030998,Q1_shortest_0_20pct,0.8089101887175202,0.5333333333333333,43.14187673160108,1,80.89101887175202,1,60.0,4
815,A1,Inbound conveyor motor,4,40,3,3,856,unstratified_random,40,28,26.358548153514647,Q1_shortest_0_20pct,0.7891316147718828,0.6666666666666667,52.608774318125526,2,78.91316147718828,2,80.0,2
815,A2,Sortation conveyor drive,5,80,5,4,856,unstratified_random,24,20,32.316305129135706,Q1_shortest_0_20pct,0.7414695589669144,0.9333333333333333,69.20382550357867,1,74.14695589669144,3,100.0,1
815,A3,Vertical lift motor,4,55,4,4,856,unstratified_random,16,84,112.36753252847032,Q4_60_80pct,0.10105973977223748,0.8,8.084779181778998,5,10.105973977223748,5,80.0,2
815,A4,AGV/shuttle drive unit,2,15,2,2,856,unstratified_random,12,124,90.15767382323185,Q3_40_60pct,0.2787386094141452,0.4,11.149544376565808,4,27.87386094141452,4,40.0,5
815,A5,Packing-station roller motor,3,35,3,2,856,unstratified_random,76,10,10.049433434661326,Q1_shortest_0_20pct,0.9196045325227094,0.5333333333333333,49.045575067877834,3,91.96045325227094,1,60.0,4
816,A1,Inbound conveyor motor,4,40,3,3,857,unstratified_random,28,97,94.6987062048556,Q3_40_60pct,0.2424103503611552,0.6666666666666667,16.160690024077017,3,24.24103503611552,3,80.0,2
816,A2,Sortation conveyor drive,5,80,5,4,857,unstratified_random,57,103,83.29315372594353,Q3_40_60pct,0.3336547701924518,0.9333333333333333,31.141111884628838,2,33.36547701924518,2,100.0,1
816,A3,Vertical lift motor,4,55,4,4,857,unstratified_random,76,10,10.049433434661326,Q1_shortest_0_20pct,0.9196045325227094,0.8,73.56836260181676,1,91.96045325227094,1,80.0,2
816,A4,AGV/shuttle drive unit,2,15,2,2,857,unstratified_random,95,128,130.5679549560598,Q4_60_80pct,0.0,0.4,0.0,4,0.0,4,40.0,5
816,A5,Packing-station roller motor,3,35,3,2,857,unstratified_random,96,137,137.09402180530702,Q5_longest_80_100pct,0.0,0.5333333333333333,0.0,4,0.0,4,60.0,4
817,A1,Inbound conveyor motor,4,40,3,3,858,unstratified_random,91,38,26.859272201960557,Q1_shortest_0_20pct,0.7851258223843156,0.6666666666666667,52.34172149228771,1,78.51258223843156,1,80.0,2
817,A2,Sortation conveyor drive,5,80,5,4,858,unstratified_random,65,128,151.46723766284128,Q5_longest_80_100pct,0.0,0.9333333333333333,0.0,3,0.0,3,100.0,1
817,A3,Vertical lift motor,4,55,4,4,858,unstratified_random,98,59,85.21286900885234,Q3_40_60pct,0.31829704792918134,0.8,25.46376383433451,2,31.829704792918136,2,80.0,2
817,A4,AGV/shuttle drive unit,2,15,2,2,858,unstratified_random,88,115,132.4717899153425,Q4_60_80pct,0.0,0.4,0.0,3,0.0,3,40.0,5
817,A5,Packing-station roller motor,3,35,3,2,858,unstratified_random,15,83,158.0175356684317,Q5_longest_80_100pct,0.0,0.5333333333333333,0.0,3,0.0,3,60.0,4
818,A1,Inbound conveyor motor,4,40,3,3,859,unstratified_random,42,10,15.95535794283765,Q1_shortest_0_20pct,0.8723571364572988,0.6666666666666667,58.1571424304866,1,87.23571364572989,1,80.0,2
818,A2,Sortation conveyor drive,5,80,5,4,859,unstratified_random,2,98,142.91341211911944,Q5_longest_80_100pct,0.0,0.9333333333333333,0.0,4,0.0,4,100.0,1
818,A3,Vertical lift motor,4,55,4,4,859,unstratified_random,75,113,125.9355598567823,Q4_60_80pct,0.0,0.8,0.0,4,0.0,4,80.0,2
818,A4,AGV/shuttle drive unit,2,15,2,2,859,unstratified_random,8,95,75.96907893735971,Q3_40_60pct,0.3922473685011223,0.4,15.689894740044892,3,39.22473685011223,3,40.0,5
818,A5,Packing-station roller motor,3,35,3,2,859,unstratified_random,31,8,23.83573742078014,Q1_shortest_0_20pct,0.8093141006337589,0.5333333333333333,43.16341870046714,2,80.93141006337589,2,60.0,4
819,A1,Inbound conveyor motor,4,40,3,3,860,unstratified_random,92,20,25.16213385236525,Q1_shortest_0_20pct,0.798702929181078,0.6666666666666667,53.2468619454052,2,79.8702929181078,3,80.0,2
819,A2,Sortation conveyor drive,5,80,5,4,860,unstratified_random,87,116,144.3579823471946,Q5_longest_80_100pct,0.0,0.9333333333333333,0.0,4,0.0,4,100.0,1
819,A3,Vertical lift motor,4,55,4,4,860,unstratified_random,82,9,13.00528536289486,Q1_shortest_0_20pct,0.8959577170968411,0.8,71.6766173677473,1,89.59577170968412,1,80.0,2
819,A4,AGV/shuttle drive unit,2,15,2,2,860,unstratified_random,49,21,13.44996942007384,Q1_shortest_0_20pct,0.8924002446394093,0.4,35.69600978557637,3,89.24002446394093,2,40.0,5
819,A5,Packing-station roller motor,3,35,3,2,860,unstratified_random,96,137,137.09402180530702,Q5_longest_80_100pct,0.0,0.5333333333333333,0.0,4,0.0,4,60.0,4
820,A1,Inbound conveyor motor,4,40,3,3,861,unstratified_random,28,97,94.6987062048556,Q3_40_60pct,0.2424103503611552,0.6666666666666667,16.160690024077017,3,24.24103503611552,4,80.0,2
820,A2,Sortation conveyor drive,5,80,5,4,861,unstratified_random,41,18,59.85486006548725,Q2_20_40pct,0.521161119476102,0.9333333333333333,48.64170448443619,1,52.1161119476102,2,100.0,1
820,A3,Vertical lift motor,4,55,4,4,861,unstratified_random,85,118,162.2981284023822,Q5_longest_80_100pct,0.0,0.8,0.0,5,0.0,5,80.0,2
820,A4,AGV/shuttle drive unit,2,15,2,2,861,unstratified_random,97,82,79.22371888224494,Q3_40_60pct,0.36621024894204046,0.4,14.64840995768162,4,36.62102489420405,3,40.0,5
820,A5,Packing-station roller motor,3,35,3,2,861,unstratified_random,81,8,12.767256508974471,Q1_shortest_0_20pct,0.8978619479282042,0.5333333333333333,47.88597055617089,2,89.78619479282042,1,60.0,4
821,A1,Inbound conveyor motor,4,40,3,3,862,unstratified_random,5,91,97.4316568366386,Q3_40_60pct,0.22054674530689122,0.6666666666666667,14.703116353792751,4,22.054674530689123,4,80.0,2
821,A2,Sortation conveyor drive,5,80,5,4,862,unstratified_random,84,58,54.07820667708313,Q2_20_40pct,0.567374346583335,0.9333333333333333,52.9549390144446,1,56.7374346583335,3,100.0,1
821,A3,Vertical lift motor,4,55,4,4,862,unstratified_random,71,118,142.21779435736028,Q5_longest_80_100pct,0.0,0.8,0.0,5,0.0,5,80.0,2
821,A4,AGV/shuttle drive unit,2,15,2,2,862,unstratified_random,17,50,51.778940468972905,Q2_20_40pct,0.5857684762482167,0.4,23.43073904992867,3,58.57684762482167,2,40.0,5
821,A5,Packing-station roller motor,3,35,3,2,862,unstratified_random,64,28,47.55027096178691,Q2_20_40pct,0.6195978323057048,0.5333333333333333,33.04521772297092,2,61.95978323057047,1,60.0,4
822,A1,Inbound conveyor motor,4,40,3,3,863,unstratified_random,53,26,32.51632437126566,Q1_shortest_0_20pct,0.7398694050298746,0.6666666666666667,49.32462700199165,2,73.98694050298747,1,80.0,2
822,A2,Sortation conveyor drive,5,80,5,4,863,unstratified_random,64,28,47.55027096178691,Q2_20_40pct,0.6195978323057048,0.9333333333333333,57.82913101519911,1,61.95978323057047,3,100.0,1
822,A3,Vertical lift motor,4,55,4,4,863,unstratified_random,63,72,60.45894799885493,Q2_20_40pct,0.5163284160091606,0.8,41.30627328073285,3,51.63284160091606,4,80.0,2
822,A4,AGV/shuttle drive unit,2,15,2,2,863,unstratified_random,75,113,125.9355598567823,Q4_60_80pct,0.0,0.4,0.0,5,0.0,5,40.0,5
822,A5,Packing-station roller motor,3,35,3,2,863,unstratified_random,46,47,45.79841882029448,Q2_20_40pct,0.6336126494376442,0.5333333333333333,33.792674636674356,4,63.36126494376442,2,60.0,4
823,A1,Inbound conveyor motor,4,40,3,3,864,unstratified_random,49,21,13.44996942007384,Q1_shortest_0_20pct,0.8924002446394093,0.6666666666666667,59.493349642627294,2,89.24002446394093,1,80.0,2
823,A2,Sortation conveyor drive,5,80,5,4,864,unstratified_random,61,21,41.30030317056766,Q2_20_40pct,0.6695975746354588,0.9333333333333333,62.49577363264282,1,66.95975746354588,3,100.0,1
823,A3,Vertical lift motor,4,55,4,4,864,unstratified_random,88,115,132.4717899153425,Q4_60_80pct,0.0,0.8,0.0,5,0.0,5,80.0,2
823,A4,AGV/shuttle drive unit,2,15,2,2,864,unstratified_random,42,10,15.95535794283765,Q1_shortest_0_20pct,0.8723571364572988,0.4,34.894285458291954,3,87.23571364572989,2,40.0,5
823,A5,Packing-station roller motor,3,35,3,2,864,unstratified_random,27,66,114.97611996076007,Q4_60_80pct,0.08019104031391944,0.5333333333333333,4.276855483409037,4,8.019104031391944,4,60.0,4
824,A1,Inbound conveyor motor,4,40,3,3,865,unstratified_random,70,94,86.32146123836584,Q3_40_60pct,0.30942831009307326,0.6666666666666667,20.628554006204887,2,30.942831009307326,2,80.0,2
824,A2,Sortation conveyor drive,5,80,5,4,865,unstratified_random,10,96,99.04426828245136,Q3_40_60pct,0.20764585374038913,0.9333333333333333,19.380279682436317,3,20.764585374038912,3,100.0,1
824,A3,Vertical lift motor,4,55,4,4,865,unstratified_random,84,58,54.07820667708313,Q2_20_40pct,0.567374346583335,0.8,45.389947726666804,1,56.7374346583335,1,80.0,2
824,A4,AGV/shuttle drive unit,2,15,2,2,865,unstratified_random,9,111,137.60480848618022,Q5_longest_80_100pct,0.0,0.4,0.0,4,0.0,4,40.0,5
824,A5,Packing-station roller motor,3,35,3,2,865,unstratified_random,23,113,135.36716530023588,Q4_60_80pct,0.0,0.5333333333333333,0.0,4,0.0,4,60.0,4
825,A1,Inbound conveyor motor,4,40,3,3,866,unstratified_random,52,29,40.87621681240515,Q2_20_40pct,0.6729902655007588,0.6666666666666667,44.86601770005059,2,67.29902655007588,4,80.0,2
825,A2,Sortation conveyor drive,5,80,5,4,866,unstratified_random,34,7,11.177676889867849,Q1_shortest_0_20pct,0.9105785848810573,0.9333333333333333,84.98733458889868,1,91.05785848810572,1,100.0,1
825,A3,Vertical lift motor,4,55,4,4,866,unstratified_random,44,109,141.8287484510994,Q5_longest_80_100pct,0.0,0.8,0.0,5,0.0,5,80.0,2
825,A4,AGV/shuttle drive unit,2,15,2,2,866,unstratified_random,77,34,40.64323409645428,Q2_20_40pct,0.6748541272283658,0.4,26.994165089134636,4,67.48541272283659,3,40.0,5
825,A5,Packing-station roller motor,3,35,3,2,866,unstratified_random,31,8,23.83573742078014,Q1_shortest_0_20pct,0.8093141006337589,0.5333333333333333,43.16341870046714,3,80.93141006337589,2,60.0,4
826,A1,Inbound conveyor motor,4,40,3,3,867,unstratified_random,29,90,101.07862421817065,Q4_60_80pct,0.19137100625463488,0.6666666666666667,12.758067083642327,4,19.13710062546349,4,80.0,2
826,A2,Sortation conveyor drive,5,80,5,4,867,unstratified_random,82,9,13.00528536289486,Q1_shortest_0_20pct,0.8959577170968411,0.9333333333333333,83.62272026237184,1,89.59577170968412,1,100.0,1
826,A3,Vertical lift motor,4,55,4,4,867,unstratified_random,48,92,128.30022813454278,Q4_60_80pct,0.0,0.8,0.0,5,0.0,5,80.0,2
826,A4,AGV/shuttle drive unit,2,15,2,2,867,unstratified_random,49,21,13.44996942007384,Q1_shortest_0_20pct,0.8924002446394093,0.4,35.69600978557637,2,89.24002446394093,2,40.0,5
826,A5,Packing-station roller motor,3,35,3,2,867,unstratified_random,58,37,44.85465760060767,Q2_20_40pct,0.6411627391951387,0.5333333333333333,34.1953460904074,3,64.11627391951387,3,60.0,4
827,A1,Inbound conveyor motor,4,40,3,3,868,unstratified_random,16,84,112.36753252847032,Q4_60_80pct,0.10105973977223748,0.6666666666666667,6.737315984815833,5,10.105973977223748,5,80.0,2
827,A2,Sortation conveyor drive,5,80,5,4,868,unstratified_random,37,21,54.159061654098565,Q2_20_40pct,0.5667275067672115,0.9333333333333333,52.894567298273074,1,56.67275067672115,2,100.0,1
827,A3,Vertical lift motor,4,55,4,4,868,unstratified_random,46,47,45.79841882029448,Q2_20_40pct,0.6336126494376442,0.8,50.68901195501154,2,63.36126494376442,1,80.0,2
827,A4,AGV/shuttle drive unit,2,15,2,2,868,unstratified_random,43,59,63.79604805149177,Q2_20_40pct,0.4896316155880658,0.4,19.585264623522633,4,48.963161558806576,4,40.0,5
827,A5,Packing-station roller motor,3,35,3,2,868,unstratified_random,32,48,58.21837314904572,Q2_20_40pct,0.5342530148076343,0.5333333333333333,28.49349412307383,3,53.42530148076343,3,60.0,4
828,A1,Inbound conveyor motor,4,40,3,3,869,unstratified_random,25,145,153.1932818222736,Q5_longest_80_100pct,0.0,0.6666666666666667,0.0,4,0.0,4,80.0,2
828,A2,Sortation conveyor drive,5,80,5,4,869,unstratified_random,89,136,96.67220915776228,Q3_40_60pct,0.22662232673790172,0.9333333333333333,21.15141716220416,2,22.66223267379017,3,100.0,1
828,A3,Vertical lift motor,4,55,4,4,869,unstratified_random,58,37,44.85465760060767,Q2_20_40pct,0.6411627391951387,0.8,51.293019135611104,1,64.11627391951387,1,80.0,2
828,A4,AGV/shuttle drive unit,2,15,2,2,869,unstratified_random,57,103,83.29315372594353,Q3_40_60pct,0.3336547701924518,0.4,13.346190807698074,3,33.36547701924518,2,40.0,5
828,A5,Packing-station roller motor,3,35,3,2,869,unstratified_random,54,97,127.42576425394527,Q4_60_80pct,0.0,0.5333333333333333,0.0,4,0.0,4,60.0,4
829,A1,Inbound conveyor motor,4,40,3,3,870,unstratified_random,37,21,54.159061654098565,Q2_20_40pct,0.5667275067672115,0.6666666666666667,37.781833784480774,1,56.67275067672115,1,80.0,2
829,A2,Sortation conveyor drive,5,80,5,4,870,unstratified_random,8,95,75.96907893735971,Q3_40_60pct,0.3922473685011223,0.9333333333333333,36.60975439343808,2,39.22473685011223,2,100.0,1
829,A3,Vertical lift motor,4,55,4,4,870,unstratified_random,89,136,96.67220915776228,Q3_40_60pct,0.22662232673790172,0.8,18.129786139032138,3,22.66223267379017,3,80.0,2
829,A4,AGV/shuttle drive unit,2,15,2,2,870,unstratified_random,11,97,99.08741603137932,Q4_60_80pct,0.2073006717489655,0.4,8.29202686995862,5,20.73006717489655,5,40.0,5
829,A5,Packing-station roller motor,3,35,3,2,870,unstratified_random,10,96,99.04426828245136,Q3_40_60pct,0.20764585374038913,0.5333333333333333,11.074445532820754,4,20.764585374038912,4,60.0,4
830,A1,Inbound conveyor motor,4,40,3,3,871,unstratified_random,2,98,142.91341211911944,Q5_longest_80_100pct,0.0,0.6666666666666667,0.0,4,0.0,4,80.0,2
830,A2,Sortation conveyor drive,5,80,5,4,871,unstratified_random,1,112,181.7937722618632,Q5_longest_80_100pct,0.0,0.9333333333333333,0.0,4,0.0,4,100.0,1
830,A3,Vertical lift motor,4,55,4,4,871,unstratified_random,81,8,12.767256508974471,Q1_shortest_0_20pct,0.8978619479282042,0.8,71.82895583425635,1,89.78619479282042,1,80.0,2
830,A4,AGV/shuttle drive unit,2,15,2,2,871,unstratified_random,37,21,54.159061654098565,Q2_20_40pct,0.5667275067672115,0.4,22.66910027068846,2,56.67275067672115,2,40.0,5
830,A5,Packing-station roller motor,3,35,3,2,871,unstratified_random,98,59,85.21286900885234,Q3_40_60pct,0.31829704792918134,0.5333333333333333,16.975842556223007,3,31.829704792918136,3,60.0,4
831,A1,Inbound conveyor motor,4,40,3,3,872,unstratified_random,89,136,96.67220915776228,Q3_40_60pct,0.22662232673790172,0.6666666666666667,15.108155115860116,2,22.66223267379017,2,80.0,2
831,A2,Sortation conveyor drive,5,80,5,4,872,unstratified_random,97,82,79.22371888224494,Q3_40_60pct,0.36621024894204046,0.9333333333333333,34.179623234590444,1,36.62102489420405,1,100.0,1
831,A3,Vertical lift motor,4,55,4,4,872,unstratified_random,83,137,136.40747067846124,Q5_longest_80_100pct,0.0,0.8,0.0,4,0.0,4,80.0,2
831,A4,AGV/shuttle drive unit,2,15,2,2,872,unstratified_random,51,114,102.38736822787688,Q4_60_80pct,0.180901054176985,0.4,7.2360421670794,3,18.0901054176985,3,40.0,5
831,A5,Packing-station roller motor,3,35,3,2,872,unstratified_random,1,112,181.7937722618632,Q5_longest_80_100pct,0.0,0.5333333333333333,0.0,4,0.0,4,60.0,4
832,A1,Inbound conveyor motor,4,40,3,3,873,unstratified_random,90,28,30.303009041002955,Q1_shortest_0_20pct,0.7575759276719763,0.6666666666666667,50.505061844798426,1,75.75759276719764,1,80.0,2
832,A2,Sortation conveyor drive,5,80,5,4,873,unstratified_random,69,121,148.86538698158105,Q5_longest_80_100pct,0.0,0.9333333333333333,0.0,3,0.0,3,100.0,1
832,A3,Vertical lift motor,4,55,4,4,873,unstratified_random,75,113,125.9355598567823,Q4_60_80pct,0.0,0.8,0.0,3,0.0,3,80.0,2
832,A4,AGV/shuttle drive unit,2,15,2,2,873,unstratified_random,30,115,88.96761601985438,Q3_40_60pct,0.28825907184116495,0.4,11.530362873646599,2,28.825907184116495,2,40.0,5
832,A5,Packing-station roller motor,3,35,3,2,873,unstratified_random,9,111,137.60480848618022,Q5_longest_80_100pct,0.0,0.5333333333333333,0.0,3,0.0,3,60.0,4
833,A1,Inbound conveyor motor,4,40,3,3,874,unstratified_random,8,95,75.96907893735971,Q3_40_60pct,0.3922473685011223,0.6666666666666667,26.14982456674149,3,39.22473685011223,2,80.0,2
833,A2,Sortation conveyor drive,5,80,5,4,874,unstratified_random,41,18,59.85486006548725,Q2_20_40pct,0.521161119476102,0.9333333333333333,48.64170448443619,1,52.1161119476102,1,100.0,1
833,A3,Vertical lift motor,4,55,4,4,874,unstratified_random,57,103,83.29315372594353,Q3_40_60pct,0.3336547701924518,0.8,26.692381615396148,2,33.36547701924518,4,80.0,2
833,A4,AGV/shuttle drive unit,2,15,2,2,874,unstratified_random,98,59,85.21286900885234,Q3_40_60pct,0.31829704792918134,0.4,12.731881917167255,5,31.829704792918136,5,40.0,5
833,A5,Packing-station roller motor,3,35,3,2,874,unstratified_random,97,82,79.22371888224494,Q3_40_60pct,0.36621024894204046,0.5333333333333333,19.531213276908826,4,36.62102489420405,3,60.0,4
834,A1,Inbound conveyor motor,4,40,3,3,875,unstratified_random,77,34,40.64323409645428,Q2_20_40pct,0.6748541272283658,0.6666666666666667,44.99027514855773,2,67.48541272283659,2,80.0,2
834,A2,Sortation conveyor drive,5,80,5,4,875,unstratified_random,99,117,132.87361758142774,Q4_60_80pct,0.0,0.9333333333333333,0.0,4,0.0,4,100.0,1
834,A3,Vertical lift motor,4,55,4,4,875,unstratified_random,36,19,22.29101002400674,Q1_shortest_0_20pct,0.8216719198079461,0.8,65.73375358463569,1,82.16719198079461,1,80.0,2
834,A4,AGV/shuttle drive unit,2,15,2,2,875,unstratified_random,95,128,130.5679549560598,Q4_60_80pct,0.0,0.4,0.0,4,0.0,4,40.0,5
834,A5,Packing-station roller motor,3,35,3,2,875,unstratified_random,89,136,96.67220915776228,Q3_40_60pct,0.22662232673790172,0.5333333333333333,12.08652409268809,3,22.66223267379017,3,60.0,4
835,A1,Inbound conveyor motor,4,40,3,3,876,unstratified_random,85,118,162.2981284023822,Q5_longest_80_100pct,0.0,0.6666666666666667,0.0,3,0.0,3,80.0,2
835,A2,Sortation conveyor drive,5,80,5,4,876,unstratified_random,46,47,45.79841882029448,Q2_20_40pct,0.6336126494376442,0.9333333333333333,59.137180614180124,1,63.36126494376442,1,100.0,1
835,A3,Vertical lift motor,4,55,4,4,876,unstratified_random,44,109,141.8287484510994,Q5_longest_80_100pct,0.0,0.8,0.0,3,0.0,3,80.0,2
835,A4,AGV/shuttle drive unit,2,15,2,2,876,unstratified_random,21,57,67.90605820026097,Q2_20_40pct,0.4567515343979123,0.4,18.270061375916494,2,45.67515343979123,2,40.0,5
835,A5,Packing-station roller motor,3,35,3,2,876,unstratified_random,95,128,130.5679549560598,Q4_60_80pct,0.0,0.5333333333333333,0.0,3,0.0,3,60.0,4
836,A1,Inbound conveyor motor,4,40,3,3,877,unstratified_random,65,128,151.46723766284128,Q5_longest_80_100pct,0.0,0.6666666666666667,0.0,5,0.0,5,80.0,2
836,A2,Sortation conveyor drive,5,80,5,4,877,unstratified_random,17,50,51.778940468972905,Q2_20_40pct,0.5857684762482167,0.9333333333333333,54.671724449833555,1,58.57684762482167,3,100.0,1
836,A3,Vertical lift motor,4,55,4,4,877,unstratified_random,61,21,41.30030317056766,Q2_20_40pct,0.6695975746354588,0.8,53.56780597083671,2,66.95975746354588,2,80.0,2
836,A4,AGV/shuttle drive unit,2,15,2,2,877,unstratified_random,27,66,114.97611996076007,Q4_60_80pct,0.08019104031391944,0.4,3.2076416125567775,4,8.019104031391944,4,40.0,5
836,A5,Packing-station roller motor,3,35,3,2,877,unstratified_random,90,28,30.303009041002955,Q1_shortest_0_20pct,0.7575759276719763,0.5333333333333333,40.40404947583874,3,75.75759276719764,1,60.0,4
837,A1,Inbound conveyor motor,4,40,3,3,878,unstratified_random,47,135,121.81629897102604,Q4_60_80pct,0.025469608231791674,0.6666666666666667,1.6979738821194452,2,2.5469608231791674,2,80.0,2
837,A2,Sortation conveyor drive,5,80,5,4,878,unstratified_random,39,142,172.98448712201755,Q5_longest_80_100pct,0.0,0.9333333333333333,0.0,3,0.0,3,100.0,1
837,A3,Vertical lift motor,4,55,4,4,878,unstratified_random,9,111,137.60480848618022,Q5_longest_80_100pct,0.0,0.8,0.0,3,0.0,3,80.0,2
837,A4,AGV/shuttle drive unit,2,15,2,2,878,unstratified_random,74,126,94.81409660307276,Q3_40_60pct,0.24148722717541793,0.4,9.659489087016718,1,24.148722717541794,1,40.0,5
837,A5,Packing-station roller motor,3,35,3,2,878,unstratified_random,96,137,137.09402180530702,Q5_longest_80_100pct,0.0,0.5333333333333333,0.0,3,0.0,3,60.0,4
838,A1,Inbound conveyor motor,4,40,3,3,879,unstratified_random,62,54,60.376193576182295,Q2_20_40pct,0.5169904513905417,0.6666666666666667,34.46603009270278,2,51.699045139054164,1,80.0,2
838,A2,Sortation conveyor drive,5,80,5,4,879,unstratified_random,45,114,76.03056963373365,Q3_40_60pct,0.39175544293013076,0.9333333333333333,36.56384134014554,1,39.175544293013076,2,100.0,1
838,A3,Vertical lift motor,4,55,4,4,879,unstratified_random,26,119,123.02499684692152,Q4_60_80pct,0.015800025224627756,0.8,1.2640020179702205,3,1.5800025224627756,3,80.0,2
838,A4,AGV/shuttle drive unit,2,15,2,2,879,unstratified_random,50,79,131.9611497166465,Q4_60_80pct,0.0,0.4,0.0,4,0.0,4,40.0,5
838,A5,Packing-station roller motor,3,35,3,2,879,unstratified_random,99,117,132.87361758142774,Q4_60_80pct,0.0,0.5333333333333333,0.0,4,0.0,4,60.0,4
839,A1,Inbound conveyor motor,4,40,3,3,880,unstratified_random,27,66,114.97611996076007,Q4_60_80pct,0.08019104031391944,0.6666666666666667,5.346069354261297,4,8.019104031391944,4,80.0,2
839,A2,Sortation conveyor drive,5,80,5,4,880,unstratified_random,17,50,51.778940468972905,Q2_20_40pct,0.5857684762482167,0.9333333333333333,54.671724449833555,1,58.57684762482167,1,100.0,1
839,A3,Vertical lift motor,4,55,4,4,880,unstratified_random,98,59,85.21286900885234,Q3_40_60pct,0.31829704792918134,0.8,25.46376383433451,2,31.829704792918136,2,80.0,2
839,A4,AGV/shuttle drive unit,2,15,2,2,880,unstratified_random,7,91,94.3787722014587,Q3_40_60pct,0.24496982238833043,0.4,9.798792895533218,3,24.49698223883304,3,40.0,5
839,A5,Packing-station roller motor,3,35,3,2,880,unstratified_random,73,131,128.00577343113736,Q4_60_80pct,0.0,0.5333333333333333,0.0,5,0.0,5,60.0,4
840,A1,Inbound conveyor motor,4,40,3,3,881,unstratified_random,76,10,10.049433434661326,Q1_shortest_0_20pct,0.9196045325227094,0.6666666666666667,61.3069688348473,2,91.96045325227094,1,80.0,2
840,A2,Sortation conveyor drive,5,80,5,4,881,unstratified_random,34,7,11.177676889867849,Q1_shortest_0_20pct,0.9105785848810573,0.9333333333333333,84.98733458889868,1,91.05785848810572,2,100.0,1
840,A3,Vertical lift motor,4,55,4,4,881,unstratified_random,27,66,114.97611996076007,Q4_60_80pct,0.08019104031391944,0.8,6.415283225113555,5,8.019104031391944,5,80.0,2
840,A4,AGV/shuttle drive unit,2,15,2,2,881,unstratified_random,68,8,14.299954503479244,Q1_shortest_0_20pct,0.885600363972166,0.4,35.42401455888665,3,88.5600363972166,3,40.0,5
840,A5,Packing-station roller motor,3,35,3,2,881,unstratified_random,93,85,42.17809886645809,Q2_20_40pct,0.6625752090683352,0.5333333333333333,35.33734448364454,4,66.25752090683352,4,60.0,4
841,A1,Inbound conveyor motor,4,40,3,3,882,unstratified_random,40,28,26.358548153514647,Q1_shortest_0_20pct,0.7891316147718828,0.6666666666666667,52.608774318125526,1,78.91316147718828,1,80.0,2
841,A2,Sortation conveyor drive,5,80,5,4,882,unstratified_random,5,91,97.4316568366386,Q3_40_60pct,0.22054674530689122,0.9333333333333333,20.584362895309848,4,22.054674530689123,4,100.0,1
841,A3,Vertical lift motor,4,55,4,4,882,unstratified_random,62,54,60.376193576182295,Q2_20_40pct,0.5169904513905417,0.8,41.359236111243334,2,51.699045139054164,3,80.0,2
841,A4,AGV/shuttle drive unit,2,15,2,2,882,unstratified_random,44,109,141.8287484510994,Q5_longest_80_100pct,0.0,0.4,0.0,5,0.0,5,40.0,5
841,A5,Packing-station roller motor,3,35,3,2,882,unstratified_random,93,85,42.17809886645809,Q2_20_40pct,0.6625752090683352,0.5333333333333333,35.33734448364454,3,66.25752090683352,2,60.0,4
842,A1,Inbound conveyor motor,4,40,3,3,883,unstratified_random,62,54,60.376193576182295,Q2_20_40pct,0.5169904513905417,0.6666666666666667,34.46603009270278,1,51.699045139054164,1,80.0,2
842,A2,Sortation conveyor drive,5,80,5,4,883,unstratified_random,97,82,79.22371888224494,Q3_40_60pct,0.36621024894204046,0.9333333333333333,34.179623234590444,2,36.62102489420405,2,100.0,1
842,A3,Vertical lift motor,4,55,4,4,883,unstratified_random,87,116,144.3579823471946,Q5_longest_80_100pct,0.0,0.8,0.0,3,0.0,3,80.0,2
842,A4,AGV/shuttle drive unit,2,15,2,2,883,unstratified_random,59,114,150.6488483670163,Q5_longest_80_100pct,0.0,0.4,0.0,3,0.0,3,40.0,5
842,A5,Packing-station roller motor,3,35,3,2,883,unstratified_random,73,131,128.00577343113736,Q4_60_80pct,0.0,0.5333333333333333,0.0,3,0.0,3,60.0,4
843,A1,Inbound conveyor motor,4,40,3,3,884,unstratified_random,45,114,76.03056963373365,Q3_40_60pct,0.39175544293013076,0.6666666666666667,26.117029528675385,2,39.175544293013076,2,80.0,2
843,A2,Sortation conveyor drive,5,80,5,4,884,unstratified_random,35,11,10.318035788709574,Q1_shortest_0_20pct,0.9174557136903234,0.9333333333333333,85.6291999444302,1,91.74557136903235,1,100.0,1
843,A3,Vertical lift motor,4,55,4,4,884,unstratified_random,51,114,102.38736822787688,Q4_60_80pct,0.180901054176985,0.8,14.4720843341588,4,18.0901054176985,4,80.0,2
843,A4,AGV/shuttle drive unit,2,15,2,2,884,unstratified_random,67,77,138.84222319134904,Q5_longest_80_100pct,0.0,0.4,0.0,5,0.0,5,40.0,5
843,A5,Packing-station roller motor,3,35,3,2,884,unstratified_random,97,82,79.22371888224494,Q3_40_60pct,0.36621024894204046,0.5333333333333333,19.531213276908826,3,36.62102489420405,3,60.0,4
844,A1,Inbound conveyor motor,4,40,3,3,885,unstratified_random,23,113,135.36716530023588,Q4_60_80pct,0.0,0.6666666666666667,0.0,4,0.0,4,80.0,2
844,A2,Sortation conveyor drive,5,80,5,4,885,unstratified_random,98,59,85.21286900885234,Q3_40_60pct,0.31829704792918134,0.9333333333333333,29.70772447339026,2,31.829704792918136,2,100.0,1
844,A3,Vertical lift motor,4,55,4,4,885,unstratified_random,55,137,118.91039914419324,Q4_60_80pct,0.048716806846454075,0.8,3.897344547716326,3,4.8716806846454075,3,80.0,2
844,A4,AGV/shuttle drive unit,2,15,2,2,885,unstratified_random,91,38,26.859272201960557,Q1_shortest_0_20pct,0.7851258223843156,0.4,31.405032895372628,1,78.51258223843156,1,40.0,5
844,A5,Packing-station roller motor,3,35,3,2,885,unstratified_random,25,145,153.1932818222736,Q5_longest_80_100pct,0.0,0.5333333333333333,0.0,4,0.0,4,60.0,4
845,A1,Inbound conveyor motor,4,40,3,3,886,unstratified_random,11,97,99.08741603137932,Q4_60_80pct,0.2073006717489655,0.6666666666666667,13.820044783264368,2,20.73006717489655,2,80.0,2
845,A2,Sortation conveyor drive,5,80,5,4,886,unstratified_random,71,118,142.21779435736028,Q5_longest_80_100pct,0.0,0.9333333333333333,0.0,3,0.0,3,100.0,1
845,A3,Vertical lift motor,4,55,4,4,886,unstratified_random,96,137,137.09402180530702,Q5_longest_80_100pct,0.0,0.8,0.0,3,0.0,3,80.0,2
845,A4,AGV/shuttle drive unit,2,15,2,2,886,unstratified_random,97,82,79.22371888224494,Q3_40_60pct,0.36621024894204046,0.4,14.64840995768162,1,36.62102489420405,1,40.0,5
845,A5,Packing-station roller motor,3,35,3,2,886,unstratified_random,48,92,128.30022813454278,Q4_60_80pct,0.0,0.5333333333333333,0.0,3,0.0,3,60.0,4
846,A1,Inbound conveyor motor,4,40,3,3,887,unstratified_random,78,107,158.8500624677376,Q5_longest_80_100pct,0.0,0.6666666666666667,0.0,5,0.0,5,80.0,2
846,A2,Sortation conveyor drive,5,80,5,4,887,unstratified_random,89,136,96.67220915776228,Q3_40_60pct,0.22662232673790172,0.9333333333333333,21.15141716220416,2,22.66223267379017,3,100.0,1
846,A3,Vertical lift motor,4,55,4,4,887,unstratified_random,81,8,12.767256508974471,Q1_shortest_0_20pct,0.8978619479282042,0.8,71.82895583425635,1,89.78619479282042,1,80.0,2
846,A4,AGV/shuttle drive unit,2,15,2,2,887,unstratified_random,28,97,94.6987062048556,Q3_40_60pct,0.2424103503611552,0.4,9.696414014446209,3,24.24103503611552,2,40.0,5
846,A5,Packing-station roller motor,3,35,3,2,887,unstratified_random,27,66,114.97611996076007,Q4_60_80pct,0.08019104031391944,0.5333333333333333,4.276855483409037,4,8.019104031391944,4,60.0,4
847,A1,Inbound conveyor motor,4,40,3,3,888,unstratified_random,84,58,54.07820667708313,Q2_20_40pct,0.567374346583335,0.6666666666666667,37.824956438889004,2,56.7374346583335,3,80.0,2
847,A2,Sortation conveyor drive,5,80,5,4,888,unstratified_random,80,90,79.47558250502735,Q3_40_60pct,0.36419533995978126,0.9333333333333333,33.99156506291292,3,36.41953399597813,4,100.0,1
847,A3,Vertical lift motor,4,55,4,4,888,unstratified_random,3,69,51.59437184534412,Q2_20_40pct,0.587245025237247,0.8,46.97960201897976,1,58.724502523724695,2,80.0,2
847,A4,AGV/shuttle drive unit,2,15,2,2,888,unstratified_random,38,50,47.55990877981797,Q2_20_40pct,0.6195207297614562,0.4,24.78082919045825,4,61.95207297614562,1,40.0,5
847,A5,Packing-station roller motor,3,35,3,2,888,unstratified_random,67,77,138.84222319134904,Q5_longest_80_100pct,0.0,0.5333333333333333,0.0,5,0.0,5,60.0,4
848,A1,Inbound conveyor motor,4,40,3,3,889,unstratified_random,44,109,141.8287484510994,Q5_longest_80_100pct,0.0,0.6666666666666667,0.0,5,0.0,5,80.0,2
848,A2,Sortation conveyor drive,5,80,5,4,889,unstratified_random,60,100,104.41961816061556,Q4_60_80pct,0.16464305471507557,0.9333333333333333,15.366685106740388,3,16.464305471507558,4,100.0,1
848,A3,Vertical lift motor,4,55,4,4,889,unstratified_random,38,50,47.55990877981797,Q2_20_40pct,0.6195207297614562,0.8,49.5616583809165,1,61.95207297614562,1,80.0,2
848,A4,AGV/shuttle drive unit,2,15,2,2,889,unstratified_random,84,58,54.07820667708313,Q2_20_40pct,0.567374346583335,0.4,22.694973863333402,2,56.7374346583335,2,40.0,5
848,A5,Packing-station roller motor,3,35,3,2,889,unstratified_random,10,96,99.04426828245136,Q3_40_60pct,0.20764585374038913,0.5333333333333333,11.074445532820754,4,20.764585374038912,3,60.0,4
849,A1,Inbound conveyor motor,4,40,3,3,890,unstratified_random,4,82,87.20565932033077,Q3_40_60pct,0.30235472543735387,0.6666666666666667,20.156981695823593,4,30.235472543735387,4,80.0,2
849,A2,Sortation conveyor drive,5,80,5,4,890,unstratified_random,81,8,12.767256508974471,Q1_shortest_0_20pct,0.8978619479282042,0.9333333333333333,83.80044847329907,1,89.78619479282042,1,100.0,1
849,A3,Vertical lift motor,4,55,4,4,890,unstratified_random,8,95,75.96907893735971,Q3_40_60pct,0.3922473685011223,0.8,31.379789480089784,2,39.22473685011223,3,80.0,2
849,A4,AGV/shuttle drive unit,2,15,2,2,890,unstratified_random,90,28,30.303009041002955,Q1_shortest_0_20pct,0.7575759276719763,0.4,30.303037106879056,3,75.75759276719764,2,40.0,5
849,A5,Packing-station roller motor,3,35,3,2,890,unstratified_random,39,142,172.98448712201755,Q5_longest_80_100pct,0.0,0.5333333333333333,0.0,5,0.0,5,60.0,4
850,A1,Inbound conveyor motor,4,40,3,3,891,unstratified_random,83,137,136.40747067846124,Q5_longest_80_100pct,0.0,0.6666666666666667,0.0,5,0.0,5,80.0,2
850,A2,Sortation conveyor drive,5,80,5,4,891,unstratified_random,55,137,118.91039914419324,Q4_60_80pct,0.048716806846454075,0.9333333333333333,4.546901972335713,4,4.8716806846454075,4,100.0,1
850,A3,Vertical lift motor,4,55,4,4,891,unstratified_random,21,57,67.90605820026097,Q2_20_40pct,0.4567515343979123,0.8,36.54012275183299,2,45.67515343979123,2,80.0,2
850,A4,AGV/shuttle drive unit,2,15,2,2,891,unstratified_random,57,103,83.29315372594353,Q3_40_60pct,0.3336547701924518,0.4,13.346190807698074,3,33.36547701924518,3,40.0,5
850,A5,Packing-station roller motor,3,35,3,2,891,unstratified_random,68,8,14.299954503479244,Q1_shortest_0_20pct,0.885600363972166,0.5333333333333333,47.23201941184885,1,88.5600363972166,1,60.0,4
851,A1,Inbound conveyor motor,4,40,3,3,892,unstratified_random,18,28,60.32803578156674,Q2_20_40pct,0.5173757137474662,0.6666666666666667,34.491714249831084,2,51.737571374746615,4,80.0,2
851,A2,Sortation conveyor drive,5,80,5,4,892,unstratified_random,53,26,32.51632437126566,Q1_shortest_0_20pct,0.7398694050298746,0.9333333333333333,69.0544778027883,1,73.98694050298747,2,100.0,1
851,A3,Vertical lift motor,4,55,4,4,892,unstratified_random,86,89,88.09422089781806,Q3_40_60pct,0.29524623281745555,0.8,23.619698625396445,5,29.524623281745555,5,80.0,2
851,A4,AGV/shuttle drive unit,2,15,2,2,892,unstratified_random,31,8,23.83573742078014,Q1_shortest_0_20pct,0.8093141006337589,0.4,32.37256402535036,4,80.93141006337589,1,40.0,5
851,A5,Packing-station roller motor,3,35,3,2,892,unstratified_random,64,28,47.55027096178691,Q2_20_40pct,0.6195978323057048,0.5333333333333333,33.04521772297092,3,61.95978323057047,3,60.0,4
852,A1,Inbound conveyor motor,4,40,3,3,893,unstratified_random,54,97,127.42576425394527,Q4_60_80pct,0.0,0.6666666666666667,0.0,5,0.0,5,80.0,2
852,A2,Sortation conveyor drive,5,80,5,4,893,unstratified_random,53,26,32.51632437126566,Q1_shortest_0_20pct,0.7398694050298746,0.9333333333333333,69.0544778027883,2,73.98694050298747,2,100.0,1
852,A3,Vertical lift motor,4,55,4,4,893,unstratified_random,56,15,16.158144448588526,Q1_shortest_0_20pct,0.8707348444112918,0.8,69.65878755290335,1,87.07348444112918,1,80.0,2
852,A4,AGV/shuttle drive unit,2,15,2,2,893,unstratified_random,58,37,44.85465760060767,Q2_20_40pct,0.6411627391951387,0.4,25.646509567805552,4,64.11627391951387,3,40.0,5
852,A5,Packing-station roller motor,3,35,3,2,893,unstratified_random,18,28,60.32803578156674,Q2_20_40pct,0.5173757137474662,0.5333333333333333,27.59337139986486,3,51.737571374746615,4,60.0,4
853,A1,Inbound conveyor motor,4,40,3,3,894,unstratified_random,43,59,63.79604805149177,Q2_20_40pct,0.4896316155880658,0.6666666666666667,32.642107705871055,2,48.963161558806576,2,80.0,2
853,A2,Sortation conveyor drive,5,80,5,4,894,unstratified_random,51,114,102.38736822787688,Q4_60_80pct,0.180901054176985,0.9333333333333333,16.884098389851932,4,18.0901054176985,5,100.0,1
853,A3,Vertical lift motor,4,55,4,4,894,unstratified_random,42,10,15.95535794283765,Q1_shortest_0_20pct,0.8723571364572988,0.8,69.78857091658391,1,87.23571364572989,1,80.0,2
853,A4,AGV/shuttle drive unit,2,15,2,2,894,unstratified_random,8,95,75.96907893735971,Q3_40_60pct,0.3922473685011223,0.4,15.689894740044892,5,39.22473685011223,4,40.0,5
853,A5,Packing-station roller motor,3,35,3,2,894,unstratified_random,72,50,70.20451782538055,Q3_40_60pct,0.4383638573969556,0.5333333333333333,23.379405727837632,3,43.83638573969556,3,60.0,4
854,A1,Inbound conveyor motor,4,40,3,3,895,unstratified_random,61,21,41.30030317056766,Q2_20_40pct,0.6695975746354588,0.6666666666666667,44.639838309030594,1,66.95975746354588,3,80.0,2
854,A2,Sortation conveyor drive,5,80,5,4,895,unstratified_random,51,114,102.38736822787688,Q4_60_80pct,0.180901054176985,0.9333333333333333,16.884098389851932,4,18.0901054176985,4,100.0,1
854,A3,Vertical lift motor,4,55,4,4,895,unstratified_random,85,118,162.2981284023822,Q5_longest_80_100pct,0.0,0.8,0.0,5,0.0,5,80.0,2
854,A4,AGV/shuttle drive unit,2,15,2,2,895,unstratified_random,91,38,26.859272201960557,Q1_shortest_0_20pct,0.7851258223843156,0.4,31.405032895372628,3,78.51258223843156,2,40.0,5
854,A5,Packing-station roller motor,3,35,3,2,895,unstratified_random,40,28,26.358548153514647,Q1_shortest_0_20pct,0.7891316147718828,0.5333333333333333,42.087019454500414,2,78.91316147718828,1,60.0,4
855,A1,Inbound conveyor motor,4,40,3,3,896,unstratified_random,33,106,142.7935583123275,Q5_longest_80_100pct,0.0,0.6666666666666667,0.0,4,0.0,4,80.0,2
855,A2,Sortation conveyor drive,5,80,5,4,896,unstratified_random,50,79,131.9611497166465,Q4_60_80pct,0.0,0.9333333333333333,0.0,4,0.0,4,100.0,1
855,A3,Vertical lift motor,4,55,4,4,896,unstratified_random,32,48,58.21837314904572,Q2_20_40pct,0.5342530148076343,0.8,42.740241184610746,1,53.42530148076343,1,80.0,2
855,A4,AGV/shuttle drive unit,2,15,2,2,896,unstratified_random,86,89,88.09422089781806,Q3_40_60pct,0.29524623281745555,0.4,11.809849312698223,3,29.524623281745555,3,40.0,5
855,A5,Packing-station roller motor,3,35,3,2,896,unstratified_random,62,54,60.376193576182295,Q2_20_40pct,0.5169904513905417,0.5333333333333333,27.57282407416222,2,51.699045139054164,2,60.0,4
856,A1,Inbound conveyor motor,4,40,3,3,897,unstratified_random,23,113,135.36716530023588,Q4_60_80pct,0.0,0.6666666666666667,0.0,4,0.0,4,80.0,2
856,A2,Sortation conveyor drive,5,80,5,4,897,unstratified_random,29,90,101.07862421817065,Q4_60_80pct,0.19137100625463488,0.9333333333333333,17.861293917099257,3,19.13710062546349,3,100.0,1
856,A3,Vertical lift motor,4,55,4,4,897,unstratified_random,28,97,94.6987062048556,Q3_40_60pct,0.2424103503611552,0.8,19.392828028892417,2,24.24103503611552,2,80.0,2
856,A4,AGV/shuttle drive unit,2,15,2,2,897,unstratified_random,64,28,47.55027096178691,Q2_20_40pct,0.6195978323057048,0.4,24.783913292228192,1,61.95978323057047,1,40.0,5
856,A5,Packing-station roller motor,3,35,3,2,897,unstratified_random,15,83,158.0175356684317,Q5_longest_80_100pct,0.0,0.5333333333333333,0.0,4,0.0,4,60.0,4
857,A1,Inbound conveyor motor,4,40,3,3,898,unstratified_random,88,115,132.4717899153425,Q4_60_80pct,0.0,0.6666666666666667,0.0,3,0.0,3,80.0,2
857,A2,Sortation conveyor drive,5,80,5,4,898,unstratified_random,96,137,137.09402180530702,Q5_longest_80_100pct,0.0,0.9333333333333333,0.0,3,0.0,3,100.0,1
857,A3,Vertical lift motor,4,55,4,4,898,unstratified_random,79,63,95.26087986485147,Q3_40_60pct,0.2379129610811882,0.8,19.033036886495058,1,23.79129610811882,2,80.0,2
857,A4,AGV/shuttle drive unit,2,15,2,2,898,unstratified_random,15,83,158.0175356684317,Q5_longest_80_100pct,0.0,0.4,0.0,3,0.0,3,40.0,5
857,A5,Packing-station roller motor,3,35,3,2,898,unstratified_random,13,95,93.13834255441226,Q3_40_60pct,0.2548932595647019,0.5333333333333333,13.5943071767841,2,25.48932595647019,1,60.0,4
858,A1,Inbound conveyor motor,4,40,3,3,899,unstratified_random,35,11,10.318035788709574,Q1_shortest_0_20pct,0.9174557136903234,0.6666666666666667,61.16371424602157,1,91.74557136903235,1,80.0,2
858,A2,Sortation conveyor drive,5,80,5,4,899,unstratified_random,98,59,85.21286900885234,Q3_40_60pct,0.31829704792918134,0.9333333333333333,29.70772447339026,3,31.829704792918136,3,100.0,1
858,A3,Vertical lift motor,4,55,4,4,899,unstratified_random,79,63,95.26087986485147,Q3_40_60pct,0.2379129610811882,0.8,19.033036886495058,4,23.79129610811882,4,80.0,2
858,A4,AGV/shuttle drive unit,2,15,2,2,899,unstratified_random,56,15,16.158144448588526,Q1_shortest_0_20pct,0.8707348444112918,0.4,34.829393776451674,2,87.07348444112918,2,40.0,5
858,A5,Packing-station roller motor,3,35,3,2,899,unstratified_random,54,97,127.42576425394527,Q4_60_80pct,0.0,0.5333333333333333,0.0,5,0.0,5,60.0,4
859,A1,Inbound conveyor motor,4,40,3,3,900,unstratified_random,1,112,181.7937722618632,Q5_longest_80_100pct,0.0,0.6666666666666667,0.0,4,0.0,4,80.0,2
859,A2,Sortation conveyor drive,5,80,5,4,900,unstratified_random,50,79,131.9611497166465,Q4_60_80pct,0.0,0.9333333333333333,0.0,4,0.0,4,100.0,1
859,A3,Vertical lift motor,4,55,4,4,900,unstratified_random,58,37,44.85465760060767,Q2_20_40pct,0.6411627391951387,0.8,51.293019135611104,1,64.11627391951387,1,80.0,2
859,A4,AGV/shuttle drive unit,2,15,2,2,900,unstratified_random,5,91,97.4316568366386,Q3_40_60pct,0.22054674530689122,0.4,8.821869812275649,3,22.054674530689123,3,40.0,5
859,A5,Packing-station roller motor,3,35,3,2,900,unstratified_random,7,91,94.3787722014587,Q3_40_60pct,0.24496982238833043,0.5333333333333333,13.065057194044288,2,24.49698223883304,2,60.0,4
860,A1,Inbound conveyor motor,4,40,3,3,901,unstratified_random,62,54,60.376193576182295,Q2_20_40pct,0.5169904513905417,0.6666666666666667,34.46603009270278,3,51.699045139054164,3,80.0,2
860,A2,Sortation conveyor drive,5,80,5,4,901,unstratified_random,93,85,42.17809886645809,Q2_20_40pct,0.6625752090683352,0.9333333333333333,61.840352846377954,2,66.25752090683352,2,100.0,1
860,A3,Vertical lift motor,4,55,4,4,901,unstratified_random,56,15,16.158144448588526,Q1_shortest_0_20pct,0.8707348444112918,0.8,69.65878755290335,1,87.07348444112918,1,80.0,2
860,A4,AGV/shuttle drive unit,2,15,2,2,901,unstratified_random,11,97,99.08741603137932,Q4_60_80pct,0.2073006717489655,0.4,8.29202686995862,4,20.73006717489655,4,40.0,5
860,A5,Packing-station roller motor,3,35,3,2,901,unstratified_random,71,118,142.21779435736028,Q5_longest_80_100pct,0.0,0.5333333333333333,0.0,5,0.0,5,60.0,4
861,A1,Inbound conveyor motor,4,40,3,3,902,unstratified_random,11,97,99.08741603137932,Q4_60_80pct,0.2073006717489655,0.6666666666666667,13.820044783264368,5,20.73006717489655,5,80.0,2
861,A2,Sortation conveyor drive,5,80,5,4,902,unstratified_random,72,50,70.20451782538055,Q3_40_60pct,0.4383638573969556,0.9333333333333333,40.91396002371585,3,43.83638573969556,4,100.0,1
861,A3,Vertical lift motor,4,55,4,4,902,unstratified_random,20,16,23.928748965669588,Q1_shortest_0_20pct,0.8085700082746433,0.8,64.68560066197146,1,80.85700082746433,2,80.0,2
861,A4,AGV/shuttle drive unit,2,15,2,2,902,unstratified_random,81,8,12.767256508974471,Q1_shortest_0_20pct,0.8978619479282042,0.4,35.914477917128174,4,89.78619479282042,1,40.0,5
861,A5,Packing-station roller motor,3,35,3,2,902,unstratified_random,91,38,26.859272201960557,Q1_shortest_0_20pct,0.7851258223843156,0.5333333333333333,41.873377193830166,2,78.51258223843156,3,60.0,4
862,A1,Inbound conveyor motor,4,40,3,3,903,unstratified_random,76,10,10.049433434661326,Q1_shortest_0_20pct,0.9196045325227094,0.6666666666666667,61.3069688348473,1,91.96045325227094,1,80.0,2
862,A2,Sortation conveyor drive,5,80,5,4,903,unstratified_random,69,121,148.86538698158105,Q5_longest_80_100pct,0.0,0.9333333333333333,0.0,4,0.0,4,100.0,1
862,A3,Vertical lift motor,4,55,4,4,903,unstratified_random,54,97,127.42576425394527,Q4_60_80pct,0.0,0.8,0.0,4,0.0,4,80.0,2
862,A4,AGV/shuttle drive unit,2,15,2,2,903,unstratified_random,13,95,93.13834255441226,Q3_40_60pct,0.2548932595647019,0.4,10.195730382588076,3,25.48932595647019,3,40.0,5
862,A5,Packing-station roller motor,3,35,3,2,903,unstratified_random,84,58,54.07820667708313,Q2_20_40pct,0.567374346583335,0.5333333333333333,30.2599651511112,2,56.7374346583335,2,60.0,4
863,A1,Inbound conveyor motor,4,40,3,3,904,unstratified_random,62,54,60.376193576182295,Q2_20_40pct,0.5169904513905417,0.6666666666666667,34.46603009270278,2,51.699045139054164,3,80.0,2
863,A2,Sortation conveyor drive,5,80,5,4,904,unstratified_random,89,136,96.67220915776228,Q3_40_60pct,0.22662232673790172,0.9333333333333333,21.15141716220416,4,22.66223267379017,4,100.0,1
863,A3,Vertical lift motor,4,55,4,4,904,unstratified_random,92,20,25.16213385236525,Q1_shortest_0_20pct,0.798702929181078,0.8,63.89623433448624,1,79.8702929181078,1,80.0,2
863,A4,AGV/shuttle drive unit,2,15,2,2,904,unstratified_random,29,90,101.07862421817065,Q4_60_80pct,0.19137100625463488,0.4,7.654840250185396,5,19.13710062546349,5,40.0,5
863,A5,Packing-station roller motor,3,35,3,2,904,unstratified_random,32,48,58.21837314904572,Q2_20_40pct,0.5342530148076343,0.5333333333333333,28.49349412307383,3,53.42530148076343,2,60.0,4
864,A1,Inbound conveyor motor,4,40,3,3,905,unstratified_random,75,113,125.9355598567823,Q4_60_80pct,0.0,0.6666666666666667,0.0,4,0.0,4,80.0,2
864,A2,Sortation conveyor drive,5,80,5,4,905,unstratified_random,44,109,141.8287484510994,Q5_longest_80_100pct,0.0,0.9333333333333333,0.0,4,0.0,4,100.0,1
864,A3,Vertical lift motor,4,55,4,4,905,unstratified_random,56,15,16.158144448588526,Q1_shortest_0_20pct,0.8707348444112918,0.8,69.65878755290335,1,87.07348444112918,1,80.0,2
864,A4,AGV/shuttle drive unit,2,15,2,2,905,unstratified_random,57,103,83.29315372594353,Q3_40_60pct,0.3336547701924518,0.4,13.346190807698074,3,33.36547701924518,3,40.0,5
864,A5,Packing-station roller motor,3,35,3,2,905,unstratified_random,94,55,48.61299679912422,Q2_20_40pct,0.6110960256070063,0.5333333333333333,32.59178803237367,2,61.10960256070063,2,60.0,4
865,A1,Inbound conveyor motor,4,40,3,3,906,unstratified_random,8,95,75.96907893735971,Q3_40_60pct,0.3922473685011223,0.6666666666666667,26.14982456674149,5,39.22473685011223,5,80.0,2
865,A2,Sortation conveyor drive,5,80,5,4,906,unstratified_random,64,28,47.55027096178691,Q2_20_40pct,0.6195978323057048,0.9333333333333333,57.82913101519911,2,61.95978323057047,3,100.0,1
865,A3,Vertical lift motor,4,55,4,4,906,unstratified_random,76,10,10.049433434661326,Q1_shortest_0_20pct,0.9196045325227094,0.8,73.56836260181676,1,91.96045325227094,1,80.0,2
865,A4,AGV/shuttle drive unit,2,15,2,2,906,unstratified_random,92,20,25.16213385236525,Q1_shortest_0_20pct,0.798702929181078,0.4,31.94811716724312,3,79.8702929181078,2,40.0,5
865,A5,Packing-station roller motor,3,35,3,2,906,unstratified_random,84,58,54.07820667708313,Q2_20_40pct,0.567374346583335,0.5333333333333333,30.2599651511112,4,56.7374346583335,4,60.0,4
866,A1,Inbound conveyor motor,4,40,3,3,907,unstratified_random,5,91,97.4316568366386,Q3_40_60pct,0.22054674530689122,0.6666666666666667,14.703116353792751,3,22.054674530689123,4,80.0,2
866,A2,Sortation conveyor drive,5,80,5,4,907,unstratified_random,65,128,151.46723766284128,Q5_longest_80_100pct,0.0,0.9333333333333333,0.0,5,0.0,5,100.0,1
866,A3,Vertical lift motor,4,55,4,4,907,unstratified_random,45,114,76.03056963373365,Q3_40_60pct,0.39175544293013076,0.8,31.340435434410463,2,39.175544293013076,2,80.0,2
866,A4,AGV/shuttle drive unit,2,15,2,2,907,unstratified_random,30,115,88.96761601985438,Q3_40_60pct,0.28825907184116495,0.4,11.530362873646599,4,28.825907184116495,3,40.0,5
866,A5,Packing-station roller motor,3,35,3,2,907,unstratified_random,49,21,13.44996942007384,Q1_shortest_0_20pct,0.8924002446394093,0.5333333333333333,47.59467971410183,1,89.24002446394093,1,60.0,4
867,A1,Inbound conveyor motor,4,40,3,3,908,unstratified_random,63,72,60.45894799885493,Q2_20_40pct,0.5163284160091606,0.6666666666666667,34.42189440061071,2,51.63284160091606,2,80.0,2
867,A2,Sortation conveyor drive,5,80,5,4,908,unstratified_random,65,128,151.46723766284128,Q5_longest_80_100pct,0.0,0.9333333333333333,0.0,5,0.0,5,100.0,1
867,A3,Vertical lift motor,4,55,4,4,908,unstratified_random,13,95,93.13834255441226,Q3_40_60pct,0.2548932595647019,0.8,20.391460765176152,3,25.48932595647019,3,80.0,2
867,A4,AGV/shuttle drive unit,2,15,2,2,908,unstratified_random,55,137,118.91039914419324,Q4_60_80pct,0.048716806846454075,0.4,1.948672273858163,4,4.8716806846454075,4,40.0,5
867,A5,Packing-station roller motor,3,35,3,2,908,unstratified_random,100,20,23.88622641030998,Q1_shortest_0_20pct,0.8089101887175202,0.5333333333333333,43.14187673160108,1,80.89101887175202,1,60.0,4
868,A1,Inbound conveyor motor,4,40,3,3,909,unstratified_random,5,91,97.4316568366386,Q3_40_60pct,0.22054674530689122,0.6666666666666667,14.703116353792751,4,22.054674530689123,4,80.0,2
868,A2,Sortation conveyor drive,5,80,5,4,909,unstratified_random,2,98,142.91341211911944,Q5_longest_80_100pct,0.0,0.9333333333333333,0.0,5,0.0,5,100.0,1
868,A3,Vertical lift motor,4,55,4,4,909,unstratified_random,66,14,11.46932688270492,Q1_shortest_0_20pct,0.9082453849383606,0.8,72.65963079506885,1,90.82453849383606,1,80.0,2
868,A4,AGV/shuttle drive unit,2,15,2,2,909,unstratified_random,31,8,23.83573742078014,Q1_shortest_0_20pct,0.8093141006337589,0.4,32.37256402535036,2,80.93141006337589,2,40.0,5
868,A5,Packing-station roller motor,3,35,3,2,909,unstratified_random,62,54,60.376193576182295,Q2_20_40pct,0.5169904513905417,0.5333333333333333,27.57282407416222,3,51.699045139054164,3,60.0,4
869,A1,Inbound conveyor motor,4,40,3,3,910,unstratified_random,41,18,59.85486006548725,Q2_20_40pct,0.521161119476102,0.6666666666666667,34.74407463174014,2,52.1161119476102,1,80.0,2
869,A2,Sortation conveyor drive,5,80,5,4,910,unstratified_random,70,94,86.32146123836584,Q3_40_60pct,0.30942831009307326,0.9333333333333333,28.879975608686838,3,30.942831009307326,3,100.0,1
869,A3,Vertical lift motor,4,55,4,4,910,unstratified_random,43,59,63.79604805149177,Q2_20_40pct,0.4896316155880658,0.8,39.170529247045266,1,48.963161558806576,2,80.0,2
869,A4,AGV/shuttle drive unit,2,15,2,2,910,unstratified_random,27,66,114.97611996076007,Q4_60_80pct,0.08019104031391944,0.4,3.2076416125567775,4,8.019104031391944,4,40.0,5
869,A5,Packing-station roller motor,3,35,3,2,910,unstratified_random,83,137,136.40747067846124,Q5_longest_80_100pct,0.0,0.5333333333333333,0.0,5,0.0,5,60.0,4
870,A1,Inbound conveyor motor,4,40,3,3,911,unstratified_random,23,113,135.36716530023588,Q4_60_80pct,0.0,0.6666666666666667,0.0,4,0.0,4,80.0,2
870,A2,Sortation conveyor drive,5,80,5,4,911,unstratified_random,71,118,142.21779435736028,Q5_longest_80_100pct,0.0,0.9333333333333333,0.0,4,0.0,4,100.0,1
870,A3,Vertical lift motor,4,55,4,4,911,unstratified_random,43,59,63.79604805149177,Q2_20_40pct,0.4896316155880658,0.8,39.170529247045266,2,48.963161558806576,3,80.0,2
870,A4,AGV/shuttle drive unit,2,15,2,2,911,unstratified_random,100,20,23.88622641030998,Q1_shortest_0_20pct,0.8089101887175202,0.4,32.35640754870081,3,80.89101887175202,1,40.0,5
870,A5,Packing-station roller motor,3,35,3,2,911,unstratified_random,24,20,32.316305129135706,Q1_shortest_0_20pct,0.7414695589669144,0.5333333333333333,39.5450431449021,1,74.14695589669144,2,60.0,4
871,A1,Inbound conveyor motor,4,40,3,3,912,unstratified_random,23,113,135.36716530023588,Q4_60_80pct,0.0,0.6666666666666667,0.0,4,0.0,4,80.0,2
871,A2,Sortation conveyor drive,5,80,5,4,912,unstratified_random,65,128,151.46723766284128,Q5_longest_80_100pct,0.0,0.9333333333333333,0.0,4,0.0,4,100.0,1
871,A3,Vertical lift motor,4,55,4,4,912,unstratified_random,97,82,79.22371888224494,Q3_40_60pct,0.36621024894204046,0.8,29.29681991536324,2,36.62102489420405,3,80.0,2
871,A4,AGV/shuttle drive unit,2,15,2,2,912,unstratified_random,58,37,44.85465760060767,Q2_20_40pct,0.6411627391951387,0.4,25.646509567805552,3,64.11627391951387,2,40.0,5
871,A5,Packing-station roller motor,3,35,3,2,912,unstratified_random,52,29,40.87621681240515,Q2_20_40pct,0.6729902655007588,0.5333333333333333,35.892814160040466,1,67.29902655007588,1,60.0,4
872,A1,Inbound conveyor motor,4,40,3,3,913,unstratified_random,24,20,32.316305129135706,Q1_shortest_0_20pct,0.7414695589669144,0.6666666666666667,49.43130393112763,2,74.14695589669144,2,80.0,2
872,A2,Sortation conveyor drive,5,80,5,4,913,unstratified_random,57,103,83.29315372594353,Q3_40_60pct,0.3336547701924518,0.9333333333333333,31.141111884628838,3,33.36547701924518,4,100.0,1
872,A3,Vertical lift motor,4,55,4,4,913,unstratified_random,35,11,10.318035788709574,Q1_shortest_0_20pct,0.9174557136903234,0.8,73.39645709522588,1,91.74557136903235,1,80.0,2
872,A4,AGV/shuttle drive unit,2,15,2,2,913,unstratified_random,15,83,158.0175356684317,Q5_longest_80_100pct,0.0,0.4,0.0,5,0.0,5,40.0,5
872,A5,Packing-station roller motor,3,35,3,2,913,unstratified_random,18,28,60.32803578156674,Q2_20_40pct,0.5173757137474662,0.5333333333333333,27.59337139986486,4,51.737571374746615,3,60.0,4
873,A1,Inbound conveyor motor,4,40,3,3,914,unstratified_random,54,97,127.42576425394527,Q4_60_80pct,0.0,0.6666666666666667,0.0,4,0.0,4,80.0,2
873,A2,Sortation conveyor drive,5,80,5,4,914,unstratified_random,11,97,99.08741603137932,Q4_60_80pct,0.2073006717489655,0.9333333333333333,19.348062696570114,3,20.73006717489655,3,100.0,1
873,A3,Vertical lift motor,4,55,4,4,914,unstratified_random,3,69,51.59437184534412,Q2_20_40pct,0.587245025237247,0.8,46.97960201897976,1,58.724502523724695,2,80.0,2
873,A4,AGV/shuttle drive unit,2,15,2,2,914,unstratified_random,82,9,13.00528536289486,Q1_shortest_0_20pct,0.8959577170968411,0.4,35.83830868387365,2,89.59577170968412,1,40.0,5
873,A5,Packing-station roller motor,3,35,3,2,914,unstratified_random,71,118,142.21779435736028,Q5_longest_80_100pct,0.0,0.5333333333333333,0.0,4,0.0,4,60.0,4
874,A1,Inbound conveyor motor,4,40,3,3,915,unstratified_random,84,58,54.07820667708313,Q2_20_40pct,0.567374346583335,0.6666666666666667,37.824956438889004,3,56.7374346583335,2,80.0,2
874,A2,Sortation conveyor drive,5,80,5,4,915,unstratified_random,24,20,32.316305129135706,Q1_shortest_0_20pct,0.7414695589669144,0.9333333333333333,69.20382550357867,1,74.14695589669144,1,100.0,1
874,A3,Vertical lift motor,4,55,4,4,915,unstratified_random,18,28,60.32803578156674,Q2_20_40pct,0.5173757137474662,0.8,41.390057099797296,2,51.737571374746615,3,80.0,2
874,A4,AGV/shuttle drive unit,2,15,2,2,915,unstratified_random,60,100,104.41961816061556,Q4_60_80pct,0.16464305471507557,0.4,6.5857221886030235,4,16.464305471507558,4,40.0,5
874,A5,Packing-station roller motor,3,35,3,2,915,unstratified_random,99,117,132.87361758142774,Q4_60_80pct,0.0,0.5333333333333333,0.0,5,0.0,5,60.0,4
875,A1,Inbound conveyor motor,4,40,3,3,916,unstratified_random,21,57,67.90605820026097,Q2_20_40pct,0.4567515343979123,0.6666666666666667,30.450102293194156,2,45.67515343979123,2,80.0,2
875,A2,Sortation conveyor drive,5,80,5,4,916,unstratified_random,18,28,60.32803578156674,Q2_20_40pct,0.5173757137474662,0.9333333333333333,48.28839994976351,1,51.737571374746615,1,100.0,1
875,A3,Vertical lift motor,4,55,4,4,916,unstratified_random,65,128,151.46723766284128,Q5_longest_80_100pct,0.0,0.8,0.0,5,0.0,5,80.0,2
875,A4,AGV/shuttle drive unit,2,15,2,2,916,unstratified_random,80,90,79.47558250502735,Q3_40_60pct,0.36419533995978126,0.4,14.567813598391252,3,36.41953399597813,3,40.0,5
875,A5,Packing-station roller motor,3,35,3,2,916,unstratified_random,55,137,118.91039914419324,Q4_60_80pct,0.048716806846454075,0.5333333333333333,2.598229698477551,4,4.8716806846454075,4,60.0,4
876,A1,Inbound conveyor motor,4,40,3,3,917,unstratified_random,83,137,136.40747067846124,Q5_longest_80_100pct,0.0,0.6666666666666667,0.0,2,0.0,2,80.0,2
876,A2,Sortation conveyor drive,5,80,5,4,917,unstratified_random,59,114,150.6488483670163,Q5_longest_80_100pct,0.0,0.9333333333333333,0.0,2,0.0,2,100.0,1
876,A3,Vertical lift motor,4,55,4,4,917,unstratified_random,56,15,16.158144448588526,Q1_shortest_0_20pct,0.8707348444112918,0.8,69.65878755290335,1,87.07348444112918,1,80.0,2
876,A4,AGV/shuttle drive unit,2,15,2,2,917,unstratified_random,88,115,132.4717899153425,Q4_60_80pct,0.0,0.4,0.0,2,0.0,2,40.0,5
876,A5,Packing-station roller motor,3,35,3,2,917,unstratified_random,22,111,163.77680736738688,Q5_longest_80_100pct,0.0,0.5333333333333333,0.0,2,0.0,2,60.0,4
877,A1,Inbound conveyor motor,4,40,3,3,918,unstratified_random,73,131,128.00577343113736,Q4_60_80pct,0.0,0.6666666666666667,0.0,4,0.0,4,80.0,2
877,A2,Sortation conveyor drive,5,80,5,4,918,unstratified_random,83,137,136.40747067846124,Q5_longest_80_100pct,0.0,0.9333333333333333,0.0,4,0.0,4,100.0,1
877,A3,Vertical lift motor,4,55,4,4,918,unstratified_random,26,119,123.02499684692152,Q4_60_80pct,0.015800025224627756,0.8,1.2640020179702205,3,1.5800025224627756,3,80.0,2
877,A4,AGV/shuttle drive unit,2,15,2,2,918,unstratified_random,60,100,104.41961816061556,Q4_60_80pct,0.16464305471507557,0.4,6.5857221886030235,2,16.464305471507558,2,40.0,5
877,A5,Packing-station roller motor,3,35,3,2,918,unstratified_random,5,91,97.4316568366386,Q3_40_60pct,0.22054674530689122,0.5333333333333333,11.7624930830342,1,22.054674530689123,1,60.0,4
878,A1,Inbound conveyor motor,4,40,3,3,919,unstratified_random,79,63,95.26087986485147,Q3_40_60pct,0.2379129610811882,0.6666666666666667,15.860864072079217,4,23.79129610811882,3,80.0,2
878,A2,Sortation conveyor drive,5,80,5,4,919,unstratified_random,51,114,102.38736822787688,Q4_60_80pct,0.180901054176985,0.9333333333333333,16.884098389851932,3,18.0901054176985,4,100.0,1
878,A3,Vertical lift motor,4,55,4,4,919,unstratified_random,38,50,47.55990877981797,Q2_20_40pct,0.6195207297614562,0.8,49.5616583809165,1,61.95207297614562,2,80.0,2
878,A4,AGV/shuttle drive unit,2,15,2,2,919,unstratified_random,93,85,42.17809886645809,Q2_20_40pct,0.6625752090683352,0.4,26.50300836273341,2,66.25752090683352,1,40.0,5
878,A5,Packing-station roller motor,3,35,3,2,919,unstratified_random,16,84,112.36753252847032,Q4_60_80pct,0.10105973977223748,0.5333333333333333,5.389852787852665,5,10.105973977223748,5,60.0,4
879,A1,Inbound conveyor motor,4,40,3,3,920,unstratified_random,38,50,47.55990877981797,Q2_20_40pct,0.6195207297614562,0.6666666666666667,41.301381984097084,2,61.95207297614562,3,80.0,2
879,A2,Sortation conveyor drive,5,80,5,4,920,unstratified_random,34,7,11.177676889867849,Q1_shortest_0_20pct,0.9105785848810573,0.9333333333333333,84.98733458889868,1,91.05785848810572,1,100.0,1
879,A3,Vertical lift motor,4,55,4,4,920,unstratified_random,47,135,121.81629897102604,Q4_60_80pct,0.025469608231791674,0.8,2.037568658543334,4,2.5469608231791674,4,80.0,2
879,A4,AGV/shuttle drive unit,2,15,2,2,920,unstratified_random,53,26,32.51632437126566,Q1_shortest_0_20pct,0.7398694050298746,0.4,29.59477620119499,3,73.98694050298747,2,40.0,5
879,A5,Packing-station roller motor,3,35,3,2,920,unstratified_random,87,116,144.3579823471946,Q5_longest_80_100pct,0.0,0.5333333333333333,0.0,5,0.0,5,60.0,4
880,A1,Inbound conveyor motor,4,40,3,3,921,unstratified_random,27,66,114.97611996076007,Q4_60_80pct,0.08019104031391944,0.6666666666666667,5.346069354261297,4,8.019104031391944,4,80.0,2
880,A2,Sortation conveyor drive,5,80,5,4,921,unstratified_random,59,114,150.6488483670163,Q5_longest_80_100pct,0.0,0.9333333333333333,0.0,5,0.0,5,100.0,1
880,A3,Vertical lift motor,4,55,4,4,921,unstratified_random,36,19,22.29101002400674,Q1_shortest_0_20pct,0.8216719198079461,0.8,65.73375358463569,1,82.16719198079461,1,80.0,2
880,A4,AGV/shuttle drive unit,2,15,2,2,921,unstratified_random,4,82,87.20565932033077,Q3_40_60pct,0.30235472543735387,0.4,12.094189017494156,3,30.235472543735387,3,40.0,5
880,A5,Packing-station roller motor,3,35,3,2,921,unstratified_random,24,20,32.316305129135706,Q1_shortest_0_20pct,0.7414695589669144,0.5333333333333333,39.5450431449021,2,74.14695589669144,2,60.0,4
881,A1,Inbound conveyor motor,4,40,3,3,922,unstratified_random,6,93,105.6201183358804,Q4_60_80pct,0.15503905331295675,0.6666666666666667,10.335936887530451,3,15.503905331295675,4,80.0,2
881,A2,Sortation conveyor drive,5,80,5,4,922,unstratified_random,91,38,26.859272201960557,Q1_shortest_0_20pct,0.7851258223843156,0.9333333333333333,73.2784100892028,1,78.51258223843156,1,100.0,1
881,A3,Vertical lift motor,4,55,4,4,922,unstratified_random,41,18,59.85486006548725,Q2_20_40pct,0.521161119476102,0.8,41.69288955808816,2,52.1161119476102,2,80.0,2
881,A4,AGV/shuttle drive unit,2,15,2,2,922,unstratified_random,5,91,97.4316568366386,Q3_40_60pct,0.22054674530689122,0.4,8.821869812275649,4,22.054674530689123,3,40.0,5
881,A5,Packing-station roller motor,3,35,3,2,922,unstratified_random,9,111,137.60480848618022,Q5_longest_80_100pct,0.0,0.5333333333333333,0.0,5,0.0,5,60.0,4
882,A1,Inbound conveyor motor,4,40,3,3,923,unstratified_random,100,20,23.88622641030998,Q1_shortest_0_20pct,0.8089101887175202,0.6666666666666667,53.92734591450136,1,80.89101887175202,1,80.0,2
882,A2,Sortation conveyor drive,5,80,5,4,923,unstratified_random,96,137,137.09402180530702,Q5_longest_80_100pct,0.0,0.9333333333333333,0.0,3,0.0,3,100.0,1
882,A3,Vertical lift motor,4,55,4,4,923,unstratified_random,73,131,128.00577343113736,Q4_60_80pct,0.0,0.8,0.0,3,0.0,3,80.0,2
882,A4,AGV/shuttle drive unit,2,15,2,2,923,unstratified_random,89,136,96.67220915776228,Q3_40_60pct,0.22662232673790172,0.4,9.064893069516069,2,22.66223267379017,2,40.0,5
882,A5,Packing-station roller motor,3,35,3,2,923,unstratified_random,83,137,136.40747067846124,Q5_longest_80_100pct,0.0,0.5333333333333333,0.0,3,0.0,3,60.0,4
883,A1,Inbound conveyor motor,4,40,3,3,924,unstratified_random,49,21,13.44996942007384,Q1_shortest_0_20pct,0.8924002446394093,0.6666666666666667,59.493349642627294,2,89.24002446394093,1,80.0,2
883,A2,Sortation conveyor drive,5,80,5,4,924,unstratified_random,61,21,41.30030317056766,Q2_20_40pct,0.6695975746354588,0.9333333333333333,62.49577363264282,1,66.95975746354588,2,100.0,1
883,A3,Vertical lift motor,4,55,4,4,924,unstratified_random,55,137,118.91039914419324,Q4_60_80pct,0.048716806846454075,0.8,3.897344547716326,4,4.8716806846454075,4,80.0,2
883,A4,AGV/shuttle drive unit,2,15,2,2,924,unstratified_random,86,89,88.09422089781806,Q3_40_60pct,0.29524623281745555,0.4,11.809849312698223,3,29.524623281745555,3,40.0,5
883,A5,Packing-station roller motor,3,35,3,2,924,unstratified_random,69,121,148.86538698158105,Q5_longest_80_100pct,0.0,0.5333333333333333,0.0,5,0.0,5,60.0,4
884,A1,Inbound conveyor motor,4,40,3,3,925,unstratified_random,7,91,94.3787722014587,Q3_40_60pct,0.24496982238833043,0.6666666666666667,16.331321492555364,3,24.49698223883304,3,80.0,2
884,A2,Sortation conveyor drive,5,80,5,4,925,unstratified_random,90,28,30.303009041002955,Q1_shortest_0_20pct,0.7575759276719763,0.9333333333333333,70.70708658271779,1,75.75759276719764,1,100.0,1
884,A3,Vertical lift motor,4,55,4,4,925,unstratified_random,55,137,118.91039914419324,Q4_60_80pct,0.048716806846454075,0.8,3.897344547716326,5,4.8716806846454075,5,80.0,2
884,A4,AGV/shuttle drive unit,2,15,2,2,925,unstratified_random,32,48,58.21837314904572,Q2_20_40pct,0.5342530148076343,0.4,21.370120592305373,2,53.42530148076343,2,40.0,5
884,A5,Packing-station roller motor,3,35,3,2,925,unstratified_random,79,63,95.26087986485147,Q3_40_60pct,0.2379129610811882,0.5333333333333333,12.688691257663372,4,23.79129610811882,4,60.0,4
885,A1,Inbound conveyor motor,4,40,3,3,926,unstratified_random,43,59,63.79604805149177,Q2_20_40pct,0.4896316155880658,0.6666666666666667,32.642107705871055,2,48.963161558806576,2,80.0,2
885,A2,Sortation conveyor drive,5,80,5,4,926,unstratified_random,57,103,83.29315372594353,Q3_40_60pct,0.3336547701924518,0.9333333333333333,31.141111884628838,3,33.36547701924518,3,100.0,1
885,A3,Vertical lift motor,4,55,4,4,926,unstratified_random,37,21,54.159061654098565,Q2_20_40pct,0.5667275067672115,0.8,45.33820054137692,1,56.67275067672115,1,80.0,2
885,A4,AGV/shuttle drive unit,2,15,2,2,926,unstratified_random,27,66,114.97611996076007,Q4_60_80pct,0.08019104031391944,0.4,3.2076416125567775,4,8.019104031391944,4,40.0,5
885,A5,Packing-station roller motor,3,35,3,2,926,unstratified_random,69,121,148.86538698158105,Q5_longest_80_100pct,0.0,0.5333333333333333,0.0,5,0.0,5,60.0,4
886,A1,Inbound conveyor motor,4,40,3,3,927,unstratified_random,51,114,102.38736822787688,Q4_60_80pct,0.180901054176985,0.6666666666666667,12.060070278465668,5,18.0901054176985,5,80.0,2
886,A2,Sortation conveyor drive,5,80,5,4,927,unstratified_random,86,89,88.09422089781806,Q3_40_60pct,0.29524623281745555,0.9333333333333333,27.55631506296252,2,29.524623281745555,3,100.0,1
886,A3,Vertical lift motor,4,55,4,4,927,unstratified_random,7,91,94.3787722014587,Q3_40_60pct,0.24496982238833043,0.8,19.597585791066436,4,24.49698223883304,4,80.0,2
886,A4,AGV/shuttle drive unit,2,15,2,2,927,unstratified_random,62,54,60.376193576182295,Q2_20_40pct,0.5169904513905417,0.4,20.679618055621667,3,51.699045139054164,2,40.0,5
886,A5,Packing-station roller motor,3,35,3,2,927,unstratified_random,81,8,12.767256508974471,Q1_shortest_0_20pct,0.8978619479282042,0.5333333333333333,47.88597055617089,1,89.78619479282042,1,60.0,4
887,A1,Inbound conveyor motor,4,40,3,3,928,unstratified_random,30,115,88.96761601985438,Q3_40_60pct,0.28825907184116495,0.6666666666666667,19.217271456077665,3,28.825907184116495,3,80.0,2
887,A2,Sortation conveyor drive,5,80,5,4,928,unstratified_random,35,11,10.318035788709574,Q1_shortest_0_20pct,0.9174557136903234,0.9333333333333333,85.6291999444302,1,91.74557136903235,1,100.0,1
887,A3,Vertical lift motor,4,55,4,4,928,unstratified_random,1,112,181.7937722618632,Q5_longest_80_100pct,0.0,0.8,0.0,4,0.0,4,80.0,2
887,A4,AGV/shuttle drive unit,2,15,2,2,928,unstratified_random,3,69,51.59437184534412,Q2_20_40pct,0.587245025237247,0.4,23.48980100948988,2,58.724502523724695,2,40.0,5
887,A5,Packing-station roller motor,3,35,3,2,928,unstratified_random,9,111,137.60480848618022,Q5_longest_80_100pct,0.0,0.5333333333333333,0.0,4,0.0,4,60.0,4
888,A1,Inbound conveyor motor,4,40,3,3,929,unstratified_random,25,145,153.1932818222736,Q5_longest_80_100pct,0.0,0.6666666666666667,0.0,4,0.0,4,80.0,2
888,A2,Sortation conveyor drive,5,80,5,4,929,unstratified_random,54,97,127.42576425394527,Q4_60_80pct,0.0,0.9333333333333333,0.0,4,0.0,4,100.0,1
888,A3,Vertical lift motor,4,55,4,4,929,unstratified_random,58,37,44.85465760060767,Q2_20_40pct,0.6411627391951387,0.8,51.293019135611104,1,64.11627391951387,2,80.0,2
888,A4,AGV/shuttle drive unit,2,15,2,2,929,unstratified_random,29,90,101.07862421817065,Q4_60_80pct,0.19137100625463488,0.4,7.654840250185396,3,19.13710062546349,3,40.0,5
888,A5,Packing-station roller motor,3,35,3,2,929,unstratified_random,56,15,16.158144448588526,Q1_shortest_0_20pct,0.8707348444112918,0.5333333333333333,46.43919170193556,2,87.07348444112918,1,60.0,4
889,A1,Inbound conveyor motor,4,40,3,3,930,unstratified_random,87,116,144.3579823471946,Q5_longest_80_100pct,0.0,0.6666666666666667,0.0,5,0.0,5,80.0,2
889,A2,Sortation conveyor drive,5,80,5,4,930,unstratified_random,19,87,106.94874018187056,Q4_60_80pct,0.14441007854503551,0.9333333333333333,13.478273997536649,3,14.441007854503551,3,100.0,1
889,A3,Vertical lift motor,4,55,4,4,930,unstratified_random,47,135,121.81629897102604,Q4_60_80pct,0.025469608231791674,0.8,2.037568658543334,4,2.5469608231791674,4,80.0,2
889,A4,AGV/shuttle drive unit,2,15,2,2,930,unstratified_random,32,48,58.21837314904572,Q2_20_40pct,0.5342530148076343,0.4,21.370120592305373,1,53.42530148076343,1,40.0,5
889,A5,Packing-station roller motor,3,35,3,2,930,unstratified_random,13,95,93.13834255441226,Q3_40_60pct,0.2548932595647019,0.5333333333333333,13.5943071767841,2,25.48932595647019,2,60.0,4
890,A1,Inbound conveyor motor,4,40,3,3,931,unstratified_random,37,21,54.159061654098565,Q2_20_40pct,0.5667275067672115,0.6666666666666667,37.781833784480774,3,56.67275067672115,2,80.0,2
890,A2,Sortation conveyor drive,5,80,5,4,931,unstratified_random,43,59,63.79604805149177,Q2_20_40pct,0.4896316155880658,0.9333333333333333,45.69895078821947,1,48.963161558806576,3,100.0,1
890,A3,Vertical lift motor,4,55,4,4,931,unstratified_random,45,114,76.03056963373365,Q3_40_60pct,0.39175544293013076,0.8,31.340435434410463,4,39.175544293013076,4,80.0,2
890,A4,AGV/shuttle drive unit,2,15,2,2,931,unstratified_random,79,63,95.26087986485147,Q3_40_60pct,0.2379129610811882,0.4,9.516518443247529,5,23.79129610811882,5,40.0,5
890,A5,Packing-station roller motor,3,35,3,2,931,unstratified_random,92,20,25.16213385236525,Q1_shortest_0_20pct,0.798702929181078,0.5333333333333333,42.597489556324156,2,79.8702929181078,1,60.0,4
891,A1,Inbound conveyor motor,4,40,3,3,932,unstratified_random,20,16,23.928748965669588,Q1_shortest_0_20pct,0.8085700082746433,0.6666666666666667,53.90466721830956,2,80.85700082746433,2,80.0,2
891,A2,Sortation conveyor drive,5,80,5,4,932,unstratified_random,42,10,15.95535794283765,Q1_shortest_0_20pct,0.8723571364572988,0.9333333333333333,81.41999940268123,1,87.23571364572989,1,100.0,1
891,A3,Vertical lift motor,4,55,4,4,932,unstratified_random,61,21,41.30030317056766,Q2_20_40pct,0.6695975746354588,0.8,53.56780597083671,3,66.95975746354588,4,80.0,2
891,A4,AGV/shuttle drive unit,2,15,2,2,932,unstratified_random,89,136,96.67220915776228,Q3_40_60pct,0.22662232673790172,0.4,9.064893069516069,5,22.66223267379017,5,40.0,5
891,A5,Packing-station roller motor,3,35,3,2,932,unstratified_random,24,20,32.316305129135706,Q1_shortest_0_20pct,0.7414695589669144,0.5333333333333333,39.5450431449021,4,74.14695589669144,3,60.0,4
892,A1,Inbound conveyor motor,4,40,3,3,933,unstratified_random,71,118,142.21779435736028,Q5_longest_80_100pct,0.0,0.6666666666666667,0.0,4,0.0,4,80.0,2
892,A2,Sortation conveyor drive,5,80,5,4,933,unstratified_random,1,112,181.7937722618632,Q5_longest_80_100pct,0.0,0.9333333333333333,0.0,4,0.0,4,100.0,1
892,A3,Vertical lift motor,4,55,4,4,933,unstratified_random,70,94,86.32146123836584,Q3_40_60pct,0.30942831009307326,0.8,24.754264807445864,2,30.942831009307326,2,80.0,2
892,A4,AGV/shuttle drive unit,2,15,2,2,933,unstratified_random,42,10,15.95535794283765,Q1_shortest_0_20pct,0.8723571364572988,0.4,34.894285458291954,1,87.23571364572989,1,40.0,5
892,A5,Packing-station roller motor,3,35,3,2,933,unstratified_random,7,91,94.3787722014587,Q3_40_60pct,0.24496982238833043,0.5333333333333333,13.065057194044288,3,24.49698223883304,3,60.0,4
893,A1,Inbound conveyor motor,4,40,3,3,934,unstratified_random,67,77,138.84222319134904,Q5_longest_80_100pct,0.0,0.6666666666666667,0.0,5,0.0,5,80.0,2
893,A2,Sortation conveyor drive,5,80,5,4,934,unstratified_random,89,136,96.67220915776228,Q3_40_60pct,0.22662232673790172,0.9333333333333333,21.15141716220416,4,22.66223267379017,4,100.0,1
893,A3,Vertical lift motor,4,55,4,4,934,unstratified_random,32,48,58.21837314904572,Q2_20_40pct,0.5342530148076343,0.8,42.740241184610746,2,53.42530148076343,3,80.0,2
893,A4,AGV/shuttle drive unit,2,15,2,2,934,unstratified_random,64,28,47.55027096178691,Q2_20_40pct,0.6195978323057048,0.4,24.783913292228192,3,61.95978323057047,2,40.0,5
893,A5,Packing-station roller motor,3,35,3,2,934,unstratified_random,100,20,23.88622641030998,Q1_shortest_0_20pct,0.8089101887175202,0.5333333333333333,43.14187673160108,1,80.89101887175202,1,60.0,4
894,A1,Inbound conveyor motor,4,40,3,3,935,unstratified_random,92,20,25.16213385236525,Q1_shortest_0_20pct,0.798702929181078,0.6666666666666667,53.2468619454052,1,79.8702929181078,1,80.0,2
894,A2,Sortation conveyor drive,5,80,5,4,935,unstratified_random,32,48,58.21837314904572,Q2_20_40pct,0.5342530148076343,0.9333333333333333,49.8636147153792,2,53.42530148076343,3,100.0,1
894,A3,Vertical lift motor,4,55,4,4,935,unstratified_random,87,116,144.3579823471946,Q5_longest_80_100pct,0.0,0.8,0.0,4,0.0,4,80.0,2
894,A4,AGV/shuttle drive unit,2,15,2,2,935,unstratified_random,90,28,30.303009041002955,Q1_shortest_0_20pct,0.7575759276719763,0.4,30.303037106879056,3,75.75759276719764,2,40.0,5
894,A5,Packing-station roller motor,3,35,3,2,935,unstratified_random,25,145,153.1932818222736,Q5_longest_80_100pct,0.0,0.5333333333333333,0.0,4,0.0,4,60.0,4
895,A1,Inbound conveyor motor,4,40,3,3,936,unstratified_random,4,82,87.20565932033077,Q3_40_60pct,0.30235472543735387,0.6666666666666667,20.156981695823593,3,30.235472543735387,3,80.0,2
895,A2,Sortation conveyor drive,5,80,5,4,936,unstratified_random,75,113,125.9355598567823,Q4_60_80pct,0.0,0.9333333333333333,0.0,4,0.0,4,100.0,1
895,A3,Vertical lift motor,4,55,4,4,936,unstratified_random,70,94,86.32146123836584,Q3_40_60pct,0.30942831009307326,0.8,24.754264807445864,2,30.942831009307326,2,80.0,2
895,A4,AGV/shuttle drive unit,2,15,2,2,936,unstratified_random,31,8,23.83573742078014,Q1_shortest_0_20pct,0.8093141006337589,0.4,32.37256402535036,1,80.93141006337589,1,40.0,5
895,A5,Packing-station roller motor,3,35,3,2,936,unstratified_random,99,117,132.87361758142774,Q4_60_80pct,0.0,0.5333333333333333,0.0,4,0.0,4,60.0,4
896,A1,Inbound conveyor motor,4,40,3,3,937,unstratified_random,10,96,99.04426828245136,Q3_40_60pct,0.20764585374038913,0.6666666666666667,13.843056916025944,3,20.764585374038912,3,80.0,2
896,A2,Sortation conveyor drive,5,80,5,4,937,unstratified_random,66,14,11.46932688270492,Q1_shortest_0_20pct,0.9082453849383606,0.9333333333333333,84.76956926091366,1,90.82453849383606,1,100.0,1
896,A3,Vertical lift motor,4,55,4,4,937,unstratified_random,23,113,135.36716530023588,Q4_60_80pct,0.0,0.8,0.0,5,0.0,5,80.0,2
896,A4,AGV/shuttle drive unit,2,15,2,2,937,unstratified_random,40,28,26.358548153514647,Q1_shortest_0_20pct,0.7891316147718828,0.4,31.565264590875316,2,78.91316147718828,2,40.0,5
896,A5,Packing-station roller motor,3,35,3,2,937,unstratified_random,47,135,121.81629897102604,Q4_60_80pct,0.025469608231791674,0.5333333333333333,1.3583791056955559,4,2.5469608231791674,4,60.0,4
897,A1,Inbound conveyor motor,4,40,3,3,938,unstratified_random,22,111,163.77680736738688,Q5_longest_80_100pct,0.0,0.6666666666666667,0.0,4,0.0,4,80.0,2
897,A2,Sortation conveyor drive,5,80,5,4,938,unstratified_random,79,63,95.26087986485147,Q3_40_60pct,0.2379129610811882,0.9333333333333333,22.2052097009109,2,23.79129610811882,2,100.0,1
897,A3,Vertical lift motor,4,55,4,4,938,unstratified_random,11,97,99.08741603137932,Q4_60_80pct,0.2073006717489655,0.8,16.58405373991724,3,20.73006717489655,3,80.0,2
897,A4,AGV/shuttle drive unit,2,15,2,2,938,unstratified_random,99,117,132.87361758142774,Q4_60_80pct,0.0,0.4,0.0,4,0.0,4,40.0,5
897,A5,Packing-station roller motor,3,35,3,2,938,unstratified_random,36,19,22.29101002400674,Q1_shortest_0_20pct,0.8216719198079461,0.5333333333333333,43.822502389757126,1,82.16719198079461,1,60.0,4
898,A1,Inbound conveyor motor,4,40,3,3,939,unstratified_random,76,10,10.049433434661326,Q1_shortest_0_20pct,0.9196045325227094,0.6666666666666667,61.3069688348473,2,91.96045325227094,1,80.0,2
898,A2,Sortation conveyor drive,5,80,5,4,939,unstratified_random,53,26,32.51632437126566,Q1_shortest_0_20pct,0.7398694050298746,0.9333333333333333,69.0544778027883,1,73.98694050298747,2,100.0,1
898,A3,Vertical lift motor,4,55,4,4,939,unstratified_random,8,95,75.96907893735971,Q3_40_60pct,0.3922473685011223,0.8,31.379789480089784,3,39.22473685011223,4,80.0,2
898,A4,AGV/shuttle drive unit,2,15,2,2,939,unstratified_random,93,85,42.17809886645809,Q2_20_40pct,0.6625752090683352,0.4,26.50300836273341,4,66.25752090683352,3,40.0,5
898,A5,Packing-station roller motor,3,35,3,2,939,unstratified_random,57,103,83.29315372594353,Q3_40_60pct,0.3336547701924518,0.5333333333333333,17.794921076930763,5,33.36547701924518,5,60.0,4
899,A1,Inbound conveyor motor,4,40,3,3,940,unstratified_random,62,54,60.376193576182295,Q2_20_40pct,0.5169904513905417,0.6666666666666667,34.46603009270278,2,51.699045139054164,2,80.0,2
899,A2,Sortation conveyor drive,5,80,5,4,940,unstratified_random,95,128,130.5679549560598,Q4_60_80pct,0.0,0.9333333333333333,0.0,3,0.0,3,100.0,1
899,A3,Vertical lift motor,4,55,4,4,940,unstratified_random,64,28,47.55027096178691,Q2_20_40pct,0.6195978323057048,0.8,49.567826584456384,1,61.95978323057047,1,80.0,2
899,A4,AGV/shuttle drive unit,2,15,2,2,940,unstratified_random,48,92,128.30022813454278,Q4_60_80pct,0.0,0.4,0.0,3,0.0,3,40.0,5
899,A5,Packing-station roller motor,3,35,3,2,940,unstratified_random,69,121,148.86538698158105,Q5_longest_80_100pct,0.0,0.5333333333333333,0.0,3,0.0,3,60.0,4
900,A1,Inbound conveyor motor,4,40,3,3,941,unstratified_random,17,50,51.778940468972905,Q2_20_40pct,0.5857684762482167,0.6666666666666667,39.05123174988112,3,58.57684762482167,3,80.0,2
900,A2,Sortation conveyor drive,5,80,5,4,941,unstratified_random,56,15,16.158144448588526,Q1_shortest_0_20pct,0.8707348444112918,0.9333333333333333,81.26858547838724,1,87.07348444112918,2,100.0,1
900,A3,Vertical lift motor,4,55,4,4,941,unstratified_random,49,21,13.44996942007384,Q1_shortest_0_20pct,0.8924002446394093,0.8,71.39201957115274,2,89.24002446394093,1,80.0,2
900,A4,AGV/shuttle drive unit,2,15,2,2,941,unstratified_random,33,106,142.7935583123275,Q5_longest_80_100pct,0.0,0.4,0.0,4,0.0,4,40.0,5
900,A5,Packing-station roller motor,3,35,3,2,941,unstratified_random,96,137,137.09402180530702,Q5_longest_80_100pct,0.0,0.5333333333333333,0.0,4,0.0,4,60.0,4
901,A1,Inbound conveyor motor,4,40,3,3,942,unstratified_random,77,34,40.64323409645428,Q2_20_40pct,0.6748541272283658,0.6666666666666667,44.99027514855773,2,67.48541272283659,3,80.0,2
901,A2,Sortation conveyor drive,5,80,5,4,942,unstratified_random,34,7,11.177676889867849,Q1_shortest_0_20pct,0.9105785848810573,0.9333333333333333,84.98733458889868,1,91.05785848810572,1,100.0,1
901,A3,Vertical lift motor,4,55,4,4,942,unstratified_random,89,136,96.67220915776228,Q3_40_60pct,0.22662232673790172,0.8,18.129786139032138,4,22.66223267379017,4,80.0,2
901,A4,AGV/shuttle drive unit,2,15,2,2,942,unstratified_random,82,9,13.00528536289486,Q1_shortest_0_20pct,0.8959577170968411,0.4,35.83830868387365,3,89.59577170968412,2,40.0,5
901,A5,Packing-station roller motor,3,35,3,2,942,unstratified_random,54,97,127.42576425394527,Q4_60_80pct,0.0,0.5333333333333333,0.0,5,0.0,5,60.0,4
902,A1,Inbound conveyor motor,4,40,3,3,943,unstratified_random,7,91,94.3787722014587,Q3_40_60pct,0.24496982238833043,0.6666666666666667,16.331321492555364,5,24.49698223883304,5,80.0,2
902,A2,Sortation conveyor drive,5,80,5,4,943,unstratified_random,13,95,93.13834255441226,Q3_40_60pct,0.2548932595647019,0.9333333333333333,23.790037559372177,4,25.48932595647019,4,100.0,1
902,A3,Vertical lift motor,4,55,4,4,943,unstratified_random,64,28,47.55027096178691,Q2_20_40pct,0.6195978323057048,0.8,49.567826584456384,1,61.95978323057047,2,80.0,2
902,A4,AGV/shuttle drive unit,2,15,2,2,943,unstratified_random,90,28,30.303009041002955,Q1_shortest_0_20pct,0.7575759276719763,0.4,30.303037106879056,2,75.75759276719764,1,40.0,5
902,A5,Packing-station roller motor,3,35,3,2,943,unstratified_random,32,48,58.21837314904572,Q2_20_40pct,0.5342530148076343,0.5333333333333333,28.49349412307383,3,53.42530148076343,3,60.0,4
903,A1,Inbound conveyor motor,4,40,3,3,944,unstratified_random,39,142,172.98448712201755,Q5_longest_80_100pct,0.0,0.6666666666666667,0.0,5,0.0,5,80.0,2
903,A2,Sortation conveyor drive,5,80,5,4,944,unstratified_random,81,8,12.767256508974471,Q1_shortest_0_20pct,0.8978619479282042,0.9333333333333333,83.80044847329907,1,89.78619479282042,1,100.0,1
903,A3,Vertical lift motor,4,55,4,4,944,unstratified_random,51,114,102.38736822787688,Q4_60_80pct,0.180901054176985,0.8,14.4720843341588,4,18.0901054176985,4,80.0,2
903,A4,AGV/shuttle drive unit,2,15,2,2,944,unstratified_random,31,8,23.83573742078014,Q1_shortest_0_20pct,0.8093141006337589,0.4,32.37256402535036,2,80.93141006337589,2,40.0,5
903,A5,Packing-station roller motor,3,35,3,2,944,unstratified_random,62,54,60.376193576182295,Q2_20_40pct,0.5169904513905417,0.5333333333333333,27.57282407416222,3,51.699045139054164,3,60.0,4
904,A1,Inbound conveyor motor,4,40,3,3,945,unstratified_random,50,79,131.9611497166465,Q4_60_80pct,0.0,0.6666666666666667,0.0,5,0.0,5,80.0,2
904,A2,Sortation conveyor drive,5,80,5,4,945,unstratified_random,4,82,87.20565932033077,Q3_40_60pct,0.30235472543735387,0.9333333333333333,28.21977437415303,3,30.235472543735387,4,100.0,1
904,A3,Vertical lift motor,4,55,4,4,945,unstratified_random,58,37,44.85465760060767,Q2_20_40pct,0.6411627391951387,0.8,51.293019135611104,1,64.11627391951387,2,80.0,2
904,A4,AGV/shuttle drive unit,2,15,2,2,945,unstratified_random,64,28,47.55027096178691,Q2_20_40pct,0.6195978323057048,0.4,24.783913292228192,4,61.95978323057047,3,40.0,5
904,A5,Packing-station roller motor,3,35,3,2,945,unstratified_random,76,10,10.049433434661326,Q1_shortest_0_20pct,0.9196045325227094,0.5333333333333333,49.045575067877834,2,91.96045325227094,1,60.0,4
905,A1,Inbound conveyor motor,4,40,3,3,946,unstratified_random,89,136,96.67220915776228,Q3_40_60pct,0.22662232673790172,0.6666666666666667,15.108155115860116,2,22.66223267379017,2,80.0,2
905,A2,Sortation conveyor drive,5,80,5,4,946,unstratified_random,27,66,114.97611996076007,Q4_60_80pct,0.08019104031391944,0.9333333333333333,7.484497095965814,4,8.019104031391944,4,100.0,1
905,A3,Vertical lift motor,4,55,4,4,946,unstratified_random,9,111,137.60480848618022,Q5_longest_80_100pct,0.0,0.8,0.0,5,0.0,5,80.0,2
905,A4,AGV/shuttle drive unit,2,15,2,2,946,unstratified_random,34,7,11.177676889867849,Q1_shortest_0_20pct,0.9105785848810573,0.4,36.42314339524229,1,91.05785848810572,1,40.0,5
905,A5,Packing-station roller motor,3,35,3,2,946,unstratified_random,51,114,102.38736822787688,Q4_60_80pct,0.180901054176985,0.5333333333333333,9.648056222772533,3,18.0901054176985,3,60.0,4
906,A1,Inbound conveyor motor,4,40,3,3,947,unstratified_random,85,118,162.2981284023822,Q5_longest_80_100pct,0.0,0.6666666666666667,0.0,3,0.0,3,80.0,2
906,A2,Sortation conveyor drive,5,80,5,4,947,unstratified_random,1,112,181.7937722618632,Q5_longest_80_100pct,0.0,0.9333333333333333,0.0,3,0.0,3,100.0,1
906,A3,Vertical lift motor,4,55,4,4,947,unstratified_random,45,114,76.03056963373365,Q3_40_60pct,0.39175544293013076,0.8,31.340435434410463,2,39.175544293013076,2,80.0,2
906,A4,AGV/shuttle drive unit,2,15,2,2,947,unstratified_random,40,28,26.358548153514647,Q1_shortest_0_20pct,0.7891316147718828,0.4,31.565264590875316,1,78.91316147718828,1,40.0,5
906,A5,Packing-station roller motor,3,35,3,2,947,unstratified_random,65,128,151.46723766284128,Q5_longest_80_100pct,0.0,0.5333333333333333,0.0,3,0.0,3,60.0,4
907,A1,Inbound conveyor motor,4,40,3,3,948,unstratified_random,85,118,162.2981284023822,Q5_longest_80_100pct,0.0,0.6666666666666667,0.0,5,0.0,5,80.0,2
907,A2,Sortation conveyor drive,5,80,5,4,948,unstratified_random,45,114,76.03056963373365,Q3_40_60pct,0.39175544293013076,0.9333333333333333,36.56384134014554,2,39.175544293013076,4,100.0,1
907,A3,Vertical lift motor,4,55,4,4,948,unstratified_random,62,54,60.376193576182295,Q2_20_40pct,0.5169904513905417,0.8,41.359236111243334,1,51.699045139054164,2,80.0,2
907,A4,AGV/shuttle drive unit,2,15,2,2,948,unstratified_random,36,19,22.29101002400674,Q1_shortest_0_20pct,0.8216719198079461,0.4,32.866876792317846,3,82.16719198079461,1,40.0,5
907,A5,Packing-station roller motor,3,35,3,2,948,unstratified_random,63,72,60.45894799885493,Q2_20_40pct,0.5163284160091606,0.5333333333333333,27.537515520488565,4,51.63284160091606,3,60.0,4
908,A1,Inbound conveyor motor,4,40,3,3,949,unstratified_random,8,95,75.96907893735971,Q3_40_60pct,0.3922473685011223,0.6666666666666667,26.14982456674149,4,39.22473685011223,4,80.0,2
908,A2,Sortation conveyor drive,5,80,5,4,949,unstratified_random,55,137,118.91039914419324,Q4_60_80pct,0.048716806846454075,0.9333333333333333,4.546901972335713,5,4.8716806846454075,5,100.0,1
908,A3,Vertical lift motor,4,55,4,4,949,unstratified_random,53,26,32.51632437126566,Q1_shortest_0_20pct,0.7398694050298746,0.8,59.18955240238998,1,73.98694050298747,3,80.0,2
908,A4,AGV/shuttle drive unit,2,15,2,2,949,unstratified_random,35,11,10.318035788709574,Q1_shortest_0_20pct,0.9174557136903234,0.4,36.69822854761294,3,91.74557136903235,1,40.0,5
908,A5,Packing-station roller motor,3,35,3,2,949,unstratified_random,81,8,12.767256508974471,Q1_shortest_0_20pct,0.8978619479282042,0.5333333333333333,47.88597055617089,2,89.78619479282042,2,60.0,4
909,A1,Inbound conveyor motor,4,40,3,3,950,unstratified_random,84,58,54.07820667708313,Q2_20_40pct,0.567374346583335,0.6666666666666667,37.824956438889004,2,56.7374346583335,1,80.0,2
909,A2,Sortation conveyor drive,5,80,5,4,950,unstratified_random,13,95,93.13834255441226,Q3_40_60pct,0.2548932595647019,0.9333333333333333,23.790037559372177,3,25.48932595647019,4,100.0,1
909,A3,Vertical lift motor,4,55,4,4,950,unstratified_random,32,48,58.21837314904572,Q2_20_40pct,0.5342530148076343,0.8,42.740241184610746,1,53.42530148076343,2,80.0,2
909,A4,AGV/shuttle drive unit,2,15,2,2,950,unstratified_random,43,59,63.79604805149177,Q2_20_40pct,0.4896316155880658,0.4,19.585264623522633,4,48.963161558806576,3,40.0,5
909,A5,Packing-station roller motor,3,35,3,2,950,unstratified_random,50,79,131.9611497166465,Q4_60_80pct,0.0,0.5333333333333333,0.0,5,0.0,5,60.0,4
910,A1,Inbound conveyor motor,4,40,3,3,951,unstratified_random,76,10,10.049433434661326,Q1_shortest_0_20pct,0.9196045325227094,0.6666666666666667,61.3069688348473,2,91.96045325227094,1,80.0,2
910,A2,Sortation conveyor drive,5,80,5,4,951,unstratified_random,34,7,11.177676889867849,Q1_shortest_0_20pct,0.9105785848810573,0.9333333333333333,84.98733458889868,1,91.05785848810572,2,100.0,1
910,A3,Vertical lift motor,4,55,4,4,951,unstratified_random,53,26,32.51632437126566,Q1_shortest_0_20pct,0.7398694050298746,0.8,59.18955240238998,3,73.98694050298747,3,80.0,2
910,A4,AGV/shuttle drive unit,2,15,2,2,951,unstratified_random,80,90,79.47558250502735,Q3_40_60pct,0.36419533995978126,0.4,14.567813598391252,5,36.41953399597813,5,40.0,5
910,A5,Packing-station roller motor,3,35,3,2,951,unstratified_random,45,114,76.03056963373365,Q3_40_60pct,0.39175544293013076,0.5333333333333333,20.893623622940307,4,39.175544293013076,4,60.0,4
911,A1,Inbound conveyor motor,4,40,3,3,952,unstratified_random,31,8,23.83573742078014,Q1_shortest_0_20pct,0.8093141006337589,0.6666666666666667,53.95427337558394,1,80.93141006337589,1,80.0,2
911,A2,Sortation conveyor drive,5,80,5,4,952,unstratified_random,19,87,106.94874018187056,Q4_60_80pct,0.14441007854503551,0.9333333333333333,13.478273997536649,3,14.441007854503551,4,100.0,1
911,A3,Vertical lift motor,4,55,4,4,952,unstratified_random,32,48,58.21837314904572,Q2_20_40pct,0.5342530148076343,0.8,42.740241184610746,2,53.42530148076343,2,80.0,2
911,A4,AGV/shuttle drive unit,2,15,2,2,952,unstratified_random,51,114,102.38736822787688,Q4_60_80pct,0.180901054176985,0.4,7.2360421670794,4,18.0901054176985,3,40.0,5
911,A5,Packing-station roller motor,3,35,3,2,952,unstratified_random,33,106,142.7935583123275,Q5_longest_80_100pct,0.0,0.5333333333333333,0.0,5,0.0,5,60.0,4
912,A1,Inbound conveyor motor,4,40,3,3,953,unstratified_random,81,8,12.767256508974471,Q1_shortest_0_20pct,0.8978619479282042,0.6666666666666667,59.857463195213626,2,89.78619479282042,2,80.0,2
912,A2,Sortation conveyor drive,5,80,5,4,953,unstratified_random,66,14,11.46932688270492,Q1_shortest_0_20pct,0.9082453849383606,0.9333333333333333,84.76956926091366,1,90.82453849383606,1,100.0,1
912,A3,Vertical lift motor,4,55,4,4,953,unstratified_random,25,145,153.1932818222736,Q5_longest_80_100pct,0.0,0.8,0.0,4,0.0,4,80.0,2
912,A4,AGV/shuttle drive unit,2,15,2,2,953,unstratified_random,95,128,130.5679549560598,Q4_60_80pct,0.0,0.4,0.0,4,0.0,4,40.0,5
912,A5,Packing-station roller motor,3,35,3,2,953,unstratified_random,36,19,22.29101002400674,Q1_shortest_0_20pct,0.8216719198079461,0.5333333333333333,43.822502389757126,3,82.16719198079461,3,60.0,4
913,A1,Inbound conveyor motor,4,40,3,3,954,unstratified_random,86,89,88.09422089781806,Q3_40_60pct,0.29524623281745555,0.6666666666666667,19.683082187830372,3,29.524623281745555,4,80.0,2
913,A2,Sortation conveyor drive,5,80,5,4,954,unstratified_random,99,117,132.87361758142774,Q4_60_80pct,0.0,0.9333333333333333,0.0,5,0.0,5,100.0,1
913,A3,Vertical lift motor,4,55,4,4,954,unstratified_random,37,21,54.159061654098565,Q2_20_40pct,0.5667275067672115,0.8,45.33820054137692,1,56.67275067672115,2,80.0,2
913,A4,AGV/shuttle drive unit,2,15,2,2,954,unstratified_random,49,21,13.44996942007384,Q1_shortest_0_20pct,0.8924002446394093,0.4,35.69600978557637,2,89.24002446394093,1,40.0,5
913,A5,Packing-station roller motor,3,35,3,2,954,unstratified_random,57,103,83.29315372594353,Q3_40_60pct,0.3336547701924518,0.5333333333333333,17.794921076930763,4,33.36547701924518,3,60.0,4
914,A1,Inbound conveyor motor,4,40,3,3,955,unstratified_random,88,115,132.4717899153425,Q4_60_80pct,0.0,0.6666666666666667,0.0,4,0.0,4,80.0,2
914,A2,Sortation conveyor drive,5,80,5,4,955,unstratified_random,5,91,97.4316568366386,Q3_40_60pct,0.22054674530689122,0.9333333333333333,20.584362895309848,3,22.054674530689123,3,100.0,1
914,A3,Vertical lift motor,4,55,4,4,955,unstratified_random,50,79,131.9611497166465,Q4_60_80pct,0.0,0.8,0.0,4,0.0,4,80.0,2
914,A4,AGV/shuttle drive unit,2,15,2,2,955,unstratified_random,20,16,23.928748965669588,Q1_shortest_0_20pct,0.8085700082746433,0.4,32.34280033098573,1,80.85700082746433,1,40.0,5
914,A5,Packing-station roller motor,3,35,3,2,955,unstratified_random,43,59,63.79604805149177,Q2_20_40pct,0.4896316155880658,0.5333333333333333,26.11368616469684,2,48.963161558806576,2,60.0,4
915,A1,Inbound conveyor motor,4,40,3,3,956,unstratified_random,99,117,132.87361758142774,Q4_60_80pct,0.0,0.6666666666666667,0.0,4,0.0,4,80.0,2
915,A2,Sortation conveyor drive,5,80,5,4,956,unstratified_random,31,8,23.83573742078014,Q1_shortest_0_20pct,0.8093141006337589,0.9333333333333333,75.5359827258175,1,80.93141006337589,1,100.0,1
915,A3,Vertical lift motor,4,55,4,4,956,unstratified_random,16,84,112.36753252847032,Q4_60_80pct,0.10105973977223748,0.8,8.084779181778998,3,10.105973977223748,3,80.0,2
915,A4,AGV/shuttle drive unit,2,15,2,2,956,unstratified_random,44,109,141.8287484510994,Q5_longest_80_100pct,0.0,0.4,0.0,4,0.0,4,40.0,5
915,A5,Packing-station roller motor,3,35,3,2,956,unstratified_random,43,59,63.79604805149177,Q2_20_40pct,0.4896316155880658,0.5333333333333333,26.11368616469684,2,48.963161558806576,2,60.0,4
916,A1,Inbound conveyor motor,4,40,3,3,957,unstratified_random,48,92,128.30022813454278,Q4_60_80pct,0.0,0.6666666666666667,0.0,3,0.0,3,80.0,2
916,A2,Sortation conveyor drive,5,80,5,4,957,unstratified_random,38,50,47.55990877981797,Q2_20_40pct,0.6195207297614562,0.9333333333333333,57.82193477773591,1,61.95207297614562,1,100.0,1
916,A3,Vertical lift motor,4,55,4,4,957,unstratified_random,59,114,150.6488483670163,Q5_longest_80_100pct,0.0,0.8,0.0,3,0.0,3,80.0,2
916,A4,AGV/shuttle drive unit,2,15,2,2,957,unstratified_random,67,77,138.84222319134904,Q5_longest_80_100pct,0.0,0.4,0.0,3,0.0,3,40.0,5
916,A5,Packing-station roller motor,3,35,3,2,957,unstratified_random,97,82,79.22371888224494,Q3_40_60pct,0.36621024894204046,0.5333333333333333,19.531213276908826,2,36.62102489420405,2,60.0,4
917,A1,Inbound conveyor motor,4,40,3,3,958,unstratified_random,3,69,51.59437184534412,Q2_20_40pct,0.587245025237247,0.6666666666666667,39.1496683491498,2,58.724502523724695,3,80.0,2
917,A2,Sortation conveyor drive,5,80,5,4,958,unstratified_random,58,37,44.85465760060767,Q2_20_40pct,0.6411627391951387,0.9333333333333333,59.84185565821295,1,64.11627391951387,2,100.0,1
917,A3,Vertical lift motor,4,55,4,4,958,unstratified_random,75,113,125.9355598567823,Q4_60_80pct,0.0,0.8,0.0,5,0.0,5,80.0,2
917,A4,AGV/shuttle drive unit,2,15,2,2,958,unstratified_random,35,11,10.318035788709574,Q1_shortest_0_20pct,0.9174557136903234,0.4,36.69822854761294,3,91.74557136903235,1,40.0,5
917,A5,Packing-station roller motor,3,35,3,2,958,unstratified_random,43,59,63.79604805149177,Q2_20_40pct,0.4896316155880658,0.5333333333333333,26.11368616469684,4,48.963161558806576,4,60.0,4
918,A1,Inbound conveyor motor,4,40,3,3,959,unstratified_random,28,97,94.6987062048556,Q3_40_60pct,0.2424103503611552,0.6666666666666667,16.160690024077017,1,24.24103503611552,1,80.0,2
918,A2,Sortation conveyor drive,5,80,5,4,959,unstratified_random,60,100,104.41961816061556,Q4_60_80pct,0.16464305471507557,0.9333333333333333,15.366685106740388,2,16.464305471507558,2,100.0,1
918,A3,Vertical lift motor,4,55,4,4,959,unstratified_random,55,137,118.91039914419324,Q4_60_80pct,0.048716806846454075,0.8,3.897344547716326,3,4.8716806846454075,3,80.0,2
918,A4,AGV/shuttle drive unit,2,15,2,2,959,unstratified_random,73,131,128.00577343113736,Q4_60_80pct,0.0,0.4,0.0,4,0.0,4,40.0,5
918,A5,Packing-station roller motor,3,35,3,2,959,unstratified_random,85,118,162.2981284023822,Q5_longest_80_100pct,0.0,0.5333333333333333,0.0,4,0.0,4,60.0,4
919,A1,Inbound conveyor motor,4,40,3,3,960,unstratified_random,86,89,88.09422089781806,Q3_40_60pct,0.29524623281745555,0.6666666666666667,19.683082187830372,2,29.524623281745555,2,80.0,2
919,A2,Sortation conveyor drive,5,80,5,4,960,unstratified_random,6,93,105.6201183358804,Q4_60_80pct,0.15503905331295675,0.9333333333333333,14.47031164254263,3,15.503905331295675,3,100.0,1
919,A3,Vertical lift motor,4,55,4,4,960,unstratified_random,96,137,137.09402180530702,Q5_longest_80_100pct,0.0,0.8,0.0,4,0.0,4,80.0,2
919,A4,AGV/shuttle drive unit,2,15,2,2,960,unstratified_random,38,50,47.55990877981797,Q2_20_40pct,0.6195207297614562,0.4,24.78082919045825,1,61.95207297614562,1,40.0,5
919,A5,Packing-station roller motor,3,35,3,2,960,unstratified_random,23,113,135.36716530023588,Q4_60_80pct,0.0,0.5333333333333333,0.0,4,0.0,4,60.0,4
920,A1,Inbound conveyor motor,4,40,3,3,961,unstratified_random,85,118,162.2981284023822,Q5_longest_80_100pct,0.0,0.6666666666666667,0.0,4,0.0,4,80.0,2
920,A2,Sortation conveyor drive,5,80,5,4,961,unstratified_random,44,109,141.8287484510994,Q5_longest_80_100pct,0.0,0.9333333333333333,0.0,4,0.0,4,100.0,1
920,A3,Vertical lift motor,4,55,4,4,961,unstratified_random,7,91,94.3787722014587,Q3_40_60pct,0.24496982238833043,0.8,19.597585791066436,1,24.49698223883304,2,80.0,2
920,A4,AGV/shuttle drive unit,2,15,2,2,961,unstratified_random,8,95,75.96907893735971,Q3_40_60pct,0.3922473685011223,0.4,15.689894740044892,2,39.22473685011223,1,40.0,5
920,A5,Packing-station roller motor,3,35,3,2,961,unstratified_random,16,84,112.36753252847032,Q4_60_80pct,0.10105973977223748,0.5333333333333333,5.389852787852665,3,10.105973977223748,3,60.0,4
921,A1,Inbound conveyor motor,4,40,3,3,962,unstratified_random,59,114,150.6488483670163,Q5_longest_80_100pct,0.0,0.6666666666666667,0.0,4,0.0,4,80.0,2
921,A2,Sortation conveyor drive,5,80,5,4,962,unstratified_random,32,48,58.21837314904572,Q2_20_40pct,0.5342530148076343,0.9333333333333333,49.8636147153792,2,53.42530148076343,2,100.0,1
921,A3,Vertical lift motor,4,55,4,4,962,unstratified_random,49,21,13.44996942007384,Q1_shortest_0_20pct,0.8924002446394093,0.8,71.39201957115274,1,89.24002446394093,1,80.0,2
921,A4,AGV/shuttle drive unit,2,15,2,2,962,unstratified_random,23,113,135.36716530023588,Q4_60_80pct,0.0,0.4,0.0,4,0.0,4,40.0,5
921,A5,Packing-station roller motor,3,35,3,2,962,unstratified_random,29,90,101.07862421817065,Q4_60_80pct,0.19137100625463488,0.5333333333333333,10.20645366691386,3,19.13710062546349,3,60.0,4
922,A1,Inbound conveyor motor,4,40,3,3,963,unstratified_random,88,115,132.4717899153425,Q4_60_80pct,0.0,0.6666666666666667,0.0,4,0.0,4,80.0,2
922,A2,Sortation conveyor drive,5,80,5,4,963,unstratified_random,27,66,114.97611996076007,Q4_60_80pct,0.08019104031391944,0.9333333333333333,7.484497095965814,3,8.019104031391944,3,100.0,1
922,A3,Vertical lift motor,4,55,4,4,963,unstratified_random,98,59,85.21286900885234,Q3_40_60pct,0.31829704792918134,0.8,25.46376383433451,1,31.829704792918136,1,80.0,2
922,A4,AGV/shuttle drive unit,2,15,2,2,963,unstratified_random,11,97,99.08741603137932,Q4_60_80pct,0.2073006717489655,0.4,8.29202686995862,2,20.73006717489655,2,40.0,5
922,A5,Packing-station roller motor,3,35,3,2,963,unstratified_random,22,111,163.77680736738688,Q5_longest_80_100pct,0.0,0.5333333333333333,0.0,4,0.0,4,60.0,4
923,A1,Inbound conveyor motor,4,40,3,3,964,unstratified_random,43,59,63.79604805149177,Q2_20_40pct,0.4896316155880658,0.6666666666666667,32.642107705871055,3,48.963161558806576,3,80.0,2
923,A2,Sortation conveyor drive,5,80,5,4,964,unstratified_random,58,37,44.85465760060767,Q2_20_40pct,0.6411627391951387,0.9333333333333333,59.84185565821295,1,64.11627391951387,1,100.0,1
923,A3,Vertical lift motor,4,55,4,4,964,unstratified_random,41,18,59.85486006548725,Q2_20_40pct,0.521161119476102,0.8,41.69288955808816,2,52.1161119476102,2,80.0,2
923,A4,AGV/shuttle drive unit,2,15,2,2,964,unstratified_random,65,128,151.46723766284128,Q5_longest_80_100pct,0.0,0.4,0.0,5,0.0,5,40.0,5
923,A5,Packing-station roller motor,3,35,3,2,964,unstratified_random,27,66,114.97611996076007,Q4_60_80pct,0.08019104031391944,0.5333333333333333,4.276855483409037,4,8.019104031391944,4,60.0,4
924,A1,Inbound conveyor motor,4,40,3,3,965,unstratified_random,78,107,158.8500624677376,Q5_longest_80_100pct,0.0,0.6666666666666667,0.0,3,0.0,3,80.0,2
924,A2,Sortation conveyor drive,5,80,5,4,965,unstratified_random,15,83,158.0175356684317,Q5_longest_80_100pct,0.0,0.9333333333333333,0.0,3,0.0,3,100.0,1
924,A3,Vertical lift motor,4,55,4,4,965,unstratified_random,5,91,97.4316568366386,Q3_40_60pct,0.22054674530689122,0.8,17.643739624551298,2,22.054674530689123,2,80.0,2
924,A4,AGV/shuttle drive unit,2,15,2,2,965,unstratified_random,52,29,40.87621681240515,Q2_20_40pct,0.6729902655007588,0.4,26.919610620030355,1,67.29902655007588,1,40.0,5
924,A5,Packing-station roller motor,3,35,3,2,965,unstratified_random,33,106,142.7935583123275,Q5_longest_80_100pct,0.0,0.5333333333333333,0.0,3,0.0,3,60.0,4
925,A1,Inbound conveyor motor,4,40,3,3,966,unstratified_random,82,9,13.00528536289486,Q1_shortest_0_20pct,0.8959577170968411,0.6666666666666667,59.73051447312275,2,89.59577170968412,3,80.0,2
925,A2,Sortation conveyor drive,5,80,5,4,966,unstratified_random,66,14,11.46932688270492,Q1_shortest_0_20pct,0.9082453849383606,0.9333333333333333,84.76956926091366,1,90.82453849383606,2,100.0,1
925,A3,Vertical lift motor,4,55,4,4,966,unstratified_random,33,106,142.7935583123275,Q5_longest_80_100pct,0.0,0.8,0.0,5,0.0,5,80.0,2
925,A4,AGV/shuttle drive unit,2,15,2,2,966,unstratified_random,30,115,88.96761601985438,Q3_40_60pct,0.28825907184116495,0.4,11.530362873646599,4,28.825907184116495,4,40.0,5
925,A5,Packing-station roller motor,3,35,3,2,966,unstratified_random,76,10,10.049433434661326,Q1_shortest_0_20pct,0.9196045325227094,0.5333333333333333,49.045575067877834,3,91.96045325227094,1,60.0,4
926,A1,Inbound conveyor motor,4,40,3,3,967,unstratified_random,4,82,87.20565932033077,Q3_40_60pct,0.30235472543735387,0.6666666666666667,20.156981695823593,4,30.235472543735387,4,80.0,2
926,A2,Sortation conveyor drive,5,80,5,4,967,unstratified_random,32,48,58.21837314904572,Q2_20_40pct,0.5342530148076343,0.9333333333333333,49.8636147153792,1,53.42530148076343,2,100.0,1
926,A3,Vertical lift motor,4,55,4,4,967,unstratified_random,47,135,121.81629897102604,Q4_60_80pct,0.025469608231791674,0.8,2.037568658543334,5,2.5469608231791674,5,80.0,2
926,A4,AGV/shuttle drive unit,2,15,2,2,967,unstratified_random,24,20,32.316305129135706,Q1_shortest_0_20pct,0.7414695589669144,0.4,29.658782358676575,2,74.14695589669144,1,40.0,5
926,A5,Packing-station roller motor,3,35,3,2,967,unstratified_random,21,57,67.90605820026097,Q2_20_40pct,0.4567515343979123,0.5333333333333333,24.360081834555324,3,45.67515343979123,3,60.0,4
927,A1,Inbound conveyor motor,4,40,3,3,968,unstratified_random,22,111,163.77680736738688,Q5_longest_80_100pct,0.0,0.6666666666666667,0.0,4,0.0,4,80.0,2
927,A2,Sortation conveyor drive,5,80,5,4,968,unstratified_random,39,142,172.98448712201755,Q5_longest_80_100pct,0.0,0.9333333333333333,0.0,4,0.0,4,100.0,1
927,A3,Vertical lift motor,4,55,4,4,968,unstratified_random,84,58,54.07820667708313,Q2_20_40pct,0.567374346583335,0.8,45.389947726666804,1,56.7374346583335,2,80.0,2
927,A4,AGV/shuttle drive unit,2,15,2,2,968,unstratified_random,76,10,10.049433434661326,Q1_shortest_0_20pct,0.9196045325227094,0.4,36.78418130090838,2,91.96045325227094,1,40.0,5
927,A5,Packing-station roller motor,3,35,3,2,968,unstratified_random,16,84,112.36753252847032,Q4_60_80pct,0.10105973977223748,0.5333333333333333,5.389852787852665,3,10.105973977223748,3,60.0,4
928,A1,Inbound conveyor motor,4,40,3,3,969,unstratified_random,18,28,60.32803578156674,Q2_20_40pct,0.5173757137474662,0.6666666666666667,34.491714249831084,2,51.737571374746615,2,80.0,2
928,A2,Sortation conveyor drive,5,80,5,4,969,unstratified_random,31,8,23.83573742078014,Q1_shortest_0_20pct,0.8093141006337589,0.9333333333333333,75.5359827258175,1,80.93141006337589,1,100.0,1
928,A3,Vertical lift motor,4,55,4,4,969,unstratified_random,48,92,128.30022813454278,Q4_60_80pct,0.0,0.8,0.0,4,0.0,4,80.0,2
928,A4,AGV/shuttle drive unit,2,15,2,2,969,unstratified_random,80,90,79.47558250502735,Q3_40_60pct,0.36419533995978126,0.4,14.567813598391252,3,36.41953399597813,3,40.0,5
928,A5,Packing-station roller motor,3,35,3,2,969,unstratified_random,85,118,162.2981284023822,Q5_longest_80_100pct,0.0,0.5333333333333333,0.0,4,0.0,4,60.0,4
929,A1,Inbound conveyor motor,4,40,3,3,970,unstratified_random,68,8,14.299954503479244,Q1_shortest_0_20pct,0.885600363972166,0.6666666666666667,59.04002426481108,2,88.5600363972166,1,80.0,2
929,A2,Sortation conveyor drive,5,80,5,4,970,unstratified_random,92,20,25.16213385236525,Q1_shortest_0_20pct,0.798702929181078,0.9333333333333333,74.54560672356727,1,79.8702929181078,2,100.0,1
929,A3,Vertical lift motor,4,55,4,4,970,unstratified_random,69,121,148.86538698158105,Q5_longest_80_100pct,0.0,0.8,0.0,5,0.0,5,80.0,2
929,A4,AGV/shuttle drive unit,2,15,2,2,970,unstratified_random,53,26,32.51632437126566,Q1_shortest_0_20pct,0.7398694050298746,0.4,29.59477620119499,3,73.98694050298747,3,40.0,5
929,A5,Packing-station roller motor,3,35,3,2,970,unstratified_random,41,18,59.85486006548725,Q2_20_40pct,0.521161119476102,0.5333333333333333,27.795259705392105,4,52.1161119476102,4,60.0,4
930,A1,Inbound conveyor motor,4,40,3,3,971,unstratified_random,22,111,163.77680736738688,Q5_longest_80_100pct,0.0,0.6666666666666667,0.0,5,0.0,5,80.0,2
930,A2,Sortation conveyor drive,5,80,5,4,971,unstratified_random,64,28,47.55027096178691,Q2_20_40pct,0.6195978323057048,0.9333333333333333,57.82913101519911,1,61.95978323057047,2,100.0,1
930,A3,Vertical lift motor,4,55,4,4,971,unstratified_random,10,96,99.04426828245136,Q3_40_60pct,0.20764585374038913,0.8,16.61166829923113,4,20.764585374038912,4,80.0,2
930,A4,AGV/shuttle drive unit,2,15,2,2,971,unstratified_random,21,57,67.90605820026097,Q2_20_40pct,0.4567515343979123,0.4,18.270061375916494,3,45.67515343979123,3,40.0,5
930,A5,Packing-station roller motor,3,35,3,2,971,unstratified_random,36,19,22.29101002400674,Q1_shortest_0_20pct,0.8216719198079461,0.5333333333333333,43.822502389757126,2,82.16719198079461,1,60.0,4
931,A1,Inbound conveyor motor,4,40,3,3,972,unstratified_random,72,50,70.20451782538055,Q3_40_60pct,0.4383638573969556,0.6666666666666667,29.22425715979704,5,43.83638573969556,5,80.0,2
931,A2,Sortation conveyor drive,5,80,5,4,972,unstratified_random,17,50,51.778940468972905,Q2_20_40pct,0.5857684762482167,0.9333333333333333,54.671724449833555,2,58.57684762482167,4,100.0,1
931,A3,Vertical lift motor,4,55,4,4,972,unstratified_random,42,10,15.95535794283765,Q1_shortest_0_20pct,0.8723571364572988,0.8,69.78857091658391,1,87.23571364572989,2,80.0,2
931,A4,AGV/shuttle drive unit,2,15,2,2,972,unstratified_random,76,10,10.049433434661326,Q1_shortest_0_20pct,0.9196045325227094,0.4,36.78418130090838,3,91.96045325227094,1,40.0,5
931,A5,Packing-station roller motor,3,35,3,2,972,unstratified_random,77,34,40.64323409645428,Q2_20_40pct,0.6748541272283658,0.5333333333333333,35.99222011884618,4,67.48541272283659,3,60.0,4
932,A1,Inbound conveyor motor,4,40,3,3,973,unstratified_random,27,66,114.97611996076007,Q4_60_80pct,0.08019104031391944,0.6666666666666667,5.346069354261297,4,8.019104031391944,4,80.0,2
932,A2,Sortation conveyor drive,5,80,5,4,973,unstratified_random,41,18,59.85486006548725,Q2_20_40pct,0.521161119476102,0.9333333333333333,48.64170448443619,1,52.1161119476102,2,100.0,1
932,A3,Vertical lift motor,4,55,4,4,973,unstratified_random,25,145,153.1932818222736,Q5_longest_80_100pct,0.0,0.8,0.0,5,0.0,5,80.0,2
932,A4,AGV/shuttle drive unit,2,15,2,2,973,unstratified_random,8,95,75.96907893735971,Q3_40_60pct,0.3922473685011223,0.4,15.689894740044892,3,39.22473685011223,3,40.0,5
932,A5,Packing-station roller motor,3,35,3,2,973,unstratified_random,64,28,47.55027096178691,Q2_20_40pct,0.6195978323057048,0.5333333333333333,33.04521772297092,2,61.95978323057047,1,60.0,4
933,A1,Inbound conveyor motor,4,40,3,3,974,unstratified_random,63,72,60.45894799885493,Q2_20_40pct,0.5163284160091606,0.6666666666666667,34.42189440061071,2,51.63284160091606,2,80.0,2
933,A2,Sortation conveyor drive,5,80,5,4,974,unstratified_random,61,21,41.30030317056766,Q2_20_40pct,0.6695975746354588,0.9333333333333333,62.49577363264282,1,66.95975746354588,1,100.0,1
933,A3,Vertical lift motor,4,55,4,4,974,unstratified_random,28,97,94.6987062048556,Q3_40_60pct,0.2424103503611552,0.8,19.392828028892417,3,24.24103503611552,3,80.0,2
933,A4,AGV/shuttle drive unit,2,15,2,2,974,unstratified_random,65,128,151.46723766284128,Q5_longest_80_100pct,0.0,0.4,0.0,4,0.0,4,40.0,5
933,A5,Packing-station roller motor,3,35,3,2,974,unstratified_random,85,118,162.2981284023822,Q5_longest_80_100pct,0.0,0.5333333333333333,0.0,4,0.0,4,60.0,4
934,A1,Inbound conveyor motor,4,40,3,3,975,unstratified_random,74,126,94.81409660307276,Q3_40_60pct,0.24148722717541793,0.6666666666666667,16.099148478361197,5,24.148722717541794,5,80.0,2
934,A2,Sortation conveyor drive,5,80,5,4,975,unstratified_random,82,9,13.00528536289486,Q1_shortest_0_20pct,0.8959577170968411,0.9333333333333333,83.62272026237184,1,89.59577170968412,2,100.0,1
934,A3,Vertical lift motor,4,55,4,4,975,unstratified_random,35,11,10.318035788709574,Q1_shortest_0_20pct,0.9174557136903234,0.8,73.39645709522588,2,91.74557136903235,1,80.0,2
934,A4,AGV/shuttle drive unit,2,15,2,2,975,unstratified_random,18,28,60.32803578156674,Q2_20_40pct,0.5173757137474662,0.4,20.695028549898648,4,51.737571374746615,4,40.0,5
934,A5,Packing-station roller motor,3,35,3,2,975,unstratified_random,31,8,23.83573742078014,Q1_shortest_0_20pct,0.8093141006337589,0.5333333333333333,43.16341870046714,3,80.93141006337589,3,60.0,4
935,A1,Inbound conveyor motor,4,40,3,3,976,unstratified_random,18,28,60.32803578156674,Q2_20_40pct,0.5173757137474662,0.6666666666666667,34.491714249831084,1,51.737571374746615,1,80.0,2
935,A2,Sortation conveyor drive,5,80,5,4,976,unstratified_random,23,113,135.36716530023588,Q4_60_80pct,0.0,0.9333333333333333,0.0,4,0.0,4,100.0,1
935,A3,Vertical lift motor,4,55,4,4,976,unstratified_random,71,118,142.21779435736028,Q5_longest_80_100pct,0.0,0.8,0.0,4,0.0,4,80.0,2
935,A4,AGV/shuttle drive unit,2,15,2,2,976,unstratified_random,97,82,79.22371888224494,Q3_40_60pct,0.36621024894204046,0.4,14.64840995768162,3,36.62102489420405,2,40.0,5
935,A5,Packing-station roller motor,3,35,3,2,976,unstratified_random,86,89,88.09422089781806,Q3_40_60pct,0.29524623281745555,0.5333333333333333,15.746465750264296,2,29.524623281745555,3,60.0,4
936,A1,Inbound conveyor motor,4,40,3,3,977,unstratified_random,79,63,95.26087986485147,Q3_40_60pct,0.2379129610811882,0.6666666666666667,15.860864072079217,4,23.79129610811882,4,80.0,2
936,A2,Sortation conveyor drive,5,80,5,4,977,unstratified_random,77,34,40.64323409645428,Q2_20_40pct,0.6748541272283658,0.9333333333333333,62.98638520798082,1,67.48541272283659,1,100.0,1
936,A3,Vertical lift motor,4,55,4,4,977,unstratified_random,78,107,158.8500624677376,Q5_longest_80_100pct,0.0,0.8,0.0,5,0.0,5,80.0,2
936,A4,AGV/shuttle drive unit,2,15,2,2,977,unstratified_random,58,37,44.85465760060767,Q2_20_40pct,0.6411627391951387,0.4,25.646509567805552,2,64.11627391951387,2,40.0,5
936,A5,Packing-station roller motor,3,35,3,2,977,unstratified_random,80,90,79.47558250502735,Q3_40_60pct,0.36419533995978126,0.5333333333333333,19.42375146452167,3,36.41953399597813,3,60.0,4
937,A1,Inbound conveyor motor,4,40,3,3,978,unstratified_random,81,8,12.767256508974471,Q1_shortest_0_20pct,0.8978619479282042,0.6666666666666667,59.857463195213626,1,89.78619479282042,1,80.0,2
937,A2,Sortation conveyor drive,5,80,5,4,978,unstratified_random,21,57,67.90605820026097,Q2_20_40pct,0.4567515343979123,0.9333333333333333,42.630143210471815,2,45.67515343979123,3,100.0,1
937,A3,Vertical lift motor,4,55,4,4,978,unstratified_random,57,103,83.29315372594353,Q3_40_60pct,0.3336547701924518,0.8,26.692381615396148,4,33.36547701924518,4,80.0,2
937,A4,AGV/shuttle drive unit,2,15,2,2,978,unstratified_random,82,9,13.00528536289486,Q1_shortest_0_20pct,0.8959577170968411,0.4,35.83830868387365,3,89.59577170968412,2,40.0,5
937,A5,Packing-station roller motor,3,35,3,2,978,unstratified_random,88,115,132.4717899153425,Q4_60_80pct,0.0,0.5333333333333333,0.0,5,0.0,5,60.0,4
938,A1,Inbound conveyor motor,4,40,3,3,979,unstratified_random,38,50,47.55990877981797,Q2_20_40pct,0.6195207297614562,0.6666666666666667,41.301381984097084,1,61.95207297614562,1,80.0,2
938,A2,Sortation conveyor drive,5,80,5,4,979,unstratified_random,47,135,121.81629897102604,Q4_60_80pct,0.025469608231791674,0.9333333333333333,2.377163434967223,2,2.5469608231791674,2,100.0,1
938,A3,Vertical lift motor,4,55,4,4,979,unstratified_random,26,119,123.02499684692152,Q4_60_80pct,0.015800025224627756,0.8,1.2640020179702205,3,1.5800025224627756,3,80.0,2
938,A4,AGV/shuttle drive unit,2,15,2,2,979,unstratified_random,83,137,136.40747067846124,Q5_longest_80_100pct,0.0,0.4,0.0,4,0.0,4,40.0,5
938,A5,Packing-station roller motor,3,35,3,2,979,unstratified_random,33,106,142.7935583123275,Q5_longest_80_100pct,0.0,0.5333333333333333,0.0,4,0.0,4,60.0,4
939,A1,Inbound conveyor motor,4,40,3,3,980,unstratified_random,12,124,90.15767382323185,Q3_40_60pct,0.2787386094141452,0.6666666666666667,18.582573960943016,4,27.87386094141452,4,80.0,2
939,A2,Sortation conveyor drive,5,80,5,4,980,unstratified_random,30,115,88.96761601985438,Q3_40_60pct,0.28825907184116495,0.9333333333333333,26.90418003850873,2,28.825907184116495,3,100.0,1
939,A3,Vertical lift motor,4,55,4,4,980,unstratified_random,63,72,60.45894799885493,Q2_20_40pct,0.5163284160091606,0.8,41.30627328073285,1,51.63284160091606,2,80.0,2
939,A4,AGV/shuttle drive unit,2,15,2,2,980,unstratified_random,32,48,58.21837314904572,Q2_20_40pct,0.5342530148076343,0.4,21.370120592305373,3,53.42530148076343,1,40.0,5
939,A5,Packing-station roller motor,3,35,3,2,980,unstratified_random,54,97,127.42576425394527,Q4_60_80pct,0.0,0.5333333333333333,0.0,5,0.0,5,60.0,4
940,A1,Inbound conveyor motor,4,40,3,3,981,unstratified_random,46,47,45.79841882029448,Q2_20_40pct,0.6336126494376442,0.6666666666666667,42.24084329584295,2,63.36126494376442,3,80.0,2
940,A2,Sortation conveyor drive,5,80,5,4,981,unstratified_random,14,107,146.91015946253862,Q5_longest_80_100pct,0.0,0.9333333333333333,0.0,5,0.0,5,100.0,1
940,A3,Vertical lift motor,4,55,4,4,981,unstratified_random,58,37,44.85465760060767,Q2_20_40pct,0.6411627391951387,0.8,51.293019135611104,1,64.11627391951387,2,80.0,2
940,A4,AGV/shuttle drive unit,2,15,2,2,981,unstratified_random,52,29,40.87621681240515,Q2_20_40pct,0.6729902655007588,0.4,26.919610620030355,3,67.29902655007588,1,40.0,5
940,A5,Packing-station roller motor,3,35,3,2,981,unstratified_random,11,97,99.08741603137932,Q4_60_80pct,0.2073006717489655,0.5333333333333333,11.056035826611494,4,20.73006717489655,4,60.0,4
941,A1,Inbound conveyor motor,4,40,3,3,982,unstratified_random,64,28,47.55027096178691,Q2_20_40pct,0.6195978323057048,0.6666666666666667,41.30652215371365,3,61.95978323057047,2,80.0,2
941,A2,Sortation conveyor drive,5,80,5,4,982,unstratified_random,37,21,54.159061654098565,Q2_20_40pct,0.5667275067672115,0.9333333333333333,52.894567298273074,1,56.67275067672115,3,100.0,1
941,A3,Vertical lift motor,4,55,4,4,982,unstratified_random,46,47,45.79841882029448,Q2_20_40pct,0.6336126494376442,0.8,50.68901195501154,2,63.36126494376442,1,80.0,2
941,A4,AGV/shuttle drive unit,2,15,2,2,982,unstratified_random,75,113,125.9355598567823,Q4_60_80pct,0.0,0.4,0.0,5,0.0,5,40.0,5
941,A5,Packing-station roller motor,3,35,3,2,982,unstratified_random,28,97,94.6987062048556,Q3_40_60pct,0.2424103503611552,0.5333333333333333,12.92855201926161,4,24.24103503611552,4,60.0,4
942,A1,Inbound conveyor motor,4,40,3,3,983,unstratified_random,86,89,88.09422089781806,Q3_40_60pct,0.29524623281745555,0.6666666666666667,19.683082187830372,3,29.524623281745555,3,80.0,2
942,A2,Sortation conveyor drive,5,80,5,4,983,unstratified_random,35,11,10.318035788709574,Q1_shortest_0_20pct,0.9174557136903234,0.9333333333333333,85.6291999444302,1,91.74557136903235,1,100.0,1
942,A3,Vertical lift motor,4,55,4,4,983,unstratified_random,31,8,23.83573742078014,Q1_shortest_0_20pct,0.8093141006337589,0.8,64.74512805070071,2,80.93141006337589,2,80.0,2
942,A4,AGV/shuttle drive unit,2,15,2,2,983,unstratified_random,59,114,150.6488483670163,Q5_longest_80_100pct,0.0,0.4,0.0,5,0.0,5,40.0,5
942,A5,Packing-station roller motor,3,35,3,2,983,unstratified_random,51,114,102.38736822787688,Q4_60_80pct,0.180901054176985,0.5333333333333333,9.648056222772533,4,18.0901054176985,4,60.0,4
943,A1,Inbound conveyor motor,4,40,3,3,984,unstratified_random,55,137,118.91039914419324,Q4_60_80pct,0.048716806846454075,0.6666666666666667,3.2477871230969386,3,4.8716806846454075,3,80.0,2
943,A2,Sortation conveyor drive,5,80,5,4,984,unstratified_random,24,20,32.316305129135706,Q1_shortest_0_20pct,0.7414695589669144,0.9333333333333333,69.20382550357867,1,74.14695589669144,1,100.0,1
943,A3,Vertical lift motor,4,55,4,4,984,unstratified_random,19,87,106.94874018187056,Q4_60_80pct,0.14441007854503551,0.8,11.552806283602841,2,14.441007854503551,2,80.0,2
943,A4,AGV/shuttle drive unit,2,15,2,2,984,unstratified_random,85,118,162.2981284023822,Q5_longest_80_100pct,0.0,0.4,0.0,4,0.0,4,40.0,5
943,A5,Packing-station roller motor,3,35,3,2,984,unstratified_random,71,118,142.21779435736028,Q5_longest_80_100pct,0.0,0.5333333333333333,0.0,4,0.0,4,60.0,4
944,A1,Inbound conveyor motor,4,40,3,3,985,unstratified_random,2,98,142.91341211911944,Q5_longest_80_100pct,0.0,0.6666666666666667,0.0,3,0.0,3,80.0,2
944,A2,Sortation conveyor drive,5,80,5,4,985,unstratified_random,77,34,40.64323409645428,Q2_20_40pct,0.6748541272283658,0.9333333333333333,62.98638520798082,1,67.48541272283659,1,100.0,1
944,A3,Vertical lift motor,4,55,4,4,985,unstratified_random,64,28,47.55027096178691,Q2_20_40pct,0.6195978323057048,0.8,49.567826584456384,2,61.95978323057047,2,80.0,2
944,A4,AGV/shuttle drive unit,2,15,2,2,985,unstratified_random,59,114,150.6488483670163,Q5_longest_80_100pct,0.0,0.4,0.0,3,0.0,3,40.0,5
944,A5,Packing-station roller motor,3,35,3,2,985,unstratified_random,25,145,153.1932818222736,Q5_longest_80_100pct,0.0,0.5333333333333333,0.0,3,0.0,3,60.0,4
945,A1,Inbound conveyor motor,4,40,3,3,986,unstratified_random,27,66,114.97611996076007,Q4_60_80pct,0.08019104031391944,0.6666666666666667,5.346069354261297,4,8.019104031391944,4,80.0,2
945,A2,Sortation conveyor drive,5,80,5,4,986,unstratified_random,5,91,97.4316568366386,Q3_40_60pct,0.22054674530689122,0.9333333333333333,20.584362895309848,3,22.054674530689123,3,100.0,1
945,A3,Vertical lift motor,4,55,4,4,986,unstratified_random,52,29,40.87621681240515,Q2_20_40pct,0.6729902655007588,0.8,53.83922124006071,1,67.29902655007588,1,80.0,2
945,A4,AGV/shuttle drive unit,2,15,2,2,986,unstratified_random,17,50,51.778940468972905,Q2_20_40pct,0.5857684762482167,0.4,23.43073904992867,2,58.57684762482167,2,40.0,5
945,A5,Packing-station roller motor,3,35,3,2,986,unstratified_random,88,115,132.4717899153425,Q4_60_80pct,0.0,0.5333333333333333,0.0,5,0.0,5,60.0,4
946,A1,Inbound conveyor motor,4,40,3,3,987,unstratified_random,81,8,12.767256508974471,Q1_shortest_0_20pct,0.8978619479282042,0.6666666666666667,59.857463195213626,2,89.78619479282042,1,80.0,2
946,A2,Sortation conveyor drive,5,80,5,4,987,unstratified_random,36,19,22.29101002400674,Q1_shortest_0_20pct,0.8216719198079461,0.9333333333333333,76.68937918207497,1,82.16719198079461,2,100.0,1
946,A3,Vertical lift motor,4,55,4,4,987,unstratified_random,15,83,158.0175356684317,Q5_longest_80_100pct,0.0,0.8,0.0,4,0.0,4,80.0,2
946,A4,AGV/shuttle drive unit,2,15,2,2,987,unstratified_random,13,95,93.13834255441226,Q3_40_60pct,0.2548932595647019,0.4,10.195730382588076,3,25.48932595647019,3,40.0,5
946,A5,Packing-station roller motor,3,35,3,2,987,unstratified_random,83,137,136.40747067846124,Q5_longest_80_100pct,0.0,0.5333333333333333,0.0,4,0.0,4,60.0,4
947,A1,Inbound conveyor motor,4,40,3,3,988,unstratified_random,72,50,70.20451782538055,Q3_40_60pct,0.4383638573969556,0.6666666666666667,29.22425715979704,2,43.83638573969556,3,80.0,2
947,A2,Sortation conveyor drive,5,80,5,4,988,unstratified_random,2,98,142.91341211911944,Q5_longest_80_100pct,0.0,0.9333333333333333,0.0,4,0.0,4,100.0,1
947,A3,Vertical lift motor,4,55,4,4,988,unstratified_random,49,21,13.44996942007384,Q1_shortest_0_20pct,0.8924002446394093,0.8,71.39201957115274,1,89.24002446394093,1,80.0,2
947,A4,AGV/shuttle drive unit,2,15,2,2,988,unstratified_random,96,137,137.09402180530702,Q5_longest_80_100pct,0.0,0.4,0.0,4,0.0,4,40.0,5
947,A5,Packing-station roller motor,3,35,3,2,988,unstratified_random,18,28,60.32803578156674,Q2_20_40pct,0.5173757137474662,0.5333333333333333,27.59337139986486,3,51.737571374746615,2,60.0,4
948,A1,Inbound conveyor motor,4,40,3,3,989,unstratified_random,49,21,13.44996942007384,Q1_shortest_0_20pct,0.8924002446394093,0.6666666666666667,59.493349642627294,1,89.24002446394093,1,80.0,2
948,A2,Sortation conveyor drive,5,80,5,4,989,unstratified_random,38,50,47.55990877981797,Q2_20_40pct,0.6195207297614562,0.9333333333333333,57.82193477773591,2,61.95207297614562,2,100.0,1
948,A3,Vertical lift motor,4,55,4,4,989,unstratified_random,96,137,137.09402180530702,Q5_longest_80_100pct,0.0,0.8,0.0,4,0.0,4,80.0,2
948,A4,AGV/shuttle drive unit,2,15,2,2,989,unstratified_random,51,114,102.38736822787688,Q4_60_80pct,0.180901054176985,0.4,7.2360421670794,3,18.0901054176985,3,40.0,5
948,A5,Packing-station roller motor,3,35,3,2,989,unstratified_random,78,107,158.8500624677376,Q5_longest_80_100pct,0.0,0.5333333333333333,0.0,4,0.0,4,60.0,4
949,A1,Inbound conveyor motor,4,40,3,3,990,unstratified_random,97,82,79.22371888224494,Q3_40_60pct,0.36621024894204046,0.6666666666666667,24.414016596136033,3,36.62102489420405,3,80.0,2
949,A2,Sortation conveyor drive,5,80,5,4,990,unstratified_random,48,92,128.30022813454278,Q4_60_80pct,0.0,0.9333333333333333,0.0,5,0.0,5,100.0,1
949,A3,Vertical lift motor,4,55,4,4,990,unstratified_random,12,124,90.15767382323185,Q3_40_60pct,0.2787386094141452,0.8,22.299088753131617,4,27.87386094141452,4,80.0,2
949,A4,AGV/shuttle drive unit,2,15,2,2,990,unstratified_random,58,37,44.85465760060767,Q2_20_40pct,0.6411627391951387,0.4,25.646509567805552,2,64.11627391951387,2,40.0,5
949,A5,Packing-station roller motor,3,35,3,2,990,unstratified_random,91,38,26.859272201960557,Q1_shortest_0_20pct,0.7851258223843156,0.5333333333333333,41.873377193830166,1,78.51258223843156,1,60.0,4
950,A1,Inbound conveyor motor,4,40,3,3,991,unstratified_random,68,8,14.299954503479244,Q1_shortest_0_20pct,0.885600363972166,0.6666666666666667,59.04002426481108,1,88.5600363972166,2,80.0,2
950,A2,Sortation conveyor drive,5,80,5,4,991,unstratified_random,78,107,158.8500624677376,Q5_longest_80_100pct,0.0,0.9333333333333333,0.0,5,0.0,5,100.0,1
950,A3,Vertical lift motor,4,55,4,4,991,unstratified_random,4,82,87.20565932033077,Q3_40_60pct,0.30235472543735387,0.8,24.18837803498831,4,30.235472543735387,4,80.0,2
950,A4,AGV/shuttle drive unit,2,15,2,2,991,unstratified_random,49,21,13.44996942007384,Q1_shortest_0_20pct,0.8924002446394093,0.4,35.69600978557637,3,89.24002446394093,1,40.0,5
950,A5,Packing-station roller motor,3,35,3,2,991,unstratified_random,92,20,25.16213385236525,Q1_shortest_0_20pct,0.798702929181078,0.5333333333333333,42.597489556324156,2,79.8702929181078,3,60.0,4
951,A1,Inbound conveyor motor,4,40,3,3,992,unstratified_random,63,72,60.45894799885493,Q2_20_40pct,0.5163284160091606,0.6666666666666667,34.42189440061071,4,51.63284160091606,5,80.0,2
951,A2,Sortation conveyor drive,5,80,5,4,992,unstratified_random,3,69,51.59437184534412,Q2_20_40pct,0.587245025237247,0.9333333333333333,54.80953568880972,1,58.724502523724695,3,100.0,1
951,A3,Vertical lift motor,4,55,4,4,992,unstratified_random,32,48,58.21837314904572,Q2_20_40pct,0.5342530148076343,0.8,42.740241184610746,3,53.42530148076343,4,80.0,2
951,A4,AGV/shuttle drive unit,2,15,2,2,992,unstratified_random,90,28,30.303009041002955,Q1_shortest_0_20pct,0.7575759276719763,0.4,30.303037106879056,5,75.75759276719764,2,40.0,5
951,A5,Packing-station roller motor,3,35,3,2,992,unstratified_random,66,14,11.46932688270492,Q1_shortest_0_20pct,0.9082453849383606,0.5333333333333333,48.43975386337923,2,90.82453849383606,1,60.0,4
952,A1,Inbound conveyor motor,4,40,3,3,993,unstratified_random,80,90,79.47558250502735,Q3_40_60pct,0.36419533995978126,0.6666666666666667,24.279689330652086,3,36.41953399597813,3,80.0,2
952,A2,Sortation conveyor drive,5,80,5,4,993,unstratified_random,19,87,106.94874018187056,Q4_60_80pct,0.14441007854503551,0.9333333333333333,13.478273997536649,4,14.441007854503551,4,100.0,1
952,A3,Vertical lift motor,4,55,4,4,993,unstratified_random,25,145,153.1932818222736,Q5_longest_80_100pct,0.0,0.8,0.0,5,0.0,5,80.0,2
952,A4,AGV/shuttle drive unit,2,15,2,2,993,unstratified_random,56,15,16.158144448588526,Q1_shortest_0_20pct,0.8707348444112918,0.4,34.829393776451674,1,87.07348444112918,1,40.0,5
952,A5,Packing-station roller motor,3,35,3,2,993,unstratified_random,58,37,44.85465760060767,Q2_20_40pct,0.6411627391951387,0.5333333333333333,34.1953460904074,2,64.11627391951387,2,60.0,4
953,A1,Inbound conveyor motor,4,40,3,3,994,unstratified_random,21,57,67.90605820026097,Q2_20_40pct,0.4567515343979123,0.6666666666666667,30.450102293194156,3,45.67515343979123,3,80.0,2
953,A2,Sortation conveyor drive,5,80,5,4,994,unstratified_random,95,128,130.5679549560598,Q4_60_80pct,0.0,0.9333333333333333,0.0,5,0.0,5,100.0,1
953,A3,Vertical lift motor,4,55,4,4,994,unstratified_random,45,114,76.03056963373365,Q3_40_60pct,0.39175544293013076,0.8,31.340435434410463,2,39.175544293013076,4,80.0,2
953,A4,AGV/shuttle drive unit,2,15,2,2,994,unstratified_random,17,50,51.778940468972905,Q2_20_40pct,0.5857684762482167,0.4,23.43073904992867,4,58.57684762482167,2,40.0,5
953,A5,Packing-station roller motor,3,35,3,2,994,unstratified_random,91,38,26.859272201960557,Q1_shortest_0_20pct,0.7851258223843156,0.5333333333333333,41.873377193830166,1,78.51258223843156,1,60.0,4
954,A1,Inbound conveyor motor,4,40,3,3,995,unstratified_random,80,90,79.47558250502735,Q3_40_60pct,0.36419533995978126,0.6666666666666667,24.279689330652086,2,36.41953399597813,1,80.0,2
954,A2,Sortation conveyor drive,5,80,5,4,995,unstratified_random,57,103,83.29315372594353,Q3_40_60pct,0.3336547701924518,0.9333333333333333,31.141111884628838,1,33.36547701924518,2,100.0,1
954,A3,Vertical lift motor,4,55,4,4,995,unstratified_random,60,100,104.41961816061556,Q4_60_80pct,0.16464305471507557,0.8,13.171444377206047,3,16.464305471507558,4,80.0,2
954,A4,AGV/shuttle drive unit,2,15,2,2,995,unstratified_random,10,96,99.04426828245136,Q3_40_60pct,0.20764585374038913,0.4,8.305834149615565,4,20.764585374038912,3,40.0,5
954,A5,Packing-station roller motor,3,35,3,2,995,unstratified_random,59,114,150.6488483670163,Q5_longest_80_100pct,0.0,0.5333333333333333,0.0,5,0.0,5,60.0,4
955,A1,Inbound conveyor motor,4,40,3,3,996,unstratified_random,28,97,94.6987062048556,Q3_40_60pct,0.2424103503611552,0.6666666666666667,16.160690024077017,4,24.24103503611552,4,80.0,2
955,A2,Sortation conveyor drive,5,80,5,4,996,unstratified_random,82,9,13.00528536289486,Q1_shortest_0_20pct,0.8959577170968411,0.9333333333333333,83.62272026237184,1,89.59577170968412,1,100.0,1
955,A3,Vertical lift motor,4,55,4,4,996,unstratified_random,73,131,128.00577343113736,Q4_60_80pct,0.0,0.8,0.0,5,0.0,5,80.0,2
955,A4,AGV/shuttle drive unit,2,15,2,2,996,unstratified_random,40,28,26.358548153514647,Q1_shortest_0_20pct,0.7891316147718828,0.4,31.565264590875316,2,78.91316147718828,2,40.0,5
955,A5,Packing-station roller motor,3,35,3,2,996,unstratified_random,18,28,60.32803578156674,Q2_20_40pct,0.5173757137474662,0.5333333333333333,27.59337139986486,3,51.737571374746615,3,60.0,4
956,A1,Inbound conveyor motor,4,40,3,3,997,unstratified_random,81,8,12.767256508974471,Q1_shortest_0_20pct,0.8978619479282042,0.6666666666666667,59.857463195213626,1,89.78619479282042,1,80.0,2
956,A2,Sortation conveyor drive,5,80,5,4,997,unstratified_random,28,97,94.6987062048556,Q3_40_60pct,0.2424103503611552,0.9333333333333333,22.624966033707818,4,24.24103503611552,4,100.0,1
956,A3,Vertical lift motor,4,55,4,4,997,unstratified_random,74,126,94.81409660307276,Q3_40_60pct,0.24148722717541793,0.8,19.318978174033436,5,24.148722717541794,5,80.0,2
956,A4,AGV/shuttle drive unit,2,15,2,2,997,unstratified_random,53,26,32.51632437126566,Q1_shortest_0_20pct,0.7398694050298746,0.4,29.59477620119499,3,73.98694050298747,2,40.0,5
956,A5,Packing-station roller motor,3,35,3,2,997,unstratified_random,17,50,51.778940468972905,Q2_20_40pct,0.5857684762482167,0.5333333333333333,31.24098539990489,2,58.57684762482167,3,60.0,4
957,A1,Inbound conveyor motor,4,40,3,3,998,unstratified_random,23,113,135.36716530023588,Q4_60_80pct,0.0,0.6666666666666667,0.0,5,0.0,5,80.0,2
957,A2,Sortation conveyor drive,5,80,5,4,998,unstratified_random,68,8,14.299954503479244,Q1_shortest_0_20pct,0.885600363972166,0.9333333333333333,82.6560339707355,1,88.5600363972166,3,100.0,1
957,A3,Vertical lift motor,4,55,4,4,998,unstratified_random,32,48,58.21837314904572,Q2_20_40pct,0.5342530148076343,0.8,42.740241184610746,3,53.42530148076343,4,80.0,2
957,A4,AGV/shuttle drive unit,2,15,2,2,998,unstratified_random,66,14,11.46932688270492,Q1_shortest_0_20pct,0.9082453849383606,0.4,36.329815397534425,4,90.82453849383606,2,40.0,5
957,A5,Packing-station roller motor,3,35,3,2,998,unstratified_random,34,7,11.177676889867849,Q1_shortest_0_20pct,0.9105785848810573,0.5333333333333333,48.564191193656384,2,91.05785848810572,1,60.0,4
958,A1,Inbound conveyor motor,4,40,3,3,999,unstratified_random,76,10,10.049433434661326,Q1_shortest_0_20pct,0.9196045325227094,0.6666666666666667,61.3069688348473,1,91.96045325227094,1,80.0,2
958,A2,Sortation conveyor drive,5,80,5,4,999,unstratified_random,19,87,106.94874018187056,Q4_60_80pct,0.14441007854503551,0.9333333333333333,13.478273997536649,3,14.441007854503551,4,100.0,1
958,A3,Vertical lift motor,4,55,4,4,999,unstratified_random,18,28,60.32803578156674,Q2_20_40pct,0.5173757137474662,0.8,41.390057099797296,2,51.737571374746615,2,80.0,2
958,A4,AGV/shuttle drive unit,2,15,2,2,999,unstratified_random,79,63,95.26087986485147,Q3_40_60pct,0.2379129610811882,0.4,9.516518443247529,4,23.79129610811882,3,40.0,5
958,A5,Packing-station roller motor,3,35,3,2,999,unstratified_random,99,117,132.87361758142774,Q4_60_80pct,0.0,0.5333333333333333,0.0,5,0.0,5,60.0,4
959,A1,Inbound conveyor motor,4,40,3,3,1000,unstratified_random,82,9,13.00528536289486,Q1_shortest_0_20pct,0.8959577170968411,0.6666666666666667,59.73051447312275,1,89.59577170968412,1,80.0,2
959,A2,Sortation conveyor drive,5,80,5,4,1000,unstratified_random,51,114,102.38736822787688,Q4_60_80pct,0.180901054176985,0.9333333333333333,16.884098389851932,4,18.0901054176985,4,100.0,1
959,A3,Vertical lift motor,4,55,4,4,1000,unstratified_random,60,100,104.41961816061556,Q4_60_80pct,0.16464305471507557,0.8,13.171444377206047,5,16.464305471507558,5,80.0,2
959,A4,AGV/shuttle drive unit,2,15,2,2,1000,unstratified_random,20,16,23.928748965669588,Q1_shortest_0_20pct,0.8085700082746433,0.4,32.34280033098573,2,80.85700082746433,2,40.0,5
959,A5,Packing-station roller motor,3,35,3,2,1000,unstratified_random,84,58,54.07820667708313,Q2_20_40pct,0.567374346583335,0.5333333333333333,30.2599651511112,3,56.7374346583335,3,60.0,4
960,A1,Inbound conveyor motor,4,40,3,3,1001,unstratified_random,60,100,104.41961816061556,Q4_60_80pct,0.16464305471507557,0.6666666666666667,10.976203647671706,3,16.464305471507558,3,80.0,2
960,A2,Sortation conveyor drive,5,80,5,4,1001,unstratified_random,51,114,102.38736822787688,Q4_60_80pct,0.180901054176985,0.9333333333333333,16.884098389851932,2,18.0901054176985,2,100.0,1
960,A3,Vertical lift motor,4,55,4,4,1001,unstratified_random,81,8,12.767256508974471,Q1_shortest_0_20pct,0.8978619479282042,0.8,71.82895583425635,1,89.78619479282042,1,80.0,2
960,A4,AGV/shuttle drive unit,2,15,2,2,1001,unstratified_random,2,98,142.91341211911944,Q5_longest_80_100pct,0.0,0.4,0.0,4,0.0,4,40.0,5
960,A5,Packing-station roller motor,3,35,3,2,1001,unstratified_random,87,116,144.3579823471946,Q5_longest_80_100pct,0.0,0.5333333333333333,0.0,4,0.0,4,60.0,4
961,A1,Inbound conveyor motor,4,40,3,3,1002,unstratified_random,59,114,150.6488483670163,Q5_longest_80_100pct,0.0,0.6666666666666667,0.0,5,0.0,5,80.0,2
961,A2,Sortation conveyor drive,5,80,5,4,1002,unstratified_random,90,28,30.303009041002955,Q1_shortest_0_20pct,0.7575759276719763,0.9333333333333333,70.70708658271779,1,75.75759276719764,2,100.0,1
961,A3,Vertical lift motor,4,55,4,4,1002,unstratified_random,37,21,54.159061654098565,Q2_20_40pct,0.5667275067672115,0.8,45.33820054137692,2,56.67275067672115,4,80.0,2
961,A4,AGV/shuttle drive unit,2,15,2,2,1002,unstratified_random,77,34,40.64323409645428,Q2_20_40pct,0.6748541272283658,0.4,26.994165089134636,4,67.48541272283659,3,40.0,5
961,A5,Packing-station roller motor,3,35,3,2,1002,unstratified_random,36,19,22.29101002400674,Q1_shortest_0_20pct,0.8216719198079461,0.5333333333333333,43.822502389757126,3,82.16719198079461,1,60.0,4
962,A1,Inbound conveyor motor,4,40,3,3,1003,unstratified_random,29,90,101.07862421817065,Q4_60_80pct,0.19137100625463488,0.6666666666666667,12.758067083642327,3,19.13710062546349,3,80.0,2
962,A2,Sortation conveyor drive,5,80,5,4,1003,unstratified_random,100,20,23.88622641030998,Q1_shortest_0_20pct,0.8089101887175202,0.9333333333333333,75.49828428030189,1,80.89101887175202,1,100.0,1
962,A3,Vertical lift motor,4,55,4,4,1003,unstratified_random,19,87,106.94874018187056,Q4_60_80pct,0.14441007854503551,0.8,11.552806283602841,4,14.441007854503551,4,80.0,2
962,A4,AGV/shuttle drive unit,2,15,2,2,1003,unstratified_random,26,119,123.02499684692152,Q4_60_80pct,0.015800025224627756,0.4,0.6320010089851102,5,1.5800025224627756,5,40.0,5
962,A5,Packing-station roller motor,3,35,3,2,1003,unstratified_random,58,37,44.85465760060767,Q2_20_40pct,0.6411627391951387,0.5333333333333333,34.1953460904074,2,64.11627391951387,2,60.0,4
963,A1,Inbound conveyor motor,4,40,3,3,1004,unstratified_random,12,124,90.15767382323185,Q3_40_60pct,0.2787386094141452,0.6666666666666667,18.582573960943016,2,27.87386094141452,3,80.0,2
963,A2,Sortation conveyor drive,5,80,5,4,1004,unstratified_random,20,16,23.928748965669588,Q1_shortest_0_20pct,0.8085700082746433,0.9333333333333333,75.46653410563337,1,80.85700082746433,1,100.0,1
963,A3,Vertical lift motor,4,55,4,4,1004,unstratified_random,1,112,181.7937722618632,Q5_longest_80_100pct,0.0,0.8,0.0,5,0.0,5,80.0,2
963,A4,AGV/shuttle drive unit,2,15,2,2,1004,unstratified_random,13,95,93.13834255441226,Q3_40_60pct,0.2548932595647019,0.4,10.195730382588076,4,25.48932595647019,4,40.0,5
963,A5,Packing-station roller motor,3,35,3,2,1004,unstratified_random,70,94,86.32146123836584,Q3_40_60pct,0.30942831009307326,0.5333333333333333,16.502843204963906,3,30.942831009307326,2,60.0,4
964,A1,Inbound conveyor motor,4,40,3,3,1005,unstratified_random,42,10,15.95535794283765,Q1_shortest_0_20pct,0.8723571364572988,0.6666666666666667,58.1571424304866,1,87.23571364572989,1,80.0,2
964,A2,Sortation conveyor drive,5,80,5,4,1005,unstratified_random,94,55,48.61299679912422,Q2_20_40pct,0.6110960256070063,0.9333333333333333,57.035629056653924,2,61.10960256070063,3,100.0,1
964,A3,Vertical lift motor,4,55,4,4,1005,unstratified_random,93,85,42.17809886645809,Q2_20_40pct,0.6625752090683352,0.8,53.00601672546682,3,66.25752090683352,2,80.0,2
964,A4,AGV/shuttle drive unit,2,15,2,2,1005,unstratified_random,51,114,102.38736822787688,Q4_60_80pct,0.180901054176985,0.4,7.2360421670794,5,18.0901054176985,5,40.0,5
964,A5,Packing-station roller motor,3,35,3,2,1005,unstratified_random,8,95,75.96907893735971,Q3_40_60pct,0.3922473685011223,0.5333333333333333,20.91985965339319,4,39.22473685011223,4,60.0,4
965,A1,Inbound conveyor motor,4,40,3,3,1006,unstratified_random,20,16,23.928748965669588,Q1_shortest_0_20pct,0.8085700082746433,0.6666666666666667,53.90466721830956,1,80.85700082746433,1,80.0,2
965,A2,Sortation conveyor drive,5,80,5,4,1006,unstratified_random,60,100,104.41961816061556,Q4_60_80pct,0.16464305471507557,0.9333333333333333,15.366685106740388,2,16.464305471507558,2,100.0,1
965,A3,Vertical lift motor,4,55,4,4,1006,unstratified_random,50,79,131.9611497166465,Q4_60_80pct,0.0,0.8,0.0,3,0.0,3,80.0,2
965,A4,AGV/shuttle drive unit,2,15,2,2,1006,unstratified_random,69,121,148.86538698158105,Q5_longest_80_100pct,0.0,0.4,0.0,3,0.0,3,40.0,5
965,A5,Packing-station roller motor,3,35,3,2,1006,unstratified_random,33,106,142.7935583123275,Q5_longest_80_100pct,0.0,0.5333333333333333,0.0,3,0.0,3,60.0,4
966,A1,Inbound conveyor motor,4,40,3,3,1007,unstratified_random,7,91,94.3787722014587,Q3_40_60pct,0.24496982238833043,0.6666666666666667,16.331321492555364,3,24.49698223883304,3,80.0,2
966,A2,Sortation conveyor drive,5,80,5,4,1007,unstratified_random,71,118,142.21779435736028,Q5_longest_80_100pct,0.0,0.9333333333333333,0.0,5,0.0,5,100.0,1
966,A3,Vertical lift motor,4,55,4,4,1007,unstratified_random,66,14,11.46932688270492,Q1_shortest_0_20pct,0.9082453849383606,0.8,72.65963079506885,1,90.82453849383606,1,80.0,2
966,A4,AGV/shuttle drive unit,2,15,2,2,1007,unstratified_random,6,93,105.6201183358804,Q4_60_80pct,0.15503905331295675,0.4,6.20156213251827,4,15.503905331295675,4,40.0,5
966,A5,Packing-station roller motor,3,35,3,2,1007,unstratified_random,81,8,12.767256508974471,Q1_shortest_0_20pct,0.8978619479282042,0.5333333333333333,47.88597055617089,2,89.78619479282042,2,60.0,4
967,A1,Inbound conveyor motor,4,40,3,3,1008,unstratified_random,56,15,16.158144448588526,Q1_shortest_0_20pct,0.8707348444112918,0.6666666666666667,58.04898962741946,2,87.07348444112918,3,80.0,2
967,A2,Sortation conveyor drive,5,80,5,4,1008,unstratified_random,81,8,12.767256508974471,Q1_shortest_0_20pct,0.8978619479282042,0.9333333333333333,83.80044847329907,1,89.78619479282042,2,100.0,1
967,A3,Vertical lift motor,4,55,4,4,1008,unstratified_random,48,92,128.30022813454278,Q4_60_80pct,0.0,0.8,0.0,5,0.0,5,80.0,2
967,A4,AGV/shuttle drive unit,2,15,2,2,1008,unstratified_random,35,11,10.318035788709574,Q1_shortest_0_20pct,0.9174557136903234,0.4,36.69822854761294,3,91.74557136903235,1,40.0,5
967,A5,Packing-station roller motor,3,35,3,2,1008,unstratified_random,17,50,51.778940468972905,Q2_20_40pct,0.5857684762482167,0.5333333333333333,31.24098539990489,4,58.57684762482167,4,60.0,4
968,A1,Inbound conveyor motor,4,40,3,3,1009,unstratified_random,33,106,142.7935583123275,Q5_longest_80_100pct,0.0,0.6666666666666667,0.0,5,0.0,5,80.0,2
968,A2,Sortation conveyor drive,5,80,5,4,1009,unstratified_random,6,93,105.6201183358804,Q4_60_80pct,0.15503905331295675,0.9333333333333333,14.47031164254263,2,15.503905331295675,3,100.0,1
968,A3,Vertical lift motor,4,55,4,4,1009,unstratified_random,27,66,114.97611996076007,Q4_60_80pct,0.08019104031391944,0.8,6.415283225113555,4,8.019104031391944,4,80.0,2
968,A4,AGV/shuttle drive unit,2,15,2,2,1009,unstratified_random,60,100,104.41961816061556,Q4_60_80pct,0.16464305471507557,0.4,6.5857221886030235,3,16.464305471507558,2,40.0,5
968,A5,Packing-station roller motor,3,35,3,2,1009,unstratified_random,70,94,86.32146123836584,Q3_40_60pct,0.30942831009307326,0.5333333333333333,16.502843204963906,1,30.942831009307326,1,60.0,4
969,A1,Inbound conveyor motor,4,40,3,3,1010,unstratified_random,54,97,127.42576425394527,Q4_60_80pct,0.0,0.6666666666666667,0.0,4,0.0,4,80.0,2
969,A2,Sortation conveyor drive,5,80,5,4,1010,unstratified_random,10,96,99.04426828245136,Q3_40_60pct,0.20764585374038913,0.9333333333333333,19.380279682436317,3,20.764585374038912,3,100.0,1
969,A3,Vertical lift motor,4,55,4,4,1010,unstratified_random,66,14,11.46932688270492,Q1_shortest_0_20pct,0.9082453849383606,0.8,72.65963079506885,1,90.82453849383606,1,80.0,2
969,A4,AGV/shuttle drive unit,2,15,2,2,1010,unstratified_random,67,77,138.84222319134904,Q5_longest_80_100pct,0.0,0.4,0.0,4,0.0,4,40.0,5
969,A5,Packing-station roller motor,3,35,3,2,1010,unstratified_random,3,69,51.59437184534412,Q2_20_40pct,0.587245025237247,0.5333333333333333,31.319734679319836,2,58.724502523724695,2,60.0,4
970,A1,Inbound conveyor motor,4,40,3,3,1011,unstratified_random,47,135,121.81629897102604,Q4_60_80pct,0.025469608231791674,0.6666666666666667,1.6979738821194452,5,2.5469608231791674,5,80.0,2
970,A2,Sortation conveyor drive,5,80,5,4,1011,unstratified_random,56,15,16.158144448588526,Q1_shortest_0_20pct,0.8707348444112918,0.9333333333333333,81.26858547838724,1,87.07348444112918,1,100.0,1
970,A3,Vertical lift motor,4,55,4,4,1011,unstratified_random,28,97,94.6987062048556,Q3_40_60pct,0.2424103503611552,0.8,19.392828028892417,3,24.24103503611552,4,80.0,2
970,A4,AGV/shuttle drive unit,2,15,2,2,1011,unstratified_random,8,95,75.96907893735971,Q3_40_60pct,0.3922473685011223,0.4,15.689894740044892,4,39.22473685011223,2,40.0,5
970,A5,Packing-station roller motor,3,35,3,2,1011,unstratified_random,97,82,79.22371888224494,Q3_40_60pct,0.36621024894204046,0.5333333333333333,19.531213276908826,2,36.62102489420405,3,60.0,4
971,A1,Inbound conveyor motor,4,40,3,3,1012,unstratified_random,72,50,70.20451782538055,Q3_40_60pct,0.4383638573969556,0.6666666666666667,29.22425715979704,1,43.83638573969556,1,80.0,2
971,A2,Sortation conveyor drive,5,80,5,4,1012,unstratified_random,78,107,158.8500624677376,Q5_longest_80_100pct,0.0,0.9333333333333333,0.0,4,0.0,4,100.0,1
971,A3,Vertical lift motor,4,55,4,4,1012,unstratified_random,14,107,146.91015946253862,Q5_longest_80_100pct,0.0,0.8,0.0,4,0.0,4,80.0,2
971,A4,AGV/shuttle drive unit,2,15,2,2,1012,unstratified_random,16,84,112.36753252847032,Q4_60_80pct,0.10105973977223748,0.4,4.042389590889499,3,10.105973977223748,3,40.0,5
971,A5,Packing-station roller motor,3,35,3,2,1012,unstratified_random,30,115,88.96761601985438,Q3_40_60pct,0.28825907184116495,0.5333333333333333,15.37381716486213,2,28.825907184116495,2,60.0,4
972,A1,Inbound conveyor motor,4,40,3,3,1013,unstratified_random,14,107,146.91015946253862,Q5_longest_80_100pct,0.0,0.6666666666666667,0.0,4,0.0,4,80.0,2
972,A2,Sortation conveyor drive,5,80,5,4,1013,unstratified_random,46,47,45.79841882029448,Q2_20_40pct,0.6336126494376442,0.9333333333333333,59.137180614180124,1,63.36126494376442,1,100.0,1
972,A3,Vertical lift motor,4,55,4,4,1013,unstratified_random,78,107,158.8500624677376,Q5_longest_80_100pct,0.0,0.8,0.0,4,0.0,4,80.0,2
972,A4,AGV/shuttle drive unit,2,15,2,2,1013,unstratified_random,97,82,79.22371888224494,Q3_40_60pct,0.36621024894204046,0.4,14.64840995768162,3,36.62102489420405,3,40.0,5
972,A5,Packing-station roller motor,3,35,3,2,1013,unstratified_random,8,95,75.96907893735971,Q3_40_60pct,0.3922473685011223,0.5333333333333333,20.91985965339319,2,39.22473685011223,2,60.0,4
973,A1,Inbound conveyor motor,4,40,3,3,1014,unstratified_random,43,59,63.79604805149177,Q2_20_40pct,0.4896316155880658,0.6666666666666667,32.642107705871055,2,48.963161558806576,2,80.0,2
973,A2,Sortation conveyor drive,5,80,5,4,1014,unstratified_random,58,37,44.85465760060767,Q2_20_40pct,0.6411627391951387,0.9333333333333333,59.84185565821295,1,64.11627391951387,1,100.0,1
973,A3,Vertical lift motor,4,55,4,4,1014,unstratified_random,45,114,76.03056963373365,Q3_40_60pct,0.39175544293013076,0.8,31.340435434410463,3,39.175544293013076,3,80.0,2
973,A4,AGV/shuttle drive unit,2,15,2,2,1014,unstratified_random,57,103,83.29315372594353,Q3_40_60pct,0.3336547701924518,0.4,13.346190807698074,4,33.36547701924518,4,40.0,5
973,A5,Packing-station roller motor,3,35,3,2,1014,unstratified_random,96,137,137.09402180530702,Q5_longest_80_100pct,0.0,0.5333333333333333,0.0,5,0.0,5,60.0,4
974,A1,Inbound conveyor motor,4,40,3,3,1015,unstratified_random,32,48,58.21837314904572,Q2_20_40pct,0.5342530148076343,0.6666666666666667,35.61686765384229,4,53.42530148076343,4,80.0,2
974,A2,Sortation conveyor drive,5,80,5,4,1015,unstratified_random,38,50,47.55990877981797,Q2_20_40pct,0.6195207297614562,0.9333333333333333,57.82193477773591,1,61.95207297614562,3,100.0,1
974,A3,Vertical lift motor,4,55,4,4,1015,unstratified_random,55,137,118.91039914419324,Q4_60_80pct,0.048716806846454075,0.8,3.897344547716326,5,4.8716806846454075,5,80.0,2
974,A4,AGV/shuttle drive unit,2,15,2,2,1015,unstratified_random,35,11,10.318035788709574,Q1_shortest_0_20pct,0.9174557136903234,0.4,36.69822854761294,2,91.74557136903235,1,40.0,5
974,A5,Packing-station roller motor,3,35,3,2,1015,unstratified_random,61,21,41.30030317056766,Q2_20_40pct,0.6695975746354588,0.5333333333333333,35.71187064722447,3,66.95975746354588,2,60.0,4
975,A1,Inbound conveyor motor,4,40,3,3,1016,unstratified_random,87,116,144.3579823471946,Q5_longest_80_100pct,0.0,0.6666666666666667,0.0,2,0.0,2,80.0,2
975,A2,Sortation conveyor drive,5,80,5,4,1016,unstratified_random,62,54,60.376193576182295,Q2_20_40pct,0.5169904513905417,0.9333333333333333,48.25244212978389,1,51.699045139054164,1,100.0,1
975,A3,Vertical lift motor,4,55,4,4,1016,unstratified_random,44,109,141.8287484510994,Q5_longest_80_100pct,0.0,0.8,0.0,2,0.0,2,80.0,2
975,A4,AGV/shuttle drive unit,2,15,2,2,1016,unstratified_random,2,98,142.91341211911944,Q5_longest_80_100pct,0.0,0.4,0.0,2,0.0,2,40.0,5
975,A5,Packing-station roller motor,3,35,3,2,1016,unstratified_random,23,113,135.36716530023588,Q4_60_80pct,0.0,0.5333333333333333,0.0,2,0.0,2,60.0,4
976,A1,Inbound conveyor motor,4,40,3,3,1017,unstratified_random,42,10,15.95535794283765,Q1_shortest_0_20pct,0.8723571364572988,0.6666666666666667,58.1571424304866,3,87.23571364572989,2,80.0,2
976,A2,Sortation conveyor drive,5,80,5,4,1017,unstratified_random,82,9,13.00528536289486,Q1_shortest_0_20pct,0.8959577170968411,0.9333333333333333,83.62272026237184,1,89.59577170968412,1,100.0,1
976,A3,Vertical lift motor,4,55,4,4,1017,unstratified_random,90,28,30.303009041002955,Q1_shortest_0_20pct,0.7575759276719763,0.8,60.60607421375811,2,75.75759276719764,3,80.0,2
976,A4,AGV/shuttle drive unit,2,15,2,2,1017,unstratified_random,95,128,130.5679549560598,Q4_60_80pct,0.0,0.4,0.0,5,0.0,5,40.0,5
976,A5,Packing-station roller motor,3,35,3,2,1017,unstratified_random,74,126,94.81409660307276,Q3_40_60pct,0.24148722717541793,0.5333333333333333,12.879318782688957,4,24.148722717541794,4,60.0,4
977,A1,Inbound conveyor motor,4,40,3,3,1018,unstratified_random,86,89,88.09422089781806,Q3_40_60pct,0.29524623281745555,0.6666666666666667,19.683082187830372,5,29.524623281745555,4,80.0,2
977,A2,Sortation conveyor drive,5,80,5,4,1018,unstratified_random,58,37,44.85465760060767,Q2_20_40pct,0.6411627391951387,0.9333333333333333,59.84185565821295,1,64.11627391951387,2,100.0,1
977,A3,Vertical lift motor,4,55,4,4,1018,unstratified_random,13,95,93.13834255441226,Q3_40_60pct,0.2548932595647019,0.8,20.391460765176152,4,25.48932595647019,5,80.0,2
977,A4,AGV/shuttle drive unit,2,15,2,2,1018,unstratified_random,46,47,45.79841882029448,Q2_20_40pct,0.6336126494376442,0.4,25.34450597750577,3,63.36126494376442,3,40.0,5
977,A5,Packing-station roller motor,3,35,3,2,1018,unstratified_random,91,38,26.859272201960557,Q1_shortest_0_20pct,0.7851258223843156,0.5333333333333333,41.873377193830166,2,78.51258223843156,1,60.0,4
978,A1,Inbound conveyor motor,4,40,3,3,1019,unstratified_random,22,111,163.77680736738688,Q5_longest_80_100pct,0.0,0.6666666666666667,0.0,3,0.0,3,80.0,2
978,A2,Sortation conveyor drive,5,80,5,4,1019,unstratified_random,33,106,142.7935583123275,Q5_longest_80_100pct,0.0,0.9333333333333333,0.0,3,0.0,3,100.0,1
978,A3,Vertical lift motor,4,55,4,4,1019,unstratified_random,40,28,26.358548153514647,Q1_shortest_0_20pct,0.7891316147718828,0.8,63.13052918175063,1,78.91316147718828,1,80.0,2
978,A4,AGV/shuttle drive unit,2,15,2,2,1019,unstratified_random,48,92,128.30022813454278,Q4_60_80pct,0.0,0.4,0.0,3,0.0,3,40.0,5
978,A5,Packing-station roller motor,3,35,3,2,1019,unstratified_random,8,95,75.96907893735971,Q3_40_60pct,0.3922473685011223,0.5333333333333333,20.91985965339319,2,39.22473685011223,2,60.0,4
979,A1,Inbound conveyor motor,4,40,3,3,1020,unstratified_random,37,21,54.159061654098565,Q2_20_40pct,0.5667275067672115,0.6666666666666667,37.781833784480774,2,56.67275067672115,2,80.0,2
979,A2,Sortation conveyor drive,5,80,5,4,1020,unstratified_random,57,103,83.29315372594353,Q3_40_60pct,0.3336547701924518,0.9333333333333333,31.141111884628838,3,33.36547701924518,3,100.0,1
979,A3,Vertical lift motor,4,55,4,4,1020,unstratified_random,81,8,12.767256508974471,Q1_shortest_0_20pct,0.8978619479282042,0.8,71.82895583425635,1,89.78619479282042,1,80.0,2
979,A4,AGV/shuttle drive unit,2,15,2,2,1020,unstratified_random,29,90,101.07862421817065,Q4_60_80pct,0.19137100625463488,0.4,7.654840250185396,4,19.13710062546349,4,40.0,5
979,A5,Packing-station roller motor,3,35,3,2,1020,unstratified_random,83,137,136.40747067846124,Q5_longest_80_100pct,0.0,0.5333333333333333,0.0,5,0.0,5,60.0,4
980,A1,Inbound conveyor motor,4,40,3,3,1021,unstratified_random,47,135,121.81629897102604,Q4_60_80pct,0.025469608231791674,0.6666666666666667,1.6979738821194452,4,2.5469608231791674,4,80.0,2
980,A2,Sortation conveyor drive,5,80,5,4,1021,unstratified_random,37,21,54.159061654098565,Q2_20_40pct,0.5667275067672115,0.9333333333333333,52.894567298273074,1,56.67275067672115,2,100.0,1
980,A3,Vertical lift motor,4,55,4,4,1021,unstratified_random,9,111,137.60480848618022,Q5_longest_80_100pct,0.0,0.8,0.0,5,0.0,5,80.0,2
980,A4,AGV/shuttle drive unit,2,15,2,2,1021,unstratified_random,17,50,51.778940468972905,Q2_20_40pct,0.5857684762482167,0.4,23.43073904992867,2,58.57684762482167,1,40.0,5
980,A5,Packing-station roller motor,3,35,3,2,1021,unstratified_random,57,103,83.29315372594353,Q3_40_60pct,0.3336547701924518,0.5333333333333333,17.794921076930763,3,33.36547701924518,3,60.0,4
981,A1,Inbound conveyor motor,4,40,3,3,1022,unstratified_random,91,38,26.859272201960557,Q1_shortest_0_20pct,0.7851258223843156,0.6666666666666667,52.34172149228771,1,78.51258223843156,2,80.0,2
981,A2,Sortation conveyor drive,5,80,5,4,1022,unstratified_random,57,103,83.29315372594353,Q3_40_60pct,0.3336547701924518,0.9333333333333333,31.141111884628838,3,33.36547701924518,4,100.0,1
981,A3,Vertical lift motor,4,55,4,4,1022,unstratified_random,1,112,181.7937722618632,Q5_longest_80_100pct,0.0,0.8,0.0,5,0.0,5,80.0,2
981,A4,AGV/shuttle drive unit,2,15,2,2,1022,unstratified_random,84,58,54.07820667708313,Q2_20_40pct,0.567374346583335,0.4,22.694973863333402,4,56.7374346583335,3,40.0,5
981,A5,Packing-station roller motor,3,35,3,2,1022,unstratified_random,36,19,22.29101002400674,Q1_shortest_0_20pct,0.8216719198079461,0.5333333333333333,43.822502389757126,2,82.16719198079461,1,60.0,4
982,A1,Inbound conveyor motor,4,40,3,3,1023,unstratified_random,90,28,30.303009041002955,Q1_shortest_0_20pct,0.7575759276719763,0.6666666666666667,50.505061844798426,2,75.75759276719764,3,80.0,2
982,A2,Sortation conveyor drive,5,80,5,4,1023,unstratified_random,26,119,123.02499684692152,Q4_60_80pct,0.015800025224627756,0.9333333333333333,1.4746690209652573,4,1.5800025224627756,4,100.0,1
982,A3,Vertical lift motor,4,55,4,4,1023,unstratified_random,66,14,11.46932688270492,Q1_shortest_0_20pct,0.9082453849383606,0.8,72.65963079506885,1,90.82453849383606,1,80.0,2
982,A4,AGV/shuttle drive unit,2,15,2,2,1023,unstratified_random,33,106,142.7935583123275,Q5_longest_80_100pct,0.0,0.4,0.0,5,0.0,5,40.0,5
982,A5,Packing-station roller motor,3,35,3,2,1023,unstratified_random,100,20,23.88622641030998,Q1_shortest_0_20pct,0.8089101887175202,0.5333333333333333,43.14187673160108,3,80.89101887175202,2,60.0,4
983,A1,Inbound conveyor motor,4,40,3,3,1024,unstratified_random,9,111,137.60480848618022,Q5_longest_80_100pct,0.0,0.6666666666666667,0.0,3,0.0,3,80.0,2
983,A2,Sortation conveyor drive,5,80,5,4,1024,unstratified_random,54,97,127.42576425394527,Q4_60_80pct,0.0,0.9333333333333333,0.0,3,0.0,3,100.0,1
983,A3,Vertical lift motor,4,55,4,4,1024,unstratified_random,26,119,123.02499684692152,Q4_60_80pct,0.015800025224627756,0.8,1.2640020179702205,2,1.5800025224627756,2,80.0,2
983,A4,AGV/shuttle drive unit,2,15,2,2,1024,unstratified_random,87,116,144.3579823471946,Q5_longest_80_100pct,0.0,0.4,0.0,3,0.0,3,40.0,5
983,A5,Packing-station roller motor,3,35,3,2,1024,unstratified_random,32,48,58.21837314904572,Q2_20_40pct,0.5342530148076343,0.5333333333333333,28.49349412307383,1,53.42530148076343,1,60.0,4
984,A1,Inbound conveyor motor,4,40,3,3,1025,unstratified_random,80,90,79.47558250502735,Q3_40_60pct,0.36419533995978126,0.6666666666666667,24.279689330652086,2,36.41953399597813,3,80.0,2
984,A2,Sortation conveyor drive,5,80,5,4,1025,unstratified_random,99,117,132.87361758142774,Q4_60_80pct,0.0,0.9333333333333333,0.0,4,0.0,4,100.0,1
984,A3,Vertical lift motor,4,55,4,4,1025,unstratified_random,34,7,11.177676889867849,Q1_shortest_0_20pct,0.9105785848810573,0.8,72.84628679048458,1,91.05785848810572,1,80.0,2
984,A4,AGV/shuttle drive unit,2,15,2,2,1025,unstratified_random,63,72,60.45894799885493,Q2_20_40pct,0.5163284160091606,0.4,20.653136640366426,3,51.63284160091606,2,40.0,5
984,A5,Packing-station roller motor,3,35,3,2,1025,unstratified_random,71,118,142.21779435736028,Q5_longest_80_100pct,0.0,0.5333333333333333,0.0,4,0.0,4,60.0,4
985,A1,Inbound conveyor motor,4,40,3,3,1026,unstratified_random,59,114,150.6488483670163,Q5_longest_80_100pct,0.0,0.6666666666666667,0.0,4,0.0,4,80.0,2
985,A2,Sortation conveyor drive,5,80,5,4,1026,unstratified_random,17,50,51.778940468972905,Q2_20_40pct,0.5857684762482167,0.9333333333333333,54.671724449833555,1,58.57684762482167,1,100.0,1
985,A3,Vertical lift motor,4,55,4,4,1026,unstratified_random,51,114,102.38736822787688,Q4_60_80pct,0.180901054176985,0.8,14.4720843341588,2,18.0901054176985,2,80.0,2
985,A4,AGV/shuttle drive unit,2,15,2,2,1026,unstratified_random,99,117,132.87361758142774,Q4_60_80pct,0.0,0.4,0.0,4,0.0,4,40.0,5
985,A5,Packing-station roller motor,3,35,3,2,1026,unstratified_random,60,100,104.41961816061556,Q4_60_80pct,0.16464305471507557,0.5333333333333333,8.780962918137364,3,16.464305471507558,3,60.0,4
986,A1,Inbound conveyor motor,4,40,3,3,1027,unstratified_random,41,18,59.85486006548725,Q2_20_40pct,0.521161119476102,0.6666666666666667,34.74407463174014,2,52.1161119476102,3,80.0,2
986,A2,Sortation conveyor drive,5,80,5,4,1027,unstratified_random,56,15,16.158144448588526,Q1_shortest_0_20pct,0.8707348444112918,0.9333333333333333,81.26858547838724,1,87.07348444112918,1,100.0,1
986,A3,Vertical lift motor,4,55,4,4,1027,unstratified_random,60,100,104.41961816061556,Q4_60_80pct,0.16464305471507557,0.8,13.171444377206047,5,16.464305471507558,5,80.0,2
986,A4,AGV/shuttle drive unit,2,15,2,2,1027,unstratified_random,3,69,51.59437184534412,Q2_20_40pct,0.587245025237247,0.4,23.48980100948988,3,58.724502523724695,2,40.0,5
986,A5,Packing-station roller motor,3,35,3,2,1027,unstratified_random,4,82,87.20565932033077,Q3_40_60pct,0.30235472543735387,0.5333333333333333,16.125585356658874,4,30.235472543735387,4,60.0,4
987,A1,Inbound conveyor motor,4,40,3,3,1028,unstratified_random,94,55,48.61299679912422,Q2_20_40pct,0.6110960256070063,0.6666666666666667,40.73973504046709,2,61.10960256070063,2,80.0,2
987,A2,Sortation conveyor drive,5,80,5,4,1028,unstratified_random,89,136,96.67220915776228,Q3_40_60pct,0.22662232673790172,0.9333333333333333,21.15141716220416,3,22.66223267379017,4,100.0,1
987,A3,Vertical lift motor,4,55,4,4,1028,unstratified_random,56,15,16.158144448588526,Q1_shortest_0_20pct,0.8707348444112918,0.8,69.65878755290335,1,87.07348444112918,1,80.0,2
987,A4,AGV/shuttle drive unit,2,15,2,2,1028,unstratified_random,80,90,79.47558250502735,Q3_40_60pct,0.36419533995978126,0.4,14.567813598391252,4,36.41953399597813,3,40.0,5
987,A5,Packing-station roller motor,3,35,3,2,1028,unstratified_random,39,142,172.98448712201755,Q5_longest_80_100pct,0.0,0.5333333333333333,0.0,5,0.0,5,60.0,4
988,A1,Inbound conveyor motor,4,40,3,3,1029,unstratified_random,12,124,90.15767382323185,Q3_40_60pct,0.2787386094141452,0.6666666666666667,18.582573960943016,3,27.87386094141452,3,80.0,2
988,A2,Sortation conveyor drive,5,80,5,4,1029,unstratified_random,82,9,13.00528536289486,Q1_shortest_0_20pct,0.8959577170968411,0.9333333333333333,83.62272026237184,1,89.59577170968412,1,100.0,1
988,A3,Vertical lift motor,4,55,4,4,1029,unstratified_random,92,20,25.16213385236525,Q1_shortest_0_20pct,0.798702929181078,0.8,63.89623433448624,2,79.8702929181078,2,80.0,2
988,A4,AGV/shuttle drive unit,2,15,2,2,1029,unstratified_random,99,117,132.87361758142774,Q4_60_80pct,0.0,0.4,0.0,4,0.0,4,40.0,5
988,A5,Packing-station roller motor,3,35,3,2,1029,unstratified_random,54,97,127.42576425394527,Q4_60_80pct,0.0,0.5333333333333333,0.0,4,0.0,4,60.0,4
989,A1,Inbound conveyor motor,4,40,3,3,1030,unstratified_random,3,69,51.59437184534412,Q2_20_40pct,0.587245025237247,0.6666666666666667,39.1496683491498,1,58.724502523724695,2,80.0,2
989,A2,Sortation conveyor drive,5,80,5,4,1030,unstratified_random,70,94,86.32146123836584,Q3_40_60pct,0.30942831009307326,0.9333333333333333,28.879975608686838,3,30.942831009307326,3,100.0,1
989,A3,Vertical lift motor,4,55,4,4,1030,unstratified_random,23,113,135.36716530023588,Q4_60_80pct,0.0,0.8,0.0,5,0.0,5,80.0,2
989,A4,AGV/shuttle drive unit,2,15,2,2,1030,unstratified_random,36,19,22.29101002400674,Q1_shortest_0_20pct,0.8216719198079461,0.4,32.866876792317846,2,82.16719198079461,1,40.0,5
989,A5,Packing-station roller motor,3,35,3,2,1030,unstratified_random,86,89,88.09422089781806,Q3_40_60pct,0.29524623281745555,0.5333333333333333,15.746465750264296,4,29.524623281745555,4,60.0,4
990,A1,Inbound conveyor motor,4,40,3,3,1031,unstratified_random,87,116,144.3579823471946,Q5_longest_80_100pct,0.0,0.6666666666666667,0.0,4,0.0,4,80.0,2
990,A2,Sortation conveyor drive,5,80,5,4,1031,unstratified_random,68,8,14.299954503479244,Q1_shortest_0_20pct,0.885600363972166,0.9333333333333333,82.6560339707355,1,88.5600363972166,1,100.0,1
990,A3,Vertical lift motor,4,55,4,4,1031,unstratified_random,86,89,88.09422089781806,Q3_40_60pct,0.29524623281745555,0.8,23.619698625396445,2,29.524623281745555,2,80.0,2
990,A4,AGV/shuttle drive unit,2,15,2,2,1031,unstratified_random,30,115,88.96761601985438,Q3_40_60pct,0.28825907184116495,0.4,11.530362873646599,3,28.825907184116495,3,40.0,5
990,A5,Packing-station roller motor,3,35,3,2,1031,unstratified_random,95,128,130.5679549560598,Q4_60_80pct,0.0,0.5333333333333333,0.0,4,0.0,4,60.0,4
991,A1,Inbound conveyor motor,4,40,3,3,1032,unstratified_random,86,89,88.09422089781806,Q3_40_60pct,0.29524623281745555,0.6666666666666667,19.683082187830372,4,29.524623281745555,4,80.0,2
991,A2,Sortation conveyor drive,5,80,5,4,1032,unstratified_random,41,18,59.85486006548725,Q2_20_40pct,0.521161119476102,0.9333333333333333,48.64170448443619,2,52.1161119476102,3,100.0,1
991,A3,Vertical lift motor,4,55,4,4,1032,unstratified_random,24,20,32.316305129135706,Q1_shortest_0_20pct,0.7414695589669144,0.8,59.31756471735315,1,74.14695589669144,1,80.0,2
991,A4,AGV/shuttle drive unit,2,15,2,2,1032,unstratified_random,61,21,41.30030317056766,Q2_20_40pct,0.6695975746354588,0.4,26.783902985418354,3,66.95975746354588,2,40.0,5
991,A5,Packing-station roller motor,3,35,3,2,1032,unstratified_random,11,97,99.08741603137932,Q4_60_80pct,0.2073006717489655,0.5333333333333333,11.056035826611494,5,20.73006717489655,5,60.0,4
992,A1,Inbound conveyor motor,4,40,3,3,1033,unstratified_random,41,18,59.85486006548725,Q2_20_40pct,0.521161119476102,0.6666666666666667,34.74407463174014,3,52.1161119476102,4,80.0,2
992,A2,Sortation conveyor drive,5,80,5,4,1033,unstratified_random,87,116,144.3579823471946,Q5_longest_80_100pct,0.0,0.9333333333333333,0.0,5,0.0,5,100.0,1
992,A3,Vertical lift motor,4,55,4,4,1033,unstratified_random,81,8,12.767256508974471,Q1_shortest_0_20pct,0.8978619479282042,0.8,71.82895583425635,1,89.78619479282042,1,80.0,2
992,A4,AGV/shuttle drive unit,2,15,2,2,1033,unstratified_random,58,37,44.85465760060767,Q2_20_40pct,0.6411627391951387,0.4,25.646509567805552,4,64.11627391951387,3,40.0,5
992,A5,Packing-station roller motor,3,35,3,2,1033,unstratified_random,53,26,32.51632437126566,Q1_shortest_0_20pct,0.7398694050298746,0.5333333333333333,39.459701601593316,2,73.98694050298747,2,60.0,4
993,A1,Inbound conveyor motor,4,40,3,3,1034,unstratified_random,96,137,137.09402180530702,Q5_longest_80_100pct,0.0,0.6666666666666667,0.0,4,0.0,4,80.0,2
993,A2,Sortation conveyor drive,5,80,5,4,1034,unstratified_random,89,136,96.67220915776228,Q3_40_60pct,0.22662232673790172,0.9333333333333333,21.15141716220416,2,22.66223267379017,2,100.0,1
993,A3,Vertical lift motor,4,55,4,4,1034,unstratified_random,81,8,12.767256508974471,Q1_shortest_0_20pct,0.8978619479282042,0.8,71.82895583425635,1,89.78619479282042,1,80.0,2
993,A4,AGV/shuttle drive unit,2,15,2,2,1034,unstratified_random,16,84,112.36753252847032,Q4_60_80pct,0.10105973977223748,0.4,4.042389590889499,3,10.105973977223748,3,40.0,5
993,A5,Packing-station roller motor,3,35,3,2,1034,unstratified_random,59,114,150.6488483670163,Q5_longest_80_100pct,0.0,0.5333333333333333,0.0,4,0.0,4,60.0,4
994,A1,Inbound conveyor motor,4,40,3,3,1035,unstratified_random,19,87,106.94874018187056,Q4_60_80pct,0.14441007854503551,0.6666666666666667,9.627338569669035,5,14.441007854503551,5,80.0,2
994,A2,Sortation conveyor drive,5,80,5,4,1035,unstratified_random,20,16,23.928748965669588,Q1_shortest_0_20pct,0.8085700082746433,0.9333333333333333,75.46653410563337,1,80.85700082746433,2,100.0,1
994,A3,Vertical lift motor,4,55,4,4,1035,unstratified_random,81,8,12.767256508974471,Q1_shortest_0_20pct,0.8978619479282042,0.8,71.82895583425635,2,89.78619479282042,1,80.0,2
994,A4,AGV/shuttle drive unit,2,15,2,2,1035,unstratified_random,32,48,58.21837314904572,Q2_20_40pct,0.5342530148076343,0.4,21.370120592305373,4,53.42530148076343,4,40.0,5
994,A5,Packing-station roller motor,3,35,3,2,1035,unstratified_random,38,50,47.55990877981797,Q2_20_40pct,0.6195207297614562,0.5333333333333333,33.04110558727766,3,61.95207297614562,3,60.0,4
995,A1,Inbound conveyor motor,4,40,3,3,1036,unstratified_random,32,48,58.21837314904572,Q2_20_40pct,0.5342530148076343,0.6666666666666667,35.61686765384229,1,53.42530148076343,2,80.0,2
995,A2,Sortation conveyor drive,5,80,5,4,1036,unstratified_random,29,90,101.07862421817065,Q4_60_80pct,0.19137100625463488,0.9333333333333333,17.861293917099257,4,19.13710062546349,4,100.0,1
995,A3,Vertical lift motor,4,55,4,4,1036,unstratified_random,80,90,79.47558250502735,Q3_40_60pct,0.36419533995978126,0.8,29.135627196782504,2,36.41953399597813,3,80.0,2
995,A4,AGV/shuttle drive unit,2,15,2,2,1036,unstratified_random,37,21,54.159061654098565,Q2_20_40pct,0.5667275067672115,0.4,22.66910027068846,3,56.67275067672115,1,40.0,5
995,A5,Packing-station roller motor,3,35,3,2,1036,unstratified_random,1,112,181.7937722618632,Q5_longest_80_100pct,0.0,0.5333333333333333,0.0,5,0.0,5,60.0,4
996,A1,Inbound conveyor motor,4,40,3,3,1037,unstratified_random,95,128,130.5679549560598,Q4_60_80pct,0.0,0.6666666666666667,0.0,3,0.0,3,80.0,2
996,A2,Sortation conveyor drive,5,80,5,4,1037,unstratified_random,39,142,172.98448712201755,Q5_longest_80_100pct,0.0,0.9333333333333333,0.0,3,0.0,3,100.0,1
996,A3,Vertical lift motor,4,55,4,4,1037,unstratified_random,54,97,127.42576425394527,Q4_60_80pct,0.0,0.8,0.0,3,0.0,3,80.0,2
996,A4,AGV/shuttle drive unit,2,15,2,2,1037,unstratified_random,32,48,58.21837314904572,Q2_20_40pct,0.5342530148076343,0.4,21.370120592305373,2,53.42530148076343,2,40.0,5
996,A5,Packing-station roller motor,3,35,3,2,1037,unstratified_random,31,8,23.83573742078014,Q1_shortest_0_20pct,0.8093141006337589,0.5333333333333333,43.16341870046714,1,80.93141006337589,1,60.0,4
997,A1,Inbound conveyor motor,4,40,3,3,1038,unstratified_random,43,59,63.79604805149177,Q2_20_40pct,0.4896316155880658,0.6666666666666667,32.642107705871055,1,48.963161558806576,3,80.0,2
997,A2,Sortation conveyor drive,5,80,5,4,1038,unstratified_random,10,96,99.04426828245136,Q3_40_60pct,0.20764585374038913,0.9333333333333333,19.380279682436317,4,20.764585374038912,4,100.0,1
997,A3,Vertical lift motor,4,55,4,4,1038,unstratified_random,27,66,114.97611996076007,Q4_60_80pct,0.08019104031391944,0.8,6.415283225113555,5,8.019104031391944,5,80.0,2
997,A4,AGV/shuttle drive unit,2,15,2,2,1038,unstratified_random,38,50,47.55990877981797,Q2_20_40pct,0.6195207297614562,0.4,24.78082919045825,3,61.95207297614562,1,40.0,5
997,A5,Packing-station roller motor,3,35,3,2,1038,unstratified_random,32,48,58.21837314904572,Q2_20_40pct,0.5342530148076343,0.5333333333333333,28.49349412307383,2,53.42530148076343,2,60.0,4
998,A1,Inbound conveyor motor,4,40,3,3,1039,unstratified_random,48,92,128.30022813454278,Q4_60_80pct,0.0,0.6666666666666667,0.0,3,0.0,3,80.0,2
998,A2,Sortation conveyor drive,5,80,5,4,1039,unstratified_random,85,118,162.2981284023822,Q5_longest_80_100pct,0.0,0.9333333333333333,0.0,3,0.0,3,100.0,1
998,A3,Vertical lift motor,4,55,4,4,1039,unstratified_random,91,38,26.859272201960557,Q1_shortest_0_20pct,0.7851258223843156,0.8,62.810065790745256,1,78.51258223843156,1,80.0,2
998,A4,AGV/shuttle drive unit,2,15,2,2,1039,unstratified_random,50,79,131.9611497166465,Q4_60_80pct,0.0,0.4,0.0,3,0.0,3,40.0,5
998,A5,Packing-station roller motor,3,35,3,2,1039,unstratified_random,10,96,99.04426828245136,Q3_40_60pct,0.20764585374038913,0.5333333333333333,11.074445532820754,2,20.764585374038912,2,60.0,4
999,A1,Inbound conveyor motor,4,40,3,3,1040,unstratified_random,35,11,10.318035788709574,Q1_shortest_0_20pct,0.9174557136903234,0.6666666666666667,61.16371424602157,2,91.74557136903235,1,80.0,2
999,A2,Sortation conveyor drive,5,80,5,4,1040,unstratified_random,81,8,12.767256508974471,Q1_shortest_0_20pct,0.8978619479282042,0.9333333333333333,83.80044847329907,1,89.78619479282042,2,100.0,1
999,A3,Vertical lift motor,4,55,4,4,1040,unstratified_random,10,96,99.04426828245136,Q3_40_60pct,0.20764585374038913,0.8,16.61166829923113,3,20.764585374038912,4,80.0,2
999,A4,AGV/shuttle drive unit,2,15,2,2,1040,unstratified_random,30,115,88.96761601985438,Q3_40_60pct,0.28825907184116495,0.4,11.530362873646599,4,28.825907184116495,3,40.0,5
999,A5,Packing-station roller motor,3,35,3,2,1040,unstratified_random,78,107,158.8500624677376,Q5_longest_80_100pct,0.0,0.5333333333333333,0.0,5,0.0,5,60.0,4
1000,A1,Inbound conveyor motor,4,40,3,3,1041,unstratified_random,32,48,58.21837314904572,Q2_20_40pct,0.5342530148076343,0.6666666666666667,35.61686765384229,2,53.42530148076343,2,80.0,2
1000,A2,Sortation conveyor drive,5,80,5,4,1041,unstratified_random,85,118,162.2981284023822,Q5_longest_80_100pct,0.0,0.9333333333333333,0.0,4,0.0,4,100.0,1
1000,A3,Vertical lift motor,4,55,4,4,1041,unstratified_random,40,28,26.358548153514647,Q1_shortest_0_20pct,0.7891316147718828,0.8,63.13052918175063,1,78.91316147718828,1,80.0,2
1000,A4,AGV/shuttle drive unit,2,15,2,2,1041,unstratified_random,88,115,132.4717899153425,Q4_60_80pct,0.0,0.4,0.0,4,0.0,4,40.0,5
1000,A5,Packing-station roller motor,3,35,3,2,1041,unstratified_random,18,28,60.32803578156674,Q2_20_40pct,0.5173757137474662,0.5333333333333333,27.59337139986486,3,51.737571374746615,3,60.0,4
